sim_id,time,x1,y1,x2,y2,x3,y3
0,0.0,0.23144110928658726,0.7787464053101562,0.7574805552255083,-0.8818278793365169,-0.9889216645120955,0.10308147402636045
0,0.08032128514056225,0.2199597099448334,0.7844760922700977,0.7675562326621254,-0.8739969639479707,-0.9875159426069587,0.08952087167787275
0,0.1606425702811245,0.20838680703212936,0.7900613813756063,0.7775260316438843,-0.866044811385461,-0.9859128386760136,0.07598343000985451
0,0.24096385542168675,0.1967239177827779,0.7955003646616015,0.7873887356939473,-0.8579728018728918,-0.9841126534767252,0.06247243721129017
0,0.321285140562249,0.18497261403187226,0.8007911383630767,0.7971431460029897,-0.8497823178786262,-0.982115760034862,0.048991179515549384
0,0.40160642570281124,0.1731345228574044,0.8059318049763665,0.8067880810569922,-0.8414747440133283,-0.9799226039143966,0.03554293903696166
0,0.4819277108433735,0.16121132713730604,0.8109204753582473,0.8163223762665414,-0.8330514669445009,-0.9775337034038473,0.022130991586253465
0,0.5622489959839357,0.14920476600892274,0.8157552708754581,0.8257448836067273,-0.8245138753245969,-0.9749496496156498,0.008758604449138563
0,0.642570281124498,0.1371166352474145,0.8204343255736888,0.835054471253854,-0.8158633597374921,-0.9721711065012681,-0.004570965836196907
0,0.7228915662650602,0.12494878754849967,0.8249557883780863,0.8442500232277355,-0.8071013126597233,-0.9691988107762346,-0.017854475718363197
0,0.8032128514056225,0.11270313271321636,0.8293178253222643,0.8533304390407375,-0.7982291284358991,-0.9660335717539532,-0.031088696886365397
0,0.8835341365461847,0.1003816377345153,0.8335186217998651,0.8622946333532062,-0.7892482032682556,-0.9626762710877207,-0.044270418531609707
0,0.963855421686747,0.08798632678549775,0.8375563848327187,0.8711415356349214,-0.7801599352203237,-0.9591278624204183,-0.057396449612395053
0,1.0441767068273093,0.07551928110911123,0.8414293453496454,0.8798700898322173,-0.770965724234677,-0.9553893709413277,-0.07046362111496846
0,1.1244979919678715,0.06298263880911811,0.8451357604699513,0.888479254040409,-0.7616669721647299,-0.9514618928495263,-0.08346878830522132
0,1.2048192771084336,0.050378594542149074,0.8486739157856593,0.8969680001811657,-0.7522650828205537,-0.9473465947233142,-0.09640883296510551
0,1.285140562248996,0.037709399110656044,0.8520421276365259,0.9053353136844714,-0.7427614620286798,-0.943044712795127,-0.10928066560784601
0,1.3654618473895583,0.024977358956578127,0.8552387453718872,0.9135801931748103,-0.7331575177058584,-0.9385575521313881,-0.12208122766602882
0,1.4457831325301205,0.01218483554883653,0.8582621536063564,0.9217016501681504,-0.7234546599436582,-0.9338864857169867,-0.13480749366269817
0,1.5261044176706826,-0.0006657553602554059,0.8611107745204445,0.9296987088100838,-0.7136543010892339,-0.9290329534498281,-0.14745647343121057
0,1.606425702811245,-0.013571944521967895,0.8637830700279626,0.9375704055648488,-0.70375785586435,-0.9239984610428806,-0.1600252141636125
0,1.6867469879518073,-0.02653121011078504,0.8662775439777156,0.9453157889447648,-0.6937667414820995,-0.9187845788339795,-0.17251080249561607
0,1.7670682730923695,-0.039540978732161274,0.8685927443108196,0.9529339192410138,-0.6836823777761418,-0.9133929405088521,-0.18491036653467754
0,1.8473895582329316,-0.05259862652741326,0.870727265178254,0.9604238682625067,-0.6735061873411908,-0.9078252417350929,-0.19722107783706302
0,1.927710843373494,-0.06570148037540274,0.8726797490182698,0.9677847190852101,-0.6632395956834569,-0.9020832387098069,-0.20944015333481253
0,2.0080321285140563,-0.07884681918771651,0.8744488885882181,0.9750155658115677,-0.6528840313808751,-0.8961687466238507,-0.22156485720734254
0,2.0883534136546187,-0.09203187529404962,0.8760334289453694,0.9821155133396432,-0.6424409262529442,-0.8900836380455932,-0.23359250269242468
0,2.1686746987951806,-0.1052538359144978,0.877432169371289,0.9890836771416186,-0.6319117155400097,-0.8838298412271205,-0.24552045383127877
0,2.248995983935743,-0.11850984471546558,0.8786439652343366,0.9959191830512751,-0.6212978380918165,-0.8774093383358094,-0.2573461271425198
0,2.3293172690763053,-0.13179700344589496,0.8796677297848579,1.0026211670600895,-0.6106007365651622,-0.8708241636141943,-0.2690669932196954
0,2.4096385542168672,-0.14511237365052249,0.8805024358776337,1.0091887751215745,-0.5998218576304792,-0.8640764014710517,-0.28068057824715426
0,2.4899598393574296,-0.15845297845686962,0.8811471176161572,1.0156211629634946,-0.5889626521871743,-0.8571681845066246,-0.2921844654289828
0,2.570281124497992,-0.1718158044349939,0.8816008719192326,1.021917495910431,-0.5780245755867937,-0.8501016914754368,-0.303576296332439
0,2.6506024096385543,-0.1851978035563702,0.8818628600848806,1.0280769487536805,-0.5670090878521679,-0.8428791451973101,-0.3148537722327127
0,2.7309236947791167,-0.19859589517152362,0.8819323091684828,1.034098705582891,-0.5559176539176214,-0.8355028104113671,-0.32601465525086143
0,2.8112449799196786,-0.21200696806051608,0.8818085133082672,1.0399819596458428,-0.5447517438741984,-0.8279749915853266,-0.3370567694340688
0,2.891566265060241,-0.22542788254549115,0.8814908349751084,1.0457259132239665,-0.5335128332161914,-0.8202980306784753,-0.3479780017589171
0,2.9718875502008033,-0.23885547265057205,0.880978706122394,1.0513297775157973,-0.5222024030950555,-0.8124743048652254,-0.35877630302733854
0,3.0522088353413652,-0.2522865483082992,0.8802716292443857,1.0567927725334747,-0.5108219405792509,-0.8045062242251757,-0.36944968866513483
0,3.1325301204819276,-0.2657178976076547,0.8793691783409356,1.0621141270120398,-0.4993729389195195,-0.7963962294043854,-0.379996239421416
0,3.21285140562249,-0.2791462890787211,0.8782709997864181,1.0672930783312866,-0.48785689781910646,-0.788146789252566,-0.3904141019673113
0,3.2931726907630523,-0.2925684740090251,0.8769768131007379,1.0723288724499236,-0.4762753237084314,-0.779760398440899,-0.4007014893923061
0,3.3734939759036147,-0.3059811887866126,0.8754864116202755,1.077220763851797,-0.4646297300237188,-0.7712395750651847,-0.4108566815965562
0,3.4538152610441766,-0.3193811572649039,0.8737996630666282,1.081968015503936,-0.45292163748909464,-0.7625868582390323,-0.42087802557753295
0,3.534136546184739,-0.33276509314437797,0.8719165100110099,1.0865698988261714,-0.4411525744016571,-0.7538048056817935,-0.4307639356093524
0,3.6144578313253013,-0.34612970236613305,0.8698369702321689,1.0910256936720841,-0.42932407691902963,-0.7448959913059512,-0.44051289331313903
0,3.694779116465863,-0.35947168551229225,0.8675611369690328,1.0953346883222383,-0.4174376893493924,-0.7358630028099461,-0.4501234476196402
0,3.7751004016064256,-0.37278774021254085,0.8650891791394788,1.099496179514796,-0.40549496445088334,-0.7267084393022553,-0.4595942146885953
0,3.855421686746988,-0.3860745635489763,0.8624213413784451,1.1035094724600734,-0.39349746372104105,-0.717434908911097,-0.46892387765740384
0,3.9357429718875503,-0.39932885443930144,0.8595579439962723,1.1073738808770937,-0.38144675769802217,-0.7080450264377922,-0.47811118629825
0,4.016064257028113,-0.4125473160223624,0.8564993828527718,1.1110887270481018,-0.36934442625741637,-0.6985414110257395,-0.48715495659535535
0,4.096385542168675,-0.42572665802591747,0.8532461291229804,1.1146533418833953,-0.3571920589086451,-0.6889266838574777,-0.4960540702143351
0,4.176706827309237,-0.43886359911059813,0.8497987289696678,1.1180670650014268,-0.34499125509328404,-0.6792034658908287,-0.5048074738763836
0,4.257028112449799,-0.45195486918670974,0.8461578031239725,1.1213292448239904,-0.33274362448443073,-0.6693743756372806,-0.5134141786395415
0,4.337349397590361,-0.46499721170052005,0.8423240463755395,1.1244392386862945,-0.32045078728623794,-0.6594420269857744,-0.5218732590893013
0,4.417670682730924,-0.47798738588668127,0.8382982269735388,1.1273964129617364,-0.3081143745327368,-0.6494090270750551,-0.5301838524408017
0,4.497991967871486,-0.49092216898343555,0.8340811859399389,1.1302001432011854,-0.29573602838506835,-0.63927797421775,-0.5383451575548701
0,4.578313253012048,-0.5037983584072496,0.8296738362964097,1.132849814286584,-0.2833174024262465,-0.6290514558793344,-0.5463564338701629
0,4.658634538152611,-0.5166127738835264,0.8250771622062338,1.1353448205986743,-0.27086016195257423,-0.6187320467151477,-0.554217000253659
0,4.738955823293173,-0.5293622595300423,0.820292218032599,1.137684566198664,-0.258365984260834,-0.6083223066686216,-0.5619262337717645
0,4.8192771084337345,-0.5420436858897555,0.8153201273146493,1.139868465023637,-0.24583655893037387,-0.5978247791338815,-0.5694835683842749
0,4.899598393574297,-0.5546539519096348,0.8101620816626695,1.1418959410955172,-0.23327358809921042,-0.5872419891858822,-0.5768884935634587
0,4.979919678714859,-0.5671899868420314,0.8048193396389322,1.1437664287586404,-0.22067878675721925,-0.576576441916609,-0.5841405528817125
0,5.0602409638554215,-0.5796487520905566,0.7992932255884436,1.1454793729365491,-0.20805388303887043,-0.5658306208459926,-0.5912393425495728
0,5.140562248995984,-0.592027243026134,0.793585128269224,1.1470342293715976,-0.19540061846324658,-0.5550069863454635,-0.5981845098059771
0,5.220883534136546,-0.6043224907040413,0.7876964995427439,1.14843046490814,-0.18272074821142925,-0.5441079742040986,-0.6049757513313144
0,5.301204819277109,-0.6165315635313027,0.7816288529685371,1.1496675577819393,-0.17001604138205925,-0.5331359942506364,-0.6116128115864776
0,5.381526104417671,-0.6286515688617259,0.7753837623508141,1.1507449979261195,-0.15728828124278535,-0.5220934290643934,-0.6180954811080287
0,5.461847389558233,-0.6406796545184571,0.7689628602399928,1.1516622872935105,-0.14453926547660212,-0.5109826327750532,-0.6244235947633907
0,5.542168674698795,-0.6526130102440473,0.7623678363917248,1.1524189401951375,-0.1317708064219466,-0.4998059299510902,-0.6305970299697782
0,5.622489959839357,-0.6644488690780284,0.7556004361859946,1.1530144836546212,-0.11898473130542343,-0.48856561457659275,-0.6366157048805711
0,5.7028112449799195,-0.676184508661994,0.7486624590088712,1.1534484577782453,-0.10618288246603036,-0.4772639491162512,-0.6424795765428407
0,5.783132530120482,-0.6878172524721822,0.7415557565994876,1.153720416140454,-0.09336711756975158,-0.4659031636682718,-0.6481886390297358
0,5.863453815261044,-0.6993444709795562,0.7342822313648277,1.1538299261845393,-0.08053930981339122,-0.4544854552049828,-0.6537429215514361
0,5.943775100401607,-0.7107635827373797,0.7268438346648973,1.1537765696382765,-0.06770134811651571,-0.4430129869008964,-0.6591424865483811
0,6.024096385542169,-0.722072055396282,0.7192425650708585,1.1535599429442718,-0.05485513730037589,-0.4314878875479894,-0.664387427770482
0,6.1044176706827304,-0.7332674066468113,0.7114804665987031,1.153179657704779,-0.042002598252678464,-0.41991225105796737,-0.6694778683460241
0,6.184738955823293,-0.7443472050646315,0.7035596269682555,1.15263534114907,-0.029145668100932547,-0.4082881360844382,-0.6744139588673224
0,6.265060240963855,-0.7553090708665164,0.695482175886095,1.1519266366232368,-0.016286300392842033,-0.3966175657567201,-0.6791958754932523
0,6.3453815261044175,-0.7661506766683827,0.6872502831793417,1.1510532040708819,-0.003426465191489113,-0.38490252740249875,-0.6838238179878521
0,6.42570281124498,-0.7768697481099551,0.6788661570348017,1.1500147205474407,0.0094318507870065,-0.37314497243748523,-0.6882980078218077
0,6.506024096385542,-0.7874640644260938,0.6703320422038318,1.1488108807439894,0.0222866440655931,-0.3613468163178953,-0.6926186862694245
0,6.586345381526105,-0.7979314589458387,0.6616502182116549,1.1474413975267292,0.035135894311848326,-0.34950993858089036,-0.6967861125235029
0,6.666666666666667,-0.808269819520745,0.6528229975735809,1.1459060024918457,0.047977564257680544,-0.3376361829711009,-0.700800561831261
0,6.746987951807229,-0.8184770888845692,0.6438527240196975,1.1442044465352814,0.06080959963429572,-0.32572735765071237,-0.704662323653993
0,6.827309236947791,-0.8285512649463662,0.6347417707295986,1.14233650043696,0.07362992912355494,-0.3137852354905939,-0.7083716998531533
0,6.907630522088353,-0.8384904010190536,0.6254925385787125,1.1403019554590021,0.0864364643268481,-0.3018115544399488,-0.7119290029055604
0,6.9879518072289155,-0.8482926059855052,0.6161074543977993,1.1381006239574738,0.09922709975260749,-0.28980801797196887,-0.7153345541504066
0,7.068273092369478,-0.857956044404232,0.6065889692471781,1.1357323400072017,0.11199971282358887,-0.2777762956029698,-0.7185886820707668
0,7.14859437751004,-0.8674789365567103,0.5969395567072533,1.1331969600392005,0.12475216390504326,-0.2657180234824903,-0.7216917206122964
0,7.228915662650603,-0.8768595584384139,0.5871617111869032,1.1304943634902467,0.13748229635490547,-0.2536348050518328,-0.7246440075418085
0,7.309236947791165,-0.8860962416805258,0.5772579462797579,1.1276244534690236,0.15018793658361426,-0.24152821178849782,-0.7274458828633719
0,7.389558232931726,-0.8951873734059687,0.5672307931679565,1.1245871574389696,0.16286689412349203,-0.22939978403300093,-0.7300976872914483
0,7.469879518072289,-0.9041313960775735,0.5570827989725459,1.1213824278994153,0.1755169617596265,-0.21725103182184177,-0.7325997607321721
0,7.550200803212851,-0.9129268072617678,0.5468165251934889,1.1180102430872516,0.1881359156543153,-0.20508343582548375,-0.7349524408478041
0,7.6305220883534135,-0.9215721593528388,0.5364345461632047,1.1144706076866673,0.20072151550236078,-0.19289844833382871,-0.7371560616655656
0,7.710843373493976,-0.9300660592505484,0.5259394475340866,1.1107635535497429,0.2132715047101068,-0.18069749429919466,-0.7392109522441935
0,7.791164658634538,-0.9384071679932284,0.515333824800591,1.1068891404271264,0.2257836105989583,-0.16848197243389806,-0.7411174353995493
0,7.871485943775101,-0.9465942003486905,0.504620281856093,1.1028474567079578,0.23825554463430465,-0.1562532563592676,-0.7428758264903979
0,7.951807228915663,-0.9546259243652909,0.4938014295847008,1.0986386201682048,0.250685002680769,-0.14401269580291412,-0.74448643226547
0,8.032128514056225,-0.9625011608854859,0.4828798844882211,1.0942627787265684,0.26306966528470477,-0.13176161784108287,-0.745949549772926
0,8.112449799196787,-0.9702187830242139,0.47185826734847014,1.089720111207128,0.27540719798486096,-0.11950132818291423,-0.7472654653333312
0,8.19277108433735,-0.9777777156144445,0.4607392019251223,1.0850108281078814,0.28769525165213927,-0.10723311249343695,-0.7484344535772616
0,8.273092369477911,-0.9851769346222264,0.44952531368929194,1.0801351723743493,0.2999314628593608,-0.09495823775212295,-0.7494567765486526
0,8.353413654618475,-0.9924154665274191,0.43821922860786283,1.075093420179554,0.312113454277488,-0.08267795365213494,-0.7503326828853508
0,8.433734939759036,-0.9994923876716626,0.4268235719785628,1.0698858817100814,0.3242388350976987,-0.07039349403841882,-0.7510624070762615
0,8.514056224899598,-1.006406823598503,0.41534096726519554,1.0645129019493604,0.3363052014982011,-0.05810607835085768,-0.7516461687633965
0,8.594377510040161,-1.0131579483565913,0.4037740350007256,1.058974861466052,0.3483101371331786,-0.04581691310946076,-0.752084172133904
0,8.674698795180722,-1.0197449837842478,0.392125391721915,1.0532721772022506,0.36025121365602064,-0.03352719341800319,-0.7523766053779354
0,8.755020080321286,-1.0261671987744017,0.3803976489449391,1.0474053032617456,0.37212599127595797,-0.021238104487344645,-0.7525236402208967
0,8.835341365461847,-1.0324239085215592,0.3685934121814989,1.0413747316970372,0.38393201934848836,-0.008950823175478725,-0.7525254315299867
0,8.91566265060241,-1.038514473752522,0.35671527999476904,1.035180993293786,0.395666837000036,0.003333480458735355,-0.7523821169948045
0,8.995983935742972,-1.0444382999425712,0.3447658430945366,1.0288246583513807,0.40732797378727037,0.015613641591190094,-0.7520938168818064
0,9.076305220883533,-1.0501948365188363,0.33274768347087047,1.022306337458291,0.4189129503915284,0.027888499060544816,-0.7516606338623985
0,9.156626506024097,-1.0557835760525696,0.3206633735656743,1.0156266822608981,0.43041927934876734,0.04015689379167123,-0.7510826529144413
0,9.236947791164658,-1.061204053442041,0.3085154754814692,1.008786386224468,0.4418444658154862,0.05241766721757296,-0.7503599412969549
0,9.317269076305221,-1.0664558450877748,0.2963065402267483,1.0017861853849535,0.4531860083710529,0.06466965970282129,-0.7494925485978009
0,9.397590361445783,-1.071538568059877,0.2840391070059337,0.994626859089656,0.46444139985790045,0.07691170897022094,-0.7484805068638338
0,9.477911646586346,-1.0764518792581845,0.27171570255478616,0.9873092307261198,0.4756081282583814,0.08914264853206466,-0.7473238308131673
0,9.558232931726907,-1.081195474575309,0.25933884048679695,0.9798341684378357,0.486683677608825,0.10136130613747323,-0.7460225180956218
0,9.638554216867469,-1.0857690880519033,0.24691102069382997,0.9722025858232034,0.49766552895124516,0.11356650222869999,-0.744576549645075
0,9.718875502008032,-1.0901724910315396,0.2344347287777934,0.9644154426183014,0.5085511613211974,0.1257570484132384,-0.7429858900989909
0,9.799196787148594,-1.0944054913160948,0.22191243551736017,0.9564737453605477,0.5193380527745237,0.13793174595554725,-0.741250488291884
0,9.879518072289157,-1.0984679323225475,0.20934659636902447,0.9483785480315564,0.5300236814524459,0.15008938429099133,-0.7393702778214706
0,9.959839357429718,-1.102359692242108,0.19673965100167967,0.9401309526775148,0.5406055266844355,0.16222873956459355,-0.7373451776861152
0,10.040160642570282,-1.1060806832026078,0.18409402286388665,0.9317321100053986,0.5510810701282998,0.1743485731972096,-0.7351750929921863
0,10.120481927710843,-1.1096308504350694,0.1714121187830193,0.9231832199533502,0.5614477969469107,0.18644763048171942,-0.7328599157299298
0,10.200803212851406,-1.113010171445382,0.15869632859545613,0.9144855322335353,0.5717031970210165,0.19852463921184677,-0.7303995256164723
0,10.281124497991968,-1.1162186551920075,0.14594902480700456,0.9056403468458065,0.581844766197561,0.21057830834620103,-0.7277937910045651
0,10.36144578313253,-1.119256341270639,0.1331725622827271,0.8966490145604867,0.5918700075729526,0.22260732671015251,-0.7250425698556793
0,10.441767068273093,-1.1221232991075276,0.12036927796815293,0.8875129373619611,0.6017764328183434,0.23461036174556665,-0.7221457107864959
0,10.522088353413654,-1.1248196271617223,0.10754149064009952,0.8782335688569002,0.6115615635395167,0.24658605830482225,-0.719103054179616
0,10.602409638554217,-1.1273454521359136,0.0946915006778914,0.8688124146530651,0.6212229326608304,0.25853303748284856,-0.7159144333387216
0,10.682730923694779,-1.1297009281972448,0.08182158986695032,0.8592510326911403,0.6307580858494832,0.27044989550610454,-0.7125796757164333
0,10.763052208835342,-1.1318862362085251,0.06893402122748174,0.8495510335381021,0.6401645829681143,0.2823352026704232,-0.7090986041955958
0,10.843373493975903,-1.133901582971165,0.05603103886774273,0.8397140806355186,0.6494399995599826,0.2941875023356467,-0.7054710384277251
0,10.923694779116467,-1.1357472004801732,0.04311486786130907,0.8297418905013406,0.658581928364634,0.3060053099788329,-0.7016967962259428
0,11.004016064257028,-1.137423345191551,0.030187714147775352,0.8196362328837592,0.667587980861949,0.317787112307792,-0.6977756950097241
0,11.08433734939759,-1.1389302973024225,0.017251764456305232,0.8093989308656934,0.6764557888424747,0.32953136643672915,-0.6937075532987796
0,11.164658634538153,-1.140268360044236,0.004309186251463509,0.7990318609184839,0.6851830060019336,0.3412364991257525,-0.6894921922533968
0,11.244979919678714,-1.1414378589893779,-0.008637872299247146,0.7885369529033602,0.6937673095578103,0.35290090608601776,-0.6851294372585628
0,11.325301204819278,-1.1424391413715282,-0.021587282336722413,0.7779161900192497,0.702206401885915,0.3645229513522786,-0.6806191195491922
0,11.405622489959839,-1.143272575420172,-0.03453693430122047,0.767171608694971,0.7104980121752748,0.37610096672520116,-0.6759610778740538
0,11.485943775100402,-1.1439385497124155,-0.04748473791051684,0.7563052984040313,0.718639898117223,0.3876332513083843,-0.6711551602067057
0,11.566265060240964,-1.1444374725380635,-0.060428622113701126,0.7453194014380525,0.7266298475938313,0.39911807110001096,-0.6662012254801297
0,11.646586345381525,-1.144769771279461,-0.07336653502916585,0.7342161126150558,0.7344656803802777,0.41055365866440513,-0.6610991453511114
0,11.726907630522089,-1.1449358918072698,-0.086296443865151,0.7229976789219931,0.7421452498605934,0.42193821288527683,-0.6558488059954417
0,11.80722891566265,-1.144936297891737,-0.09921633482341323,0.7116663990947485,0.7496664447491483,0.4332698987969886,-0.6504501099257344
0,11.887550200803213,-1.1447714706301935,-0.11212421298868888,0.700224623129117,0.7570271908194989,0.4445468475010765,-0.6449029778308092
0,11.967871485943775,-1.1444419078908024,-0.12501810220411808,0.6886747517228022,0.7642254526368508,0.45576715616800023,-0.6392073504327319
0,12.048192771084338,-1.1439481237725642,-0.13789604493281166,0.6770192356484548,0.771259235290404,0.4669288881241094,-0.6333631903575914
0,12.1285140562249,-1.1432906480815952,-0.1507561021057267,0.6652605750577968,0.77812658612183,0.4780300730237983,-0.6273704840161024
0,12.208835341365461,-1.142470025823691,-0.16359635295603187,0.6534013187168535,0.7848255964461489,0.48906870710683753,-0.6212292434901161
0,12.289156626506024,-1.1414868167131882,-0.17641489484013068,0.6414440631723333,0.7913544032612576,0.5000427535408549,-0.614939508421126
0,12.369477911646586,-1.140341594698137,-0.18920984304551824,0.6293914518491869,0.7977111909423725,0.51095014284895,-0.6085013478968535
0,12.449799196787149,-1.1390349475017982,-0.2019793305856563,0.6172461740793578,0.8038941929176556,0.5217887734224403,-0.6019148623319986
0,12.53012048192771,-1.1375674761825574,-0.2147215079977102,0.6050109640307442,0.809901693342493,0.5325565121518131,-0.595180185344782
0,12.610441767068274,-1.1359397947105803,-0.22743454312685818,0.5926885995748693,0.8157320287458184,0.543251195135711,-0.5882974856189596
0,12.690763052208835,-1.134152529558798,-0.2401166208873001,0.5802819011083665,0.821383589627937,0.5538706284504314,-0.5812669687406361
0,12.771084337349398,-1.1322063193122576,-0.25276594302726585,0.5677937302772886,0.8268548220477631,0.5644125890349688,-0.5740888790204963
0,12.85140562248996,-1.1301018142934922,-0.26538072788019507,0.5552269886416703,0.8321442291683924,0.5748748256518216,-0.5667635012881963
0,12.931726907630521,-1.1278396762046998,-0.2779592101103579,0.5425846162648413,0.8372503727669397,0.5852550599398583,-0.5592911626565807
0,13.012048192771084,-1.1254205777866102,-0.2904996404527358,0.5298695902302775,0.84217187470433,0.5955509875563324,-0.551672234251593
0,13.092369477911646,-1.1228452024939146,-0.303000285446992,0.5170849230887664,0.8469074183507391,0.6057602794051479,-0.5439071329037459
0,13.17269076305221,-1.1201142441871383,-0.31545942716536085,0.5042336612386664,0.8514557499623779,0.6158805829484717,-0.5359963227970159
0,13.25301204819277,-1.1172284068408322,-0.32787536293427494,0.49131888324204537,0.8558156800053092,0.6259095235987866,-0.5279403170710332
0,13.333333333333334,-1.1141884042679595,-0.3402464050495663,0.47834369807947125,0.8599860844219943,0.6358447061884882,-0.519739679372427
0,13.413654618473895,-1.1109949598603568,-0.3525708804850579,0.4653112433462431,0.8639659058362603,0.6456837165141138,-0.5113950253512016
0,13.493975903614459,-1.1076488063451453,-0.36484713059438156,0.4522246833928347,0.867754154692382,0.6554241229523108,-0.5029070240979997
0,13.57429718875502,-1.1041506855571612,-0.3770735108106871,0.43908720740317386,0.8713499103288842,0.6650634781539875,-0.4942763995181964
0,13.654618473895582,-1.1005013482283654,-0.38924839037607456,0.42590202735710486,0.8747523220179175,0.6745993208712606,-0.4855039316418423
0,13.734939759036145,-1.0967015537914202,-0.4013701520180488,0.4126723760383987,0.8779606098789988,0.6840291777530216,-0.47659045786094933
0,13.815261044176706,-1.0927520702000764,-0.4134371916498585,0.39940150494004684,0.8809740657418585,0.6933505652600297,-0.4675368740919996
0,13.89558232931727,-1.0886536737643082,-0.42544791806357307,0.3860926821355277,0.8837920539290253,0.7025609916287808,-0.45834413586545186
0,13.975903614457831,-1.0844071490007943,-0.43740075262091194,0.3727491901080541,0.8864140119541503,0.7116579588927405,-0.4490132593332381
0,14.056224899598394,-1.0800132884987124,-0.4492941289451456,0.3593743235361233,0.8888394511368268,0.7206389649625894,-0.43954532219168113
0,14.136546184738956,-1.0754728928006543,-0.4611264926137234,0.3459713870409281,0.891067957131364,0.7295015057597265,-0.4299414645176406
0,14.216867469879517,-1.0707867702984488,-0.4728963008512953,0.3325436929011629,0.8930991903669784,0.7382430773972862,-0.4202028895156832
0,14.29718875502008,-1.0659557371436976,-0.48460202222278276,0.3190945587407815,0.8949328863968653,0.7468611784029163,-0.4103308641740826
0,14.377510040160642,-1.0609806171728136,-0.49624213632616193,0.3056273051952474,0.8965688561536116,0.7553533119775664,-0.4003267198274495
0,14.457831325301205,-1.0558622418463637,-0.5078151334846226,0.2921452535618213,0.8980069861084123,0.7637169882845426,-0.3901918526237894
0,14.538152610441767,-1.050601450202512,-0.5193195144377569,0.27865172343943984,0.899247238331554,0.7719497267630724,-0.3799277238937966
0,14.61847389558233,-1.0451990888243563,-0.5307537900314477,0.2651500303637204,0.9002896504516253,0.780049058460636,-0.369535860420177
0,14.698795180722891,-1.0396560118211031,-0.5421164809083634,0.251643483438381,0.9011343355130012,0.7880125283827224,-0.35901785460463703
0,14.779116465863453,-1.0339730808242937,-0.5534061172453512,0.23813538288054603,0.9017814817762349,0.7958376979437479,-0.348375364530883
0,14.859437751004016,-1.0281511649940378,-0.5646212384386798,0.22462901767819565,0.9022313523697801,0.8035221473158423,-0.3376101139310996
0,14.939759036144578,-1.0221911410432944,-0.5757603928079958,0.2111276632282945,0.9024842848501379,0.8110634778150001,-0.32672389204214153
0,15.02008032128514,-1.0160938932722459,-0.5868221373113347,0.1976345789706422,0.9025406906752445,0.8184593143016038,-0.3157185533639092
0,15.100401606425702,-1.0098603136151398,-0.5978050372575494,0.18415300605325075,0.9024010545704326,0.8257073075618893,-0.3045960173128829
0,15.180722891566266,-1.0034913017003622,-0.6087076660252728,0.17068616501770179,0.9020659337956397,0.8328051366826604,-0.29335826777036655
0,15.261044176706827,-0.9969877649233752,-0.6195286047881418,0.1572372535103051,0.9015359573151308,0.8397505114130702,-0.28200735252698883
0,15.34136546184739,-0.9903506185321539,-0.6302664422460181,0.14380944402485918,0.9008118248710106,0.8465411745072948,-0.27054538262499234
0,15.421686746987952,-0.9835807857247563,-0.6409197743619338,0.13040588168283473,0.899894305961794,0.8531749040419215,-0.2589745315998601
0,15.502008032128513,-0.9766791977586587,-0.6514872041044958,0.11702968205678263,0.8987842387273062,0.8596495157018761,-0.24729703462281033
0,15.582329317269076,-0.9696467940714941,-0.6619673411954787,0.10368392904278481,0.8974825287411847,0.8659628650287093,-0.23551518754570583
0,15.662650602409638,-0.9624845224128243,-0.6723588018623375,0.09037167278775632,0.8959901477122535,0.8721128496250681,-0.22363134584991576
0,15.742971887550201,-0.9551933389865803,-0.6826602085953737,0.0770959276774062,0.8943081320960402,0.8780974113091743,-0.2116479235006662
0,15.823293172690763,-0.9477742086038078,-0.6928701899092817,0.06385967039067575,0.8924375816177088,0.8839145382131323,-0.19956739170842658
0,15.903614457831326,-0.9402281048453466,-0.702987380108814,0.050665838026456134,0.8903796577076776,0.8895622668188907,-0.18739227759886304
0,15.983935742971887,-0.9325560102400392,-0.7130104190826135,0.03751732625725071,0.8881355818816311,0.8950386839827889,-0.17512516279901702
0,16.06425702811245,-0.9247589164568917,-0.7229379521331805,0.02441698749333481,0.8857066340805448,0.9003419289635572,-0.16276868194736382
0,16.14457831325301,-0.9168378244909878,-0.7327686297252011,0.01136762931865698,0.8830941508356556,0.9054701951723312,-0.150325521110454
0,16.224899598393574,-0.9087937448740582,-0.74250110731019,-0.001627987138515384,0.880299523445013,0.9104217320125738,-0.13779841613482258
0,16.305220883534137,-0.9006276978870417,-0.7521340451428834,-0.01456714871891035,0.8773241960622122,0.9151948466059523,-0.12519015091932856
0,16.3855421686747,-0.8923407137831613,-0.7616661081071905,-0.027447191657905975,0.8741696637268448,0.9197879054410675,-0.1125035556196542
0,16.46586345381526,-0.8839338330211098,-0.7710959655525722,-0.040265502922908994,0.8708374703416968,0.9241993359440189,-0.0997415047891245
0,16.546184738955823,-0.8754081065076897,-0.7804222911409117,-0.0530195214602045,0.8673292066006782,0.9284276279678942,-0.08690691545976652
0,16.626506024096386,-0.8667645958492537,-0.7896437627039273,-0.06570673934900786,0.8636465078714708,0.9324713351982615,-0.07400274516754352
0,16.70682730923695,-0.8580043736112861,-0.798759062111197,-0.07832470286046966,0.8597910520368768,0.9363290764717557,-0.06103198992567971
0,16.78714859437751,-0.8491285235854733,-0.807766875148845,-0.09087101341936532,0.8557645572988558,0.9399995370048385,-0.047997682150010545
0,16.867469879518072,-0.8401381410636046,-0.8166658914089563,-0.10334332846621544,0.8515687799492351,0.9434814695298199,-0.03490288854027854
0,16.947791164658636,-0.8310343331176525,-0.8254548041897682,-0.11573936221756834,0.8472055121110786,0.9467736953352208,-0.021750707921309953
0,17.028112449799195,-0.8218182188853715,-0.8341323104067104,-0.12805688632219547,0.8426765794546988,0.949875105207567,-0.00854426904798794
0,17.10843373493976,-0.8124909298607614,-0.8426971105143427,-0.14029373041093426,0.8379838388922971,0.9527846602716957,0.004713271622046128
0,17.188755020080322,-0.8030536102032709,-0.8511479084485059,-0.15244778256471403,0.8331291762874511,0.955501392767985,0.01801873216105522
0,17.269076305220885,-0.7935074170642199,-0.8594834115898742,-0.16451698970849193,0.828114504182886,0.9580244067727118,0.0313689074069886
0,17.349397590361445,-0.783853520877431,-0.867702330710645,-0.17649935781660903,0.8229417594332111,0.9603528786940401,0.044760571277434165
0,17.429718875502008,-0.7740931056879294,-0.8758033799571227,-0.18839295208106915,0.8176129009132274,0.9624860577689985,0.058190479043895474
0,17.51004016064257,-0.764227369475483,-0.8837852768406964,-0.20019589696496637,0.8121299072118119,0.9644232664404493,0.07165536962888455
0,17.59036144578313,-0.7542575244845818,-0.8916467422426775,-0.2119063761548448,0.8064947743416163,0.9661639006394265,0.08515196790106104
0,17.670682730923694,-0.7441847975602451,-0.8993865004334353,-0.22352263241419557,0.8007095134686277,0.9677074299744407,0.09867698696480734
0,17.751004016064257,-0.7340104304887611,-0.9070032791061041,-0.23504296733984958,0.79477614866502,0.9690533978286108,0.11222713044108398
0,17.83132530120482,-0.7237356803424553,-0.9144958094251472,-0.24646574102303923,0.7886967146887209,0.9702014213654946,0.12579909473642606
0,17.91164658634538,-0.7133618198275956,-0.921862826090047,-0.25778937161688387,0.7824732547931262,0.9711511914444797,0.1393895712969206
0,17.991967871485944,-0.7028901376345347,-0.9291030674144054,-0.26901233481206865,0.7761078185703837,0.9719024724466034,0.1529952488440217
0,18.072289156626507,-0.6923219387891948,-0.9362152754207258,-0.2801331632224718,0.7696024598316827,0.9724551020116667,0.16661281558904328
0,18.152610441767067,-0.6816585450049946,-0.9431981959511591,-0.2911504456825134,0.762959234527969,0.9728089906875081,0.18023896142319035
0,18.23293172690763,-0.6709012950359966,-0.9500505787944413,-0.30206282645864513,0.7561801987174632,0.9729641214946418,0.19387038007697835
0,18.313253012048193,-0.6600515450576785,-0.9567711778287062,-0.31286900439021226,0.7492674066286822,0.9729205494478909,0.2075037712000244
0,18.393574297188756,-0.6491106690166278,-0.9633587511821534,-0.3235677319399977,0.7422229087191491,0.9726784009566257,0.22113584246300466
0,18.473895582329316,-0.6380800589926818,-0.9698120614100083,-0.3341578141700331,0.7350487498162498,0.9722378731627153,0.2347633115937589
0,18.55421686746988,-0.626961125562161,-0.976129875688886,-0.344638107649048,0.7277469673171828,0.9715992332112094,0.24838290837170346
0,18.634538152610443,-0.6157552981585808,-0.982310966028698,-0.35500751928917124,0.7203195894490234,0.9707628174477525,0.26199137657967503
0,18.714859437751002,-0.6044640254348342,-0.9883541095021889,-0.3652650051169236,0.7127686335993959,0.9697290305517585,0.2755854759027933
0,18.795180722891565,-0.5930887756257236,-0.9942580884923593,-0.3754095689821475,0.7050961047186374,0.9684983446078718,0.28916198377372226
0,18.87550200803213,-0.5816310369097154,-1.0000216909580375,-0.3854402612085186,0.6973039937943284,0.9670712981182347,0.30271769716370955
0,18.955823293172692,-0.5700923177687829,-1.005643710717864,-0.3953561771892983,0.6893942763990645,0.9654484949580817,0.31624943431880004
0,19.03614457831325,-0.558474147345215,-1.0111229477529475,-0.4051564559319679,0.6813689113123486,0.9636306032771834,0.3297540364405996
0,19.116465863453815,-0.5467780757942582,-1.0164582085284573,-0.4148402785554012,0.6732298392174771,0.9616183543496597,0.3432283693109807
0,19.196787148594378,-0.5350056746314699,-1.0216483063344073,-0.42440686674321526,0.6649789814743026,0.9594125413746853,0.3566693248601053
0,19.277108433734938,-0.523158537073648,-1.0266920616459028,-0.43385548115696027,0.656618238968742,0.9570140182306083,0.37007382267716143
0,19.3574297188755,-0.5112382783722105,-1.0315883025031043,-0.4431854198127908,0.6481494910399116,0.9544236981850013,0.38343881146319325
0,19.437751004016064,-0.4992465361643673,-1.0363358649076082,-0.4523960164309961,0.639574594527923,0.9516425525953635,0.3967612703796859
0,19.518072289156628,-0.48718497081928747,-1.0409335932390444,-0.46148663875739,0.6308953829020585,0.9486716095766775,0.4100382103369864
0,19.598393574297187,-0.4750552657338323,-1.045380340697107,-0.47045668685146275,0.6221136654025265,0.9455119525852952,0.4232666752945809
0,19.67871485943775,-0.46285912765924264,-1.0496749697581425,-0.4793055913624054,0.6132312263289628,0.9421647190216482,0.4364437434291802
0,19.759036144578314,-0.45059828701058,-1.0538163526532849,-0.4880328117864501,0.6042498243972982,0.9386310987970303,0.44956652825598725
0,19.839357429718877,-0.4382744981679962,-1.0578033718667528,-0.49663783471148487,0.5951711921813396,0.9349123328794811,0.4626321796854135
0,19.919678714859437,-0.42588953976885413,-1.061634920654391,-0.5051201720525833,0.5859970356383848,0.9310097118214374,0.4756378850160067
0,20.0,-0.4134452149897085,-1.065309903582552,-0.5134793592820984,0.5767290337181799,0.9269245742718069,0.48858086986437266
1,0.0,-0.958698323698341,0.9488916782478121,0.7602521975445927,-0.7120801482095845,0.1984461261537481,-0.23681153003822758
1,0.08032128514056225,-0.9679000168932194,0.939625111683352,0.7748676254507549,-0.6946960706015303,0.19303239144246437,-0.2449290410818219
1,0.1606425702811245,-0.977026741307453,0.930296927535911,0.7888276749748008,-0.6767757272791229,0.18819906633265235,-0.2535212002567881
1,0.24096385542168675,-0.9860759103232468,0.9209092264587782,0.8021111580874554,-0.6583412651551134,0.1839647522357916,-0.2625679613036649
1,0.321285140562249,-0.995044917318765,0.9114640223702927,0.8146968599011711,-0.6394154631586685,0.18034805741759383,-0.2720485592116243
1,0.40160642570281124,-1.003931143295314,0.9019632350018953,0.8265635289351851,-0.6200218576654055,0.1773676143601287,-0.28194137733648983
1,0.4819277108433735,-1.0127319645150403,0.8924086825324643,0.8376898856290907,-0.6001848744457062,0.17504207888594953,-0.29222380808675813
1,0.5622489959839357,-1.0214447601676808,0.8828020743594814,0.848054650348017,-0.5799299656099796,0.17339010981966385,-0.30287210874950216
1,0.642570281124498,-1.0300669200793042,0.8731450040595607,0.8576365922558106,-0.5592837497979538,0.17243032782349377,-0.3138612542616072
1,0.7228915662650602,-1.0385958524819323,0.8634389426061168,0.8664146002455023,-0.5382741536371375,0.17218125223643013,-0.3251647889689796
1,0.8032128514056225,-1.047028991850266,0.8536852319092317,0.8743677772904079,-0.5169305521063373,0.17266121455985808,-0.33675467980289464
1,0.8835341365461847,-1.055363806818967,0.8438850787603841,0.88147555920946,-0.4952839052068379,0.1738882476095071,-0.3486011735535464
1,0.963855421686747,-1.0635978081803859,0.8340395492621162,0.887717858843302,-0.47336688789162235,0.17587994933708392,-0.3606726613704942
1,1.0441767068273093,-1.0717285569645205,0.8241495638345966,0.8930752361740806,-0.45121400992607574,0.17865332079043994,-0.3729355539085211
1,1.1244979919678715,-1.0797536725863115,0.8142158928858118,0.8975290947640105,-0.42886172180985144,0.18222457782230084,-0.38535417107596054
1,1.2048192771084336,-1.0876708410476756,0.8042391532430978,0.9010619041829897,-0.4063485027155433,0.18660893686468583,-0.39789065052755473
1,1.285140562248996,-1.0954778231670865,0.7942198054397979,0.9036574476231103,-0.38371492603117174,0.19182037554397607,-0.41050487940862646
1,1.3654618473895583,-1.1031724628019834,0.784158151947824,0.9053010931303833,-0.36100369777854485,0.19787136967160007,-0.42315445416927944
1,1.4457831325301205,-1.1107526950190096,0.7740543364459411,0.9059800860843399,-0.3382596631601781,0.20477260893466961,-0.4357946732857634
1,1.5261044176706826,-1.1182165541582891,0.7639083442032841,0.9056838595942398,-0.3155297763488055,0.2125326945640492,-0.448378567854479
1,1.606425702811245,-1.1255621817316062,0.7537200036617004,0.9044043584358644,-0.2928630292284158,0.22115782329574157,-0.4608569744332849
1,1.6867469879518073,-1.132787834077972,0.7434889892671162,0.9021363711627371,-0.27031033444199526,0.23065146291523472,-0.47317865482512117
1,1.7670682730923695,-1.1398918897009336,0.7332148256147454,0.8988778638850932,-0.2479243596454837,0.24101402581584028,-0.48529046596926206
1,1.8473895582329316,-1.1468728561983217,0.7228968929277336,0.894630308209593,-0.2257593097863616,0.2522425479887285,-0.49713758314137246
1,1.927710843373494,-1.1537293766963803,0.7125344339132527,0.8893989949434576,-0.20387065670165064,0.2643303817529225,-0.5086637772116025
1,2.0080321285140563,-1.1604602356903595,0.7021265619639372,0.8831933243241572,-0.18231481492188797,0.2772669113662021,-0.5198117470420497
1,2.0883534136546187,-1.167064364197361,0.6916722707154307,0.8760270632464457,-0.16114876625744845,0.291037300950915,-0.5305235044579828
1,2.1686746987951806,-1.1735408441289894,0.6811704448877395,0.8679185595132621,-0.14042963561944452,0.3056222846157271,-0.5407408092682954
1,2.248995983935743,-1.1798889117868374,0.6706198723878876,0.858890903830815,-0.12021422472532808,0.3209980079560221,-0.5504056476625598
1,2.3293172690763053,-1.1861079604060882,0.660019257541386,0.8489720302573074,-0.10055850955062054,0.3371359301487807,-0.5594607479907657
1,2.4096385542168672,-1.1921975416617396,0.6493672353880984,0.838194747742519,-0.08151711218878388,0.3540027939192205,-0.5678501231993147
1,2.4899598393574296,-1.19815736608637,0.638662386883595,0.8265966962139191,-0.06314275706188023,0.3715606698724509,-0.575519629821715
1,2.570281124497992,-1.2039873023317373,0.6279032548972586,0.8142202235414441,-0.04548572512123339,0.38976707879029315,-0.5824175297760256
1,2.6506024096385543,-1.209687375262695,0.6170883608087644,0.8011121810906846,-0.028593318121818825,0.4085751941720105,-0.5884950426869461
1,2.7309236947791167,-1.2152577628480647,0.6062162215601085,0.7873236392545948,-0.012509348028664456,0.42793412359346994,-0.5937068735314446
1,2.8112449799196786,-1.220698791869619,0.5952853669601741,0.7729095262476605,0.002726335529607965,0.44778926562195853,-0.5980117024897824
1,2.891566265060241,-1.2260109324515762,0.5842943570683581,0.7579281969981613,0.017078265865684936,0.4680827354534148,-0.6013726229340434
1,2.9718875502008033,-1.2311947914724946,0.5732417994509883,0.742440940770179,0.030515717059890524,0.48875385070231564,-0.6037575165108793
1,3.0522088353413652,-1.2362511049148104,0.5621263661253473,0.7265114390502818,0.043012988819972946,0.5097396658645289,-0.6051393549453206
1,3.1325301204819276,-1.2411807292263495,0.5509468100048786,0.7102051866711266,0.05454961092188581,0.5309755425552231,-0.6054964209267647
1,3.21285140562249,-1.2459846318195398,0.5397019806777756,0.6935888904175607,0.06511046361356428,0.5523957414019792,-0.6048124442913402
1,3.2931726907630523,-1.2506638807607966,0.5283908393205249,0.676729860113835,0.07468580962376278,0.5739340206469616,-0.603076648944288
1,3.3734939759036147,-1.2552196338583115,0.5170124726449107,0.6596954067504368,0.08327124299684677,0.5955242271078748,-0.6002837156417576
1,3.4538152610441766,-1.2596531272197835,0.505566105706718,0.6425522619150177,0.09086755532521883,0.6171008653047658,-0.596433661031937
1,3.534136546184739,-1.2639656634469594,0.49405111347799585,0.6253660312144724,0.09748052746491606,0.6385996322324872,-0.5915316409429122
1,3.6144578313253013,-1.2681585996009272,0.48246703112081574,0.6082006931569474,0.10312065577210999,0.6599579064439799,-0.5855876868929261
1,3.694779116465863,-1.272233335115175,0.47081356279948555,0.5911181508830424,0.10780282084951115,0.6811151842321325,-0.578616383648997
1,3.7751004016064256,-1.2761912997453544,0.459090589129515,0.5741778458934229,0.11154591378137263,0.7020134538519318,-0.570636502910888
1,3.855421686746988,-1.2800339417420838,0.4472981731106309,0.5574364355985819,0.11437242818638473,0.7225975061435022,-0.5616706012970158
1,3.9357429718875503,-1.2837627163387713,0.43543656461324404,0.5409475380761611,0.11630803208225117,0.7428151782626099,-0.5517445966954955
1,4.016064257028113,-1.2873790746939315,0.4235062034066351,0.5247615429347352,0.11738112992909387,0.7626175317591962,-0.5408873333357292
1,4.096385542168675,-1.2908844533783939,0.4115077207736605,0.5089254865497276,0.11762242583815037,0.7819589668286664,-0.5291301466118111
1,4.176706827309237,-1.294280264490055,0.3994419397687412,0.49348298784891864,0.11706449735922263,0.8007972766411366,-0.516506437127964
1,4.257028112449799,-1.297567886480766,0.38730987417155893,0.47847423935872146,0.11574138765373826,0.8190936471220445,-0.5030512618252974
1,4.337349397590361,-1.3007486557362262,0.37511272622376113,0.46393604779051695,0.1136882229652095,0.8368126079457091,-0.488800949188971
1,4.417670682730924,-1.303823858972645,0.36285188322391093,0.4499019172622866,0.11094085998012977,0.8539219417103582,-0.4737927432040411
1,4.497991967871486,-1.306794726428704,0.3505289130847094,0.43640216903441076,0.1075355677793076,0.8703925573942931,-0.4580644808640174
1,4.578313253012048,-1.3096624259036704,0.3381455589340895,0.42346409019334225,0.10350874570671564,0.8861983357103279,-0.44165430464080546
1,4.658634538152611,-1.3124280576046259,0.32570373286397464,0.41111210517745816,0.09889667901458321,0.9013159524271676,-0.4246004118785581
1,4.738955823293173,-1.315092649798782,0.31320550892013876,0.39936796371544414,0.09373533201097459,0.9157246860833376,-0.40694084093111366
1,4.8192771084337345,-1.317657155219847,0.3006531154257923,0.3882509396682945,0.08806017840805563,0.9294062155515521,-0.38871329383384823
1,4.899598393574297,-1.3201224481997937,0.2880489267280028,0.3777780354773376,0.08190606710402201,0.9423444127224558,-0.369954993832025
1,4.979919678714859,-1.322489322467173,0.27539545445090513,0.36796418782268475,0.07530712163253049,0.954525134644488,-0.3507025760834358
1,5.0602409638554215,-1.324758489554889,0.2626953383329828,0.3588224706220848,0.0682966709587631,0.9659360189328039,-0.3309920092917459
1,5.140562248995984,-1.326930577752191,0.24995133671812875,0.35036429210511955,0.06090720913668065,0.976566285647071,-0.3108585458548094
1,5.220883534136546,-1.329006131536057,0.23716631676355104,0.34259958324809614,0.053170381143137435,0.9864065482879605,-0.2903366979066887
1,5.301204819277109,-1.3309856114163197,0.2243432444206931,0.33553697540811556,0.04511699217547596,0.9954486360082038,-0.2694602365961693
1,5.381526104417671,-1.332869394126397,0.21148517423659535,0.3291839654518972,0.03677703780746665,1.0036854286744992,-0.24826221204406237
1,5.461847389558233,-1.3346577730910567,0.19859523901401346,0.32354706701184904,0.028179752555401734,1.011110706079207,-0.2267749915694156
1,5.542168674698795,-1.336350959116057,0.18567663936677203,0.3186319468856382,0.01935367428525098,1.0177190122304183,-0.2050303136520234
1,5.622489959839357,-1.3379490812343233,0.1727326331932763,0.31444354577711064,0.010326722391444693,1.023505535457212,-0.1830593555847213
1,5.7028112449799195,-1.3394521876725864,0.15976652509696454,0.3109861830034803,0.001126287347117217,1.0284660046691056,-0.16089281244408205
1,5.783132530120482,-1.340860246868459,0.1467816557576675,0.30826364454826916,-0.008220669840386295,1.0325966023201891,-0.1385609859172816
1,5.863453815261044,-1.3421731485252464,0.13378139127825664,0.3062792544077538,-0.017687510546611187,1.035893894117492,-0.11609388073164595
1,5.943775100401607,-1.343390704656879,0.12076911250724552,0.3050359288732458,-0.02724780518977493,1.0383547757836327,-0.093521307317471
1,6.024096385542169,-1.3445126506131297,0.10774820434908841,0.3045362137425676,-0.03687521537521408,1.0399764368705615,-0.07087298897387467
1,6.1044176706827304,-1.345538646059988,0.09472204506303278,0.30478230416328667,-0.04654337291955978,1.0407563418967007,-0.048178672143473246
1,6.184738955823293,-1.3464682759207693,0.08169399555966113,0.30577604711879225,-0.05622575733025223,1.0406922288019764,-0.02546823822940926
1,6.265060240963855,-1.3473010512732755,0.06866738869820176,0.30751892630209665,-0.06589557316650847,1.0397821249711783,-0.0027718155316936695
1,6.3453815261044175,-1.3480364102240003,0.05564551859463451,0.31001202938229033,-0.07552562880350919,1.0380243808417096,0.01988011020887427
1,6.42570281124498,-1.3486737187688231,0.0426316299482475,0.313255997370739,-0.08508821818848147,1.0354177213980835,0.04245658824023368
1,6.506024096385542,-1.3492122716781423,0.02962890740311455,0.3172509561269719,-0.09455500725730877,1.0319613155511698,0.06492609985419406
1,6.586345381526105,-1.3496512934334137,0.01664046496134932,0.32199642983375576,-0.10389692686071277,1.0276548635996574,0.0872564618993632
1,6.666666666666667,-1.3499899392652057,0.003669335473144065,0.3274912365870767,-0.11308407409404103,1.0224987026781285,0.10941473862089669
1,6.746987951807229,-1.3502272963286444,-0.009281539767917946,0.33373336611658927,-0.12208562430344282,1.0164939302120546,0.13136716407136043
1,6.827309236947791,-1.3503623850790305,-0.022209321286449257,0.3407198400882366,-0.13086975597534306,1.0096425449907935,0.15307907726179198
1,6.907630522088353,-1.3503941608894134,-0.03511128150149746,0.3484465554244199,-0.13940359124725799,1.001947605464993,0.17451487274875518
1,6.9879518072289155,-1.3503215159859112,-0.04798481456448529,0.3569081116220326,-0.14765315443010069,0.993413404363878,0.19563796899458574
1,7.068273092369478,-1.35014328173329,-0.06082744590321472,0.3660976231682282,-0.1555833518949565,0.9840456585650613,0.21641079779817105
1,7.14859437751004,-1.3498582313507697,-0.07363684140241039,0.3760065187788674,-0.16315797589885883,0.9738517125719017,0.23679481730126892
1,7.228915662650603,-1.349465083092978,-0.0864108161505289,0.38662432960387333,-0.1703397358273556,0.9628407534891041,0.2567505519778842
1,7.309236947791165,-1.3489625039644821,-0.09914734266883497,0.3979384691002508,-0.17709031949903847,0.9510240348642309,0.2762376621678732
1,7.389558232931726,-1.348349113993842,-0.11184455854078337,0.40993400804301244,-0.1833704879164638,0.938415105950829,0.29521504645724694
1,7.469879518072289,-1.347623491117028,-0.12450077334609114,0.42259344862257436,-0.1891402058398047,0.9250300424944532,0.3136409791858956
1,7.550200803212851,-1.3467841766882604,-0.1371144748082881,0.4358965025030362,-0.1943588107381948,0.9108876741852239,0.3314732855464827
1,7.6305220883534135,-1.3458296816467366,-0.14968433405305076,0.44981987813201885,-0.19898522153234255,0.8960098035147172,0.34866955558539314
1,7.710843373493976,-1.3447584933294865,-0.1622092098862576,0.46433708364527415,-0.20297818852085286,0.8804214096842119,0.3651873984071104
1,7.791164658634538,-1.3435690829343034,-0.17468815198913948,0.4794182518195004,-0.20629658418217978,0.8641508311148027,0.38098473617131917
1,7.871485943775101,-1.3422599135997917,-0.1871204029447903,0.4950299943935952,-0.20889973405459933,0.847229919206196,0.3960201369993895
1,7.951807228915663,-1.3408294490783947,-0.19950539900089276,0.5111352928234776,-0.21074778491579985,0.8296941562549168,0.4102531839166924
1,8.032128514056225,-1.3392761629332548,-0.21184276950355474,0.5276934332088086,-0.2118021068845612,0.8115827297244459,0.4236448763881156
1,8.112449799196787,-1.337598548206181,-0.22413233492580442,0.5446599921016493,-0.21202572362611855,0.7929385561045312,0.43615805855192263
1,8.19277108433735,-1.3357951274652187,-0.23637410344696666,0.5619868798651401,-0.2113837639406033,0.7738082476000782,0.4477578673875696
1,8.273092369477911,-1.333864463146341,-0.24856826603795634,0.579622446783856,-0.20984392594500612,0.7542420163624844,0.45841219198296207
1,8.353413654618475,-1.3318051680716554,-0.2607151900467223,0.597511656296044,-0.2073769441986553,0.7342935117756109,0.4680921342453771
1,8.433734939759036,-1.3296159160358618,-0.2728154112796273,0.6155963275180709,-0.2039570484322802,0.7140195885177906,0.4767724597119071
1,8.514056224899598,-1.3272954523341973,-0.2848696246010373,0.6338154472653742,-0.19956240191374625,0.6934800050688226,0.4844320265147831
1,8.594377510040161,-1.3248426041022068,-0.2968786731035641,0.652105549832285,-0.1941755071419562,0.6727370542699215,0.49105418024551983
1,8.674698795180722,-1.3222562903345283,-0.3088435359159837,0.6704011599182164,-0.18778356650925113,0.6518551304163116,0.49662710242523445
1,8.755020080321286,-1.31953553145443,-0.32076531474641323,0.688635292058615,-0.18037878626368506,0.6309002393958147,0.501144101010098
1,8.835341365461847,-1.3166794583051913,-0.33264521926743856,0.7067399969411936,-0.17195861318653125,0.6099394613639975,0.5046038324539694
1,8.91566265060241,-1.313687320444251,-0.3444845514724762,0.7246469433028097,-0.16252589514728344,0.5890403771414408,0.5070104466197592
1,8.995983935742972,-1.31055849363086,-0.3562846891892651,0.7422880229884586,-0.1520889594304688,0.5682704706424008,0.5083736486197334
1,9.076305220883533,-1.307292486402706,-0.3680470688707904,0.7595959635961126,-0.14066160420817503,0.5476965228065929,0.5087086730789648
1,9.156626506024097,-1.3038889456845835,-0.3797731679045604,0.7765049356718994,-0.12826300308792493,0.5273840100126836,0.5080361709924849
1,9.236947791164658,-1.30034766131504,-0.3914644865633815,0.7929511368589359,-0.11491752323714224,0.5073965244561036,0.5063820098005233
1,9.317269076305221,-1.2966685694906477,-0.40312252985359576,0.808873341479284,-0.10065446329184767,0.48779522801136327,0.503776993145443
1,9.397590361445783,-1.2928517550876641,-0.41474878944477234,0.8242134016463151,-0.08550771815834424,0.4686383534413486,0.500256507603116
1,9.477911646586346,-1.2888974528301511,-0.4263447258567912,0.8389166881589395,-0.06951537986416767,0.4499807646712113,0.4958601057209583
1,9.558232931726907,-1.2848060473507001,-0.4379117511086637,0.8529324636350785,-0.05271928729134328,0.4318735837156212,0.4906310384000064
1,9.638554216867469,-1.280578072127944,-0.4494512120349212,0.8662141808214088,-0.03516453587718109,0.4143638913065348,0.4846157479121017
1,9.718875502008032,-1.2762142074017286,-0.4609643743849724,0.8787197034806397,-0.016898963279533455,0.3974945039210884,0.4778633376645053
1,9.799196787148594,-1.271715277077827,-0.4724524079091544,0.8904114483239638,0.0020273778593675185,0.3813038287538629,0.47042503004978625
1,9.879518072289157,-1.2670822447241683,-0.48391637252774067,0.9012564502380179,0.02156274541521274,0.36582579448615,0.46235362711252737
1,9.959839357429718,-1.2623162087329105,-0.4953572057276771,0.9112263547289232,0.041654220651682235,0.35108985400398696,0.4537029850759942
1,10.040160642570282,-1.2574183967449615,-0.5067757112449923,0.9202973434788017,0.0622481968690915,0.33712105326615965,0.44452751437589993
1,10.120481927710843,-1.252390159432597,-0.5181725491310515,0.9284500004640796,0.08329083580520015,0.3239401589685172,0.4348817133258505
1,10.200803212851406,-1.2472329637396222,-0.5295482272268534,0.9356691270507702,0.10472848407048377,0.3115638366888518,0.42481974315636883
1,10.281124497991968,-1.2419483856850086,-0.5409030940940055,0.9419435151031386,0.12650804515205774,0.3000048705818698,0.414395048941947
1,10.36144578313253,-1.2365381028192313,-0.5522373333758145,0.9472656872877662,0.14857730278077386,0.28927241553146493,0.4036600305950397
1,10.441767068273093,-1.2310038864342983,-0.5635509595986536,0.9516316136429795,0.17088519486111686,0.2793722727913186,0.3926657647375359
1,10.522088353413654,-1.2253475936079403,-0.5748438153620257,0.955040412989246,0.19338203738521492,0.2703071806186942,0.38146177797680997
1,10.602409638554217,-1.2195711591698917,-0.5861155698818376,0.9574940470163614,0.21601970004283655,0.26207711215352997,0.37009586983900017
1,10.682730923694779,-1.2136765876461513,-0.5973657188042582,0.9589970141550955,0.23875173522040577,0.2546795734910556,0.35861398358385144
1,10.763052208835342,-1.2076659452552796,-0.6085935852335129,0.9595560492572821,0.26153346418884216,0.2481098959979973,0.3470601210446699
1,10.843373493975903,-1.201541351988074,-0.6197983218722928,0.9591798343490524,0.28432202355910696,0.24236151763902145,0.3354762983131849
1,10.923694779116467,-1.1953049738409443,-0.6309789142072831,0.9578787242866214,0.3070763771175382,0.2374262495543228,0.3239025370897441
1,11.004016064257028,-1.1889590151842109,-0.6421341846123794,0.9556644910008312,0.32975729583424934,0.23329452418337976,0.3123768887781292
1,11.08433734939759,-1.1825057113298998,-0.6532627973038584,0.9525500882732426,0.3523273118524917,0.22995562305665718,0.30093548545136595
1,11.164658634538153,-1.1759473212712312,-0.6643632640284016,0.9485494390695877,0.37475064959404264,0.22739788220164353,0.28961261443435826
1,11.244979919678714,-1.1692861206263936,-0.6754339504039311,0.9436772460002296,0.39699313880337733,0.2256088746261639,0.27844081160055295
1,11.325301204819278,-1.1625243947499244,-0.68647308280853,0.9379488257274012,0.41902211258227834,0.2245755690225233,0.26745097022625086
1,11.405622489959839,-1.155664432017949,-0.6974787557382366,0.9313799670778046,0.4408062943536227,0.2242844649401444,0.2566724613846131
1,11.485943775100402,-1.1487085172607892,-0.7084489395486249,0.9239868126085687,0.4623156766997298,0.22472170465222033,0.24613326284889445
1,11.566265060240964,-1.141658925324958,-0.7193814885065275,0.9157857629581075,0.48352139494429575,0.22587316236685043,0.23586009356223098
1,11.646586345381525,-1.134517914739262,-0.7302741490835966,0.9067934031833963,0.5043955979544621,0.22772451155586554,0.22587855112913363
1,11.726907630522089,-1.1272877214543005,-0.7411245684305636,0.8970264502762019,0.5249113183260296,0.2302612711780985,0.2162132501045332
1,11.80722891566265,-1.1199705526378525,-0.7519303029820512,0.8865017207395018,0.5450423440144512,0.23346883189835047,0.20688795896759915
1,11.887550200803213,-1.112568580496659,-0.7626888271465635,0.875236117315622,0.5647630930684703,0.23733246318103682,0.19792573407809233
1,11.967871485943775,-1.1050839361069806,-0.7733975420464974,0.8632466337813242,0.5840484930420594,0.2418373023256563,0.18934904900443703
1,12.048192771084338,-1.0975187032293328,-0.784053784277841,0.8505503769628839,0.6028738664711374,0.24696832626644877,0.18117991780670267
1,12.1285140562249,-1.0898749121003204,-0.7946548346699156,0.8371646049067819,0.6212148237515591,0.2527103071935383,0.17344001091835554
1,12.208835341365461,-1.0821545331896207,-0.8051979270295951,0.8231067803748231,0.6390471646276743,0.2590477528147974,0.1661507624019199
1,12.289156626506024,-1.0743594709213233,-0.8156802568617157,0.8083946387484676,0.6563467894885983,0.2659648321728556,0.15933346737311666
1,12.369477911646586,-1.0664915573620035,-0.8260989900613818,0.7930462695330581,0.673089621690726,0.27344528782894534,0.15300936837065504
1,12.449799196787149,-1.0585525458895504,-0.8364512715798343,0.7770802105503233,0.6892515421232633,0.28147233533922694,0.14719972945657017
1,12.53012048192771,-1.0505441048627764,-0.846734234068981,0.7605155539356305,0.7048083372644977,0.2900285509271458,0.1419258968044825
1,12.610441767068274,-1.0424678113169672,-0.8569450065100648,0.743372062986797,0.7197356620955315,0.29909574833017033,0.13720934441453247
1,12.690763052208835,-1.034325144724554,-0.8670807228368432,0.7256702987803337,0.7340090192331823,0.30865484594422044,0.13307170360366002
1,12.771084337349398,-1.0261174808627143,-0.8771385305607224,0.7074317553540505,0.7476037557897267,0.3186857255086637,0.1295347747709948
1,12.85140562248996,-1.0178460858437348,-0.8871155994086384,0.6886790020469932,0.7604950794183383,0.32916708379674153,0.12662051999029914
1,12.931726907630521,-1.0095121103646432,-0.8970091299774949,0.6694358313599322,0.7726580951883857,0.34007627900471077,0.12435103478910829
1,13.012048192771084,-1.0011165842468572,-0.9068163624111629,0.6497274104101609,0.7840678648007137,0.3513891738366964,0.12274849761044829
1,13.092369477911646,-0.9926604113396976,-0.9165345850992367,0.6295804337494428,0.7946994896901225,0.3630799775902548,0.1218350954091133
1,13.17269076305221,-0.9841443648675833,-0.926161143392568,0.6090232749058037,0.8045282194353196,0.3751210899617797,0.12163292395724745
1,13.25301204819277,-0.975569083305853,-0.9356934483238067,0.588086133647515,0.8135295867520991,0.3874829496583379,0.12216386157170674
1,13.333333333333334,-0.9669350668724195,-0.9451289853147155,0.566801175494931,0.821679570071918,0.4001338913774884,0.12344941524279646
1,13.413654618473895,-0.9582426747297196,-0.9544653228469561,0.5452026597157166,0.828954784260134,0.4130400150140031,0.1255105385868211
1,13.493975903614459,-0.9494921229799099,-0.963700121058181,0.5233270513622391,0.8353326997445861,0.42616507161767103,0.12836742131359397
1,13.57429718875502,-0.9406834835485621,-0.9728311402246221,0.5012131128543151,0.840791889492071,0.43947037069424705,0.13203925073255027
1,13.654618473895582,-0.931816684035759,-0.9818562490756437,0.47890197002243867,0.8453123027373721,0.45291471401332045,0.13654394633827055
1,13.734939759036145,-0.9228915086198868,-0.9907734328835243,0.45643714761854415,0.848875563318211,0.4664543610013427,0.14189786956531225
1,13.815261044176706,-0.9139076000763421,-0.9995808012557366,0.4338645688696957,0.851465289717233,0.48004303120664643,0.1481155115385024
1,13.89558232931727,-0.9048644629762471,-1.0082765955567665,0.4112325141045161,0.853067432643313,0.49363194887173106,0.15520916291345255
1,13.975903614457831,-0.8957614681138825,-1.0168591958752857,0.38859153375584726,0.8536706249483975,0.5071699343580353,0.16318857092688704
1,14.056224899598394,-0.8865978581896575,-1.025327127448729,0.3659943113471096,0.8532665375140088,0.5206035468425482,0.17206058993471895
1,14.136546184738956,-0.8773727547713237,-1.0336790664528708,0.34349547336518516,0.8518502335931664,0.5338772814061388,0.18182883285970322
1,14.216867469879517,-0.8680851665199933,-1.0419138450642675,0.3211513434624795,0.8494205130932505,0.5469338230575138,0.192493331971016
1,14.29718875502008,-0.858733998680484,-1.050030455699599,0.29901964088205796,0.8459802373949464,0.5597143577984259,0.20405021830465142
1,14.377510040160642,-0.8493180637646002,-1.0580280543457616,0.2771591230558323,0.8415366247308241,0.5721589407087676,0.21649142961493653
1,14.457831325301205,-0.8398360933930433,-1.065905962890075,0.2556291760954548,0.836101505885865,0.5842069172975884,0.22980445700420915
1,14.538152610441767,-0.8302867511805423,-1.073663670383889,0.23448935695361664,0.829691529981514,0.5957973942269257,0.243972140402374
1,14.61847389558233,-0.8206686466037654,-1.0813008331544942,0.21379889560444404,0.8223283109618137,0.6068697509993214,0.25897252219267936
1,14.698795180722891,-0.8109803496754314,-1.0888172737371944,0.19361616430238787,0.8140385059555513,0.6173641853730438,0.27477876778164184
1,14.779116465863453,-0.8012204063314178,-1.09621297856396,0.17399812641310602,0.8048538188474202,0.627222279918312,0.2913591597165386
1,14.859437751004016,-0.7913873543386608,-1.1034880944137015,0.15499977569914028,0.7948109236712262,0.6363875786395208,0.30867717074247425
1,14.939759036144578,-0.7814797395847894,-1.1106429235955724,0.13667358081824033,0.7839513055880307,0.6448061587665493,0.32669161800754054
1,15.02008032128514,-0.7714961325596068,-1.117677917896897,0.11906894833333068,0.7723210191424438,0.6524271842262762,0.3453568987544521
1,15.100401606425702,-0.7614351448329557,-1.124593671346243,0.10223171804983466,0.7599703666866233,0.6592034267831209,0.36462330465961856
1,15.180722891566266,-0.7512954453714003,-1.1313909118182288,0.08620370529500591,0.7469535027767068,0.6650917400763944,0.3844374090415209
1,15.261044176706827,-0.7410757764875262,-1.138070491606589,0.07102230074795933,0.7333279725583923,0.670053475739567,0.40474251904819536
1,15.34136546184739,-0.7307749692610439,-1.1446333769860668,0.05672014095061447,0.7191541953104412,0.6740548283104295,0.4254791816756245
1,15.421686746987952,-0.7203919582458967,-1.1510806369756121,0.04332485403637902,0.7044949050156736,0.6770671042095179,0.4465857319599378
1,15.502008032128513,-0.7099257953310971,-1.1574134313513718,0.03085888925057345,0.6894145627336206,0.6790669060805238,0.4679988686177505
1,15.582329317269076,-0.6993756625658796,-1.163632998086405,0.019339432070705424,0.6739787545071191,0.6800362304951741,0.4896542435792851
1,15.662650602409638,-0.6887408839344289,-1.1697406403590436,0.008778402526023424,0.6582535910684132,0.6799624814084055,0.5114870492906294
1,15.742971887550201,-0.678020935869506,-1.1757377132863571,-0.0008174635807732256,0.6423051219507329,0.6788383994502792,0.5334325913356232
1,15.823293172690763,-0.667215456336418,-1.1816256105377443,-0.009446453490937472,0.6261987764439239,0.6766619098273555,0.5554268340938193
1,15.903614457831326,-0.6563242527953606,-1.1874057509868572,-0.01711165570834254,0.6099988469156598,0.6734359085037033,0.5774069040711963
1,15.983935742971887,-0.6453473085629962,-1.1930795655530666,-0.023820672527476085,0.5937680187331362,0.6691679810904725,0.5993115468199294
1,16.06425702811245,-0.6342847878286586,-1.1986484843687137,-0.02958528695500725,0.5775669574780131,0.663870074783666,0.6210815268906997
1,16.14457831325301,-0.6231370392440594,-1.2041139244172476,-0.03442109218351933,0.561453957000489,0.6575581314275788,0.6426599674167578
1,16.224899598393574,-0.6119045981125981,-1.2094772777647875,-0.03834709533105593,0.545484651166936,0.6502516934436542,0.6639926265978506
1,16.305220883534137,-0.6005881872429366,-1.2147399004643795,-0.041385307103187996,0.5297117903759156,0.6419734943461247,0.6850281100884631
1,16.3855421686747,-0.5891887164936899,-1.2199031022554445,-0.043560327094459415,0.5141850806076209,0.6327490435881493,0.7057180216478228
1,16.46586345381526,-0.5777072810964975,-1.2249681371096912,-0.0448989345756556,0.4989510824978595,0.6226062156721531,0.7260170546118309
1,16.546184738955823,-0.5661451588290621,-1.2299361946871281,-0.045429692771776595,0.48405316592018344,0.6115748516008388,0.7458830287669439
1,16.626506024096386,-0.5545038061284902,-1.2348083927284097,-0.04518257362701625,0.46953151492284767,0.5996863797555064,0.7652768778055613
1,16.70682730923695,-0.542784853232292,-1.239585770409301,-0.04418860841607285,0.45542317691952683,0.586973461648365,0.7841625934897734
1,16.78714859437751,-0.5309900984440157,-1.2442692826611101,-0.04247956820586313,0.4417621497893409,0.5734696666498788,0.8025071328717686
1,16.867469879518072,-0.5191215016169465,-1.248859795435057,-0.04008767720320841,0.4285795006812905,0.5592091788201549,0.8202802947537658
1,16.947791164658636,-0.5071811769493275,-1.2533580818888768,-0.03704536047568032,0.4159035100824082,0.5442265374250078,0.8374545718064678
1,17.028112449799195,-0.4951713851797962,-1.2577648194519242,-0.033385026787415346,0.40375983525124215,0.5285564119672116,0.8540049842006813
1,17.10843373493976,-0.4830945252704578,-1.262080587724423,-0.029138886154598045,0.3921716873853451,0.512233411425056,0.8699089003390773
1,17.188755020080322,-0.4709531256533635,-1.2663058671409486,-0.024338801462729934,0.3811600176180957,0.4952919271160935,0.8851458495228524
1,17.269076305220885,-0.45874983511538114,-1.270441038341329,-0.019016172454826407,0.37074370721683786,0.47776600757020754,0.8996973311244902
1,17.349397590361445,-0.44648741338506487,-1.2744863821733494,-0.013201850347681086,0.36093975813140045,0.45968926373274593,0.9135466240419482
1,17.429718875502008,-0.4341687214794024,-1.278442080255173,-0.006926080907796261,0.35176348052128764,0.44109480238719867,0.9266785997338847
1,17.51004016064257,-0.4217967118593227,-1.2823082160216392,-0.00021847373022139752,0.34322867442984567,0.4220151855895441,0.9390795415917927
1,17.59036144578313,-0.4093744184351913,-1.286084776179449,0.006892004615095652,0.3353478032440493,0.4024824138200956,0.950736972935399
1,17.670682730923694,-0.3969049464597759,-1.289771652503991,0.014377016030476964,0.32813215703736487,0.38252793042929895,0.9616394954666255
1,17.751004016064257,-0.3843914623317396,-1.2933686439015253,0.02220881703153555,0.32159200426401696,0.36218264530020394,0.9717766396375078
1,17.83132530120482,-0.37183718333596144,-1.296875458680958,0.030360207958202944,0.31573673057931084,0.3414769753777582,0.9811387281016467
1,17.91164658634538,-0.35924536733209866,-1.3002917169692532,0.03880446715823158,0.3105749637930048,0.3204409001738669,0.9897167531762477
1,17.991967871485944,-0.34661930240910965,-1.3036169532289819,0.04751527227518668,0.3061146842666878,0.2991040301339227,0.9975022689622934
1,18.072289156626507,-0.33396229650780507,-1.306850618824503,0.056466610270535775,0.3023633201047384,0.2774956862372689,1.0044872987197642
1,18.152610441767067,-0.32127766702037847,-1.3099920846064856,0.06563267797430049,0.2993278266638019,0.25564498904607763,1.0106642579426832
1,18.23293172690763,-0.30856873036981797,-1.313040643485038,0.0749877747372546,0.2970147499656397,0.23358095563256318,1.0160258935193978
1,18.313253012048193,-0.2958387915734751,-1.3159955129747887,0.08450618870452993,0.2954302736790183,0.21133260286894492,1.0205652392957698
1,18.393574297188756,-0.28309113379224554,-1.3188558376968649,0.0941620781348021,0.2945802492669729,0.18892905565744308,1.0242755884298915
1,18.473895582329316,-0.2703290078728467,-1.321620691840349,0.10392934924568434,0.2944702090096933,0.166399658627162,1.0271504828306552
1,18.55421686746988,-0.2575556218887257,-1.3242890815851474,0.11378153201470836,0.29510536149599687,0.1437740898740171,1.0291837200891498
1,18.634538152610443,-0.24477413069246104,-1.3268599475056388,0.12369165544293029,0.29649056931220397,0.12108247524953057,1.0303693781934344
1,18.714859437751002,-0.23198762549219304,-1.329332166970054,0.13363212386658874,0.29863030847148236,0.09835550162560433,1.0307018584985712
1,18.795180722891565,-0.21919912347445702,-1.331704556570169,0.14357459601253506,0.3015286093410632,0.07562452746192201,1.0301759472291054
1,18.87550200803213,-0.20641155749734139,-1.3339758746094839,0.1534898686824126,0.3051889786721675,0.052921688814928605,1.0287868959373159
1,18.955823293172692,-0.19362776588862815,-1.3361448236983462,0.16334776701910514,0.3096143026433101,0.030279998869522977,1.0265305210550357
1,19.03614457831325,-0.18085048238486504,-1.3382100534873316,0.1731170437225431,0.31480673063985126,0.0077334386623220605,1.0234033228474801
1,19.116465863453815,-0.16808232626147165,-1.340170163598523,0.1827652895244072,0.3207675399902786,-0.014682963262935583,1.019402623608244
1,19.196787148594378,-0.15532579270435426,-1.3420237067886804,0.19225885782647145,0.3274969817856972,-0.036933065122117456,1.014526725002983
1,19.277108433734938,-0.1425832434901532,-1.3437691924131403,0.20156280605946597,0.3349941085337035,-0.05897956256931308,1.0087750838794365
1,19.3574297188755,-0.1298568980374218,-1.3454050902132664,0.21064085735476384,0.34325658443284757,-0.08078395931734234,1.0021485057804187
1,19.437751004016064,-0.11714882491243277,-1.3469298344948355,0.21945538537678957,0.3522804797664037,-0.10230656046435699,0.9946493547284315
1,19.518072289156628,-0.10446093386655683,-1.3483418287211784,0.22796742609775372,0.3620600512954277,-0.12350649223119715,0.9862817774257503
1,19.598393574297187,-0.09179496850015202,-1.3496394505702516,0.23613671959567323,0.3725875111662769,-0.14434175109552147,0.9770519394039743
1,19.67871485943775,-0.07915249964186884,-1.3508210574756994,0.24392178546592228,0.38385278759038105,-0.1647692858240536,0.966968269885318
1,19.759036144578314,-0.06653491954184712,-1.351884992668716,0.2512800350309604,0.39584328116628986,-0.1847451154891135,0.9560417115024258
1,19.839357429718877,-0.0539434369776788,-1.352829591736796,0.25816792301145397,0.4085436215918039,-0.20422448603377555,0.944285970144992
1,19.919678714859437,-0.04137907337270427,-1.3536531896935196,0.2645411409594749,0.4219354301665756,-0.22316206758677104,0.9317177595269438
1,20.0,-0.02884266002153521,-1.3543541285462997,0.2703548539975307,0.43599709435828327,-0.24151219397599588,0.9183570341880162
2,0.0,0.7750918588057173,0.6909751238584764,-0.33099867403640687,-1.175030749097283,-0.4440931847693106,0.48405562523880646
2,0.08032128514056225,0.7681845945670664,0.7041102118257792,-0.31823383453135595,-1.1774359825924299,-0.44995076003571066,0.47332577076665067
2,0.1606425702811245,0.7610636138184871,0.7171195121661298,-0.30541838362952883,-1.17968660949082,-0.45564523018895847,0.4625670973246903
2,0.24096385542168675,0.753732448317614,0.7299993686122795,-0.29255384406179064,-1.1817815775900709,-0.4611786042558236,0.45178220897779126
2,0.321285140562249,0.746194694471691,0.7427462535793753,-0.2796417682708379,-1.183719829443425,-0.4665529262008532,0.44097357586404956
2,0.40160642570281124,0.738454007634557,0.7553567682357293,-0.2666837391462411,-1.1855003028214501,-0.47177026848831616,0.4301435345857207
2,0.4819277108433735,0.7305140965161548,0.7678276423286506,-0.25368137075652336,-1.1871219312081807,-0.4768327257596317,0.4192942888795301
2,0.5622489959839357,0.7223787177439552,0.7801557337498247,-0.2406363090848397,-1.1885836443263196,-0.4817424086591156,0.40842791057649475
2,0.642570281124498,0.7140516705416708,0.7923380278934857,-0.22755023275801375,-1.1898843686998746,-0.48650143778365723,0.3975463408063885
2,0.7228915662650602,0.7055367915582845,0.8043716368007323,-0.2144248537740632,-1.191023028251083,-0.49111193778422135,0.3866513914503503
2,0.8032128514056225,0.6968379498613503,0.8162537980951742,-0.20126191822981235,-1.1919985449306045,-0.4955760316315379,0.3757447468354299
2,0.8835341365461847,0.6879590420945583,0.827981873727588,-0.18806320704710466,-1.1928098393824689,-0.4998958350474536,0.3648279656548801
2,0.963855421686747,0.6789039877995491,0.8395533485472603,-0.17483053669612952,-1.193455831645263,-0.5040734511034196,0.3539024830980021
2,1.0441767068273093,0.6696767249019672,0.8509658287176961,-0.161565759914377,-1.193935441891049,-0.5081109649875903,0.3429696131733523
2,1.1244979919678715,0.6602812053617411,0.8622170399943723,-0.1482707664197345,-1.1942475912034918,-0.5120104389420068,0.33203055120911873
2,1.2048192771084336,0.650721390987578,0.8733048258822136,-0.134947483616239,-1.1943912023966887,-0.5157739073713393,0.32108637651447464
2,1.285140562248996,0.6410012494198905,0.884227145684745,-0.12159787729210562,-1.1943652008751702,-0.5194033721277852,0.31013805519042453
2,1.3654618473895583,0.6311247503773503,0.894982072322779,-0.1082239523353686,-1.1941685155131736,-0.522900798041982,0.2991864431903942
2,1.4457831325301205,0.6210958619927468,0.9055677901665645,-0.09482775342212808,-1.193800079595175,-0.5262681085706189,0.2882322894286101
2,1.5261044176706826,0.6109185473296673,0.9159825927842964,-0.08141136569622269,-1.1932588317962018,-0.5295071816334448,0.27727623901190523
2,1.606425702811245,0.6005967610892329,0.926224880575491,-0.06797691544693796,-1.1925437171999824,-0.5326198456422949,0.2663188366244913
2,1.6867469879518073,0.5901344464816131,0.9362931583525831,-0.054526570775102395,-1.1916536883624473,-0.5356078757065105,0.25536053000986425
2,1.7670682730923695,0.5795355322725325,0.9461860328624173,-0.04106254224960401,-1.190587706418254,-0.5384729900229281,0.24440167355583675
2,1.8473895582329316,0.568803929998602,0.9559022102581687,-0.027587083552531852,-1.1893447422317975,-0.5412168464460697,0.23344253197362902
2,1.927710843373494,0.5579435313453112,0.9654404935322263,-0.014102492111147266,-1.187923777594173,-0.5438410392341636,0.22248328406194678
2,2.0080321285140563,0.5469582056815148,0.9747997799205751,-0.0006111097148885358,-1.1863238064675528,-0.546347095966626,0.21152402654697777
2,2.0883534136546187,0.5358517977442475,0.983979058289209,0.012884676884386576,-1.1845438362784444,-0.5487364746286341,0.20056477798923525
2,2.1686746987951806,0.5246281254677034,0.9929774065131107,0.026382435390715636,-1.1825828892612915,-0.5510105608584193,0.18960548274818048
2,2.248995983935743,0.513290977950212,1.0017939888583327,0.03987968740270023,-1.1804400038538856,-0.5531706653529125,0.17864601499555238
2,2.3293172690763053,0.5018441135876701,1.0104280533402314,0.053373907870868174,-1.178114236137167,-0.5552180214585386,0.16768618279693503
2,2.4096385542168672,0.49029125841024257,1.0188789290112925,0.06686252457112976,-1.175604661311307,-0.5571537829813725,0.15672573230001385
2,2.4899598393574296,0.4786361044120384,1.02714602341268,0.08034291761876924,-1.1729103752585566,-0.5589790220308078,0.14576435184587627
2,2.570281124497992,0.4668823080985192,1.0352288199424284,0.09381241900119919,-1.1700304961351158,-0.5606947270997186,0.13480167619268693
2,2.6506024096385543,0.45503348913394526,1.0431268752645282,0.10726831214251527,-1.1669641660239802,-0.5623018012764606,0.12383729075945185
2,2.7309236947791167,0.44309322910988347,1.0508398167420647,0.12070783150073289,-1.1637105526415004,-0.5638010606106164,0.11287073589943554
2,2.8112449799196786,0.43106507043039993,1.0583673398962892,0.13412816220056123,-1.160268851098076,-0.5651932326309611,0.10190151120178671
2,2.891566265060241,0.41895251530772826,1.0657092058953284,0.14752643970474377,-1.1566382857139044,-0.5664789550124719,0.09092907981857588
2,2.9718875502008033,0.4067590248622086,1.0728652390762508,0.16089974952699293,-1.1528181118907004,-0.5676587743892015,0.07995287281444936
2,3.0522088353413652,0.39448801832028857,1.0798353245042025,0.1742451269895485,-1.1488076180403044,-0.5687331453098371,0.06897229353610176
2,3.1325301204819276,0.38214287230437827,1.0866194055723262,0.18755955702838847,-1.1446061275710977,-0.5697024293327668,0.05798672199877128
2,3.21285140562249,0.3697269202083546,1.0932174816461784,0.20083997404911977,-1.1402130009331402,-0.5705668942574745,0.04699551928696166
2,3.2931726907630523,0.3572434516525047,1.099629605756358,0.21408326183657925,-1.1356276377229513,-0.5713267134890841,0.03599803196659307
2,3.3734939759036147,0.3446957120127517,1.1058558823422027,0.22728625352142115,-1.1308494788483305,-0.571981965534173,0.024993596506127577
2,3.4538152610441766,0.3320869020957756,1.111896464986444,0.24044573162320493,-1.12587800871826,-0.5725326337189807,0.013981543731815798
2,3.534136546184739,0.3194201778350602,1.1177515542391632,0.25355842814872254,-1.120712757517312,-0.5729786059837829,0.0029612032781484166
2,3.6144578313253013,0.3066986500209292,1.1234213955163064,0.26662102476107896,-1.1153533035435637,-0.5733196747820083,-0.008068091972743024
2,3.694779116465863,0.29392538414545044,1.128906277006752,0.27963015302803435,-1.1097992755823505,-0.573555537173485,-0.019107001424401603
2,3.7751004016064256,0.28110340029250297,1.1342065276421942,0.2925823947474941,-1.1040503553421541,-0.5736857950399972,-0.030156172300040494
2,3.855421686746988,0.2682356730863692,1.1393225151161581,0.3054742823602225,-1.0981062799412875,-0.5737099554465919,-0.04121623517487112
2,3.9357429718875503,0.2553251316952223,1.1442546439524757,0.3183022994540874,-1.0919668444438517,-0.5736274311493098,-0.052287799508624486
2,4.016064257028113,0.24237465988588325,1.1490033536235602,0.3310628813641397,-1.0856319044434366,-0.5734375412500231,-0.06337144918012406
2,4.096385542168675,0.22938709612622046,1.1535691167188127,0.3437524158728345,-1.0791013786930435,-0.5731395119990551,-0.07446773802576974
2,4.176706827309237,0.2163652337315633,1.1579524371634926,0.35636724401469816,-1.0723752517797007,-0.5727324777462617,-0.08557718538379237
2,4.257028112449799,0.20331182105150425,1.1621538484883884,0.3689036609897478,-1.065453576842251,-0.5722154820412523,-0.09670027164613795
2,4.337349397590361,0.19022956169346014,1.1661739121506232,0.3813579171899688,-1.0583364783307823,-0.5715874788834293,-0.10783743381984129
2,4.417670682730924,0.1771211147793681,1.1700132159059242,0.3937262193431544,-1.0510241548061776,-0.5708473341225228,-0.11898906109974705
2,4.497991967871486,0.16398909523278787,1.1736723722319469,0.40600473177976426,-1.0435168817763745,-0.5699938270125525,-0.13015549045557287
2,4.578313253012048,0.15083607413508618,1.177152016770565,0.41818957788184247,-1.0358150144873601,-0.569025652016929,-0.14133700228320503
2,4.658634538152611,0.13766457907775118,1.1804528068472577,0.43027684161958546,-1.0279189908057582,-0.5679414206973369,-0.15253381604150018
2,4.738955823293173,0.1244770945288588,1.1835754200411612,0.44226256923144214,-1.019829334121784,-0.5667396637603012,-0.16374608591937773
2,4.8192771084337345,0.11127606225070771,1.1865205527863236,0.45414277106592543,-1.0115466562310016,-0.5654188333166335,-0.17497389655532267
2,4.899598393574297,0.09806388173303777,1.1892889190246638,0.46591342356951676,-1.0030716602334881,-0.5639773053025547,-0.18621725879117632
2,4.979919678714859,0.08484291064737395,1.1918812489031798,0.47757047143821696,-0.9944051434252981,-0.5624133820855911,-0.19747610547788264
2,5.0602409638554215,0.07161546532125868,1.1942982875150534,0.48910982993494057,-0.9855480001759297,-0.5607252952561994,-0.20875028733912465
2,5.140562248995984,0.05838382123114093,1.1965407936842898,0.5005273873749425,-0.9765012247855106,-0.5589112086060837,-0.22003956889878007
2,5.220883534136546,0.04515021351268707,1.1986095387935318,0.5118190077814724,-0.9672659143154048,-0.5569692212941596,-0.2313436244781279
2,5.301204819277109,0.03191683748727961,1.200505305654693,0.5229805337138482,-0.9578432713859556,-0.5548973712011281,-0.24266203426873822
2,5.381526104417671,0.018685849203470023,1.2022288874220453,0.5340077892701431,-0.9482346069350709,-0.5526936384736134,-0.2539942804869752
2,5.461847389558233,0.005459365992151521,1.2037810865474061,0.5448965832666768,-0.9384413429313613,-0.5503559492588286,-0.2653397436160454
2,5.542168674698795,-0.007760532965852419,1.20516271377667,0.5556427125981742,-0.9284650150327339,-0.5478821796323221,-0.2766976987439367
2,5.622489959839357,-0.0209718060617819,1.2063745871706244,0.5662419658493222,-0.9183072750606038,-0.5452701597875406,-0.2880673121100213
2,5.7028112449799195,-0.03417244866755887,1.2074175311792406,0.5766901270346421,-0.9079698934810687,-0.5425176783670834,-0.29944763769817256
2,5.783132530120482,-0.047360492539127434,1.2082923757544588,0.5869829795267324,-0.8974547617961517,-0.5396224869876051,-0.31083761395830783
2,5.863453815261044,-0.0605340052047234,1.2089999554948714,0.5971163101881567,-0.886763894784672,-0.5365823049834333,-0.32223606071020006
2,5.943775100401607,-0.07369108934548534,1.2095411088296093,0.60708591368637,-0.8758994326326712,-0.5333948243408845,-0.33364167619693885
2,6.024096385542169,-0.0868298821701157,1.2099166772370245,0.616887597004979,-0.8648636429135365,-0.5300577148348631,-0.3450530343234888
2,6.1044176706827304,-0.0999485547831202,1.210127504498122,0.6265171841440066,-0.853658922408792,-0.5265686293608861,-0.3564685820893307
2,6.184738955823293,-0.11304531154615452,1.2101744359847026,0.6359705210018296,-0.8422877987605288,-0.5229252094556749,-0.3678866372241746
2,6.265060240963855,-0.12611838943200404,1.210058317982174,0.6452434804314577,-0.8307529319464436,-0.5191250909994536,-0.37930538603573116
2,6.3453815261044175,-0.1391660573707284,1.2097799970469862,0.6543319674638245,-0.8190571155684572,-0.5151659100930961,-0.39072288147852996
2,6.42570281124498,-0.15218661558749616,1.209340319398653,0.6632319246907592,-0.8072032779458819,-0.5110453091032632,-0.40213704145277185
2,6.506024096385542,-0.16517839493163936,1.2087401303463121,0.6719393378003087,-0.7951944830041103,-0.5067609428686696,-0.41354564734220256
2,6.586345381526105,-0.17813975621219919,1.2079802737396015,0.6804502412998558,-0.7830339308483578,-0.5023104850876569,-0.4249463428912442
2,6.666666666666667,-0.19106908954010154,1.2070615914440233,0.6887607244072658,-0.7707249580118012,-0.4976916348671645,-0.43633663343222284
2,6.746987951807229,-0.20396481363194766,1.2059849228700588,0.6968669369739557,-0.7582710376617253,-0.49290212334200834,-0.4477138852083341
2,6.827309236947791,-0.21682537513099448,1.2047511045168169,0.7047650955914171,-0.7456757793702078,-0.48793972046042267,-0.45907532514660976
2,6.907630522088353,-0.2296492479164798,1.2033609695507552,0.7124514897817567,-0.7329429286368897,-0.48280224186527687,-0.4704180409138663
2,6.9879518072289155,-0.24243493241255923,1.2018153474123332,0.7199224882867231,-0.7200763660853958,-0.47748755587416397,-0.48173898132693793
2,7.068273092369478,-0.2551809548952942,1.2001150634508966,0.7271745454336986,-0.7070801063307994,-0.47199359053840456,-0.49303495712009776
2,7.14859437751004,-0.26788586679600657,1.1982609385881713,0.734204207556805,-0.6939582965162799,-0.46631834076079853,-0.504302642071892
2,7.228915662650603,-0.280548243999319,1.1962537890107365,0.741008119451273,-0.6807152145171206,-0.4604598754519542,-0.5155385744936164
2,7.309236947791165,-0.29316668613419816,1.194094425891854,0.7475830308392245,-0.6673552668101927,-0.45441634470502656,-0.5267391590816618
2,7.389558232931726,-0.3057398158563195,1.1917836551430285,0.7539258028250153,-0.6538829860070738,-0.44818598696869616,-0.5379006691359551
2,7.469879518072289,-0.31826627812592156,1.1893222771930625,0.7600334143271565,-0.6403030280213251,-0.44176713620123537,-0.5490192491717378
2,7.550200803212851,-0.33074473952470546,1.1867110867747117,0.7659029685291049,-0.6266201686664772,-0.43515822900439977,-0.5600909181082351
2,7.6305220883534135,-0.3431738875185316,1.183950872761084,0.7715316991724728,-0.6128393001299453,-0.42835781165394154,-0.5711115726311394
2,7.710843373493976,-0.3555524297363322,1.1810424180189998,0.7769169767874524,-0.5989654269688776,-0.42136454705112053,-0.5820769910501231
2,7.791164658634538,-0.36787909324313683,1.1779864992885711,0.7820563147996227,-0.5850036617428639,-0.4141772215564862,-0.5929828375457084
2,7.871485943775101,-0.3801526238126849,1.1747838870872567,0.7869473754908062,-0.5709592202554145,-0.4067947516781214,-0.6038246668318434
2,7.951807228915663,-0.3923717852011664,1.1714353456372375,0.7915879757904842,-0.5568374164033489,-0.3992161905893179,-0.6145979292338898
2,8.032128514056225,-0.40453535841971283,1.1679416328166465,0.7959760928684358,-0.5426436566524815,-0.39144073444872296,-0.6252979761641662
2,8.112449799196787,-0.4166421410032608,1.1643035001351894,0.8001098694992603,-0.5283834341579899,-0.38346772849599947,-0.6359200659772004
2,8.19277108433735,-0.42869094627341303,1.1605216927346882,0.8039876191694513,-0.5140623225478533,-0.37529667289603835,-0.6464593701868355
2,8.273092369477911,-0.4406806025929162,1.1565969494150845,0.8076078308976822,-0.49968596938774934,-0.36692722830476626,-0.6569109800273356
2,8.353413654618475,-0.45260995261445597,1.1525300026846759,0.8109691737441902,-0.48526008932448034,-0.35835922112973456,-0.6672699133601959
2,8.433734939759036,-0.4644778525798301,1.1483215788135681,0.8140705010469509,-0.4707904566953051,-0.34959264846712107,-0.6775311221182636
2,8.514056224899598,-0.47628317156351274,1.1439723979284402,0.8169108542399696,-0.4562828980817449,-0.3406276826764571,-0.6876894998466959
2,8.594377510040161,-0.48802479073252664,1.1394831741244986,0.8194894663081631,-0.44174328450182654,-0.33146467557563664,-0.6977398896226726
2,8.674698795180722,-0.4997016026035014,1.1348546155969848,0.8218057648503485,-0.42717752335749426,-0.32210416224684724,-0.7076770922394912
2,8.755020080321286,-0.511312510300955,1.1300874247933559,0.8238593747119886,-0.4125915501371995,-0.3125468644110334,-0.7174958746561572
2,8.835341365461847,-0.5228564268210386,1.125182298584361,0.8256501201762635,-0.39799131988522635,-0.30279369335522477,-0.7271909786991353
2,8.91566265060241,-0.5343322742983276,1.1201399284542706,0.8271780266970892,-0.38338279847873585,-0.2928457523987614,-0.7367571299755356
2,8.995983935742972,-0.545738983273231,1.1149610007105315,0.8284433221576973,-0.368771953753532,-0.28270433888446633,-0.7461890469570002
2,9.076305220883533,-0.5570754919576015,1.1096461967131017,0.8294464376383984,-0.354164746519534,-0.2723709456807969,-0.7554814501935683
2,9.156626506024097,-0.5683407454961189,1.104196193123738,0.8301880076771414,-0.3395671215069549,-0.26184726218102267,-0.7646290716167836
2,9.236947791164658,-0.5795336952210246,1.0986116621754949,0.8306688700064928,-0.324984998284178,-0.2511351747854685,-0.7736266638913172
2,9.317269076305221,-0.5906532979168257,1.0928932719587159,0.8308900647700784,-0.3104242621102538,-0.24023676685325293,-0.7824690098484623
2,9.397590361445783,-0.6016985151593309,1.0870416867042856,0.8308528332904571,-0.2958907544995745,-0.22915431813112647,-0.7911509322047113
2,9.477911646586346,-0.6126683125486548,1.081057567111792,0.8305586161999133,-0.28139026429660075,-0.21789030365125878,-0.7996673028151915
2,9.558232931726907,-0.6235616590070578,1.0749415706836476,0.8300090511107404,-0.2669285185646498,-0.20644739210368274,-0.8080130521189984
2,9.638554216867469,-0.6343775260659944,1.068694352071793,0.8292059697536288,-0.2525111736429408,-0.1948284436876345,-0.8161831784288529
2,9.718875502008032,-0.6451148871608363,1.0623165634411735,0.8281513945923117,-0.23814380634041382,-0.18303650743147548,-0.8241727571007605
2,9.799196787148594,-0.6557727169357355,1.0558088548488496,0.8268475349316532,-0.22383190529079805,-0.1710748179959179,-0.8319769495580526
2,9.879518072289157,-0.6663499905573935,1.0491718746380487,0.8252967825333897,-0.20958086250844166,-0.15894679197599632,-0.8395910121296078
2,9.959839357429718,-0.676845683036501,1.0424062698464758,0.8235017067537405,-0.1953959651844256,-0.1466560237172398,-0.8470103046620511
2,10.040160642570282,-0.6872587685556174,1.0355126866281956,0.821465049217098,-0.18128238776246608,-0.13420628066148094,-0.8542302988657302
2,10.120481927710843,-0.6975882198022529,1.0284917706884003,0.8191897180400116,-0.16724518433413096,-0.12160149823775895,-0.8612465863542695
2,10.200803212851406,-0.7078330073059256,1.0213441677303745,0.8166787816196777,-0.1532892813928741,-0.10884577431375245,-0.8680548863375005
2,10.281124497991968,-0.717992098777951,1.0140705239139771,0.813935462001149,-0.13941947098641286,-0.09594336322319827,-0.8746510529275643
2,10.36144578313253,-0.7280644584647284,1.0066714863269897,0.8109631278624874,-0.12564040424228928,-0.08289866939775928,-0.8810310820847005
2,10.441767068273093,-0.7380490465930972,0.9991477034800751,0.8077652873101254,-0.11195658487115122,-0.06971624071702849,-0.8871911186089239
2,10.522088353413654,-0.7479448187070885,0.9914998257957176,0.8043455801357015,-0.09837236373928221,-0.05640076142861325,-0.8931274620564356
2,10.602409638554217,-0.7577507250682183,0.9837285061174421,0.8007077698724627,-0.08489193361086082,-0.042957044804244705,-0.8988365725065814
2,10.682730923694779,-0.7674657100740025,0.975834400227238,0.7968557355899345,-0.07151932432977574,-0.02939002551593218,-0.9043150758974625
2,10.763052208835342,-0.7770887116838214,0.9678181673751372,0.79279346345817,-0.058258398510634565,-0.01570475177434867,-0.909559768864503
2,10.843373493975903,-0.7866186608585679,0.9596804708207123,0.788525038122266,-0.04511284771703518,-0.0019063772636981752,-0.9145676231036775
2,10.923694779116467,-0.7960544810150464,0.9514219783849481,0.7840546339155763,-0.03208618913480288,0.011999847099470162,-0.9193357892501456
2,11.004016064257028,-0.805395087496078,0.9430433630109475,0.7793865059400609,-0.01918176274791547,0.026008581556017193,-0.9238616002630322
2,11.08433734939759,-0.8146393870572782,0.9345453033319253,0.774524981042205,-0.006402729024820725,0.040114406015073045,-0.9281425743071047
2,11.164658634538153,-0.8237862773714576,0.925928484244965,0.7694744487129995,0.006247932877157763,0.05431182865845784,-0.9321764171221228
2,11.244979919678714,-0.8328346465467943,0.9171935975049043,0.7642393520070446,0.018767426420174378,0.0685952945397495,-0.9359610239250787
2,11.325301204819278,-0.8417833726623508,0.9083413423305625,0.7588241784759308,0.031153138508286913,0.08295919418641987,-0.9394944808388496
2,11.405622489959839,-0.8506313233245014,0.8993724260040894,0.7532334510750393,0.04340263976336857,0.09739787224946195,-0.942775065767458
2,11.485943775100402,-0.8593773552420296,0.8902875644884628,0.7474717191749141,0.05551368435186426,0.11190563606711529,-0.9458012488403271
2,11.566265060240964,-0.8680203138204896,0.8810874830513801,0.7415435496622504,0.06748420932449863,0.12647676415823889,-0.9485716923758788
2,11.646586345381525,-0.8765590327741517,0.8717729169005609,0.735453518180162,0.07931233348959421,0.14110551459398957,-0.9510852503901551
2,11.726907630522089,-0.8849923337574017,0.862344611828699,0.7292062005254868,0.09099635583662352,0.15578613323191476,-0.9533409676653225
2,11.80722891566265,-0.8933190260174727,0.8528033248662901,0.7228061642208939,0.10253475352662846,0.1705128617965787,-0.9553380783929185
2,11.887550200803213,-0.9015379060703879,0.8431498249405632,0.7162579602795454,0.11392617946613999,0.18527994579084248,-0.9570760044067033
2,11.967871485943775,-0.9096477574019843,0.8333848935387523,0.7095661151800793,0.12516945948122227,0.20008164222190503,-0.9585543530199746
2,12.048192771084338,-0.9176473501921597,0.8235093253783496,0.7027351230875246,0.13626358911018463,0.2149122271046351,-0.9597729144885344
2,12.1285140562249,-0.9255354410392559,0.8135239291128912,0.6957694384460446,0.14720773004861026,0.2297660025932114,-0.9607316591615016
2,12.208835341365461,-0.9333107727334464,0.8034295280150501,0.688673468722757,0.15800120624748354,0.24463730401068953,-0.9614307342625338
2,12.289156626506024,-0.9409720740439667,0.7932269606793749,0.6814515674997366,0.16864349970167197,0.2595205065442303,-0.9618704603810471
2,12.369477911646586,-0.9485180595325022,0.7829170817317359,0.674108027863272,0.1791342459476182,0.27441003166923084,-0.9620513276793543
2,12.449799196787149,-0.955947429388992,0.7725007625488454,0.6666470761256038,0.18947322929309635,0.2893003532633889,-0.961973991841942
2,12.53012048192771,-0.9632588692902301,0.7619788919882322,0.6590728658861725,0.19966037780251394,0.3041860034040583,-0.9616392697907464
2,12.610441767068274,-0.9704510502833567,0.7513523771271307,0.6513894724307727,0.20969575806058074,0.3190615778525848,-0.9610481351877118
2,12.690763052208835,-0.9775226286963147,0.7406221440087609,0.6436008874670228,0.2195795697371523,0.3339217412292926,-0.9602017137459136
2,12.771084337349398,-0.9844722460773592,0.7297891383944608,0.6357110141945461,0.22931213997606995,0.3487612318828135,-0.959101278370531
2,12.85140562248996,-0.9912985291656987,0.7188543265201472,0.6277236627082715,0.2388939176308046,0.3635748664574274,-0.957748244150952
2,12.931726907630521,-0.9980000898839476,0.7078186958659693,0.6196425457797928,0.24832546737156397,0.378357544104155,-0.9561441632375335
2,13.012048192771084,-1.0045755253336586,0.6966832559580727,0.6114712750858544,0.25760746368146675,0.3931042502478044,-0.9542907196395396
2,13.092369477911646,-1.0110234178584345,0.6854490391423848,0.6032133576195602,0.26674068476419766,0.4078100602388746,-0.9521897239065826
2,13.17269076305221,-1.0173423351131434,0.6741171013871837,0.5948721925418112,0.2757260063821163,0.4224701425713328,-0.9498431077693003
2,13.25301204819277,-1.0235308301692887,0.6626885230886805,0.5864510683431194,0.28456439563999986,0.4370797618261699,-0.9472529187286807
2,13.333333333333334,-1.0295874416467468,0.6511644098879736,0.5779531603560755,0.2932569047426835,0.45163428129067196,-0.9444213146306574
2,13.413654618473895,-1.0355106938732477,0.6395458934987682,0.5693815286070579,0.30180466474068807,0.4661291652661905,-0.9413505582394566
2,13.493975903614459,-1.041299097073609,0.6278341325446868,0.5607391159930804,0.31020887927766366,0.4805599810805291,-0.9380430118223506
2,13.57429718875502,-1.046951147590722,0.6160303134050095,0.5520287467696872,0.31847081835346835,0.49492240082103556,-0.934501131758478
2,13.654618473895582,-1.0524653281403074,0.6041356510676734,0.5432531253357916,0.32659181211671107,0.5092122028045163,-0.9307274631843847
2,13.734939759036145,-1.0578401081014346,0.5921513899883669,0.5344148353013684,0.33457324470057853,0.5234252728000666,-0.9267246346889458
2,13.815261044176706,-1.0630739438448198,0.5800788049545529,0.5255163388238969,0.34241654811577144,0.5375576050209234,-0.9224953530703246
2,13.89558232931727,-1.0681652790784597,0.5679192019699448,0.5165599762921224,0.35012319622686827,0.5516053027863378,-0.9180423981968133
2,13.975903614457831,-1.0731125452096244,0.5556739191627696,0.5075479663510623,0.35769469881014165,0.5655645788585627,-0.9133686179729116
2,14.056224899598394,-1.0779141617927621,0.5433443276634116,0.4984824059678237,0.3651325956778002,0.579431755824939,-0.908476923341212
2,14.136546184738956,-1.0825685369781528,0.5309318325158986,0.48936527089422244,0.3724384509156346,0.593203266083931,-0.9033702834315334
2,14.216867469879517,-1.0870740680069553,0.5184378735908279,0.48019841632551413,0.37961384721858005,0.6068756516814416,-0.8980517208094081
2,14.29718875502008,-1.0914291417415023,0.5058639265073738,0.47098357779266614,0.38666038034413125,0.6204455639488368,-0.8925243068515052
2,14.377510040160642,-1.0956321352326075,0.49321150356349197,0.4617223722750188,0.3935796536862651,0.6339097629575895,-0.8867911572497572
2,14.457831325301205,-1.0996814163257695,0.4804821546733406,0.4524162995196568,0.40037327297242686,0.6472651168061134,-0.8808554276457676
2,14.538152610441767,-1.1035753443081602,0.46767746831094714,0.4430667435538175,0.4070428410861295,0.6605086007543434,-0.8747203093970769
2,14.61847389558233,-1.107312270598288,0.4547990724591363,0.43367497437665103,0.4135899530177248,0.6736372962216377,-0.8683890254768613
2,14.698795180722891,-1.1108905394802235,0.4418486355627502,0.42424214981666103,0.420016190945895,0.686648389663563,-0.8618648265086454
2,14.779116465863453,-1.1143084888842718,0.4288278674851759,0.41476931754114066,0.42632311945242385,0.6995391713431317,-0.8551509869375999
2,14.859437751004016,-1.1175644512047687,0.41573852047208176,0.40525741725135533,0.43251228088934507,0.7123070339534139,-0.8482508013614269
2,14.939759036144578,-1.1206567541439467,0.40258239012847663,0.3957072831155644,0.4385851909122618,0.7249494710283828,-0.8411675810407386
2,15.02008032128514,-1.1235837216447169,0.3893613163791378,0.38611964615873695,0.4445433340931955,0.7374640754859804,-0.8339046504723336
2,15.100401606425702,-1.1263436748446751,0.37607718444132066,0.37649513689841235,0.4503881597141038,0.7498485379462633,-0.8264653441554248
2,15.180722891566266,-1.1289349330867864,0.36273192579559216,0.36683428807936724,0.45612107768933313,0.7621006450074196,-0.8188530034849257
2,15.261044176706827,-1.1313558149799465,0.349327519156008,0.35713753752653893,0.4617434546331355,0.7742182774534078,-0.8110709737891441
2,15.34136546184739,-1.1336046395108985,0.3358659914381903,0.3474052311108289,0.46725661007066366,0.7861994084000699,-0.8031226015088545
2,15.421686746987952,-1.1356797272094648,0.32234941872368517,0.3376376258204962,0.47266181279005365,0.7980421013889686,-0.7950112315137392
2,15.502008032128513,-1.1375794013690554,0.3087799272189608,0.3278348929308374,0.4779602773332133,0.8097445084382181,-0.7867402045521743
2,15.582329317269076,-1.1393019893244198,0.29515969420742405,0.31799712126485935,0.48315316062292585,0.8213048680595607,-0.7783128548303502
2,15.662650602409638,-1.140845823788599,0.2814909489928235,0.30812432053764827,0.4882415587238841,0.832721503250951,-0.7697325077167076
2,15.742971887550201,-1.1422092442510434,0.26777597383240415,0.29821642477713245,0.4932265037352686,0.8439928194739112,-0.7610024775676728
2,15.823293172690763,-1.143390598438554,0.25401710485809764,0.28827329581490435,0.49810896081325945,0.85511730262365,-0.7521260656713571
2,15.903614457831326,-1.1443882438204311,0.24021673297801074,0.2782947269114203,0.5028898253746352,0.8660935169090113,-0.7431065583526459
2,15.983935742971887,-1.1452005491924284,0.22637730476490414,0.26828044641585175,0.5075699203987419,0.8769201027765773,-0.7339472251636461
2,16.06425702811245,-1.1458258963311005,0.21250132332382693,0.2582301214586656,0.5121499938439065,0.8875957748724356,-0.7246513171677333
2,16.14457831325301,-1.1462626817044708,0.19859134913587767,0.24814336175243584,0.5166307162204086,0.8981193199520356,-0.7152220653562862
2,16.224899598393574,-1.1465093182550823,0.18465000087757977,0.23801972344208425,0.5210126782837852,0.9084895948129988,-0.7056626791613647
2,16.305220883534137,-1.1465642372513987,0.17067995621043466,0.22785871301610647,0.5252963888610278,0.918705524235293,-0.6959763450714622
2,16.3855421686747,-1.1464258902089735,0.1566839525373,0.21765979127659002,0.5294822728085568,0.9287660989323843,-0.6861662253458565
2,16.46586345381526,-1.1460927508828065,0.14266478772226351,0.20742237736584757,0.5335706691008466,0.9386703735169596,-0.6762354568231099
2,16.546184738955823,-1.1455633173323025,0.1286253207706667,0.19714585284747632,0.5375618290485857,0.9484174644848269,-0.6661871498192522
2,16.626506024096386,-1.1448361140602537,0.11456847246594828,0.18682956583966748,0.5414559146452426,0.9580065482205867,-0.6560243871111906
2,16.70682730923695,-1.1439096942272577,0.10049722595995711,0.17647283519857265,0.5452529970409249,0.9674368590286857,-0.6457502230008818
2,16.78714859437751,-1.1427826419429965,0.08641462731340416,0.16607495474955092,0.548953055142404,0.9767076871934463,-0.6353676824558081
2,16.867469879518072,-1.1414535746357855,0.07232378598310812,0.1556351975641076,0.5525559743381874,0.9858183770716784,-0.6248797603212954
2,16.947791164658636,-1.1399211454992708,0.05822787524966351,0.14515282028263932,0.5560615453539288,0.994768325216632,-0.6142894206035924
2,17.028112449799195,-1.138184045978878,0.04413013253575504,0.13462706751756603,0.5594694633366618,1.0035569784613123,-0.6035995958724168
2,17.10843373493976,-1.1362410083816896,0.030033859706349995,0.12405717625950187,0.5627793269604691,1.012183832122188,-0.5928131866668191
2,17.188755020080322,-1.1340908085491517,0.0159424232781639,0.11344238033385431,0.5659906376980807,1.0206484282152977,-0.5819330609762446
2,17.269076305220885,-1.1317322685960838,0.0018592545387789983,0.10278191490964059,0.5691027992573535,1.0289503536864435,-0.5709620537961326
2,17.349397590361445,-1.129164259728313,-0.012212150419210574,0.09207502104427095,0.5721151171534496,1.0370892386840422,-0.5599029667342393
2,17.429718875502008,-1.1263857051324946,-0.026268230760436134,0.08132095026625082,0.5750267984316421,1.0450647548662437,-0.5487585676712061
2,17.51004016064257,-1.1233955829366857,-0.040305361070430645,0.0705189691936222,0.5778369515431531,1.0528766137430636,-0.5375315904727225
2,17.59036144578313,-1.1201929292402348,-0.05431985162582201,0.059668364185948175,0.5805445863764332,1.0605245650542867,-0.5262247347506113
2,17.670682730923694,-1.116776841211548,-0.06830794877610397,0.0487684460276574,0.5831486144462855,1.0680083951838906,-0.5148406656701816
2,17.751004016064257,-1.1131464802523006,-0.08226583544204555,0.03781855464056594,0.5856478492432379,1.075327925611735,-0.5033820138011924
2,17.83132530120482,-1.1093010752266548,-0.09618963173581677,0.026818063823380034,0.588041006745575,1.082483011403275,-0.49185137500975834
2,17.91164658634538,-1.1052399257427143,-0.11007539572332396,0.01576638601003976,0.5903267061143022,1.0894735397326747,-0.48025131039097824
2,17.991967871485944,-1.100962405468887,-0.12391912435120912,0.00466297703580373,0.5925034705961961,1.0962994284330834,-0.4685843462449871
2,18.072289156626507,-1.0964679655358371,-0.13771675447348714,-0.006492659066268284,0.5945697285517254,1.1029606246021058,-0.4568529740782385
2,18.152610441767067,-1.0917561379588707,-0.15146416405934862,-0.017700965272402606,0.5965238147046599,1.1094571032312737,-0.44505965064531156
2,18.23293172690763,-1.0868265391058562,-0.16515717355135423,-0.02896232676862994,0.5983639715740515,1.1157888658744866,-0.4332067980226977
2,18.313253012048193,-1.0816788731951146,-0.17879154739650954,-0.04027706615673818,0.6000883511088103,1.1219559393518532,-0.4212968037123012
2,18.393574297188756,-1.0763129358163284,-0.19236299575444998,-0.05164543867235305,0.6016950165281464,1.1279583744886816,-0.4093320207736968
2,18.473895582329316,-1.0707286174679536,-0.20586717638631463,-0.06306762742159605,0.6031819443704638,1.1337962448895498,-0.39731476798414966
2,18.55421686746988,-1.064925907104608,-0.2192996967279038,-0.07454373864278321,0.6045470267532919,1.1394696457473914,-0.38524733002538847
2,18.634538152610443,-1.058904895687916,-0.23265611615070006,-0.0860737969996143,0.6057880738468366,1.1449786926875305,-0.3731319576961369
2,18.714859437751002,-1.0526657797342824,-0.24593194841435106,-0.09765774091231896,0.6069028165637425,1.1503235206466016,-0.36097086814939155
2,18.795180722891565,-1.0462088648512986,-0.259122664316224,-0.10929541793474541,0.6078889094694343,1.1555042827860442,-0.3487662451532106
2,18.87550200803213,-1.039534569196038,-0.2722236946055264,-0.12098658023585628,0.6087439339731606,1.1605211494318948,-0.3365202393676344
2,18.955823293172692,-1.0326434269315534,-0.285230433063016,-0.13273088012231266,0.6094654017109578,1.1653743070538665,-0.32423496864794205
2,19.03614457831325,-1.0255360916333696,-0.2981382397968823,-0.1445278656438721,0.610050758162928,1.170063957277242,-0.311912518366046
2,19.116465863453815,-1.0182133396197053,-0.31094244476392985,-0.15637697630473846,0.6104973865174345,1.1745903159244442,-0.29955494175350506
2,19.196787148594378,-1.0106760732060607,-0.323638351512875,-0.1682775388831353,0.6108026117752663,1.1789536120891964,-0.28716426026239167
2,19.277108433734938,-1.0029253238604743,-0.33622124116079144,-0.1802287633810244,0.6109637051028726,1.183154087241499,-0.27474246394208157
2,19.3574297188755,-0.9949622552480986,-0.3486863765977933,-0.19222973911511937,0.6109778884302512,1.1871919943632183,-0.26229151183245825
2,19.437751004016064,-0.9867881661537438,-0.36102900691504625,-0.20427943096034465,0.6108423392890736,1.1910675971140887,-0.24981333237402747
2,19.518072289156628,-0.978404493271033,-0.3732443720512112,-0.21637667575690428,0.6105541958866295,1.1947811690279375,-0.23730982383541843
2,19.598393574297187,-0.9698128138468186,-0.38532770765240637,-0.22852017889210802,0.6101105624111763,1.198332992738927,-0.22478285475876997
2,19.67871485943775,-0.9610148481695067,-0.3972742501407901,-0.24070851106811453,0.6095085145642742,1.2017233592376217,-0.2122342644234841
2,19.759036144578314,-0.952012461849794,-0.40907924202181145,-0.2529401053046397,0.6087451053415803,1.204952567154434,-0.19966586331976885
2,19.839357429718877,-0.9428076678114862,-0.42073793747782573,-0.26521325425523384,0.6078173710940076,1.2080209220667204,-0.18707943361618182
2,19.919678714859437,-0.933402628224532,-0.4322456080182485,-0.27752610761848995,0.6067223376962991,1.2109287358430225,-0.1744767296780505
2,20.0,-0.9237996561039207,-0.4435975484140984,-0.2898766699051931,0.6054570269920395,1.2136763260091143,-0.16185947857794114
3,0.0,0.17905295093851284,0.2470295272435151,1.1056027040973786,-0.08046149172607071,-1.2846556550358914,-0.16656803551744465
3,0.08032128514056225,0.17255410450524583,0.2428267370444316,1.109554347170092,-0.06282619628484284,-1.2821084516753378,-0.18000054075958902
3,0.1606425702811245,0.16629643592522259,0.23857661521363335,1.1131259000149918,-0.04513808703572095,-1.2794223359402146,-0.19343852817791263
3,0.24096385542168675,0.16027707195959134,0.2342858382070884,1.1163201124174578,-0.027405762138534365,-1.276597184377049,-0.20688007606855427
3,0.321285140562249,0.15449304228757488,0.22996078975871842,1.1191398446678313,-0.009637549874021137,-1.2736328869554063,-0.2203232398846975
3,0.40160642570281124,0.14894129525980523,0.22560757021944608,1.1215880531527977,0.008158483393536874,-1.270529348412603,-0.23376605361298317
3,0.4819277108433735,0.14361871252305455,0.22123200619430788,1.1236677770557622,0.025974524950792423,-1.2672864895788165,-0.24720653114510055
3,0.5622489959839357,0.13852212257243365,0.21683966039025904,1.1253821261094006,0.04380300725298506,-1.2639042486818342,-0.26064266764324434
3,0.642570281124498,0.13364831326802173,0.21243584161349843,1.1267342693573228,0.06163659928458181,-1.2603825826253445,-0.27407244089808047
3,0.7228915662650602,0.12899404336005937,0.2080256148608582,1.1277274248764926,0.07946819781757047,-1.2567214682365517,-0.2874938126784288
3,0.8032128514056225,0.1245560530872549,0.20361381143266355,1.128364850397808,0.09729091863890027,-1.2529209034850628,-0.30090473007156393
3,0.8835341365461847,0.12033107390890896,0.19920503900119751,1.1286498347648364,0.11509808781191551,-1.2489809086737451,-0.3143031268131131
3,0.963855421686747,0.11631583736939084,0.19480369166922246,1.1285856902139462,0.132883232937567,-1.2449015275833368,-0.3276869246067896
3,1.0441767068273093,0.11250708318516003,0.19041395990756657,1.128175745399162,0.150640074524712,-1.2406828285843219,-0.3410540344322787
3,1.1244979919678715,0.10890156660004169,0.18603984035888232,1.1274233391116322,0.1683625174824535,-1.2363249057116736,-0.3544023578413361
3,1.2048192771084336,0.1054960650338535,0.18168514550124476,1.126331814661823,0.18604464274030053,-1.2318278796956765,-0.3677297882415456
3,1.285140562248996,0.10228738407271826,0.17735351313971084,1.1249045148767152,0.20368069902753755,-1.2271918989494333,-0.38103421216724875
3,1.3654618473895583,0.0992723628530452,0.17304841570349963,1.1231447776613883,0.22126509483397416,-1.2224171405144335,-0.3943135105374741
3,1.4457831325301205,0.09644787888589275,0.1687731693294799,1.1210559320785307,0.2387923905711369,-1.2175038109644234,-0.40756555990061705
3,1.5261044176706826,0.09381085231833745,0.16453094275298438,1.1186412949380928,0.25625729091228233,-1.2124521472564302,-0.42078823366526696
3,1.606425702811245,0.09135824971441642,0.16032476595792675,1.115904167826388,0.27365463735923795,-1.2072624175408042,-0.4339794033171648
3,1.6867469879518073,0.0890870873709852,0.15615753860174897,1.1128478345530917,0.2909794010204687,-1.2019349219240767,-0.4471369396222177
3,1.7670682730923695,0.08699443419536364,0.152032038209726,1.1094755589880054,0.30822667560526973,-1.1964699931833689,-0.4602587138149957
3,1.8473895582329316,0.0850774141767504,0.1479509281358386,1.1057905832559705,0.32539167063675467,-1.1908679974327205,-0.4733425987725934
3,1.927710843373494,0.08333320848848992,0.14391676528747227,1.1017961262547575,0.3424697048864145,-1.1851293347432472,-0.48638647017388703
3,2.0080321285140563,0.08175905725066514,0.13993200761410257,1.0974953824667248,0.35945620002994766,-1.1792544397173899,-0.49938820764405056
3,2.0883534136546187,0.08035226094345667,0.13599902137571362,1.0928915210663381,0.3763466745075879,-1.1732437820097945,-0.5123456958833019
3,2.1686746987951806,0.07911018153812477,0.13212008817533188,1.0879876852671582,0.3931367376052546,-1.1670978668052827,-0.525256825780587
3,2.248995983935743,0.07803024334396938,0.12829741177253318,1.0827869919045314,0.4098220837391185,-1.1608172352485004,-0.5381194955116521
3,2.3293172690763053,0.07710993359069428,0.12453312467956411,1.0772925312350035,0.426398486941445,-1.1544024648256974,-0.5509316116210095
3,2.4096385542168672,0.07634680276436025,0.12082929454588354,1.0715073669348163,0.4428617955417151,-1.1478541696991762,-0.5636910900875989
3,2.4899598393574296,0.07573846472027244,0.11718793033658689,1.0654345362760627,0.45920792703752394,-1.1411730009963348,-0.576395857374111
3,2.570281124497992,0.07528259659249639,0.11361098831058235,1.0590770504619875,0.47543286314923294,-1.1343596470544834,-0.5890438514598155
3,2.6506024096385543,0.07497693848460345,0.11010037780894302,1.0524378951312139,0.49153264504665145,-1.127414833615817,-0.6016330228555946
3,2.7309236947791167,0.07481929298597904,0.1066579668546872,1.0455200309942037,0.5075033687470798,-1.1203393239801824,-0.614161335601767
3,2.8112449799196786,0.0748075245141244,0.10328558757461727,1.0383263945994436,0.5233411806735905,-1.1131339191135678,-0.6266267682482077
3,2.891566265060241,0.0749395584884979,0.0999850414489328,1.0308598992235338,0.5390422733670752,-1.1057994577120314,-0.639027314816008
3,2.9718875502008033,0.0752133803447448,0.09675810439488577,1.0231234358770047,0.5546028813453736,-1.098336816221749,-0.6513609857402595
3,3.0522088353413652,0.07562703440161049,0.09360653169200919,1.015119874415162,0.570019277101743,-1.090746908816772,-0.6636258087937523
3,3.1325301204819276,0.07617862259367253,0.09053206275634844,1.0068520647426005,0.5852877672350478,-1.0830306873362725,-0.6758198299913963
3,3.21285140562249,0.07686630306313533,0.08753642576890722,0.9983228381160756,0.6004046887054033,-1.0751891411792105,-0.6879411144743107
3,3.2931726907630523,0.07768828861014239,0.08462134216331824,0.9895350085461347,0.6153664052094008,-1.0672232971562767,-0.6999877473727194
3,3.3734939759036147,0.07864284503217875,0.08178853098194729,0.980491374272711,0.6301693036664331,-1.0591342193048894,-0.7119578346483809
3,3.4538152610441766,0.07972828933419168,0.0790397131049816,0.9711947193292793,0.6448097908101071,-1.0509230086634704,-0.7238495039150894
3,3.534136546184739,0.08094298781627061,0.07637661535628225,0.9616478151902506,0.6592842898803377,-1.0425908030065207,-0.7356609052366206
3,3.6144578313253013,0.08228535404086236,0.07380097449185706,0.9518534225003629,0.6735892374097646,-1.0341387765412249,-0.7473902119016222
3,3.694779116465863,0.08375384668512628,0.07131454107765396,0.9418142928819526,0.6877210800974983,-1.0255681395670786,-0.7590356211751526
3,3.7751004016064256,0.08534696728320515,0.06891908326302333,0.9315331708166683,0.7016762717634848,-1.016880138099873,-0.7705953550265083
3,3.855421686746988,0.08706325783895247,0.06661639044627453,0.9210127956179103,0.7154512703850382,-1.0080760534568625,-0.782067660831313
3,3.9357429718875503,0.08890129832186525,0.06440827684086343,0.9102559034846845,0.7290425352072079,-0.9991572018065495,-0.7934508120480717
3,4.016064257028113,0.09085970405141917,0.06229658494906289,0.8992652296333647,0.7424465239200287,-0.9901249336847837,-0.8047431088690922
3,4.096385542168675,0.09293712295592378,0.06028318894176438,0.8880435105195058,0.7556596899024927,-0.9809806334754294,-0.8159428788442575
3,4.176706827309237,0.09513223270556725,0.058369997945563336,0.8765934861509714,0.7686784795311863,-0.9717257188565385,-0.8270484774767501
3,4.257028112449799,0.09744373771743131,0.05655895924051553,0.8649179024953755,0.7814993295497416,-0.9623616402128065,-0.8380582887902576
3,4.337349397590361,0.09987036603229119,0.05485206137307155,0.8530195139832195,0.7941186644943151,-0.9528898800155103,-0.8489707258673871
3,4.417670682730924,0.10241086606229095,0.05325133718804424,0.8409010861086852,0.8065328941708624,-0.9433119521709757,-0.859784231358907
3,4.497991967871486,0.10506400318801641,0.051758866765785096,0.8285653981466242,0.8187384111950304,-0.9336294013346403,-0.8704972779608159
3,4.578313253012048,0.10782855621256908,0.05037678027491229,0.8160152459813038,0.8307315885852988,-0.9238438021938725,-0.8811083688602116
3,4.658634538152611,0.11070331367166819,0.04910726074415828,0.8032534450491567,0.8425087774056441,-0.9139567587208247,-0.8916160381498031
3,4.738955823293173,0.11368706998383891,0.04795254674523366,0.7902828334099745,0.8540663044640466,-0.9039699033938132,-0.9020188512092809
3,4.8192771084337345,0.11677862143592974,0.046914934982638976,0.77710627495181,0.8654004700696818,-0.8938848963877394,-0.9123154050523214
3,4.899598393574297,0.11997676199729906,0.04599678278914484,0.7637266627368468,0.876507545849718,-0.8837034247341454,-0.9225043286388634
3,4.979919678714859,0.1232802789577921,0.045200510527699696,0.750146922494116,0.8873837726249526,-0.8734272014519077,-0.9325842831526528
3,5.0602409638554215,0.12668794838462488,0.04452860390051587,0.7363700162649379,0.898025358343533,-0.8630579646495623,-0.9425539622440494
3,5.140562248995984,0.13019853038189994,0.0439836161464095,0.7223989462155371,0.9084284760885561,-0.8525974765974366,-0.9524120922349661
3,5.220883534136546,0.13381076413860235,0.043568170112019425,0.7082367586301601,0.9185892621723111,-0.842047522768762,-0.9621574322843309
3,5.301204819277109,0.137523362778556,0.04328496022428768,0.6938865480767894,0.9285038142944119,-0.831409910855345,-0.9717887745187
3,5.381526104417671,0.14133500798379992,0.04313675432949235,0.6793514617699242,0.9381681897939304,-0.8206864697537236,-0.9813049441234232
3,5.461847389558233,0.14524434438759354,0.04312639539332271,0.664634704135205,0.947578404000547,-0.8098790485227979,-0.9907047993938701
3,5.542168674698795,0.14924997372601068,0.04325680304849315,0.6497395415868837,0.9567304286974101,-0.7989895153128936,-0.9999872317459035
3,5.622489959839357,0.15335044873995277,0.043530974983772446,0.6346693075272986,0.9656201907025184,-0.7880197562672506,-1.009151165686291
3,5.7028112449799195,0.1575442668194104,0.04395198816830531,0.6194274075775116,0.974243570575443,-0.7769716743969214,-1.0181955587437486
3,5.783132530120482,0.16182986338068028,0.04452299989994853,0.6040173250488043,0.9825964014604535,-0.765847188429484,-1.0271194013604024
3,5.863453815261044,0.16620560495429537,0.04524724861054456,0.5884426266715681,0.9906744681240041,-0.7546482316258629,-1.0359217167345491
3,5.943775100401607,0.1706697819895497,0.04612805447491269,0.5727069685837245,0.9984735061514848,-0.7433767505732736,-1.0446015606263979
3,6.024096385542169,0.17522060136120068,0.04716881978058573,0.556814102590488,1.005989201341362,-0.732034703951688,-1.0531580211219485
3,6.1044176706827304,0.17985617856627106,0.048373029029934504,0.5407678827067183,1.0132171893239184,-0.7206240612729886,-1.0615902183538537
3,6.184738955823293,0.18457452960465393,0.04974424874820206,0.5245722719882248,1.0201530554301277,-0.709146801592878,-1.0698973041783304
3,6.265060240963855,0.1893735625361815,0.0512861269758194,0.5082313496602542,1.0267923348336634,-0.6976049121964352,-1.0780784618094834
3,6.3453815261044175,0.19425106870734668,0.053002392426456615,0.49174931855121934,1.0331305129865749,-0.6860003872585655,-1.086132905413032
3,6.42570281124498,0.19920471364092535,0.05489685329166677,0.47513051283961166,1.0391630263696492,-0.6743352264805365,-1.0940598796613166
3,6.506024096385542,0.20423202758712022,0.056973395616826975,0.45837940611122935,1.04488526362455,-0.6626114336983491,-1.1018586592413775
3,6.586345381526105,0.2093303957319334,0.05923598122398509,0.4415006197330445,1.0502925670963328,-0.6508310154649775,-1.1095285483203183
3,6.666666666666667,0.21449704806070724,0.061688645195699526,0.4244989315513241,1.0553802347814676,-0.638995979612031,-1.1170688799771678
3,6.746987951807229,0.2197290488805546,0.06433549282489152,0.4073792849049074,1.0601435227672025,-0.6271083337854617,-1.1244790155920947
3,6.827309236947791,0.22502328600729693,0.06718069599984142,0.39014679794999413,1.0645776481958955,-0.6151700839572907,-1.1317583441957375
3,6.907630522088353,0.23037645962469688,0.0702284889799554,0.3728067732896688,1.068677792800651,-0.6031832329143654,-1.138906281780607
3,6.9879518072289155,0.23578507082259018,0.07348316352639682,0.35536470790345676,1.0724391070520982,-0.5911497787260465,-1.1459222705784955
3,7.068273092369478,0.2412454098229824,0.0769490633470392,0.33782630336933106,1.0758567149597977,-0.5790717131923131,-1.1528057783068375
3,7.14859437751004,0.24675354394085675,0.08063057774336171,0.3201974763269404,1.0789257196297908,-0.5669510202677966,-1.1595562973731528
3,7.228915662650603,0.2523053052756136,0.08453213445891751,0.302484369193074,1.0816412095939,-0.5547896744686871,-1.166173344052818
3,7.309236947791165,0.25789627816792077,0.08865819166955395,0.28469336109509225,1.0839982659706242,-0.5425896392630124,-1.1726564576401783
3,7.389558232931726,0.2635217864681143,0.09301322902893606,0.2668310789752384,1.0859919705413426,-0.5303528654433521,-1.1790051995702788
3,7.469879518072289,0.2691768806595011,0.09760173771330438,0.24890440882496306,1.0876174148014708,-0.5180812894844637,-1.1852191525147755
3,7.550200803212851,0.27485632487890593,0.10242820941286228,0.23092050700967992,1.088869710044644,-0.5057768318885856,-1.1912979194575066
3,7.6305220883534135,0.28055458387784576,0.10749712421842357,0.2128868116434455,1.089743998537006,-0.49344139552129096,-1.19724112275543
3,7.710843373493976,0.28626581003666746,0.11281293729983909,0.19481105389986028,1.0902354658775508,-0.48107686393652743,-1.2030484031773903
3,7.791164658634538,0.29198383047931825,0.11838006433259965,0.1767012692166059,1.0903393545986677,-0.46868509969592387,-1.2087194189312678
3,7.871485943775101,0.2977021343602714,0.12420286563049941,0.1585658083260048,1.0900509790558333,-0.45626794268627596,-1.2142538446863334
3,7.951807228915663,0.303413860454204,0.13028562889328868,0.14041334798132632,1.0893657416940008,-0.44382720843553003,-1.2196513705872902
3,8.032128514056225,0.30911178515627863,0.13663255051836415,0.12225290127515111,1.0882791507467198,-0.43136468643142944,-1.2249117012650845
3,8.112449799196787,0.3147883109925651,0.14324771543596546,0.10409382745494623,1.0867868394164408,-0.4188821384475111,-1.2300345548524068
3,8.19277108433735,0.32043545575662813,0.15013507542568477,0.08594584112406589,1.0848845865843446,-0.40638129688069374,-1.2350196620100298
3,8.273092369477911,0.3260448425203989,0.1572984258430165,0.06781902058034227,1.0825683391110859,-0.39386386310074084,-1.2398667649541029
3,8.353413654618475,0.33160769056312567,0.16474138075824693,0.049723815258035264,1.0798342357471717,-0.3813315058211606,-1.2445756165054191
3,8.433734939759036,0.3371148074354495,0.17246734648365827,0.03167105205897075,1.0766786326751576,-0.36878585949442,-1.2491459791588164
3,8.514056224899598,0.3425565823767773,0.18047949347081324,0.01367194035861792,1.073098130702913,-0.35622852273539507,-1.2535776241737266
3,8.594377510040161,0.3479229812733111,0.18878072659684086,-0.004261924493714542,1.0690896040953086,-0.3436610567795965,-1.25787033069215
3,8.674698795180722,0.3532035433074319,0.19737365387035144,-0.022118559323519013,1.0646502310246384,-0.33108498398391284,-1.2620238848949903
3,8.755020080321286,0.3583873795561477,0.20626055360265913,-0.03988559318165606,1.059777525594857,-0.31850178637449156,-1.2660380791975165
3,8.835341365461847,0.36346317390454774,0.2154433401202547,-0.05755026966028405,1.0544693713548283,-0.3059129042442634,-1.2699127114750834
3,8.91566265060241,0.368419186264978,0.22492352810256633,-0.07509945144978414,1.048724056245195,-0.29331973481519336,-1.2736475843477617
3,8.995983935742972,0.3732432585027381,0.2347021956820986,-0.0925196275358015,1.042540308830508,-0.2807236309669361,-1.2772425045126072
3,9.076305220883533,0.3779228233461862,0.2447799464651389,-0.10979692330858758,1.0359173356611222,-0.26812590003759823,-1.2806972821262614
3,9.156626506024097,0.3824449164655098,0.2551568706588381,-0.12691711375864922,1.02885485958683,-0.25552780270686043,-1.2840117302456686
3,9.236947791164658,0.3867961918471994,0.26583250548659787,-0.14386563987358506,1.021353158852828,-0.24293055197361424,-1.2871856643394262
3,9.317269076305221,0.39096294088715816,0.2768057952110457,-0.1606276286592734,1.0134131066481324,-0.23033531222788473,-1.2902189018591785
3,9.397590361445783,0.39493111548119525,0.2880750510826453,-0.17718791705880832,1.0050362107849065,-0.2177431984223869,-1.2931112618675522
3,9.477911646586346,0.39868635495931015,0.2996379114175081,-0.19353107959280488,0.9962246533341518,-0.2051552753665053,-1.2958625647516602
3,9.558232931726907,0.4022140173610509,0.3114913023044349,-0.20964146022456348,0.9869813296961235,-0.19257255713648733,-1.2984726320005588
3,9.638554216867469,0.40549921513858433,0.32363139933288876,-0.2255032085280448,0.9773098867192095,-0.17999600661053936,-1.3009412860520986
3,9.718875502008032,0.4085268552570523,0.3360535907196185,-0.24110032011303417,0.9672147594974775,-0.16742653514401787,-1.3032683502170963
3,9.799196787148594,0.41128168374274654,0.3487524422921062,-0.2564166813494189,0.9567012063911178,-0.15486500239332743,-1.3054536486832242
3,9.879518072289157,0.4137483350402293,0.3617216650739494,-0.2714361187679567,0.9457753415010888,-0.14231221627227233,-1.3074970065750384
3,9.959839357429718,0.41591138561169644,0.37495408564812993,-0.2861424525323654,0.9344441644518134,-0.12976893307933068,-1.3093982500999435
3,10.040160642570282,0.4177554119743687,0.3884416200674931,-0.30051955419159715,0.9227155866926579,-0.11723585778277126,-1.311157206760151
3,10.120481927710843,0.4192650529930796,0.40217525187639136,-0.3145514085272945,0.910598453752456,-0.10471364446578484,-1.3127737056288473
3,10.200803212851406,0.42042507602379214,0.4161450146825574,-0.3282221790765949,0.8981025630107143,-0.09220289694719705,-1.3142475776932718
3,10.281124497991968,0.421220446521039,0.4303399797720782,-0.3415162769330039,0.8852386764932326,-0.07970416958803495,-1.315578656265311
3,10.36144578313253,0.4216364010697354,0.4447482496648171,-0.3544184328193177,0.8720185277708146,-0.0672179682504177,-1.3167667774356315
3,10.441767068273093,0.42165852284679556,0.4593569576104039,-0.3669137713915247,0.8584548229797662,-0.0547447514552711,-1.3178117805901697
3,10.522088353413654,0.4212728192048849,0.4741522737489672,-0.37898788748842094,0.844561235221982,-0.042284931716464365,-1.3187135089709487
3,10.602409638554217,0.4204658007538612,0.48911941838623474,-0.3906269237100145,0.8303523918891015,-0.029838877043846974,-1.319471810275336
3,10.682730923694779,0.41922456106899364,0.5042426825119339,-0.4018176484391746,0.8158438547795742,-0.017406912629819082,-1.320086537291508
3,10.763052208835342,0.417536856162738,0.5195054557113802,-0.41254753343357564,0.8010520928558811,-0.004989322729162381,-1.3205575485672612
3,10.843373493975903,0.4153911833028585,0.5348902621747478,-0.422804830629651,0.7859944469162553,0.007413647326792505,-1.320884709091003
3,10.923694779116467,0.41277685778426493,0.5503788041575596,-0.432578646708378,0.7706890868367259,0.01980178892411301,-1.3210678909942855
3,11.004016064257028,0.40968408699792164,0.5659520131327985,-0.4418590147991694,0.7551549611268902,0.03217492780124773,-1.3211069742596888
3,11.08433734939759,0.4061040409303334,0.5815901086109685,-0.45063696247727436,0.7394117388179846,0.04453292154694099,-1.321001847428953
3,11.164658634538153,0.40202891810981667,0.5972726641170328,-0.45890457506616167,0.7234797441874365,0.056875656956345014,-1.3207524083044693
3,11.244979919678714,0.3974520059237813,0.6129786795949628,-0.46665505314861094,0.7073798850422203,0.06920304722482958,-1.320358564637183
3,11.325301204819278,0.3923677348383413,0.6286866603484171,-0.47388276388473494,0.691133574445932,0.0815150290463936,-1.319820234794349
3,11.405622489959839,0.3867717256131449,0.644374701609402,-0.48058328522833216,0.6747626467910611,0.09381155961518725,-1.319137348400463
3,11.485943775100402,0.38066082861663453,0.6600205775319951,-0.4867534421173155,0.6582892694152106,0.10609261350068093,-1.3183098469472054
3,11.566265060240964,0.37403315483328653,0.6756018341744443,-0.4923913342816297,0.6417358501845489,0.1183581794483431,-1.3173376843589928
3,11.646586345381525,0.36688809814462203,0.6910958857021594,-0.4974963552754528,0.6251249418235912,0.13060825713083077,-1.3162208275257503
3,11.726907630522089,0.35922634848720364,0.7064801125375394,-0.5020692023362899,0.6084791442524998,0.14284285384908638,-1.314959256790039
3,11.80722891566265,0.3510498954451606,0.7217319600777101,-0.5061118766199084,0.591821006295128,0.155061981174748,-1.313552966372838
3,11.887550200803213,0.34236202204491545,0.7368290368806163,-0.5096276735890269,0.5751729278514938,0.16726565154411163,-1.31200196473211
3,11.967871485943775,0.3331672900709931,0.7517492130819325,-0.512621165019608,0.5585570618310638,0.17945387494861503,-1.3103062749129961
3,12.048192771084338,0.323471515408362,0.7664707152323659,-0.5150981709634259,0.5419952195719917,0.19162665555506397,-1.3084659348043572
3,12.1285140562249,0.31328173462674636,0.7809722181721128,-0.5170657230055813,0.5255087791713647,0.203783988378835,-1.3064809973434772
3,12.208835341365461,0.30260616324757866,0.7952329327450529,-0.5185320192563692,0.5091185979234145,0.21592585600879052,-1.3043515306684672
3,12.289156626506024,0.29145414629897193,0.8092326883653546,-0.5195063716842476,0.49284492985630707,0.2280522253852758,-1.3020776182216616
3,12.369477911646586,0.2798361016684934,0.8229520096796126,-0.5199991463273795,0.47670734911590096,0.24016304465888635,-1.2996593587955134
3,12.449799196787149,0.26776345674280505,0.836372186526998,-0.5200216968970336,0.4607246799841111,0.25225824015422876,-1.297096866511109
3,12.53012048192771,0.2552485799593892,0.8494753368738194,-0.5195862933851086,0.44491493389303716,0.26433771342571966,-1.2943902707668566
3,12.610441767068274,0.24230470794385445,0.8622444622431666,-0.5187060463678189,0.42929525390868156,0.2764013384239649,-1.2915397161518483
3,12.690763052208835,0.2289458684112214,0.8746634950500821,-0.5173948272233482,0.4138818672457252,0.2884489588121274,-1.2885453622958074
3,12.771084337349398,0.2151868005607126,0.8867173380396254,-0.51566718598516,0.3986900456577499,0.30048038542444805,-1.2854073836973754
3,12.85140562248996,0.2010428738838993,0.8983918954566555,-0.513538267739701,0.3837340740642643,0.3124953938558024,-1.28212596952092
3,12.931726907630521,0.18653000608452613,0.9096740961710482,-0.5110237282950265,0.36902722719838466,0.32449372221050077,-1.2787013233694329
3,13.012048192771084,0.17166458063337042,0.9205519090000516,-0.5081396496819774,0.35458175403714703,0.33647506904860736,-1.2751336630371986
3,13.092369477911646,0.15646336501518798,0.9310143503806881,-0.5049024565378655,0.34040886986745633,0.3484390915226778,-1.2714232202481444
3,13.17269076305221,0.1409434317396323,0.9410514845224913,-0.5013288353335194,0.326518755870248,0.36038540359388743,-1.2675702403927394
3,13.25301204819277,0.12512208037285039,0.9506544169695389,-0.4974356549043565,0.3129205652874012,0.37231357453150643,-1.2635749822569402
3,13.333333333333334,0.10901676289803079,0.9598152817222763,-0.4932398904609815,0.29962243603912453,0.38422312756295096,-1.259437717761401
3,13.413654618473895,0.0926450126205282,0.9685272225028365,-0.48875855132215157,0.28663150920267105,0.3961135387016237,-1.2551587317055077
3,13.493975903614459,0.0760243769806975,0.976784368766868,-0.4840086127357568,0.27395395275756,0.4079842357550596,-1.2507383215244283
3,13.57429718875502,0.059172354281900416,0.984581807157759,-0.47900695182114966,0.26159498991538316,0.41983459753924945,-1.2461767970731423
3,13.654618473895582,0.04210633477264124,0.9919155489692374,-0.47377028806311344,0.2495589314702759,0.43166395329047247,-1.2414744804395135
3,13.734939759036145,0.02484354729699876,0.9987824939261848,-0.4683151294844225,0.237849211836813,0.4434715821874241,-1.2366317057629979
3,13.815261044176706,0.007401009807799744,1.0051803914135953,-0.46265772292589924,0.22646842769489398,0.4552567131181,-1.2316488191084891
3,13.89558232931727,-0.010204514908443929,1.0111077993346438,-0.4568140096823575,0.21541837903331937,0.4670185245908019,-1.226526178367963
3,13.975903614457831,-0.027956558618302887,1.0165640412768244,-0.45079958618927973,0.2047001119195209,0.4787561448075829,-1.2212641531963455
3,14.056224899598394,-0.04583898231729479,1.0215491624973065,-0.4446296695813167,0.19431396249155553,0.4904686518986117,-1.2158631249888623
3,14.136546184738956,-0.06383600649924547,1.026063885248385,-0.4383190678237784,0.18425960166264838,0.5021550743230241,-1.2103234869110335
3,14.216867469879517,-0.08193223661294435,1.0301095637771878,-0.4318821547828116,0.17453608017985386,0.5138143913957561,-1.2046456439570419
3,14.29718875502008,-0.10011268439327692,1.0336881394968482,-0.42533284956606104,0.16514187356038385,0.5254455339593381,-1.1988300130572322
3,14.377510040160642,-0.11836278523198808,1.036802096650988,-0.41868459995935653,0.15607492658400457,0.5370473851913449,-1.1928770232349928
3,14.457831325301205,-0.1366684116359791,1.0394544187758448,-0.4119503698917613,0.14733269702564017,0.5486187815277407,-1.186787115801485
3,14.538152610441767,-0.1550158831353623,1.0416485462361205,-0.40514263056427435,0.138912198355914,0.560158513699637,-1.1805607445920345
3,14.61847389558233,-0.17339197305916185,1.0433883350589395,-0.39827335482303416,0.13081004119453268,0.5716653278821963,-1.1741983762534722
3,14.698795180722891,-0.19178391224036537,1.0446780172549592,-0.391354014697771,0.12302247331290474,0.5831379269381366,-1.167700490567864
3,14.779116465863453,-0.2101793898910399,1.0455221627784737,-0.38439558185394834,0.1155454180285452,0.5945749717449884,-1.161067580807019
3,14.859437751004016,-0.22856655221461394,1.0459256432458002,-0.37740853039806865,0.10837451089034954,0.6059750826126828,-1.15430015413615
3,14.939759036144578,-0.2469339987497597,1.0458935974892114,-0.3704028420210723,0.10150513455797128,0.6173368407708322,-1.1473987320471828
3,15.02008032128514,-0.26527077674334165,1.0454313990314243,-0.3633880131768052,0.09493245178739368,0.628658789920147,-1.1403638508188183
3,15.100401606425702,-0.2835663738650718,1.0445446254815092,-0.35637306397863716,0.08865143652672527,0.6399394378437092,-1.1331960620082344
3,15.180722891566266,-0.30181070958886397,1.043239029850738,-0.34936654848565013,0.08265690312953444,0.6511772580745143,-1.1258959329802725
3,15.261044176706827,-0.31999412514403347,1.041520513833036,-0.3423765664562084,0.07694353360950036,0.6623706916002421,-1.1184640474425362
3,15.34136546184739,-0.338107372477103,1.0393951029910895,-0.3354107761303116,0.07150590301252326,0.6735181486074148,-1.1109010060036129
3,15.421686746987952,-0.35614160244117854,1.0368689237881894,-0.32847640781965937,0.06633850296785603,0.684618010260838,-1.1032074267560452
3,15.502008032128513,-0.3740883522302738,1.0339481824506065,-0.32158027827541247,0.06143576341469134,0.6956686305056864,-1.0953839458652976
3,15.582329317269076,-0.3919395322835785,1.0306391455905966,-0.3147288056058617,0.056792072576650254,0.7066683378894403,-1.0874312181672467
3,15.662650602409638,-0.4096874128327121,1.026948122497731,-0.30792802456763296,0.05240179527879028,0.7176154374003453,-1.0793499177765213
3,15.742971887550201,-0.4273246101992027,1.0228814490340021,-0.30118360211711165,0.04825928966553734,0.7285082123163145,-1.0711407386995395
3,15.823293172690763,-0.44484407285862226,1.0184454730973602,-0.29450085319670194,0.04435892233915084,0.7393449260553244,-1.062804395436511
3,15.903614457831326,-0.46223906754434185,1.013646541499436,-0.2878847564866701,0.04069508209224424,0.7501238240310123,-1.0543416235916805
3,15.983935742971887,-0.47950316534638804,1.0084909882245308,-0.2813399701573804,0.03726219224805626,0.7608431355037687,-1.045753180472587
3,16.06425702811245,-0.4966302279216258,1.0029851239807055,-0.274870847503195,0.034054721698235785,0.771501075424821,-1.0370398456789414
3,16.14457831325301,-0.5136143938871263,0.9971352269479516,-0.26848145238410165,0.03106719473320918,0.7820958462712281,-1.0282024216811607
3,16.224899598393574,-0.5304500654623304,0.990947534633978,-0.262175574407008,0.02829419975365914,0.7926256398693385,-1.019241734387637
3,16.305220883534137,-0.5471318953510544,0.9844282368037367,-0.2559567438487014,0.02573039688370783,0.8030886391997559,-1.0101586336874444
3,16.3855421686747,-0.563654773974164,0.9775834693527039,-0.249828246212402,0.02337052462705515,0.8134830201865662,-1.000953993979759
3,16.46586345381526,-0.5800138170392153,0.9704193090771704,-0.24379313642664976,0.02120940560328248,0.8238069534658652,-0.9916287146804528
3,16.546184738955823,-0.596204353480998,0.9629417692735887,-0.23785425265016488,0.01924195143014157,0.834058606131163,-0.9821837207037301
3,16.626506024096386,-0.6122219137938906,0.9551567960933172,-0.23201422966087418,0.01746316682532735,0.8442361434547649,-0.9726199629186444
3,16.70682730923695,-0.6280622187783408,0.9470702655746532,-0.22627551180657052,0.01586815300714029,0.8543377305849114,-0.9629384185817934
3,16.78714859437751,-0.6437211686896196,0.9386879813213858,-0.22064036552440192,0.014452110416396598,0.8643615342140216,-0.9531400917377821
3,16.867469879518072,-0.6591948328082067,0.9300156727575648,-0.2151108914102215,0.013210340832424762,0.8743057242184282,-0.9432260135899894
3,16.947791164658636,-0.6744794394358515,0.9210589938925019,-0.20968903583409532,0.01213824895028269,0.8841684752699468,-0.9331972428427843
3,17.028112449799195,-0.6895713663064114,0.9118235225652809,-0.20437660210965172,0.011231343444747558,0.8939479684160629,-0.9230548660100282
3,17.10843373493976,-0.704467131411417,0.9023147601216333,-0.19917526121660878,0.010485237567701184,0.9036423926280258,-0.9127999976893342
3,17.188755020080322,-0.719163384235115,0.8925381314716511,-0.19408656208234829,0.00989564933193245,0.9132499463174633,-0.9024337808035833
3,17.269076305220885,-0.7336568973938293,0.8824989854780487,-0.18911194142818555,0.009458401332956983,0.9227688388220149,-0.8919573868110056
3,17.349397590361445,-0.7479445586585876,0.8722025956761795,-0.18425273319623967,0.009169420198852186,0.9321972918548272,-0.8813720158750317
3,17.429718875502008,-0.762023363362833,0.8616541612640176,-0.17951017755825346,0.009024735736529736,0.9415335409210865,-0.8706788970005473
3,17.51004016064257,-0.7758904071791052,0.8508588083282829,-0.17488542952270525,0.009020479808139931,0.9507758367018104,-0.859879288136423
3,17.59036144578313,-0.7895428792501555,0.8398215912938075,-0.17037956715232688,0.009152884947260404,0.9599224464024825,-0.8489744762410681
3,17.670682730923694,-0.8029780556648158,0.8285474945709536,-0.16599359940129604,0.009418282739895372,0.968971655066112,-0.8379657773108491
3,17.751004016064257,-0.8161932932640226,0.8170414343733046,-0.16172847358750433,0.009813101999602907,0.977921766851527,-0.8268545363729075
3,17.83132530120482,-0.8291860237628877,0.8053082606756253,-0.1575850825151312,0.010333866768827343,0.9867711062780191,-0.8156421274444526
3,17.91164658634538,-0.8419537481750262,0.7933527592954752,-0.1535642712606151,0.010977194162304858,0.9955180194356414,-0.80432995345778
3,17.991967871485944,-0.8544940315277458,0.7811796541261072,-0.14966684362725444,0.011739792016099912,1.0041608751550006,-0.7929194461422071
3,18.072289156626507,-0.866804497854514,0.7687936094346989,-0.1458935682919327,0.012618456444324234,1.012698066146447,-0.7814120658790232
3,18.152610441767067,-0.8788828254479374,0.7561992322585813,-0.14224518465450167,0.013610069260962214,1.0211280101024396,-0.7698093015195437
3,18.23293172690763,-0.8907267423642287,0.7434010748778604,-0.13872240839969788,0.014711595291122252,1.029449150763927,-0.758112670168983
3,18.313253012048193,-0.9023340221672898,0.7304036373579537,-0.13532593678298807,0.015920079578027952,1.0376599589502782,-0.7463237169359818
3,18.393574297188756,-0.9137024798982556,0.7172113701489029,-0.13205645365535043,0.017232644500696934,1.0457589335536066,-0.7344440146496
3,18.473895582329316,-0.924829968256295,0.7038286767278215,-0.12891463424210653,0.01864648681790486,1.0537446024984018,-0.7224751635457264
3,18.55421686746988,-0.9357143739794176,0.690259916278805,-0.12590114968669233,0.020158874644267636,1.0616155236661102,-0.7104187909230727
3,18.634538152610443,-0.946353614428394,0.6765094064420412,-0.12301667135019617,0.021767144319433874,1.0693702857785907,-0.6982765507614751
3,18.714859437751002,-0.9567456343437776,0.6625814260697036,-0.12026187490614694,0.023468697246942383,1.077007509249925,-0.686050123316646
3,18.795180722891565,-0.9668884027759495,0.6484802180213817,-0.1176374442248636,0.02526099666221337,1.0845258470008134,-0.6737412146835952
3,18.87550200803213,-0.9767799101788898,0.6342099919894569,-0.11514407505733212,0.02714156434178218,1.0919239852362224,-0.6613515563312392
3,18.955823293172692,-0.9864181656607327,0.6197749273546693,-0.11278247852507056,0.02910797725388073,1.0992006441858035,-0.64888290460855
3,19.03614457831325,-0.9958011943808276,0.6051791760687112,-0.1105533844267109,0.031157864155024383,1.1063545788075388,-0.6363370402237355
3,19.116465863453815,-1.0049270350827193,0.5904268655598707,-0.10845754437248067,0.03328890213825039,1.1133845794552,-0.6237157676981208
3,19.196787148594378,-1.013793737754028,0.5755221016596975,-0.10649573475578177,0.03549881313626349,1.12028947250981,-0.6110209147959608
3,19.277108433734938,-1.02239936142564,0.5604689715750212,-0.10466875954436733,0.03778536035047754,1.1270681209700073,-0.5982543319254985
3,19.3574297188755,-1.0307419720838167,0.5452715468794509,-0.10297745292294075,0.0401463446395097,1.1337194250067577,-0.5854178915189603
3,19.437751004016064,-1.0388196406945314,0.5299338865344974,-0.1014226817861378,0.04257960085557026,1.1402423224806695,-0.5725134873900674
3,19.518072289156628,-1.0466304413396752,0.5144600399476521,-0.10000534808081038,0.045082994121169576,1.146635789420486,-0.5595430340688213
3,19.598393574297187,-1.0541724494621505,0.49885405006836975,-0.09872639100026719,0.04765441604640829,1.152898840462418,-0.5465084661147777
3,19.67871485943775,-1.061443740215028,0.48311995652487927,-0.09758678903532553,0.0502917808849364,1.159030529250354,-0.5334117374098153
3,19.759036144578314,-1.0684423869086295,0.46726179880338936,-0.0965875618886771,0.05299302162839574,1.1650299487973068,-0.5202548204317848
3,19.839357429718877,-1.0751664595494381,0.45128361947125,-0.09572977225902254,0.05575608603913592,1.170896231808461,-0.5070397055103857
3,19.919678714859437,-1.0816140234820462,0.4351894674559647,-0.0950145274805891,0.05857893260798939,1.1766285509626355,-0.4937684000639539
3,20.0,-1.0877831381367558,0.41898340138625945,-0.09444298101456727,0.061459526431478076,1.1822261191513233,-0.48044292781773734
4,0.0,-0.5012609525077806,-0.09295318441918383,-0.41328027020188884,0.9761514778489343,0.9145412227096692,-0.8831982934297508
4,0.08032128514056225,-0.4932123947652383,-0.10071324757283831,-0.42967684546472196,0.9737146407641752,0.9228892402299601,-0.8730013931913372
4,0.1606425702811245,-0.485138845039348,-0.10827246976423292,-0.44600185556465977,0.9709555327762491,0.9311407006040076,-0.8626830630120166
4,0.24096385542168675,-0.47704566858192543,-0.11563483036136293,-0.4622484255407825,0.9678787611704572,0.9392940941227077,-0.8522439308090947
4,0.321285140562249,-0.46893793751249957,-0.1228044240787303,-0.478409942151451,0.9644890691711867,0.9473478796639504,-0.8416846450924568
4,0.40160642570281124,-0.46082043282890467,-0.12978544576510193,-0.4944800521198535,0.9607913213022455,0.955300484948758,-0.831005875537144
4,0.4819277108433735,-0.4526976471340124,-0.13658217580904047,-0.510452659693077,0.9567904893751934,0.9631503068270891,-0.8202083135661533
4,0.5622489959839357,-0.44457378800998093,-0.1431989661766609,-0.5263219235813095,0.952491639120176,0.9708957115912901,-0.8092926729435154
4,0.642570281124498,-0.43645278196194315,-0.14964022708437225,-0.5420822533551066,0.9478999174641652,0.9785350353170496,-0.7982596903797933
4,0.7228915662650602,-0.42833827888847986,-0.1559104143277457,-0.5577283053378231,0.9430205404755211,0.9860665842263028,-0.7871101261477756
4,0.8032128514056225,-0.42023365700792215,-0.1620140172567231,-0.573254978064005,0.9378587819666907,0.9934886350719271,-0.7758447647099678
4,0.8835341365461847,-0.41214202816474893,-0.16795554738318086,-0.5886574073801571,0.9324199627433256,1.000799435544906,-0.7644644153601451
4,0.963855421686747,-0.4040662434444749,-0.1737395276085873,-0.6039309612596608,0.9267094404894147,1.0079972047041357,-0.7529699128808277
4,1.0441767068273093,-0.3960088991341722,-0.1793704820999419,-0.61907123428189,0.9207326003087837,1.0150801334160622,-0.741362118208842
4,1.1244979919678715,-0.3879723428997105,-0.18485292676523654,-0.6340740419122406,0.9144948458820639,1.022046384811951,-0.7296419191168275
4,1.2048192771084336,-0.379958680125483,-0.19019136030462225,-0.6489354146380214,0.9080015912166852,1.0288940947635041,-0.7178102309120632
4,1.285140562248996,-0.37196978042428747,-0.19539025583793573,-0.6636515919452153,0.9012582529875864,1.0356213723695025,-0.7058679971496509
4,1.3654618473895583,-0.3640072842580521,-0.20045405308950243,-0.6782190161951183,0.8942702434498295,1.04222630045317,-0.6938161903603272
4,1.4457831325301205,-0.3560726096369532,-0.20538715110399267,-0.6926343264327691,0.8870429638981954,1.0487069360697219,-0.6816558127942026
4,1.5261044176706826,-0.3481669588567423,-0.2101939014623901,-0.7068943521679845,0.8795817986451935,1.0550613110247267,-0.6693878971828034
4,1.606425702811245,-0.34029132523410405,-0.21487860196713135,-0.7209961071698184,0.871892109488922,1.0612874324039223,-0.6570135075217908
4,1.6867469879518073,-0.33244649983573166,-0.21944549079122594,-0.7349367832741379,0.8639792306619577,1.0673832831098695,-0.6445337398707318
4,1.7670682730923695,-0.3246330782229046,-0.2238987410991378,-0.7487137441753895,0.8558484642629832,1.073346822398294,-0.6319497231638455
4,1.8473895582329316,-0.31685146706684114,-0.22824245602592058,-0.7623245193645171,0.8475050760777554,1.0791759864313584,-0.619262620051835
4,1.927710843373494,-0.30910189072932315,-0.23248066406217813,-0.775766798104161,0.838954291821991,1.0848686888334846,-0.6064736277598131
4,2.0080321285140563,-0.30138439774657066,-0.23661731479763745,-0.7890384235069698,0.8302012937648802,1.0904228212535412,-0.593583978967243
4,2.0883534136546187,-0.2936988672132943,-0.24065627500770626,-0.8021373867183464,0.8212512177162595,1.0958362539316413,-0.5805949427085535
4,2.1686746987951806,-0.2860450150542621,-0.24460132505436313,-0.8150618212176658,0.8121091503511961,1.1011068362719283,-0.5675078252968333
4,2.248995983935743,-0.2784224001705523,-0.2484561555726005,-0.8278099972521927,0.8027801268456395,1.1062323974227453,-0.5543239712730392
4,2.3293172690763053,-0.2708304304476653,-0.25222436441363977,-0.8403803164179223,0.7932691287967957,1.1112107468655876,-0.541044764383156
4,2.4096385542168672,-0.26326836862661984,-0.2559094538342554,-0.8527713063842415,0.7835810824154463,1.1160396750108614,-0.5276716285811911
4,2.4899598393574296,-0.25573533807515836,-0.25951482796606556,-0.8649816157161584,0.77372085701237,1.1207169537913169,-0.5142060290463045
4,2.570281124497992,-0.24823032836288295,-0.26304379042513487,-0.8770100089129127,0.7636932636695125,1.1252403372757958,-0.5006494732443778
4,2.6506024096385543,-0.24075220071887596,-0.2664995421365984,-0.8888553615689533,0.7535030541483936,1.1296075622878294,-0.4870035120117955
4,2.7309236947791167,-0.2332996933413694,-0.26988517932389483,-0.90051665569403,0.7431549199947374,1.1338163490353996,-0.4732697406708428
4,2.8112449799196786,-0.22587142656370593,-0.27320369165299274,-0.911992975187338,0.732653491828018,1.1378644017510442,-0.45944980017502557
4,2.891566265060241,-0.21846590787946565,-0.2764579605132955,-0.9232835014653178,0.7220033387996637,1.1417494093447837,-0.4455453782863685
4,2.9718875502008033,-0.21108153682885894,-0.2796507574158168,-0.9343875092437188,0.7112089682028685,1.145469046072578,-0.4315582107870519
4,3.0522088353413652,-0.2037166097484842,-0.2827847424892175,-0.9453043624745345,0.7002748252169625,1.1490209722230191,-0.4174900827277452
4,3.1325301204819276,-0.1963693243865855,-0.2858624630543892,-0.9560335104383626,0.6892052927693554,1.1524028348249484,-0.4033428297149663
4,3.21285140562249,-0.18903778440120467,-0.28888635229762594,-0.9665744839696581,0.6780046915259836,1.155612268370863,-0.3891183392283578
4,3.2931726907630523,-0.18172000374150885,-0.2918587280188683,-0.9769268918205675,0.6666772799927361,1.1586468955620766,-0.37481855197386793
4,3.3734939759036147,-0.17441391089978978,-0.29478179139117766,-0.9870904171879836,0.6552272546786342,1.1615043280877737,-0.36044546328745664
4,3.4538152610441766,-0.16711735306844322,-0.2976576257856036,-0.997064814360784,0.6436587503582253,1.1641821674292276,-0.34600112457262183
4,3.534136546184739,-0.15982810019416727,-0.30048819562108064,-1.0068499055025255,0.631975840401791,1.1666780056966932,-0.33148764478071047
4,3.6144578313253013,-0.15254384894016557,-0.30327534523734473,-1.01644557756085,0.6201825371699579,1.1689894265010161,-0.3169071919326133
4,3.694779116465863,-0.14526222656451776,-0.30602079778029767,-1.0258517793000466,0.6082827924639318,1.1711140058645646,-0.30226199468363424
4,3.7751004016064256,-0.13798079472288063,-0.3087261540892467,-1.0350685184532131,0.5962804980225739,1.1730493131760944,-0.2875543439333274
4,3.855421686746988,-0.13069705320368297,-0.31139289157544653,-1.0440958589904688,0.5841794860575406,1.1747929121941523,-0.2727865944820941
4,3.9357429718875503,-0.12340844360413751,-0.3140223630821959,-1.0529339184993038,0.5719835298181951,1.176342362103442,-0.25796116673599934
4,4.016064257028113,-0.11611235296214006,-0.3166157957517428,-1.0615828656596413,0.5596963441995447,1.1776952186217817,-0.243080548447802
4,4.096385542168675,-0.1088061173465835,-0.3191742898591461,-1.0700429178250768,0.5473215863681233,1.1788490351716607,-0.22814729650897725
4,4.176706827309237,-0.10148702541650152,-0.3216988176054148,-1.0783143387039236,0.5348628563979756,1.1798013641204257,-0.21316403879256068
4,4.257028112449799,-0.09415232196334743,-0.3241902218890533,-1.086397436128039,0.5223236979278467,1.180549758091387,-0.19813347603879322
4,4.337349397590361,-0.08679921144379801,-0.3266492150392649,-1.094292559909027,0.5097075988267358,1.1810917713528255,-0.18305838378747052
4,4.417670682730924,-0.07942486151454801,-0.3290763775117899,-1.1020000997761474,0.4970179918665765,1.181424961290696,-0.16794161435478633
4,4.497991967871486,-0.07202640657969439,-0.3314721565438193,-1.1095204833925933,0.4842582553983088,1.1815468899722883,-0.15278609885448938
4,4.578313253012048,-0.06460095136131301,-0.333836864764425,-1.1168541744467892,0.4714317140276037,1.181455125808103,-0.13759484926317875
4,4.658634538152611,-0.05714557450382832,-0.33617067875694834,-1.1240016708153664,0.45854163928650726,1.1811472453191951,-0.12237096052955904
4,4.738955823293173,-0.04965733222281264,-0.3384736375699732,-1.1309635027944,0.445591250297345,1.1806208350172134,-0.10711761272737198
4,4.8192771084337345,-0.04213326201401386,-0.34074564120093953,-1.1377402313861962,0.43258371443699123,1.1798734934002106,-0.09183807323605186
4,4.899598393574297,-0.03457038643179297,-0.3429864490358829,-1.1443324466467748,0.4195221479922801,1.1789028330785682,-0.07653569895639731
4,4.979919678714859,-0.026965716944826957,-0.34519567822793074,-1.1507407660940574,0.4064096167964677,1.177706483038885,-0.06121393856853698
4,5.0602409638554215,-0.01931625788545977,-0.3473728020492913,-1.1569658331655999,0.3932491368597328,1.1762820910510603,-0.04587633481044147
4,5.140562248995984,-0.011619010503702891,-0.3495171482034764,-1.1630083157257882,0.38004367498494523,1.174627326229492,-0.03052652678146875
4,5.220883534136546,-0.0038709771390274747,-0.3516278971078066,-1.1688689046175533,0.36679614936990573,1.1727398817565815,-0.015168252262099044
4,5.301204819277109,0.003930834478368193,-0.35370408015047744,-1.1745483122569047,0.35350943019488223,1.170617477778537,0.00019464995559521914
4,5.381526104417671,0.011789406785132163,-0.35574457792646896,-1.1800472712686003,0.3401863401942706,1.1682578644834687,0.015558237732198402
4,5.461847389558233,0.019707707789489506,-0.3577481184565788,-1.1853665331612577,0.32682965521120466,1.1656588253717686,0.03091846324537409
4,5.542168674698795,0.027688686311446595,-0.35971327539385844,-1.1905068670402168,0.3134421047339434,1.1628181807287705,0.04627117065991504
4,5.622489959839357,0.0357352670458923,-0.3616384662278195,-1.1954690583545005,0.3000263724142375,1.1597337913086085,0.061612093813581965
4,5.7028112449799195,0.0438503454277738,-0.3635219505478294,-1.2002539076599386,0.2865850965789101,1.1564035622321651,0.07693685396891928
4,5.783132530120482,0.052036782300484835,-0.36536182828229014,-1.2048622294286555,0.2731208707125053,1.1528254471281707,0.09224095756978491
4,5.863453815261044,0.060297398371165496,-0.3671560379886981,-1.2092948508813681,0.25963624392632645,1.1489974525102027,0.10751979406237173
4,5.943775100401607,0.06863496843982277,-0.36890235519793185,-1.2135526108452797,0.24613372141095352,1.144917642405457,0.12276863378697844
4,6.024096385542169,0.07705221539096019,-0.3705983908260351,-1.217636358635552,0.23261576487175162,1.140584143244592,0.13798262595428354
4,6.1044176706827304,0.08555180393801103,-0.3722415896724516,-1.2215469529591736,0.2190847929481367,1.1359951490211626,0.15315679672431487
4,6.184738955823293,0.09413633411139805,-0.37382922902033455,-1.2252852608412763,0.20554318161658874,1.1311489267298784,0.16828604740374575
4,6.265060240963855,0.10280833448104093,-0.3753584173545512,-1.2288521565739645,0.19199326457740562,1.1260438220929239,0.18336515277714555
4,6.3453815261044175,0.11157025510413596,-0.3768260932130048,-1.2322485206877072,0.17843733362518666,1.1206782655835716,0.1983887595878181
4,6.42570281124498,0.1204244601916587,-0.3782290242099828,-1.2354752389398018,0.16487763900553634,1.1150507787481436,0.21335138520444644
4,6.506024096385542,0.12937322048869682,-0.3795638062887734,-1.2385332013123915,0.15131638976171713,1.109159980823695,0.22824741652705627
4,6.586345381526105,0.13841870535597148,-0.38082686313453046,-1.2414233010431663,0.13775575406174734,1.1030045956871952,0.24307110907278312
4,6.666666666666667,0.14756297456059383,-0.3820144458590303,-1.2441464336674057,0.12419785951647422,1.0965834591068122,0.25781658634255616
4,6.746987951807229,0.156807969766142,-0.38312263295610394,-1.2467034960787076,0.11064479348520125,1.089895526312566,0.27247783947090276
4,6.827309236947791,0.16615550572514326,-0.38414733056965167,-1.2490953856057787,0.09709860337097333,1.0829398798806358,0.2870487271986784
4,6.907630522088353,0.17560726117668823,-0.385084273102262,-1.2513229991068175,0.08356129690615963,1.0757157379301296,0.3015229761961024
4,6.9879518072289155,0.18516476945186316,-0.38592902419212016,-1.2533872320831114,0.07003484242894095,1.0682224626312486,0.3158941817631792
4,7.068273092369478,0.19482940878969018,-0.38667697808589196,-1.2552889778134713,0.05652116915130219,1.0604595690237815,0.3301558089345897
4,7.14859437751004,0.2046023923777837,-0.387323361458714,-1.2570291265067381,0.043022167420400576,1.052426734128955,0.34430119403831333
4,7.228915662650603,0.21448475815607312,-0.3878632357778216,-1.2586085644622858,0.02953968897748721,1.044123806306213,0.3583235468003344
4,7.309236947791165,0.22447735834155325,-0.3882915001217419,-1.2600281732636471,0.01607554720841651,1.0355508149220942,0.37221595291332543
4,7.389558232931726,0.2345808487436835,-0.38860289458903113,-1.2612888289874293,0.0026315173933430316,1.0267079802437464,0.38597137719568814
4,7.469879518072289,0.24479567787359086,-0.388792004312341,-1.2623914014338504,-0.010790663045969984,1.0175957235602602,0.399582667358311
4,7.550200803212851,0.2551220758847617,-0.388853264134003,-1.2633367533768924,-0.024189294299256675,1.0082146774921312,0.4130425584332596
4,7.6305220883534135,0.26556004337442335,-0.3887809639732652,-1.2641257398368944,-0.037562713919830584,0.9985656964624713,0.4263436778930956
4,7.710843373493976,0.27610934007427157,-0.3885692549141642,-1.2647592073786247,-0.05090929657425511,0.9886498673043534,0.43947855148841913
4,7.791164658634538,0.28676947345920323,-0.38821215604301446,-1.265237993437877,-0.06422745378821706,0.9784685199786741,0.4524396098312314
4,7.871485943775101,0.2975396873401676,-0.38770356210356044,-1.2655629256730423,-0.07751563368718394,0.9680232383328752,0.46521919579074417
4,7.951807228915663,0.3084189505664345,-0.3870372520873054,-1.2657348213292274,-0.09077232072996315,0.9573158707627933,0.47780957281726827
4,8.032128514056225,0.3194059457197843,-0.38620689860072505,-1.2657544866485233,-0.103996035434577,0.9463485409287392,0.49020293403530163
4,8.112449799196787,0.3304990580018067,-0.38520607818568464,-1.2656227163027602,-0.11718533409254135,0.9351236583009539,0.5023914122782254
4,8.19277108433735,0.34169636433644024,-0.384028282587656,-1.2653402928574016,-0.13033880847224136,0.9236439285209616,0.5143670910598965
4,8.273092369477911,0.352995622783849,-0.38266693101579985,-1.2649079862640458,-0.14345508551021435,0.9119123634801969,0.5261220165260133
4,8.353413654618475,0.3643942623271608,-0.38111538339294665,-1.2643265533855343,-0.1565328269874386,0.8999322910583738,0.5376482103803846
4,8.433734939759036,0.3758893730923621,-0.37936695459216524,-1.2635967375578756,-0.16957072918769917,0.887707364465514,0.548937683779864
4,8.514056224899598,0.3874776970617342,-0.3774149296566586,-1.2627192681931887,-0.18256752253512484,0.875241571131455,0.5599824521917832
4,8.594377510040161,0.3991556194852883,-0.3752525800880376,-1.2616948604111649,-0.19552197121528006,0.8625392409258769,0.5707745513033173
4,8.674698795180722,0.4109191610973659,-0.37287318119604834,-1.260524214697751,-0.20843287277877384,0.8496050536003855,0.5813060539748218
4,8.755020080321286,0.422763970998416,-0.37027003033564715,-1.2592080166211252,-0.221299057713692,0.8364440456227097,0.5915690880493386
4,8.835341365461847,0.43468532053688314,-0.36743646616123676,-1.257746936578361,-0.23411938899509604,0.8230616160414782,0.6015558551563323
4,8.91566265060241,0.4466780982335274,-0.36436588882990373,-1.2561416295812569,-0.24689276161019008,0.8094635313477297,0.6112586504400931
4,8.995983935742972,0.4587368058644241,-0.3610517811104329,-1.2543927350801152,-0.25961810205774577,0.7956559292156913,0.6206698831681781
4,9.076305220883533,0.4708555557631406,-0.35748773031579223,-1.2525008768302424,-0.2722943678165274,0.781645321067102,0.6297820981323191
4,9.156626506024097,0.48302806940257287,-0.3536674509767829,-1.2504666628059502,-0.28492054677744283,0.7674385934033775,0.6385879977542254
4,9.236947791164658,0.4952476774013815,-0.3495848082068579,-1.2482906851590365,-0.2974956566415707,0.7530430077576553,0.6470804648484282
4,9.317269076305221,0.5075073213090812,-0.34523384176981403,-1.2459735201967004,-0.3100187443061985,0.7384661988876193,0.6552525860760121
4,9.397590361445783,0.5197995567473515,-0.3406087905305915,-1.2435157284259508,-0.32248888519415914,0.7237161716785996,0.6630976757247502
4,9.477911646586346,0.532116558341841,-0.33570411732364003,-1.2409178546329531,-0.3349051825531105,0.7088012962911122,0.67060929987675
4,9.558232931726907,0.5444501264550436,-0.33051453408236053,-1.238180428003978,-0.34726676672022067,0.6937303015489346,0.6777813008025806
4,9.638554216867469,0.5567916958101419,-0.3250350270983814,-1.235303962285004,-0.3595727943545588,0.6785122664748622,0.6846078214529396
4,9.718875502008032,0.5691323459926383,-0.3192608822403074,-1.232288955983926,-0.37182244762993943,0.6631566099912881,0.6910833298702463
4,9.799196787148594,0.581462813811315,-0.3131877099595126,-1.2291358926197873,-0.38401493338051274,0.6476730788084726,0.6972026433400249
4,9.879518072289157,0.5937735076068347,-0.3068114699356447,-1.2258452410153073,-0.39614948220369295,0.6320717334084729,0.7029609521393372
4,9.959839357429718,0.606054523832177,-0.30012849526736896,-1.222417455605869,-0.4082253475576854,0.6163629317736923,0.708353842825054
4,10.040160642570282,0.6182956652967502,-0.2931355158703364,-1.218852976809591,-0.4202418047878158,0.6005573115128411,0.713377320658152
4,10.120481927710843,0.6304864614329415,-0.28582968101584777,-1.215152231427874,-0.43219815012180285,0.5846657699949325,0.7180278311376503
4,10.200803212851406,0.6426161904881498,-0.2782085807882627,-1.2113156330811214,-0.4440936996289587,0.5686994425929718,0.7223022804172212
4,10.281124497991968,0.6546739036248209,-0.2702702662877458,-1.2073435826751817,-0.4559277881505202,0.5526696790503607,0.7261980544382658
4,10.36144578313253,0.6666484507558311,-0.2620132683921468,-1.2032364689009265,-0.4676997681925279,0.5365880181450954,0.7297130365846745
4,10.441767068273093,0.6785285079364329,-0.25343661489061337,-1.1989946687698003,-0.4794090087719878,0.5204661608333676,0.7328456236626008
4,10.522088353413654,0.6903026061822316,-0.24453984580799634,-1.1946185481857836,-0.49105489421325,0.5043159420035522,0.7355947400212459
4,10.602409638554217,0.7019591620954267,-0.2353230268402327,-1.1901084625223428,-0.5026368229626651,0.4881493004269164,0.7379598498028974
4,10.682730923694779,0.7134865094392365,-0.22578676064561398,-1.1854647572380894,-0.5141542063407611,0.47197824779885333,0.7399409669863747
4,10.763052208835342,0.7248729317685425,-0.21593219592637006,-1.1806877685191848,-0.5256064672643934,0.4558148367506428,0.741538663190763
4,10.843373493975903,0.7361066958977283,-0.20576103418033728,-1.1757778239388597,-0.5369930389377687,0.4396711280411318,0.7427540731181054
4,10.923694779116467,0.7471760861332639,-0.1952755339852057,-1.170735243135198,-0.5483133635311048,0.42355915700193447,0.74358889751631
4,11.004016064257028,0.7580694390093642,-0.18447851277186156,-1.1655603385049331,-0.559566890845331,0.40749089949556894,0.744045403617192
4,11.08433734939759,0.7687751782132217,-0.17337334604292925,-1.1602534159125795,-0.5707530769549296,0.39147823769935786,0.7441264229978583
4,11.164658634538153,0.7792818493863009,-0.16196396399262922,-1.154814775414245,-0.581871382821005,0.37553292602794425,0.7438353468136337
4,11.244979919678714,0.789578154488191,-0.15025484548406082,-1.149244711995448,-0.5929212728666733,0.3596665575072572,0.7431761183507337
4,11.325301204819278,0.7996529858838763,-0.13825100942131877,-1.1435435163155365,-0.6039022135635002,0.34389053043166024,0.7421532229848185
4,11.405622489959839,0.8094954604105493,-0.12595800366945348,-1.1377114754419144,-0.6148136720976862,0.3282160150313651,0.7407716757671393
4,11.485943775100402,0.8190949512978739,-0.11338189137031213,-1.1317488736163959,-0.6256551148898174,0.31265392231852196,0.7390370062601291
4,11.566265060240964,0.8284411195978474,-0.10052923492275367,-1.1256559930067416,-0.6364260061926927,0.29721487340889424,0.7369552411154461
4,11.646586345381525,0.8375239440957177,-0.08740707764372672,-1.1194331144595695,-0.647125806676354,0.28190917036385177,0.7345328843200803
4,11.726907630522089,0.8463337496910108,-0.0740229233042382,-1.1130805182578878,-0.657753972022289,0.2667467685668769,0.7317768953265268
4,11.80722891566265,0.8548612340508195,-0.06038471368631057,-1.1065984848779242,-0.6683099515285092,0.25173725082710463,0.7286946652148194
4,11.887550200803213,0.8630974923331289,-0.046500804306275706,-1.0999872957399404,-0.6787931867266921,0.23688980340681137,0.7252939910329672
4,11.967871485943775,0.871034039777946,-0.032379938449763154,-1.0932472339477264,-0.6892031100125725,0.22221319416978044,0.721583048462335
4,12.048192771084338,0.8786628319654521,-0.018031219664675944,-1.086378585011561,-0.6995391432908304,0.207715753046109,0.7175703629555058
4,12.1285140562249,0.8859762831165139,-0.0034640832106414172,-1.0793816375859402,-0.7098006966571933,0.19340535446942636,0.713264779867834
4,12.208835341365461,0.8929672821830561,0.011311733425150135,-1.0722566842070709,-0.7199871671132777,0.17928940202401486,0.7086754336881269
4,12.289156626506024,0.8996292059241038,0.026286221151470834,-1.0650040219840093,-0.7300979372851285,0.16537481605990562,0.7038117161336569
4,12.369477911646586,0.905955929967395,0.0414491302851648,-1.0576239533014957,-0.7401323741971005,0.15166802333410073,0.6986832439119351
4,12.449799196787149,0.9119418373175522,0.05679000192888513,-1.0501167865097392,-0.750089828072709,0.13817494919218692,0.6932998261438232
4,12.53012048192771,0.9175818244366604,0.07229819946689817,-1.042482836605443,-0.7599696311711028,0.12490101216878273,0.6876714317042042
4,12.610441767068274,0.9228713049318217,0.08796294003060012,-1.0347224258987835,-0.7697710966676091,0.1118511209669619,0.6818081566370086
4,12.690763052208835,0.9278062108842414,0.1037733257853701,-1.0268358846610561,-0.7794935175867737,0.09902967377681482,0.6757201918014031
4,12.771084337349398,0.9323829919070995,0.1197183747149657,-1.0188235517625768,-0.7891361657781476,0.08644055985547724,0.6694177910631813
4,12.85140562248996,0.9365986120960882,0.13578705054219878,-1.0106857753189333,-0.7986982909157124,0.07408716322284514,0.662911240373513
4,12.931726907630521,0.9404505448287885,0.1519682921561261,-1.0024229132990166,-0.8081791195771256,0.06197236847022804,0.6562108274209988
4,13.012048192771084,0.9439367656644835,0.16825104197286167,-0.9940353341328597,-0.8175778543640351,0.050098568468376285,0.6493268123911725
4,13.092369477911646,0.9470557434189435,0.1846242731869931,-0.9855234173079515,-0.8268936730724181,0.03846767388900815,0.642269399885424
4,13.17269076305221,0.9498064295664027,0.2010770157727878,-0.976887553957296,-0.8361257279108526,0.027081124390893455,0.6350487121380639
4,13.25301204819277,0.9521882461138758,0.2175983812114151,-0.9681281474361877,-0.8452731447760039,0.015939901322312044,0.6276747635645881
4,13.333333333333334,0.9542010720928519,0.23417758592095028,-0.9592456138846192,-0.8543350225946684,0.005044541791767332,0.6201574366737175
4,13.413654618473895,0.9558452288239401,0.25080397323216774,-0.9502403827791093,-0.8633104327246814,-0.005604846044830764,0.6125064594925131
4,13.493975903614459,0.9571214641324317,0.26746703352142637,-0.9411128974946136,-0.8721984183696257,-0.016008566637818106,0.6047313848481988
4,13.57429718875502,0.9580309356335044,0.28415642315602013,-0.9318636158393299,-0.8809979940925421,-0.026167319794174543,0.5968415709365215
4,13.654618473895582,0.9585751932469573,0.30086198176128987,-0.922493010590514,-0.8897081453721423,-0.036082182656443404,0.5888461636108518
4,13.734939759036145,0.9587561610995667,0.31757374791622267,-0.9130015700239099,-0.8983278282153587,-0.04575459107565695,0.5807540802991356
4,13.815261044176706,0.9585761189664939,0.33428197320290237,-0.9033897984395253,-0.9068559688154435,-0.055186320526968785,0.5725739956125406
4,13.89558232931727,0.9580376833711888,0.35097713470006364,-0.8936582166836647,-0.9152914632622259,-0.06437946668752413,0.5643143285621618
4,13.975903614457831,0.9571437884626199,0.36764994601682566,-0.8838073626669061,-0.9236331773118281,-0.07333642579571385,0.5559832312950018
4,14.056224899598394,0.9558976667886628,0.3842913669627048,-0.8738377918776927,-0.9318799462231446,-0.08205987491097007,0.5475885792604392
4,14.136546184738956,0.9543028301026073,0.4008926117550843,-0.8637500778942615,-0.940030574644171,-0.09055275220834585,0.539137962889086
4,14.216867469879517,0.9523630503410432,0.41744515533729826,-0.8535448129056307,-0.9480838364838934,-0.09881823743541251,0.5306386811465945
4,14.29718875502008,0.9500823407630212,0.43394073904495845,-0.8432226082210336,-0.9560384749110806,-0.10685973254198783,0.5220977358661217
4,14.377510040160642,0.9474649374047543,0.4503713747214967,-0.8327840947864502,-0.963893202365421,-0.11468084261830444,0.513521827643924
4,14.457831325301205,0.9445152809166912,0.46672934768810254,-0.8222299237029036,-0.9716467006176233,-0.122285357213788,0.5049173529295206
4,14.538152610441767,0.9412379988668247,0.48300721855629497,-0.8115607667463222,-0.9792976208665514,-0.1296772321205029,0.4962904023102561
4,14.61847389558233,0.9376378885473168,0.4991978239934616,-0.8007773168908531,-0.9868445838759052,-0.13686057165646406,0.48764675988244316
4,14.698795180722891,0.9337199003202876,0.5152942765604948,-0.7898802888374414,-0.9942861801540139,-0.1438396114828464,0.4789919035935185
4,14.779116465863453,0.9294891215386063,0.5312899637406775,-0.7788704195494731,-1.0016209701803187,-0.1506187019891333,0.4703310064396405
4,14.859437751004016,0.9249507610944123,0.5471785461951443,-0.7677484687952175,-1.0088474846724187,-0.15720229229919494,0.4616689384772736
4,14.939759036144578,0.9201101347126749,0.5629539548622399,-0.756515219687317,-1.015964224837955,-0.16359491502535795,0.4530102699757144
4,15.02008032128514,0.9149726508170334,0.5786103878536059,-0.7451714792404175,-1.0229696627096663,-0.16980117157661595,0.4443592748560596
4,15.100401606425702,0.9095437971107273,0.5941423065925612,-0.7337180789333773,-1.0298622414934733,-0.17582571817735,0.43571993490091115
4,15.180722891566266,0.9038291278556855,0.6095444314114489,-0.7221558752802222,-1.036640375942573,-0.1816732525754633,0.4270959445311231
4,15.261044176706827,0.8978342518555043,0.6248117366799443,-0.7104857504092487,-1.0433024527562347,-0.1873485014462557,0.41849071607628924
4,15.34136546184739,0.8915648211298262,0.6399394455284484,-0.6987086126521052,-1.0498468310026008,-0.19285620847772114,0.40990738547415134
4,15.421686746987952,0.8850265202637946,0.6549230242464823,-0.6868253971451703,-1.0562718425666262,-0.19820112311862442,0.40134881832014313
4,15.502008032128513,0.8782250564173466,0.6697581764330697,-0.674837066445305,-1.0625757926239434,-0.20338798997204177,0.39281761619087296
4,15.582329317269076,0.8711661500321382,0.6844408368205801,-0.6627446111511814,-1.0687569601233655,-0.20842153888095677,0.3843161233027847
4,15.662650602409638,0.8638555261814194,0.6989671649135808,-0.6505490505378976,-1.0748135982872324,-0.21330647564352184,0.3758464333736507
4,15.742971887550201,0.8562989065179087,0.7133335385552221,-0.6382514332096209,-1.0807439351369614,-0.21804747330828805,0.36741039658173835
4,15.823293172690763,0.8485020018417463,0.7275365473369179,-0.6258528377639009,-1.086546174028589,-0.22264916407784544,0.35900962669166997
4,15.903614457831326,0.8404705052561436,0.7415729859440802,-0.6133543734697625,-1.0922184942013808,-0.2271161317863813,0.35064550825729923
4,15.983935742971887,0.8322100858869723,0.7554398474611053,-0.6007571809601894,-1.0977590513379973,-0.2314529049267832,0.34231920387689063
4,16.06425702811245,0.8237263831343836,0.7691343166754115,-0.5880624329413541,-1.1031659781370873,-0.23566395019302983,0.33403166146167435
4,16.14457831325301,0.8150250014245679,0.7826537634203099,-0.5752713349209625,-1.1084373848991702,-0.23975366650360566,0.325783621478859
4,16.224899598393574,0.8061115054395608,0.7959957359796789,-0.5623851259556836,-1.1135713601242183,-0.24372637948387735,0.3175756241445382
4,16.305220883534137,0.7969914158568975,0.8091579544803179,-0.5494050794054511,-1.1185659711062783,-0.2475863364514466,0.3094080166259591
4,16.3855421686747,0.7876702054773492,0.8221383044560377,-0.5363325037176164,-1.1234192645479841,-0.25133770175973297,0.30128096009194516
4,16.46586345381526,0.7781532957739179,0.8349348304902182,-0.5231687432277808,-1.1281292671807241,-0.25498455254613717,0.29319443669050455
4,16.546184738955823,0.7684460538267385,0.8475457299766436,-0.5099151789815024,-1.1326939863927388,-0.25853087484523607,0.28514825641609387
4,16.626506024096386,0.7585537896231329,0.8599693470108843,-0.49657322957579536,-1.137111410863418,-0.2619805600473377,0.27714206385253215
4,16.70682730923695,0.7484817536971796,0.8722041664215114,-0.4831443520222005,-1.141379511204848,-0.2653374016749794,0.26917534478333505
4,16.78714859437751,0.7382351350811752,0.8842488079535324,-0.4696300426337788,-1.1454962406122127,-0.2686050924473969,0.2612474326586789
4,16.867469879518072,0.7278190595413548,0.8961020206164564,-0.45603183793835944,-1.1494595355246509,-0.2717872216029959,0.25335751490819325
4,16.947791164658636,0.7172385880725038,0.9077626772069164,-0.44235131561972996,-1.153267316297586,-0.27488727245277444,0.24550463909066841
4,17.028112449799195,0.7064987156830547,0.9192297689542647,-0.42859009547303106,-1.1569174878740067,-0.2779086202100241,0.2376877189197408
4,17.10843373493976,0.6956043703898681,0.9305024003609913,-0.41474984039397167,-1.1604079404715604,-0.28085452999589705,0.22990554011056785
4,17.188755020080322,0.684560412411739,0.941579784224727,-0.40083225739845024,-1.163736550283593,-0.28372815501328935,0.22215676605886484
4,17.269076305220885,0.6733716335700576,0.9524612368151447,-0.3868390986684732,-1.1669011801903821,-0.2865325349015849,0.214439943375236
4,17.349397590361445,0.6620427568653092,0.9631461732242194,-0.37277216262767066,-1.1698996804832427,-0.2892705942376391,0.20675350725902197
4,17.429718875502008,0.6505784362173861,0.9736341028837229,-0.3586332950466972,-1.1727298896026996,-0.29194514117068937,0.19909578671897524
4,17.51004016064257,0.6389832563526052,0.9839246252492296,-0.3444243901806599,-1.1753896348935953,-0.2945588661719459,0.1914650096443642
4,17.59036144578313,0.6272617328203131,0.9940174256499162,-0.3301473919406914,-1.1778767333800109,-0.29711434087962213,0.18385930773009324
4,17.670682730923694,0.6154183121219655,1.0039122713034307,-0.3158042951018066,-1.1801889925628688,-0.2996140170201595,0.17627672125943666
4,17.751004016064257,0.603457371944844,1.0136090074884936,-0.30139714654573807,-1.1823242112402845,-0.3020602253991064,0.1687152037517893
4,17.83132530120482,0.5913832215262202,1.0231075538466416,-0.28692804652692566,-1.1842801803426315,-0.30445517499929514,0.16117262649598843
4,17.91164658634538,0.5792001020591607,1.0324079008648148,-0.27239914999129755,-1.1860546838085186,-0.3068009520678639,0.15364678294370224
4,17.991967871485944,0.5669121871903654,1.0415101064877639,-0.25781266792581786,-1.187645499486666,-0.3090995192645484,0.14613539299890066
4,18.072289156626507,0.5545235835815039,1.0504142928717444,-0.24317086874751112,-1.1890504000724413,-0.3113527148339936,0.13863610720069539
4,18.152610441767067,0.5420383315275377,1.0591206432726534,-0.22847607973076606,-1.1902671540805865,-0.31356225179677255,0.1311465108079316
4,18.23293172690763,0.5294604056245042,1.0676293990635788,-0.2137306884739186,-1.1912935268584672,-0.3157297171505866,0.12366412779488686
4,18.313253012048193,0.5167937154782279,1.0759408568775115,-0.19893714440654275,-1.192127281644543,-0.3178565710716862,0.1161864247670299
4,18.393574297188756,0.5040421064454081,1.0840553658709748,-0.18409796033885964,-1.1927661806767587,-0.3199441461065493,0.10871081480578264
4,18.473895582329316,0.4912093603985526,1.0919733251043178,-0.16921571405469707,-1.1932079863555596,-0.32199364634385635,0.10123466125124046
4,18.55421686746988,0.4782991965181447,1.0996951810279008,-0.15429304994249804,-1.1934504624618267,-0.32400614657564747,0.09375528143392473
4,18.634538152610443,0.46531527211550516,1.107221425066874,-0.13933268066064408,-1.1934913754332166,-0.32598259145486197,0.0862699503663413
4,18.714859437751002,0.4522611834447261,1.1145525913179817,-0.12433738885720996,-1.1933284957166086,-0.327923794587517,0.07877590439862545
4,18.795180722891565,0.43914046653657224,1.1216892543337593,-0.1093100289229759,-1.1929595991892832,-0.32983043761359737,0.0712703448555224
4,18.87550200803213,0.4259565980339804,1.1286320269981502,-0.09425352878635387,-1.1923824686597246,-0.3317030692476276,0.06375044166157307
4,18.955823293172692,0.4127129960296427,1.1353815584861324,-0.07917089174635458,-1.1915948954521784,-0.33354210428328923,0.056213336966044615
4,19.03614457831325,0.3994130209021963,1.141938532303663,-0.06406519834288817,-1.1905946810821106,-0.33534782255930917,0.04865614877844625
4,19.116465863453815,0.38605997614749066,1.1483036644042741,-0.0489396082636927,-1.1893796390297302,-0.33712036788379884,0.041075974625454884
4,19.196787148594378,0.372657109201422,1.154477701378646,-0.03379736228720359,-1.1879475966187323,-0.33885974691421916,0.03346989524008501
4,19.277108433734938,0.3592076122508039,1.1604614187134947,-0.018641784260652827,-1.1862963970074212,-0.3405658279901517,0.025834978293925184
4,19.3574297188755,0.3457146230354819,1.1662556191115667,-0.0034762831045889245,-1.1844239012964228,-0.34223833993089364,0.018168282184854764
4,19.437751004016064,0.33218122564743247,1.1718611308654154,0.011695645168298845,-1.1823279907592388,-0.343876870815732,0.01046685989382198
4,19.518072289156628,0.3186104512984279,1.177278806299291,0.026870415391576412,-1.1800065692154194,-0.345480866690005,0.00272776291612694
4,19.598393574297187,0.30500527908180125,1.182509520257269,0.04204435117669239,-1.1774575655412776,-0.3470496302584944,-0.005051954715992863
4,19.67871485943775,0.2913686367156593,1.1875541686418414,0.05721368282922713,-1.1746789363325008,-0.34858231954488716,-0.012875232309341927
4,19.759036144578314,0.2777034012689784,1.1924136669979977,0.07237454525851181,-1.1716686687260172,-0.35007794652749097,-0.020744998271981833
4,19.839357429718877,0.2640123998695529,1.197088949140661,0.0875229758863397,-1.16842478339036,-0.35153537575589333,-0.028664165750302416
4,19.919678714859437,0.2502984103927228,1.2015809658233811,0.10265491256039136,-1.1649453376938101,-0.35295332295311493,-0.03663562812957233
4,20.0,0.23656416212979098,1.2058906834461909,0.11776619147801287,-1.1612284290595905,-0.3543303536078045,-0.04466225438660176
5,0.0,0.09057610183363127,0.6059429694649641,1.0516368289333318,-0.42637174249231935,-1.1422129307669628,-0.17957122697264466
5,0.08032128514056225,0.07924030384501789,0.6070843140706863,1.0588276871754259,-0.41440040965093994,-1.1380679910204436,-0.1926839044197464
5,0.1606425702811245,0.06789909640574376,0.6081098837674923,1.0658378885591713,-0.4023486620242211,-1.1337369849649146,-0.20576122174327105
5,0.24096385542168675,0.05655230437211836,0.6090199666388659,1.0726671836339003,-0.39021972105482156,-1.1292194880060185,-0.21880024558404423
5,0.321285140562249,0.045199736424598465,0.6098147741663256,1.079315378683974,-0.3780167738553892,-1.1245151151085722,-0.2317980003109363
5,0.40160642570281124,0.03384118894263747,0.6104944406616178,1.0857823337295114,-0.3657429724607357,-1.1196235226721487,-0.244751468200882
5,0.4819277108433735,0.02247644989374515,0.6110590228363773,1.092067960554329,-0.35340143315738104,-1.114544410448074,-0.2576575896789961
5,0.5622489959839357,0.011105302731617313,0.6115084995157645,1.0981722207597118,-0.3409952358900995,-1.1092775234913288,-0.2705132636256647
5,0.642570281124498,-0.0002724696963291931,0.6118427714823989,1.1040951238497578,-0.3285274237360626,-1.1038226541534284,-0.2833153477463359
5,0.7228915662650602,-0.011657081236867102,0.6120616614605995,1.1098367253482566,-0.3160010024478803,-1.0981796441113891,-0.29606065901271883
5,0.8032128514056225,-0.023048738517550266,0.6121649142420085,1.1153971249479742,-0.3034189400628046,-1.0923483864304235,-0.3087459741792033
5,0.8835341365461847,-0.03444763703489262,0.6121521969522065,1.1207764646935614,-0.2907841665746996,-1.0863288276586684,-0.3213680303775064
5,0.963855421686747,-0.04585395724704128,0.6120230994579329,1.1259749271993003,-0.278099573665382,-1.0801209699522587,-0.33392352579255025
5,1.0441767068273093,-0.05726786067385012,0.6117771349145175,1.1309927339029058,-0.2653680144919381,-1.0737248732290554,-0.3464091204225788
5,1.1244979919678715,-0.06868948600726037,0.6114137404531367,1.1358301433565972,-0.2525923035266192,-1.0671406573493367,-0.3588214369265169
5,1.2048192771084336,-0.08011894523489535,0.6109322780075022,1.140487449556658,-0.23977521644592226,-1.0603685043217626,-0.37115706156157946
5,1.285140562248996,-0.09155631977977477,0.610332035279594,1.144964980312697,-0.22691949006545867,-1.0534086605329223,-0.3834125452141349
5,1.3654618473895583,-0.10300165665908045,0.6096122268441121,1.1492630956578052,-0.2140278223172465,-1.0462614389987248,-0.3955844045268652
5,1.4457831325301205,-0.11445496468136972,0.608771995439213,1.1533821862819151,-0.20110287229041973,-1.0389272216005454,-0.40766912314879294
5,1.5261044176706826,-0.12591621066712974,0.6078104133923002,1.1573226720087306,-0.18814726030952428,-1.0314064613416007,-0.4196631530827757
5,1.606425702811245,-0.13738531569191284,0.606726484147555,1.1610850003313378,-0.1751635680208783,-1.0236996846394248,-0.4315629161266764
5,1.6867469879518073,-0.14886215137852116,0.6055191439854971,1.164669644967523,-0.16215433854335087,-1.0158074935890016,-0.4433648054421459
5,1.7670682730923695,-0.1603465362263822,0.6041872638795207,1.1680771044600842,-0.14912207664660698,-1.0077305682337017,-0.45506518723291345
5,1.8473895582329316,-0.17183823199125423,0.6027296515081176,1.1713079008157445,-0.13606924896131445,-0.99946966882449,-0.466660402546803
5,1.927710843373494,-0.1833369401200088,0.6011450534223424,1.1743625781826261,-0.12299828421972409,-0.9910256380626169,-0.478146769202618
5,2.0080321285140563,-0.1948422982452389,0.5994321573680708,1.1772417015662495,-0.109911573525035,-0.9823994033210103,-0.4895205838430355
5,2.0883534136546187,-0.20635387674443978,0.5975895947626082,1.1799458555840197,-0.09681147064795512,-0.9735919788395795,-0.5007781241146527
5,2.1686746987951806,-0.21787117536851047,0.5956159433251972,1.182475643258159,-0.08370029234886936,-0.9646044678896482,-0.5119156509763274
5,2.248995983935743,-0.22939361994432433,0.593509729860981,1.1848316848470528,-0.07058031872402604,-0.9554380649027282,-0.5229294111369547
5,2.3293172690763053,-0.2409205591561147,0.5912694331979744,1.1870146167149667,-0.057453793574153506,-0.9460940575588518,-0.5338156396238206
5,2.4096385542168672,-0.2524512614112183,0.5888934872771739,1.1890250902399593,-0.04432292479389629,-0.936573828828741,-0.5445705624832773
5,2.4899598393574296,-0.2639849118579592,0.5863802844402697,1.1908637707490193,-0.031189884781063333,-0.92687885889106,-0.5551903996592061
5,2.570281124497992,-0.2755206094706935,0.5837281788424804,1.1925313364975512,-0.01805681086641402,-0.9170107270268577,-0.5656713679760662
5,2.6506024096385543,-0.28705736423345196,0.5809354900080032,1.1940284776874392,-0.004925805755020295,-0.9069711134539874,-0.5760096842529826
5,2.7309236947791167,-0.29859409446956964,0.5780005065574931,1.1953558955151962,0.00820106200974726,-0.8967618010456266,-0.5862015685672401
5,2.8112449799196786,-0.3101296242917673,0.57492149008098,1.1965143012574773,0.021321757567540373,-0.8863846769657103,-0.5962432476485203
5,2.891566265060241,-0.3216626811991652,0.5716966791658519,1.1975044153904415,0.03443427924992375,-0.8758417341912766,-0.6061309584157757
5,2.9718875502008033,-0.33319189382740555,0.5683242935744404,1.1983269667427932,0.0475366580768727,-0.8651350729153879,-0.6158609516513132
5,3.0522088353413652,-0.3447157898580613,0.564802538565741,1.1989826916823476,0.06062695724091789,-0.8542669018242868,-0.6254294958066592
5,3.1325301204819276,-0.3562327940935073,0.5611296093558029,1.1994723333359578,0.07370327157897491,-0.8432395392424508,-0.6348328809347781
5,3.21285140562249,-0.36774122670343057,0.5573036957113194,1.1997966408426384,0.08676372703189675,-0.832055414139208,-0.6440674227432165
5,3.2931726907630523,-0.37923930164915687,0.553322986670956,1.19995636863973,0.09980648009178891,-0.8207170669905732,-0.6531294667627452
5,3.3734939759036147,-0.3907251252919701,0.5491856753889459,1.1999522757819383,0.11282971723712487,-0.8092271504899681,-0.6620153926260709
5,3.4538152610441766,-0.4021966952081345,0.5448899641007263,1.1997851252913991,0.12583165435915136,-0.7975884300832646,-0.6707216184598778
5,3.534136546184739,-0.41365189934140495,0.5404340692400788,1.1994556835261947,0.1388105362052946,-0.7858037841847897,-0.6792446054453735
5,3.6144578313253013,-0.42508851520546914,0.5358162265994066,1.1989647195975381,0.15176463577981547,-0.7738762043920691,-0.6875808623792222
5,3.694779116465863,-0.43650420939607165,0.5310346966119163,1.1983130048081585,0.16469225375266175,-0.761808795412087,-0.6957269503645781
5,3.7751004016064256,-0.4478965373305924,0.5260877697150449,1.1975013121216123,0.17759171785690903,-0.74960477479102,-0.7036794875719541
5,3.855421686746988,-0.45926294323950456,0.5209737717901038,1.1965304156607344,0.19046138228080295,-0.73726747242123,-0.711435154070907
5,3.9357429718875503,-0.4706007604249648,0.5156910696686554,1.1954010902338699,0.20329962705633142,-0.7248003298089052,-0.7189906967249869
5,4.016064257028113,-0.4819072117878389,0.5102380766915218,1.194114110888953,0.21610485744321933,-0.712206899101114,-0.726342934134741
5,4.096385542168675,-0.49317941062446286,0.5046132583063138,1.1926702524955006,0.22887550330723982,-0.6994908418710377,-0.7334887616135535
5,4.176706827309237,-0.5044143616944419,0.49881513768937685,1.1910702893545877,0.24161001849173488,-0.6866559276601456,-0.7404251561811116
5,4.257028112449799,-0.5156089625607904,0.4928423013780443,1.1893149948368695,0.2543068801812395,-0.673706032276079,-0.7471491815592837
5,4.337349397590361,-0.5267600052037125,0.48669340489909146,1.187405141048719,0.2669645882561024,-0.6606451358450063,-0.7536579931551938
5,4.417670682730924,-0.5378641779244017,0.4803671783810637,1.1853414985251076,0.279581664641192,-0.6474773206007056,-0.7599488430222556
5,4.497991967871486,-0.5489180676981664,0.4738624321532894,1.1831248359334392,0.2921566526940081,-0.6342067682352726,-0.7660190848472974
5,4.578313253012048,-0.5599181626350095,0.46717806226618735,1.1807559198208728,0.3046881165385436,-0.620837757185863,-0.7718661788047309
5,4.658634538152611,-0.570860854806721,0.4603130559538384,1.1782355143807646,0.31717464041231386,-0.6073746595740432,-0.7774876963661522
5,4.738955823293173,-0.581742443370079,0.453266497014482,1.175564381243353,0.32961482801033637,-0.5938219378732738,-0.7828813250248182
5,4.8192771084337345,-0.59255913799112,0.4460375710867663,1.1727432792909742,0.34200730182652406,-0.580184141299854,-0.7880448729132902
5,4.899598393574297,-0.6033070625787752,0.43862557080548303,1.169772964496192,0.354350702496212,-0.5664659019174164,-0.7929762733016947
5,4.979919678714859,-0.6139822593156354,0.43102990081835385,1.166654189783052,0.36664368813808956,-0.5526719304674163,-0.7976735889564431
5,5.0602409638554215,-0.6245806929736162,0.42325008264543446,1.1633877049116728,0.37888493369381415,-0.5388070119380561,-0.8021350163392482
5,5.140562248995984,-0.6350982555022856,0.4152857593627034,1.1599742563863813,0.391073130263578,-0.5248760008840954,-0.8063588896262811
5,5.220883534136546,-0.6455307708776219,0.40713670009140346,1.1564145873876048,0.40320698443590347,-0.5108838165099824,-0.8103436845273067
5,5.301204819277109,-0.6558740001989679,0.39880280427470033,1.1527094377277283,0.41528521760993964,-0.49683543752875975,-0.8140880218846398
5,5.381526104417671,-0.6661236470845767,0.3902841057241526,1.1488595438256097,0.4273065653279512,-0.4827358967410324,-0.8175906710521036
5,5.461847389558233,-0.6762753634308059,0.38158077642490956,1.144865638690267,0.4392697766466683,-0.46859027525946056,-0.8208505530715776
5,5.542168674698795,-0.6863247551726526,0.3726931300640849,1.1407284519473675,0.45117361343785334,-0.4544036967747144,-0.8238667435019379
5,5.622489959839357,-0.6962673884052754,0.36362162528888214,1.136448709873963,0.46301684973155993,-0.4401813214686871,-0.8266384750204417
5,5.7028112449799195,-0.7060987956587832,0.35436686867151806,1.1320271354565095,0.47479827104563116,-0.4259283397977259,-0.8291651397171489
5,5.783132530120482,-0.7158144823786993,0.3449296173581631,1.1274644484679663,0.4865166737208265,-0.4116499660892666,-0.8314462910789892
5,5.863453815261044,-0.7254099335885491,0.33531078139207876,1.1227613655637383,0.49817086426093765,-0.3973514319751885,-0.833481645653016
5,5.943775100401607,-0.7348806207070988,0.325511425701253,1.1179186003965362,0.5097596586761031,-0.38303797968943654,-0.8352710843773556
5,6.024096385542169,-0.7442220084927637,0.315532771740832,1.1129368637502233,0.521281881827532,-0.36871485525745873,-0.8368146535683636
5,6.1044176706827304,-0.7534295620877106,0.3053761987806509,1.1078168636927193,0.5327363667718469,-0.35438730160500753,-0.8381125655524975
5,6.184738955823293,-0.7624987541341779,0.2950432448281626,1.102559305748031,0.5441219541032551,-0.34006055161385196,-0.8391651989314175
5,6.265060240963855,-0.7714250719355326,0.28453560717706633,1.0971648930874836,0.5554374912917582,-0.32573982115195,-0.8399730984688244
5,6.3453815261044175,-0.7802040246629058,0.27385514257186266,1.0916343267388966,0.5666818320240393,-0.31143030207598976,-0.8405369745959018
5,6.42570281124498,-0.7888311508210716,0.26300386699085504,1.085968305797876,0.5778538356196783,-0.2971371549768035,-0.8408577026105332
5,6.506024096385542,-0.7973020253854506,0.2519839550479379,1.0801675276722882,0.5889523663588296,-0.28286550228683666,-0.8409363214067673
5,6.586345381526105,-0.8056122670533435,0.2407977390053188,1.0742326883426847,0.5999762928538366,-0.26862042128934027,-0.8407740318591551
5,6.666666666666667,-0.8137575454331318,0.2294477074122616,1.0681644826322327,0.6109244874230666,-0.2544069371991,-0.8403721948353279
5,6.746987951807229,-0.8217335881485417,0.21793650335463452,1.0619636044937488,0.6217958254679607,-0.24023001634520624,-0.8397323288225949
5,6.827309236947791,-0.8295361878567403,0.2062669223234203,1.0556307473127424,0.6325891848601064,-0.22609455945600138,-0.8388561071835263
5,6.907630522088353,-0.8371612091526641,0.19444190971209574,1.0491666042259042,0.6433034453373864,-0.21200539507323934,-0.8377453550494817
5,6.9879518072289155,-0.8446045953319804,0.1824645579527906,1.0425718684544782,0.6539374879082615,-0.19796727312249696,-0.8364020458610516
5,7.068273092369478,-0.8518623749850828,0.17033810330113308,1.0358472336519533,0.6644901942632409,-0.1839848586668696,-0.8348282975643734
5,7.14859437751004,-0.8589306683945215,0.1580659222796904,1.0289933942655127,0.6749604461925977,-0.17006272587099047,-0.8330263684722876
5,7.228915662650603,-0.8658056937082687,0.14565152778991375,1.0220110459106786,0.6853471250093834,-0.15620535220240894,-0.8309986527992967
5,7.309236947791165,-0.8724837728612209,0.13309856490249497,1.014900885758586,0.6956491109767976,-0.14241711289736392,-0.8287476758792921
5,7.389558232931726,-0.878961337217337,0.12041080633604456,1.0076636129353282,0.7058652827389674,-0.12870227571799012,-0.8262760890750116
5,7.469879518072289,-0.8852349330557017,0.10759214766354551,1.000299928938418,0.7159945167863262,-0.11506499588271532,-0.8235866644498713
5,7.550200803212851,-0.8913012269825413,0.0946466022963496,0.9928105380718267,0.72603568697687,-0.10150931108928432,-0.8206822892732193
5,7.6305220883534135,-0.897157010505399,0.08157829613633986,0.9851961478769092,0.7359876639512939,-0.0880391373715091,-0.8175659600876334
5,7.710843373493976,-0.9027992046720368,0.06839146205219154,0.9774574695867617,0.7458493146405839,-0.0746582649147238,-0.814240776692775
5,7.791164658634538,-0.9082248643063604,0.055090434132096286,0.9695952185883123,0.7556195017692404,-0.06137035428195084,-0.8107099359013361
5,7.871485943775101,-0.9134311819093396,0.0416796417556522,0.9616101148977929,0.765297083370197,-0.04817893298845238,-0.8069767251258486
5,7.951807228915663,-0.9184154912212622,0.02816360350448817,0.9535028836485644,0.7748809123129453,-0.03508739242730115,-0.8030445158174327
5,8.032128514056225,-0.9231752704377085,0.01454692093039725,0.9452742555900887,0.7843698358455373,-0.022098985152379277,-0.7989167567759339
5,8.112449799196787,-0.927708145071629,0.0008342721997542935,0.9369249675968442,0.7937626951511381,-0.0092168225252144,-0.7945969673508916
5,8.19277108433735,-0.9320118904539139,-0.012969594367008674,0.928455763185975,0.8030583249197997,0.0035561272679396905,-0.7900887305527903
5,8.273092369477911,-0.9360844338648372,-0.026859866842091018,0.9198673930424727,0.8122555529361287,0.01621704082236536,-0.7853956860940371
5,8.353413654618475,-0.93992385632083,-0.040831676264249946,0.9111606155611104,0.8213531996814578,0.02876324075972042,-0.7805215234172073
5,8.433734939759036,-0.9435283940388073,-0.05488010320967925,0.9023361974080043,0.8303500779512355,0.04119219663080384,-0.7754699747415557
5,8.514056224899598,-0.9468964394707124,-0.06900018444927347,0.8933949140711889,0.8392449924913561,0.05350152539952454,-0.7702448080420821
5,8.594377510040161,-0.9500265420348066,-0.08318691954836277,0.8843375504333247,0.8480367396514253,0.06568899160148277,-0.764849820103062
5,8.674698795180722,-0.952917408489355,-0.09743527744823204,0.8751649013500469,0.8567241070566197,0.07775250713930895,-0.7592888296083872
5,8.755020080321286,-0.9555679029674844,-0.11174020298275515,0.8658777722403513,0.8653058732960693,0.08969013072713375,-0.7535656703133137
5,8.835341365461847,-0.957977046682306,-0.12609662331784588,0.8564769796876271,0.8737808076291312,0.10150006699467949,-0.747684184311285
5,8.91566265060241,-0.9601440173112351,-0.14049945430171126,0.8469633520498586,0.8821476697109514,0.11318066526137714,-0.7416482154092398
5,8.995983935742972,-0.9620681480684363,-0.15494360671387325,0.8373377300775394,0.8904052093387,0.12473041799089749,-0.7354616026248263
5,9.076305220883533,-0.9637489264743253,-0.16942399240094408,0.8276009675378252,0.8985521662198777,0.1361479589365006,-0.729128173818933
5,9.156626506024097,-0.9651859928310558,-0.18393553028712353,0.8177539318434626,0.9065872697640784,0.1474320609875937,-0.7226517394769544
5,9.236947791164658,-0.9663791384366833,-0.19847315217865708,0.8077975047024766,0.9145092388871923,0.15858163373420722,-0.7160360867085346
5,9.317269076305221,-0.9673283035498238,-0.21303180838168378,0.797732582783703,0.922316781832544,0.1695957207661214,-0.7092849734508596
5,9.397590361445783,-0.9680335750746547,-0.22760647323190664,0.7875600783667265,0.9300085960305071,0.18047349670792873,-0.7024021227985999
5,9.477911646586346,-0.968495184035752,-0.24219215037736022,0.7772809200155572,0.9375833679703369,0.19121426402019528,-0.6953912175929763
5,9.558232931726907,-0.9687135028302626,-0.25678387787982654,0.7668960532562052,0.9450397730981145,0.20181744957405773,-0.6882558952182876
5,9.638554216867469,-0.968689042281454,-0.27137673309525756,0.756406441265276,0.952376475735791,0.21228260101617832,-0.6809997426405331
5,9.718875502008032,-0.9684224485080315,-0.2859658373341625,0.745813065568159,0.9595921290229608,0.22260938293987287,-0.6736262916887978
5,9.799196787148594,-0.9679144996236125,-0.30054636030293325,0.7351169267453793,0.9666853748829944,0.23279757287823344,-0.6661390145800609
5,9.879518072289157,-0.9671661022807457,-0.31511352432708095,0.7243190451456775,0.9736548440151681,0.24284705713506857,-0.6585413196880867
5,9.959839357429718,-0.9661782880738663,-0.3296626083573462,0.7134204616043923,0.9804991559144141,0.2527578264694744,-0.6508365475570674
5,10.040160642570282,-0.9649522098155734,-0.3441889517596627,0.7024222381657094,0.9872169189203328,0.2625299716498645,-0.6430279671606697
5,10.120481927710843,-0.9634891377110805,-0.35868795784664287,0.6913254588172356,0.9938067302881346,0.2721636788938453,-0.6351187724414913
5,10.200803212851406,-0.961790455461425,-0.37315509707716,0.6801312302560267,1.0002671762655417,0.2816592252053989,-0.6271120791883813
5,10.281124497991968,-0.959857656252327,-0.3875859101949741,0.6688406826231721,1.0065968322322845,0.29101697362915546,-0.6190109220373101
5,10.36144578313253,-0.9576923387000563,-0.4019760110343692,0.6574549702673722,1.012794262847113,0.3002373684326846,-0.6108182518127436
5,10.441767068273093,-0.955296202737208,-0.41632108912883037,0.6459752725089765,1.0188580222297468,0.30932093022823215,-0.6025369331009164
5,10.522088353413654,-0.9526710454672537,-0.4306169120802548,0.6344027944132044,1.0247866541698079,0.3182682510540501,-0.594169742089553
5,10.602409638554217,-0.9498187569982488,-0.444859327695476,0.6227387675719356,1.0305786923637075,0.3270799894263141,-0.5857193646682315
5,10.682730923694779,-0.9467413162651744,-0.4590442659001953,0.6109844508927492,1.03623266068112,0.33575686537242616,-0.5771883947809247
5,10.763052208835342,-0.9434407868503949,-0.4731677404404314,0.5991411313938811,1.0417470734626781,0.34429965545651464,-0.5685793330222464
5,10.843373493975903,-0.939919312811709,-0.4872258503815774,0.5872101250037809,1.0471204358505184,0.3527091878079289,-0.5598945854689404
5,10.923694779116467,-0.9361791145274757,-0.5012147814151775,0.5751927773639366,1.052351244153315,0.3609863371635398,-0.5511364627381367
5,11.004016064257028,-0.9322224845682924,-0.5151308069835141,0.5630904646336494,1.0574379862474304,0.3691320199346435,-0.5423071792639155
5,11.08433734939759,-0.9280517836112074,-0.528970289209581,0.5509045942998589,1.0623791420112023,0.37714718931134894,-0.5334088528016206
5,11.164658634538153,-0.9236694364460898,-0.5427296794793885,0.5386366060242567,1.0671731837603085,0.38503283042183367,-0.5244435042809193
5,11.244979919678714,-0.9190779279727787,-0.5564055190743776,0.5262879724514784,1.0718185767640358,0.39278995552130075,-0.5154130576896574
5,11.325301204819278,-0.9142797992911539,-0.5699944395378322,0.5138602000377647,1.0763137797776547,0.4004195992533897,-0.5063193402398216
5,11.405622489959839,-0.9092776438523108,-0.5834931628814597,0.5013548298825266,1.0806572456121304,0.40792281396978475,-0.49716408273067003
5,11.485943775100402,-0.9040741036866903,-0.5968985016419018,0.48877343856163025,1.084847421742156,0.41530066512506053,-0.4879489201002532
5,11.566265060240964,-0.8986718657160422,-0.6102073587838482,0.4761176389637374,1.0888827509511154,0.42255422675230536,-0.4786753921672662
5,11.646586345381525,-0.8930736581512119,-0.6234167274605403,0.4633890811283087,1.0927616720144964,0.42968457702290375,-0.46934494455395487
5,11.726907630522089,-0.8872822469777434,-0.6365236906424442,0.4505894530838926,1.0964826204232556,0.4366927938938514,-0.4599589297808101
5,11.80722891566265,-0.8813004325312921,-0.6495254206248764,0.4377204816853131,1.1000440291486553,0.44357995084597956,-0.4505186085237776
5,11.887550200803213,-0.8751310461648368,-0.6624191784253685,0.4247839334483684,1.1034443294500793,0.4503471127164691,-0.4410251510247096
5,11.967871485943775,-0.8687769470096882,-0.6752023130815458,0.4117816153806639,1.106681951727341,0.45699533162902495,-0.4314796386457938
5,12.048192771084338,-0.8622410188322791,-0.6878722608603118,0.398715375807186,1.1097553264189943,0.46352564302509375,-0.42188306555868127
5,12.1285140562249,-0.8555261670155704,-0.7004265443187113,0.38558710519862266,1.1126628849342097,0.46993906181694844,-0.4122363406154973
5,12.208835341365461,-0.8486353156547507,-0.7128627712343127,0.37239873700049314,1.115403060622828,0.47623657865425834,-0.40254028938851394
5,12.289156626506024,-0.8415714046994175,-0.7251786336122135,0.35915224843358656,1.117974289822152,0.48241915626583176,-0.39279565620993734
5,12.369477911646586,-0.8343373872405364,-0.7373719065022456,0.3458496613006351,1.120375012928019,0.48848772593990225,-0.38300310642577207
5,12.449799196787149,-0.8269362268875434,-0.749440446780393,0.3324930427791452,1.1226036755209978,0.4944431841083994,-0.3731632287406035
5,12.53012048192771,-0.819370895252283,-0.7613821918659378,0.3190845062030131,1.1246587295411459,0.5002863890492713,-0.36327653767520673
5,12.610441767068274,-0.8116443695376167,-0.773195158381009,0.3056262118308932,1.1265386345125044,0.5060181577067249,-0.3533434761314941
5,12.690763052208835,-0.8037596302284276,-0.7848774407594682,0.29212036759926996,1.1282418588185747,0.5116392626291589,-0.3433644180591052
5,12.771084337349398,-0.7957196588827371,-0.7964272098120827,0.2785692298581639,1.129766881030012,0.5171504290245745,-0.33333967121792824
5,12.85140562248996,-0.7875274360206598,-0.8078427112549235,0.26497510408742275,1.1311121912857807,0.5225523319332384,-0.32326948003085615
5,12.931726907630521,-0.7791859391089117,-0.8191222642079369,0.2513403455915283,1.1322762927290062,0.5278455935173844,-0.3131540285210682
5,13.012048192771084,-0.7706981406385969,-0.8302642596706291,0.23766736017086879,1.133257702998768,0.533030780467729,-0.3029934433281378
5,13.092369477911646,-0.7620670062939934,-0.8412671589818075,0.22395860476741236,1.13405495577907,0.5381084015265819,-0.2927877967972616
5,13.17269076305221,-0.753295493236504,-0.852129492220292,0.21021658807957516,1.1346666023939829,0.5430789051569297,-0.2825371101736899
5,13.25301204819277,-0.7443865484851997,-0.8628498565748192,0.1964438711466201,1.135091213457841,0.5479426773385804,-0.2722413568830209
5,13.333333333333334,-0.7353431073385202,-0.8734269147932384,0.18264306789990825,1.1353273806035564,0.5527000394386126,-0.2619004658103171
5,13.413654618473895,-0.7261680919193501,-0.8838593935504654,0.16881684567507785,1.1353737182502852,0.5573512462442727,-0.2515143246998187
5,13.493975903614459,-0.7168644097930262,-0.8941460818316288,0.15496792568622858,1.1352288654350122,0.5618964841067979,-0.24108278360338242
5,13.57429718875502,-0.7074349526686324,-0.9042858293122356,0.14109908345534333,1.1348914877021186,0.5663358692132893,-0.23060565838988195
5,13.654618473895582,-0.6978825951806233,-0.9142775447383725,0.12721314919374893,1.134360279050957,0.5706694459868744,-0.22008273431258346
5,13.734939759036145,-0.6882101937478136,-0.9241201943099822,0.1133130081324369,1.1336339639414765,0.5748971856153766,-0.20951376963149304
5,13.815261044176706,-0.67842058550676,-0.933812800070262,0.09940160079805481,1.132711299357929,0.5790189847087052,-0.19889849928766568
5,13.89558232931727,-0.6685165873165637,-0.9433544383042334,0.08548192323137921,1.1315910769306998,0.5830346640851846,-0.1882366386264652
5,13.975903614457831,-0.6585009948321274,-0.9527442379495202,0.0715570271450908,1.1302721251162946,0.5869439676870368,-0.1775278871667731
5,14.056224899598394,-0.648376581642891,-0.9619813790223903,0.05763002001765696,1.128753311435522,0.5907465616252345,-0.16677193241313043
5,14.136546184738956,-0.6381460984740828,-0.9710650910620965,0.04370406512014427,1.12703354476991,0.5944420333539391,-0.15596845370781248
5,14.216867469879517,-0.627812272449073,-0.9799946515941649,0.029782381470707452,1.1251117777147996,0.5980298909783661,-0.14511712612063382
5,14.29718875502008,-0.6173778064425395,-0.988769384566011,0.015868243673034303,1.122987008956734,0.6015095627695056,-0.1342176243907218
5,14.377510040160642,-0.6068453784569094,-0.9973886588544364,0.0019649817150371937,1.1206582857373906,0.6048803967418727,-0.12326962688295316
5,14.457831325301205,-0.5962176410571339,-1.0058518867874724,-0.011924019327698696,1.1181247063618434,0.6081416603848329,-0.1122728195743696
5,14.538152610441767,-0.5854972208710539,-1.0141585226712537,-0.025795319689337487,1.1153854227452318,0.6112925405603915,-0.10122690007397676
5,14.61847389558233,-0.5746867181368602,-1.0223080613458764,-0.039645425405094026,1.1124396430090138,0.6143321435419542,-0.09013158166313592
5,14.698795180722891,-0.563788706299902,-1.0303000367644415,-0.05347078890645242,1.109286634119227,0.6172594952063541,-0.07898659735478389
5,14.779116465863453,-0.5528057316569434,-1.0381340205961418,-0.06726780972374324,1.1059257245637804,0.6200735413806865,-0.06779170396763719
5,14.859437751004016,-0.5417403130459826,-1.0458096208542362,-0.08103283529950338,1.1023563070657878,0.6227731483454859,-0.056546686211550345
5,14.939759036144578,-0.5305949415797345,-1.053326480549771,-0.0947621619160536,1.0985778413299618,0.6253571034957883,-0.045251360780189404
5,15.02008032128514,-0.5193720804208856,-1.0606842763718978,-0.10845203574072887,1.0945898568190808,0.6278241161616148,-0.033905580447181796
5,15.100401606425702,-0.5080741645972294,-1.0678827173956358,-0.12209865399218531,1.0903919555575492,0.6301728185894152,-0.02250923816191233
5,15.180722891566266,-0.4967036008552751,-1.0749215438139388,-0.13569816624827707,1.0859838149468426,0.6324017671035527,-0.011062271132902373
5,15.261044176706827,-0.4852627675524591,-1.0818005256926522,-0.1492466759040846,1.0813651905821975,0.6345094434565443,0.00043533511045591375
5,15.34136546184739,-0.47375401458111743,-1.088519461763407,-0.16274024173102586,1.0765359191053798,0.6364942563121438,0.011983542658028278
5,15.421686746987952,-0.4621796633289181,-1.0950781782363948,-0.1761748796013649,1.0714959210402433,0.6383545429302837,0.0235822571961527
5,15.502008032128513,-0.45054200667201577,-1.1014765276426208,-0.1895465643512489,1.066245203629493,0.6400885710232654,0.03523132401312891
5,15.582329317269076,-0.4388433089981607,-1.1077143877037834,-0.20285123179976539,1.060783863657242,0.641694540797927,0.04693052404654241
5,15.662650602409638,-0.4270858062590647,-1.1137916602297742,-0.21608478092460864,1.0551120902504625,0.6431705871836741,0.05867956997931252
5,15.742971887550201,-0.41527170605132996,-1.1197082700438274,-0.22924307619473072,1.0492301676525702,0.6445147822460613,0.07047810239125835
5,15.823293172690763,-0.40340318772525785,-1.1254641639353486,-0.24232195006034435,1.0431384779623822,0.6457251377856027,0.08232568597296733
5,15.903614457831326,-0.3914824025208385,-1.131059309640456,-0.25531720560066007,1.0368375038316906,0.646799608121499,0.09422180580876639
5,15.983935742971887,-0.3795114737302384,-1.1364936948502637,-0.2682246193297218,1.0303278311146866,0.6477360930599605,0.1061658637355781
5,16.06425702811245,-0.3674924968848503,-1.1417673262466002,-0.28103994416682854,1.0236101514572857,0.6485324410516792,0.11815717478931542
5,16.14457831325301,-0.3554275399558125,-1.146880228561889,-0.293758912625818,1.0166852647696458,0.6491864525816308,0.13019496379224443
5,16.224899598393574,-0.3433186435887777,-1.1518324436704908,-0.3063772401078015,1.0095540816686615,0.6496958836965796,0.14227836200183047
5,16.305220883534137,-0.3311678213541549,-1.156624029704858,-0.31889062838820054,1.00221762580441,0.6500584497423557,0.15440640390044935
5,16.3855421686747,-0.3189770600224082,-1.161255060198028,-0.33129476925727075,0.9946770360901841,0.6502718292796792,0.16657802410784522
5,16.46586345381526,-0.30674831985773876,-1.1657256232529547,-0.34358534833070353,0.9869335688146303,0.6503336681884425,0.17879205443832577
5,16.546184738955823,-0.29448353492889917,-1.1700358207380985,-0.3557580490301639,0.9789885996214943,0.6502415839590633,0.1910472211166056
5,16.626506024096386,-0.2821846134376761,-1.1741857675090093,-0.367808556725668,0.9708436253487084,0.6499931701633442,0.20334214216030227
5,16.70682730923695,-0.26985343806555506,-1.178175590655646,-0.37973256303172587,0.9625002657185379,0.649586001097281,0.21567532493710947
5,16.78714859437751,-0.25749186633910226,-1.1820054287751676,-0.3915257702491529,0.9539602648705163,0.6490176365882554,0.22804516390465251
5,16.867469879518072,-0.24510173101458235,-1.185675431269937,-0.4031838959444698,0.9452254927288921,0.6482856269590525,0.24044993854104613
5,16.947791164658636,-0.23268484048234608,-1.1891857576704736,-0.4147026776587962,0.9362979461963158,0.6473875181411426,0.25288781147415906
5,17.028112449799195,-0.22024297918698021,-1.1925365769830312,-0.42607787775161804,0.9271797501510106,0.6463208569385985,0.26535682683202166
5,17.10843373493976,-0.20777790803001767,-1.1957280670612764,-0.4373052884660717,0.91787315813394,0.6450831964960897,0.27785490892733766
5,17.188755020080322,-0.19529136482932435,-1.1987604140034847,-0.4483807369766684,0.9083805529548805,0.6436721018059931,0.29037986104860525
5,17.269076305220885,-0.1827850647750544,-1.201633811572726,-0.45930009059862204,0.8987044470096703,0.6420851553736768,0.30292936456305697
5,17.349397590361445,-0.17026070090312645,-1.2043484606405404,-0.47005926208090426,0.8888474823699635,0.6403199629840312,0.31550097827057805
5,17.429718875502008,-0.1577199445804428,-1.2069045686543016,-0.4806542149860038,0.8788124306179868,0.6383741595664472,0.32809213803631604
5,17.51004016064257,-0.14516444599994244,-1.209302349127891,-0.49108096914720956,0.8686021924131884,0.6362454151471526,0.3407001567147036
5,17.59036144578313,-0.13259583468689867,-1.2115420211553172,-0.501335606184123,0.858219796788533,0.6339314408710222,0.3533222243667852
5,17.670682730923694,-0.12001572001788914,-1.2136238089469318,-0.5114142750570919,0.8476684001742119,0.6314299950749815,0.3659554087727208
5,17.751004016064257,-0.10742569175386449,-1.2155479413878767,-0.5213131976412584,0.8369512851465354,0.6287388893951233,0.3785966562413422
5,17.83132530120482,-0.09482732058872737,-1.2173146516184137,-0.531028674300925,0.8260718588997642,0.6258559948896528,0.3912427927186505
5,17.91164658634538,-0.08222215871485278,-1.2189241766357748,-0.5405570894449298,0.8150336514386495,0.622779248159783,0.40389052519712626
5,17.991967871485944,-0.06961174038299711,-1.220376756918293,-0.5498949170981358,0.8038403134211397,0.6195066574811334,0.4165364434971544
5,18.072289156626507,-0.056997582447737484,-1.2216726360718255,-0.559038726483853,0.7924956136377317,0.616036308931591,0.42917702243409483
5,18.152610441767067,-0.04438118497979752,-1.2228120604954327,-0.5679851874102089,0.7810034363476202,0.6123663723900068,0.4418086241478138
5,18.23293172690763,-0.03176403185157316,-1.22379527906894,-0.5767310756660621,0.7693677782069689,0.6084951075176357,0.4544275008619725
5,18.313253012048193,-0.019147591342772205,-1.224622542860382,-0.5852732782915403,0.7575927449258312,0.604420869634313,0.4670297979345525
5,18.393574297188756,-0.006533316749870496,-1.2252941048543053,-0.5936087987390384,0.7456825476054699,0.6001421154889093,0.4796115572488371
5,18.473895582329316,0.006077352999123584,-1.2258102197004852,-0.6017347619013802,0.7336414987680321,0.5956574089022569,0.49216872093245456
5,18.55421686746988,0.018682992722859892,-1.2261711434826075,-0.6096484189832577,0.7214740080913045,0.5909654262603982,0.5046971353913046
5,18.634538152610443,0.03128219035603995,-1.2263771335064635,-0.6173471521920548,0.709184577861296,0.5860649618360152,0.5171925556451686
5,18.714859437751002,0.043873546308280456,-1.2264284481071988,-0.6248284792241707,0.6967777981553693,0.5809549329158906,0.5296506499518305
5,18.795180722891565,0.05645567281069838,-1.2263253464751724,-0.632090057522953,0.6842583417686636,0.5756343847122549,0.54206700470651
5,18.87550200803213,0.0690271932507418,-1.2260680885002506,-0.6391296882890168,0.6716309588899302,0.5701024950382755,0.5544371296103215
5,18.955823293172692,0.08158674155109286,-1.225656934639864,-0.645945320340934,0.6589004713828535,0.5643585787898414,0.5667564632570117
5,19.03614457831325,0.09413296150035644,-1.2250921457999657,-0.6525350536126718,0.6460717669683586,0.5584020921123157,0.5790203788316084
5,19.116465863453815,0.10666450607982535,-1.2243739832376348,-0.6588971423621574,0.6331497931709424,0.5522326362823323,0.5912241900666937
5,19.196787148594378,0.11918003679595561,-1.2235027084800392,-0.6650299981068548,0.6201395510385947,0.5458499613108994,0.6033631574414458
5,19.277108433734938,0.13167822300549975,-1.2224785832611669,-0.6709321922278066,0.6070460886810983,0.5392539692223071,0.6154324945800699
5,19.3574297188755,0.14415774124164552,-1.2213018694773923,-0.6766024582468623,0.5938744946232369,0.5324447170052169,0.6274273748541568
5,19.437751004016064,0.1566172745398477,-1.2199728291612257,-0.6820396937640223,0.5806298910000939,0.5254224192241748,0.6393429381611333
5,19.518072289156628,0.16905551176205547,-1.218491724472587,-0.6872429620418365,0.5673174266216071,0.5181874502797814,0.6511742978509811
5,19.598393574297187,0.18147114691801952,-1.2168588177069495,-0.6922114932237828,0.5539422699335677,0.5107403463057638,0.6629165477733833
5,19.67871485943775,0.19386287848237788,-1.215074371319699,-0.696944685173561,0.5405096019022315,0.5030818066911836,0.6745647694174689
5,19.759036144578314,0.20622940870620385,-1.2131386479660504,-0.7014421039222305,0.5270246088497327,0.4952126952160273,0.686114039116319
5,19.839357429718877,0.21856944292171973,-1.2110519105558664,-0.705703483710128,0.5134924752674614,0.48713404078840894,0.697559435288406
5,19.919678714859437,0.23088168887298438,-1.2088144223314934,-0.7097287266973469,0.4999183765264864,0.47884703782436305,0.7088960458050083
5,20.0,0.2431648560755298,-1.2064264469690957,-0.7135179023595407,0.4863074715157835,0.4703530462840115,0.7201189754533134
6,0.0,-0.10109704550136599,0.14706659294507915,1.1711196523917529,0.39597010808141303,-1.0700226068903866,-0.5430367010264923
6,0.08032128514056225,-0.10545698210328297,0.1461298017929039,1.1671089177476865,0.41046373740945696,-1.0616519356444034,-0.556593539202361
6,0.1606425702811245,-0.10985624141433925,0.14516744577851093,1.1629308492342312,0.4248833290427592,-1.0530746078198918,-0.5700507748212703
6,0.24096385542168675,-0.11429673094563192,0.14417769093483312,1.1585873717420947,0.43922700947688775,-1.0442906407964627,-0.5834047004117211
6,0.321285140562249,-0.11878032393775548,0.14315862325441783,1.154080421483789,0.4534929387803248,-1.0353000975460336,-0.5966515620347428
6,0.40160642570281124,-0.12330885750411688,0.14210824783991544,1.1494119455829739,0.4676793103919458,-1.0261030880788569,-0.6097875582318613
6,0.4819277108433735,-0.12788413065987678,0.14102448802595638,1.144583901647147,0.48178435092288335,-1.0166997709872703,-0.6228088389488398
6,0.5622489959839357,-0.13250790223044656,0.13990518447931918,1.1395982573227497,0.4958063199602175,-1.0070903550923032,-0.6357115044395366
6,0.642570281124498,-0.1371818886322033,0.13874809427435436,1.134456989833115,0.5097435098742648,-0.9972751012009116,-0.648491604148619
6,0.7228915662650602,-0.1419077615185293,0.13755088995423254,1.1291620854975988,0.5235942456257227,-0.9872543239790695,-0.661145135579955
6,0.8032128514056225,-0.14668714528383903,0.13631115858287496,1.1237155392315012,0.5373568845717334,-0.9770283939476623,-0.6736680431546083
6,0.8835341365461847,-0.15152161441802642,0.13502640079011322,1.118119354026746,0.551029816270956,-0.9665977396087195,-0.6860562170610692
6,0.963855421686747,-0.1564126907037664,0.13369402981262288,1.1123755404132982,0.5646114622877367,-0.9559628497095318,-0.6983054921003596
6,1.0441767068273093,-0.1613618402491061,0.13231137053328576,1.1064861159012773,0.5781002759954288,-0.9451242756521713,-0.7104116465287146
6,1.1244979919678715,-0.16637047034774077,0.13087565854279418,1.1004531044011299,0.5914947423717709,-0.9340826340533892,-0.7223704009145652
6,1.2048192771084336,-0.17143992615692585,0.129384039225732,1.0942785356221951,0.6047933777881362,-0.9228386094652694,-0.7341774170138683
6,1.285140562248996,-0.1765714871864708,0.1278335668572989,1.0879644444521543,0.6179947297986849,-0.9113929572656837,-0.7458282966559838
6,1.3654618473895583,-0.18176636359039916,0.12622120374234203,1.0815128703147,0.6310973769210456,-0.8997465067243009,-0.7573185806633876
6,1.4457831325301205,-0.18702569225183155,0.1245438193996829,1.0749258565051145,0.6440999284098144,-0.8879001642532831,-0.7686437478094974
6,1.5261044176706826,-0.19235053265284413,0.12279818980519164,1.0682054495034334,0.6570010240214164,-0.8758549168505894,-0.779799213826608
6,1.606425702811245,-0.19774186252089201,0.12098099670185826,1.0613536982657552,0.6697993337709389,-0.8636118357448633,-0.790780330472797
6,1.6867469879518073,-0.2032005732433867,0.1190888269851118,1.0543726534942663,0.6824935576815503,-0.8511720802508796,-0.8015823846666621
6,1.7670682730923695,-0.20872746504201717,0.11711817217163804,1.0472643668865436,0.6950824255271125,-0.8385369018445263,-0.8122005976987506
6,1.8473895582329316,-0.21432324189949167,0.11506542798482608,1.040030890360885,0.7075646965615807,-0.8257076484613934,-0.8226301245464068
6,1.927710843373494,-0.21998850622894675,0.11292689408112054,1.0326742752567182,0.7199391592338011,-0.8126857690277713,-0.8328660533149217
6,2.0080321285140563,-0.22572375327864905,0.1106987738844521,1.0251965715179532,0.7322046309006326,-0.7994728182393039,-0.8429034047850846
6,2.0883534136546187,-0.2315293652670774,0.10837717459195637,1.0175998268527933,0.7443599575255829,-0.7860704615857157,-0.8527371321175391
6,2.1686746987951806,-0.2374056052391713,0.10595810735618628,1.009886085871585,0.7564040133665868,-0.7724804806324135,-0.862362120722773
6,2.248995983935743,-0.24335261063914093,0.10343748767132313,1.002057389202299,0.7683357006511601,-0.7587047785631578,-0.871773188322483
6,2.3293172690763053,-0.2493703865948375,0.10081113598201824,0.9941157725850429,0.7801539492403866,-0.7447453859902052,-0.8809650852224046
6,2.4096385542168672,-0.25545879890868484,0.09807477853349778,0.9860632659470087,0.7918577162831996,-0.7306044670383237,-0.8899324948166971
6,2.4899598393574296,-0.2616175667501705,0.0952240484815628,0.9779018924592504,0.8034459858624127,-0.7162843257090798,-0.8986700343439754
6,2.570281124497992,-0.2678462550522551,0.09225448730799951,0.9696336675725091,0.8149177686273911,-0.701787412520254,-0.9071722559353905
6,2.6506024096385543,-0.274144266618539,0.08916154660620591,0.9612605980278366,0.8262721014063938,-0.6871163314092975,-0.9154336480125996
6,2.7309236947791167,-0.28051083391967196,0.08594059017040961,0.9527846808587024,0.8375080468228548,-0.6722738469390305,-0.9234486369932642
6,2.8112449799196786,-0.28694501060553573,0.08258689650512654,0.944207902371555,0.8486246928944522,-0.6572628917660194,-0.9312115893995783
6,2.891566265060241,-0.2934456627293449,0.07909566176222016,0.9355322371102457,0.8596211526227286,-0.6420865743809008,-0.9387168143849484
6,2.9718875502008033,-0.30001145969562515,0.07546200314840526,0.9267596468047139,0.8704965635722675,-0.6267481871090888,-0.9459585667206721
6,3.0522088353413652,-0.3066408649410898,0.07168096283527181,0.9178920793063478,0.8812500874418036,-0.611251214365258,-0.9529310502770749
6,3.1325301204819276,-0.31333212635739105,0.06774751240375448,0.9089314675124587,0.8918809096296916,-0.5955993411550675,-0.9596284220334457
6,3.21285140562249,-0.3200832664798366,0.06365655787492071,0.8998797282793713,0.9023882387914076,-0.5797964617995347,-0.966044796666328
6,3.2931726907630523,-0.32689207248453,0.059402945402441454,0.8907387613214167,0.9127713063830862,-0.5638466888368866,-0.9721742517855273
6,3.3734939759036147,-0.3337560859725359,0.054981467601818546,0.8815104481083247,0.9230293662085767,-0.5477543621357885,-0.9780108338103949
6,3.4538152610441766,-0.3406725926119408,0.050386870615221575,0.872196650754257,0.9331616939574754,-0.5315240581423158,-0.9835485645726967
6,3.534136546184739,-0.34763861166186605,0.045613861944919426,0.8627992109029052,0.943167586738843,-0.5151605992410387,-0.9887814486837623
6,3.6144578313253013,-0.3546508854205364,0.04065711910078973,0.8533199486111509,0.9530463626118347,-0.49866906319061416,-0.9937034817126242
6,3.694779116465863,-0.36170586863433996,0.035511299100245856,0.8437606612349401,0.9627973601164761,-0.48205479260059986,-0.9983086592167217
6,3.7751004016064256,-0.368799717932137,0.03017104887544903,0.8341231223183455,0.9724199378032509,-0.46532340438620823,-1.0025909866786995
6,3.855421686746988,-0.3759282813612061,0.024631016646447873,0.8244090804868186,0.9819134737597218,-0.4484807991256122,-1.0065444904061693
6,3.9357429718875503,-0.38308708805021774,0.0188858642737041,0.8146202583523494,0.9912773651431388,-0.4315331703021313,-1.0101632294168426
6,4.016064257028113,-0.39027133810909764,0.01293028065520897,0.8047583514295639,1.000511027713931,-0.4144870133204659,-1.0134413083691398
6,4.096385542168675,-0.397475892840503,0.006758996202502126,0.7948250270668913,1.0096138953726752,-0.39734913422638796,-1.016372891575177
6,4.176706827309237,-0.4046952653414417,0.0003667984238196753,0.7848219233973395,1.0185854197034003,-0.3801266580558976,-1.0189522181272197
6,4.257028112449799,-0.4119236115925418,-0.00625145135481473,0.7747506483122738,1.027425069524386,-0.3628270367197319,-1.021173618169571
6,4.337349397590361,-0.41915472217503785,-0.013100800093734407,0.7646127784591903,1.0361323304435124,-0.34545805628415227,-1.0230315303497777
6,4.417670682730924,-0.42638201467627057,-0.020186183969655574,0.7544098582716066,1.0447067044254705,-0.3280278435953358,-1.0245205204558148
6,4.497991967871486,-0.4335985269405951,-0.027512408112048928,0.744143399032284,1.0531477093680888,-0.31054487209168874,-1.0256353012560395
6,4.578313253012048,-0.44079691129701504,-0.03508412514445747,0.7338148779736645,1.0614548786887312,-0.29301796667664937,-1.0263707535442737
6,4.658634538152611,-0.4479694298773586,-0.04290581254830869,0.7234257374215877,1.0696277609237057,-0.27545630754422895,-1.0267219483753969
6,4.738955823293173,-0.45510795115954505,-0.050981748870809085,0.7129773839870933,1.0776659193423366,-0.25786943282754815,-1.0266841704715273
6,4.8192771084337345,-0.4622039479545976,-0.05931598880671053,0.7024711878056885,1.0855689315707955,-0.2402672398510908,-1.026252942764085
6,4.899598393574297,-0.4692484968928326,-0.06791233721147842,0.6919084818353646,1.0933363892337933,-0.22265998494253192,-1.0254240520223148
6,4.979919678714859,-0.47623227962115744,-0.0767743221113083,0.681290561214134,1.100967897610592,-0.20505828159297654,-1.0241935754992837
6,5.0602409638554215,-0.4831455858804282,-0.08590516679164738,0.6706186826803826,1.1084630753053613,-0.18747309679995433,-1.0225579085137138
6,5.140562248995984,-0.4899783185841392,-0.09530776107008979,0.6598940640633237,1.1158215539339131,-0.16991574547918448,-1.0205137928638233
6,5.220883534136546,-0.4967200010254151,-0.10498463186955383,0.6491178838503411,1.123042977828771,-0.15239788282492592,-1.018058345959217
6,5.301204819277109,-0.503359786489969,-0.11493791325061946,0.6382912808259441,1.1301270037558924,-0.1349314943359751,-1.015189090505273
6,5.381526104417671,-0.5098864702797151,-0.12516931604615025,0.6274153537966785,1.137073300649693,-0.11752888351696342,-1.0119039846035425
6,5.461847389558233,-0.5162885043210915,-0.13568009729279734,0.6164911614039765,1.1438815493635877,-0.10020265708288506,-1.0082014520707903
6,5.542168674698795,-0.5225540145422739,-0.1464710296734251,0.6055197220232947,1.1505514424340741,-0.08296570748102097,-1.004080412760649
6,5.622489959839357,-0.5286708210867018,-0.15754237119664424,0.5945020137558709,1.157082683858151,-0.06583119266916916,-0.9995403126615066
6,5.7028112449799195,-0.5346264613548246,-0.16889383533226138,0.5834389745252375,1.1634749888860119,-0.048812513170412894,-0.9945811535537504
6,5.783132530120482,-0.5404082160491026,-0.18052456190082095,0.5723315022731142,1.1697280838254982,-0.031923286224011665,-0.9892035219246771
6,5.863453815261044,-0.5460031383643853,-0.1924330890436309,0.5611804552463096,1.175841705853062,-0.015177316881924398,-0.983408616809431
6,5.943775100401607,-0.5513980860302193,-0.20461732646149938,0.5499866524050987,1.1818156028382851,0.0014114336251205978,-0.9771982763767858
6,6.024096385542169,-0.556579756442959,-0.21707453033570467,0.5387508739321997,1.187649533173714,0.0178288825107593,-0.9705750028380092
6,6.1044176706827304,-0.5615347247646741,-0.22980128022940216,0.5274738618486086,1.1933432656102358,0.03406086291606561,-0.9635419853808337
6,6.184738955823293,-0.566249484809057,-0.24279345825718082,0.5161563207461611,1.1988965790963753,0.05009316406289583,-0.9561031208391942
6,6.265060240963855,-0.5707104926558257,-0.2560462308887813,0.5047989186311476,1.2043092626192533,0.0659115740246781,-0.9482630317304719
6,6.3453815261044175,-0.5749042128831816,-0.2695540337477556,0.49340228787011503,1.2095811150442894,0.08150192501306645,-0.9400270812965338
6,6.42570281124498,-0.5788171670186679,-0.28331055962135376,0.4819670262575249,1.214711944952421,0.09685014076114287,-0.9314013853310673
6,6.506024096385542,-0.5824359841056252,-0.29730875007498453,0.47049369818765,1.2197015704721326,0.11194228591797516,-0.922392820397148
6,6.586345381526105,-0.5857474530514672,-0.3115407909350876,0.45898283593110234,1.2245498191045552,0.12676461712036494,-0.9130090281694675
6,6.666666666666667,-0.5887385763105699,-0.3259981118221551,0.44743494102616654,1.2292565275376965,0.1413036352844034,-0.9032584157155412
6,6.746987951807229,-0.5913966246446182,-0.3406713900444344,0.43585048576918284,1.2338215414493643,0.1555461388754354,-0.8931501514049295
6,6.827309236947791,-0.5937091925524047,-0.3555505590422512,0.42422991479670374,1.2382447152970768,0.16947927775570104,-0.8826941562548252
6,6.907630522088353,-0.5956642537741976,-0.37062482140411296,0.41257364677514247,1.24252591208993,0.18309060699905516,-0.8719010906858166
6,6.9879518072289155,-0.5972502165388246,-0.38588266666496046,0.4008820761761076,1.2466650031430275,0.196368140362717,-0.8607823364780667
6,7.068273092369478,-0.5984559780765074,-0.4013118939390188,0.38915557512943894,1.2506618678150843,0.2093004029470686,-0.849349973876065
6,7.14859437751004,-0.5992709777752647,-0.4168996392464768,0.37739449536298675,1.2545163932223076,0.22187648241227817,-0.8376167539758304
6,7.228915662650603,-0.5996852484154442,-0.4326324074326989,0.3655991702314395,1.2582284739246188,0.23408607818400487,-0.8255960664919194
6,7.309236947791165,-0.5996894653723938,-0.44849610886748453,0.3537699167783604,1.2617980115988139,0.24591954859403353,-0.813301902731329
6,7.389558232931726,-0.5992749928391318,-0.4644761003587163,0.34190703787742494,1.2652249146831078,0.25736795496170684,-0.800748814324391
6,7.469879518072289,-0.5984339267722334,-0.48055723009739204,0.33001082442865204,1.2685090979927323,0.2684231023435813,-0.7879518678953398
6,7.550200803212851,-0.5971591341335266,-0.49672388643927684,0.3180815575941963,1.2716504823115988,0.27907757653933024,-0.7749265958723216
6,7.6305220883534135,-0.5954442881008846,-0.5129600501995301,0.3061195110599543,1.27464899396831,0.28932477704093024,-0.7616889437687796
6,7.710843373493976,-0.5932838987896063,-0.529249349899684,0.29412495332565847,1.2775045643872311,0.2991589454639479,-0.7482552144875466
6,7.791164658634538,-0.5906733390153429,-0.5455751193958438,0.2820981500273205,1.2802171296046008,0.30857518898802255,-0.7346420102087564
6,7.871485943775101,-0.587608864768758,-0.5619204574107798,0.2700393662865428,1.2827866297486556,0.3175694984822153,-0.7208661723378754
6,7.951807228915663,-0.584087631205968,-0.5782682892236344,0.25794886899689873,1.2852130085512161,0.3261387622090693,-0.7069447193275812
6,8.032128514056225,-0.5801077026067701,-0.5946014287553086,0.2458269291562696,1.2874962127995118,0.3342807734505005,-0.6928947840442023
6,8.112449799196787,-0.5756680569883293,-0.6109026411870266,0.23367382417235041,1.2896361917793395,0.34199423281597885,-0.678733550592312
6,8.19277108433735,-0.5707685852646183,-0.6271547055158133,0.22148984013150907,1.291632896704427,0.349278745133109,-0.6644781911886127
6,8.273092369477911,-0.5654100850948457,-0.6433404763783896,0.20927527404510426,1.29348628014077,0.3561348110497413,-0.6501458037623793
6,8.353413654618475,-0.5595942495302746,-0.6594429446569428,0.19703043605725434,1.2951962954257898,0.3625638134730202,-0.6357533507688462
6,8.433734939759036,-0.5533236505234124,-0.675445296357268,0.18475565159968393,1.296762896078946,0.36856799892372843,-0.6213175997216771
6,8.514056224899598,-0.5466017173635523,-0.691330969249802,0.17245126347925993,1.2981860352004375,0.37415045388429247,-0.6068550659506352
6,8.594377510040161,-0.5394327104919895,-0.707083706813378,0.16011763390011535,1.299465664869009,0.3793150765918742,-0.5923819580556308
6,8.674698795180722,-0.5318216923101271,-0.7226876093358519,0.14775514646132437,1.3006017355952626,0.3840665458488029,-0.5779141262594102
6,8.755020080321286,-0.523774492868264,-0.7381271813244566,0.1353642080357776,1.3015941957250179,0.3884102848324866,-0.5634670144005607
6,8.835341365461847,-0.5152976726826246,-0.7533873754618129,0.12294525057553313,1.302442990886658,0.3923524221070917,-0.5490556154248445
6,8.91566265060241,-0.5063984825667063,-0.7684536326067353,0.11049873282996286,1.3031480634532362,0.39589974973674374,-0.5346944308465003
6,8.995983935742972,-0.49708482114035735,-0.7833119175400737,0.09802514199560368,1.303709352020722,0.399059679144754,-0.5203974344806477
6,9.076305220883533,-0.4873651903407502,-0.7979487504888223,0.0855249952768159,1.3041267909112404,0.40184019506393454,-0.5061780404224174
6,9.156626506024097,-0.47724864922964527,-0.8123512344639335,0.07299884133471078,1.3044003097093624,0.40424980789493464,-0.49204907524542807
6,9.236947791164658,-0.46674476639133344,-0.8265070784472849,0.06044726160179893,1.3045298328395054,0.4062975047895346,-0.4780227543922198
6,9.317269076305221,-0.45586357187549664,-0.8404046161206387,0.04787087151517894,1.304515279174184,0.4079927003603178,-0.4641106630535446
6,9.397590361445783,-0.444615509871998,-0.8540328198693505,0.035270321764857795,1.30435656165482,0.4093451881071402,-0.45032374178546863
6,9.477911646586346,-0.4330113900754369,-0.8673813115058878,0.022646299274596167,1.3040535869910321,0.41036509080084066,-0.4366722754851435
6,9.558232931726907,-0.4210623402782815,-0.880440368681143,0.009999528159720751,1.3036062553911425,0.4110628121185606,-0.42316588670999866
6,9.638554216867469,-0.40877975978835407,-0.8932009275620615,-0.0026692294241987616,1.303014460337383,0.41144898921255263,-0.40981353277532057
6,9.718875502008032,-0.3961752741217873,-0.9056545819105652,-0.015359172523004644,1.302278088402947,0.41153444664479183,-0.39662350649238104
6,9.799196787148594,-0.3832606910709315,-0.9177935789149254,-0.028069460729167314,1.301397019122508,0.41133015180009874,-0.38360344020758164
6,9.879518072289157,-0.3700479582422626,-0.9296108121271919,-0.04079921364426925,1.3003711249279517,0.41084717188653186,-0.37076031280075916
6,9.959839357429718,-0.3565491224218805,-0.9410998116726161,-0.053547510446336564,1.2992002711430224,0.4100966328682171,-0.35810045947040553
6,10.040160642570282,-0.34277629178395225,-0.9522547313938622,-0.06631338947057212,1.297884315978018,0.40908968125452444,-0.3456295845841552
6,10.120481927710843,-0.32874159937966657,-0.9630703344141585,-0.0790958479641079,1.2964231106347273,0.4078374473437746,-0.333352776220568
6,10.200803212851406,-0.3144571692206441,-0.9735419764964528,-0.09189384189598532,1.2948164994460956,0.4063510111166296,-0.32127452294964176
6,10.281124497991968,-0.2999350847228218,-0.9836655877312225,-0.10470628585012645,1.2930643200675607,0.40464137057294847,-0.30939873233633736
6,10.36144578313253,-0.28518735957938823,-0.9934376527848007,-0.11753205299481008,1.291166403716181,0.4027194125741985,-0.29772875093137935
6,10.441767068273093,-0.2702259109579689,-1.0028551900078853,-0.130369975131052,1.289122575465668,0.400595886089021,-0.2862673854577823
6,10.522088353413654,-0.2550625349043127,-1.0119157297126506,-0.14321884282349015,1.2869326546062925,0.398281377727803,-0.27501692489364105
6,10.602409638554217,-0.23970888423177414,-1.0206172916801255,-0.1560774055922349,1.2845964550437183,0.3957862898240092,-0.2639791633635923
6,10.682730923694779,-0.22417644891684374,-1.0289583620496918,-0.16894437215358055,1.282113785725665,0.39312082107042445,-0.2531554236759724
6,10.763052208835342,-0.20847653831450158,-1.0369378701539345,-0.18181841074613608,1.2794844511473187,0.3902949490606378,-0.24254658099338341
6,10.843373493975903,-0.19262026568533325,-1.044555165114988,-0.19469814950140338,1.2767082518876773,0.3873184151867367,-0.23215308677268864
6,10.923694779116467,-0.17661853478314596,-1.051809992508775,-0.20758217686738428,1.273784985185178,0.38420071165053027,-0.2219749926764022
6,11.004016064257028,-0.16048202840292164,-1.0587024712141537,-0.22046904208007884,1.2707144455505155,0.3809510704830005,-0.212011974336361
6,11.08433734939759,-0.14422119870172223,-1.065233070597223,-0.23335725568162957,1.2674964254224974,0.37757845438335186,-0.2022633548252735
6,11.164658634538153,-0.12784625912017167,-1.0714025881750482,-0.24624529008341192,1.2641307158712276,0.3740915492035836,-0.1927281276961788
6,11.244979919678714,-0.11136717814878924,-1.0772121277232813,-0.25913158015937443,1.2606171073100711,0.37049875830816376,-0.1834049795867892
6,11.325301204819278,-0.09479367452668924,-1.082663078020252,-0.27201452387423564,1.2569553902416088,0.36680819840092493,-0.1742923122213562
6,11.405622489959839,-0.07813521368184034,-1.087757092315395,-0.2848924829467734,1.2531453560444155,0.3630276966286139,-0.16538826372901988
6,11.485943775100402,-0.06140100552254216,-1.0924960684913985,-0.2977637835369707,1.2491867977759266,0.35916478905951316,-0.15669072928452754
6,11.566265060240964,-0.04460000339194978,-1.0968821300156442,-0.31062671695718785,1.2450795109935693,0.35522672034913805,-0.1481973809779243
6,11.646586345381525,-0.02774090406902427,-1.1009176076987162,-0.3234795404042712,1.240823294593939,0.35122044447329587,-0.1399056868952223
6,11.726907630522089,-0.010832148666280253,-1.104605022286979,-0.3363204777102905,1.2364179516735643,0.34715262637657107,-0.13181292938658468
6,11.80722891566265,0.006118075703130612,-1.107947067912267,-0.3491477201093873,1.2318632904119562,0.34302964440625705,-0.12391622249968837
6,11.887550200803213,0.023101833325244223,-1.1109465963642253,-0.36195942701518685,1.227159124941223,0.33885759368994295,-0.11621252857699686
6,11.967871485943775,0.04011143674918377,-1.113606602237423,-0.3747537268095392,1.2223052762381814,0.3346422900603558,-0.10869867400075758
6,12.048192771084338,0.057139443100003504,-1.115930208917525,-0.3875287176399359,1.217301573025809,0.3303892745399328,-0.10137136410828312
6,12.1285140562249,0.0741786498613575,-1.1179206553926908,-0.4002824682221259,1.2121478526734593,0.32610381836076885,-0.09422719728076756
6,12.208835341365461,0.0912220902345825,-1.1195812838859172,-0.413013018646523,1.2068439620961353,0.321790928411941,-0.08726267821021741
6,12.289156626506024,0.10826302814697202,-1.1209155282800967,-0.4257183811867182,1.2013897586532807,0.3174553530397466,-0.08047423037318316
6,12.369477911646586,0.12529495299524532,-1.1219269033091297,-0.4383965411085359,1.1957851110494397,0.3131015881132909,-0.0738582077403093
6,12.449799196787149,0.14231157418130844,-1.122618994490423,-0.45104545747793606,1.190029900234188,0.30873388329662793,-0.06741090574376436
6,12.53012048192771,0.15930681535976024,-1.122995448783502,-0.4636630639653739,1.184124020276456,0.3043562486056141,-0.06112857149295319
6,12.610441767068274,0.17627480865617162,-1.123059965929981,-0.4762472696464893,1.1780673792483152,0.2999724609903182,-0.055007413318333594
6,12.690763052208835,0.19320988876091014,-1.122816290447141,-0.488795959797525,1.1718599000942536,0.29558607103661555,-0.04904360964711184
6,12.771084337349398,0.21010658696670503,-1.1222682042494874,-0.5013069966838967,1.1655015214878803,0.2912004097171923,-0.043233317238392174
6,12.85140562248996,0.22695962518457338,-1.1214195198667898,-0.513778220340993,1.158992198674872,0.28681859515642,-0.037572678808081524
6,12.931726907630521,0.24376390997461683,-1.1202740742227244,-0.5262074493465334,1.1523319043035698,0.2824435393719168,-0.03205783008084485
6,13.012048192771084,0.26051452662986013,-1.118835722938307,-0.538592481583795,1.1455206292449016,0.278077954953935,-0.02668490630659402
6,13.092369477911646,0.2772067333021707,-1.1171083351421962,-0.5509310949941969,1.1385583833914066,0.27372436169202635,-0.02145004824920988
6,13.17269076305221,0.29383595520286176,-1.115095788756462,-0.5632210483185371,1.1314451964379093,0.2693850931156755,-0.016349407681446444
6,13.25301204819277,0.3103977789260653,-1.1128019662134254,-0.5754600818271909,1.1241811186513144,0.2650623029011255,-0.011379152437888236
6,13.333333333333334,0.32688794687133854,-1.1102307505894995,-0.5876459180377936,1.1167662216193506,0.260757971166455,-0.006535471029850574
6,13.413654618473895,0.3433023517926339,-1.1073860221261012,-0.5997762624198731,1.1092005989802003,0.2564739106272391,-0.0018145768540984535
6,13.493975903614459,0.35963703148322224,-1.1042716551097083,-0.6118488040861911,1.1014843671335557,0.2522117726029688,0.0027872879761533693
6,13.57429718875502,0.37588816361012223,-1.1008915150814804,-0.623861216470647,1.0936176659349814,0.24797305286052465,0.007273849146499804
6,13.654618473895582,0.39205206070127074,-1.0972494563542035,-0.6358111579921438,1.0856006593715972,0.24375909729087303,0.011648796982606957
6,13.734939759036145,0.40812516527296144,-1.0933493198275979,-0.6476962727030383,1.0774335362122986,0.23957110743007684,0.01591578361530006
6,13.815261044176706,0.42410404513546507,-1.0891949310556746,-0.6595141909236037,1.0691165106456344,0.2354101457881386,0.020078420410040983
6,13.89558232931727,0.4399853888528398,-1.0847900985615402,-0.6712625298612033,1.060649822896265,0.23127714100836352,0.02414027566527603
6,13.975903614457831,0.45576600136677253,-1.0801386123767658,-0.682938894213878,1.0520337398219741,0.22717289284710543,0.028104872554792444
6,14.056224899598394,0.4714427997833089,-1.0752442427874738,-0.6945408767582035,1.0432685554913417,0.2230980769748946,0.031975687296132926
6,14.136546184738956,0.4870128093241516,-1.0701107392668803,-0.7060660589214797,1.0343545917441235,0.21905324959732816,0.03575614752275763
6,14.216867469879517,0.5024731594437989,-1.0647418295745101,-0.7175120113382962,1.0252921987360923,0.2150388518944974,0.03944963083841857
6,14.29718875502008,0.5178210801001327,-1.0591412190183767,-0.7288762943903828,1.0160817554623227,0.21105521429025015,0.043059463556054736
6,14.377510040160642,0.5330538981840364,-1.0533125898591358,-0.7401564587299665,1.0067236702640694,0.2071025605459303,0.04658891959506697
6,14.457831325301205,0.5481690341074067,-1.0472596008373212,-0.7513500457872675,0.9972183813217713,0.2031810116798608,0.05004121951555037
6,14.538152610441767,0.5631639985405444,-1.0409858868181674,-0.7624545882612195,0.9875663571317596,0.19929058972067498,0.05341952968640844
6,14.61847389558233,0.5780363892967053,-1.0344950585419057,-0.7734676105933465,0.9777680969668318,0.1954312212966411,0.05672696157507431
6,14.698795180722891,0.5927838883599236,-1.027790702468453,-0.7843866294248166,0.9678241313221384,0.1916027410648929,0.059966571146315116
6,14.779116465863453,0.6074042590533912,-1.0208763807041537,-0.7952091540367914,0.9577350223487057,0.18780489498340003,0.06314135835544861
6,14.859437751004016,0.6218953433456573,-1.0137556309982314,-0.8059326867741756,0.9475013642769351,0.18403734342851832,0.06625426672129714
6,14.939759036144578,0.6362550592872805,-1.0064319668041093,-0.8165547234525067,0.9371237838281498,0.18029966416522605,0.06930818297596031
6,15.02008032128514,0.6504813985657403,-0.9989088774121909,-0.8270727537469327,0.9266029406077917,0.17659135518119246,0.0723059368043999
6,15.100401606425702,0.6645724241932247,-0.9911898281155177,-0.8374842615652369,0.9159395274989232,0.17291183737201227,0.07525030061659516
6,15.180722891566266,0.6785262683067091,-0.9832782604254316,-0.8477867254035858,0.9051342710434757,0.16926045709687684,0.07814398938195648
6,15.261044176706827,0.6923411300815407,-0.9751775923230982,-0.8579776186852613,0.8941879318165656,0.16563648860372093,0.08098966050653293
6,15.34136546184739,0.7060152737522367,-0.966891218543715,-0.8680544100824551,0.8831013047933501,0.16203913633021874,0.08378991375036521
6,15.421686746987952,0.7195470267368819,-0.95842251088689,-0.8780145638211788,0.8718752197108764,0.15846753708429723,0.08654729117601402
6,15.502008032128513,0.7329347778615996,-0.949774818546564,-0.8878555399693645,0.8605105414274294,0.15492076210776518,0.08926427711913507
6,15.582329317269076,0.7461769756815524,-0.9409514684538606,-0.8975747947082139,0.8490081702818928,0.15139781902666158,0.09194329817196825
6,15.662650602409638,0.7592721268901043,-0.9319557656354671,-0.9071697805870155,0.8373690424493634,0.14789765369691127,0.09458672318610419
6,15.742971887550201,0.7722187948099206,-0.9227909935902648,-0.9166379467612773,0.8255941302911197,0.1444191519513567,0.09719686329914554
6,15.823293172690763,0.7850155979735165,-0.9134604146571725,-0.9259767392145017,0.8136844427159309,0.14096114124098516,0.09977597194124196
6,15.903614457831326,0.7976612087778796,-0.9039672703926989,-0.9351836009637229,0.8016410255398393,0.13752239218584308,0.10232624485285985
6,15.983935742971887,0.8101543522134899,-0.8943147819473731,-0.944255972248976,0.7894649618509111,0.13410162003548587,0.10484982009646235
6,16.06425702811245,0.8224938046625537,-0.8845061504409027,-0.9531912907071162,0.7771573723788134,0.13069748604456216,0.10734877806208962
6,16.14457831325301,0.8346783927635517,-0.8745445573327786,-0.9619869915301004,0.7647194158719631,0.1273085987665485,0.10982514146081576
6,16.224899598393574,0.8467069923392193,-0.8644331647850279,-0.97064050760786,0.7521522894849728,0.12393351526864052,0.11228087530005539
6,16.305220883534137,0.858578527385062,-0.8541751160138331,-0.9791492696558773,0.7394572291791455,0.1205707422708152,0.11471788683468795
6,16.3855421686747,0.8702919691116585,-0.8437735356335448,-0.9875107063286092,0.7266355101328937,0.11721873721695053,0.11713802550065144
6,16.46586345381526,0.8818463350358273,-0.8332315299962092,-0.9957222443195395,0.7136884471607846,0.11387590928371204,0.11954308283542493
6,16.546184738955823,0.893240688127056,-0.8225521875073731,-1.003781308446167,0.7006173951578645,0.11054062031911088,0.1219347923495091
6,16.626506024096386,0.9044741359969508,-0.8117385789336768,-1.0116853217224469,0.6874237495573559,0.10721118572549602,0.12431482937632136
6,16.70682730923695,0.915545830132036,-0.8007937576949289,-1.019431705418513,0.6741089468084749,0.10388587528647683,0.12668481088645445
6,16.78714859437751,0.9264549651658025,-0.7897207601417429,-1.0270178791087574,0.660674464874575,0.10056291394295501,0.12904629526716815
6,16.867469879518072,0.9372007781880124,-0.7785226058171566,-1.0344412607087246,0.647121823754723,0.09724048252071203,0.1314007820624338
6,16.947791164658636,0.9477825480892647,-0.7672022977006692,-1.041699266501262,0.6334525860318315,0.0939167184119975,0.13374971166883778
6,17.028112449799195,0.9581995949388348,-0.7557628224331074,-1.048789311152394,0.6196683574504537,0.09058971621355916,0.13609446498265398
6,17.10843373493976,0.9684512793909398,-0.7442071505248082,-1.055708807718785,0.6057707875229073,0.08725752832784527,0.1384363630019012
6,17.188755020080322,0.9785370021132069,-0.7325382365528817,-1.0624551676498994,0.5917615701597805,0.0839181655366924,0.14077666639310152
6,17.269076305220885,0.9884562032464613,-0.7207590193305728,-1.0690258007804965,0.5776424443449693,0.08056959753403503,0.14311657498560382
6,17.349397590361445,0.9982083618837755,-0.7088724220628989,-1.0754181153192632,0.5634151948423196,0.07720975343548743,0.14545722722057935
6,17.429718875502008,1.0077929955700773,-0.6968813524830287,-1.081629517833208,0.5490816529416732,0.07383652226313059,0.14779969954135558
6,17.51004016064257,1.0172096598187381,-0.6847887029710674,-1.0876574132301364,0.5346436972445419,0.07044775341139803,0.15014500572652556
6,17.59036144578313,1.0264579476438798,-0.6725973506545551,-1.0934992047405259,0.5201032544929736,0.06704125709664596,0.15249409616158133
6,17.670682730923694,1.035537489107167,-0.6603101574899533,-1.0991522939001004,0.5054623004452578,0.06361480479293324,0.15484785704469547
6,17.751004016064257,1.044447950877855,-0.647929970324387,-1.1046140805343925,0.49072286080211197,0.060166129656537275,0.15720710952227504
6,17.83132530120482,1.0531890358033842,-0.6354596209385003,-1.1098819627476462,0.47588701218467006,0.05669292694426174,0.15957260875383028
6,17.91164658634538,1.0617604824816163,-0.6229019260784362,-1.114953336923531,0.4609568831559384,0.053192854441914496,0.16194504292249778
6,17.991967871485944,1.0701620648465944,-0.6102596874621942,-1.1198255977310243,0.44593465530952464,0.04966353288442986,0.16432503215266966
6,18.072289156626507,1.0783935917568506,-0.5975356917710974,-1.1244961381441128,0.43082256441371936,0.046102546387261974,0.16671312735737814
6,18.152610441767067,1.0864549065873192,-0.5847327106235197,-1.128962349476428,0.415622901618087,0.042507442889108474,0.16910980900543288
6,18.23293172690763,1.0943458868217832,-0.5718535005321146,-1.1332216214348916,0.40033801472314956,0.03887573461310786,0.1715154858089651
6,18.313253012048193,1.1020664436449232,-0.5589008028445279,-1.1372713421956298,0.3849703095167981,0.035204898550706,0.17393049332772997
6,18.393574297188756,1.109616521533374,-0.5458773436672594,-1.1411088985052449,0.3695222511815312,0.031492376971870434,0.17635509248572823
6,18.473895582329316,1.11699609784517,-0.5327858337723478,-1.1447316758105075,0.3539963657766412,0.027735577965337068,0.17878946799570672
6,18.55421686746988,1.124205182406792,-0.5196289684866939,-1.1481370584197104,0.33839524179916003,0.023931876012917973,0.18123372668753407
6,18.634538152610443,1.1312438170886943,-0.5064094275703663,-1.1513224297069082,0.3227215318144101,0.02007861261821368,0.18368789575595632
6,18.714859437751002,1.138112075375766,-0.49312987507804995,-1.1542851723587475,0.306977954171139,0.016173096982980993,0.18615192090691102
6,18.795180722891565,1.144810061932596,-0.4797929592032411,-1.1570226686664988,0.29116729480529285,0.012212606733902402,0.18862566439794823
6,18.87550200803213,1.1513379121580158,-0.4664013121095744,-1.159532300873835,0.2752924091283581,0.008194388715818637,0.1911089029812161
6,18.955823293172692,1.1576957917285557,-0.4529575497478582,-1.1618114515848903,0.25935622400481423,0.004115659856334084,0.19360132574304365
6,19.03614457831325,1.1638838961291638,-0.4394642716597761,-1.1638575042401362,0.2433617398200762,-2.6391889027966436e-05,0.19610253183969964
6,19.116465863453815,1.1699024501711934,-0.4259240607681149,-1.1656678436665069,0.22731203264271868,-0.004234606504686968,0.19861202812539602
6,19.196787148594378,1.1757517074976527,-0.412339483153394,-1.1672398567082078,0.21121025648479289,-0.008511850789445337,0.20112922666860114
6,19.277108433734938,1.181431950075722,-0.39871308781675413,-1.168570932944647,0.19505964566402234,-0.012861017131075347,0.20365344215273196
6,19.3574297188755,1.1869434876739078,-0.3850474064303098,-1.169658465504797,0.17886351726733882,-0.01728502216911105,0.20618388916297117
6,19.437751004016064,1.192286657311844,-0.37134495308080173,-1.1704998520005023,0.16262527369896151,-0.021786805311342014,0.20871967938184052
6,19.518072289156628,1.1974618227050484,-0.35760822399495346,-1.1710924955644473,0.14634840535203653,-0.02636932714060136,0.21125981864291743
6,19.598393574297187,1.20246937368697,-0.34383969725627467,-1.1714338060192493,0.13003649337646228,-0.031035567667721038,0.2138032038798131
6,19.67871485943775,1.2073097256120868,-0.3300418325106518,-1.1715212011847504,0.11369321255166326,-0.03578852442733657,0.2163486199589895
6,19.759036144578314,1.2119833187381943,-0.31621707066150845,-1.1713521083361071,0.09732233426232993,-0.040631210402087434,0.21889473639917956
6,19.839357429718877,1.2164906175881574,-0.3023678335546916,-1.1709239658247528,0.08092772957735994,-0.04556665176340481,0.22144010397733255
6,19.919678714859437,1.2208321102917608,-0.28849652365307804,-1.1702342248739646,0.06451337243285588,-0.05059788541779658,0.22398315122022283
6,20.0,1.2250083079083067,-0.27460552370087815,-1.169280351560762,0.0480833429200159,-0.055727956347545175,0.2265221807808627
7,0.0,0.4901346650288849,-0.6424406615412324,0.4025413305558347,1.089908514898578,-0.8926759955847196,-0.44746785335734546
7,0.08032128514056225,0.49870494599263715,-0.6329545897999358,0.39029012587975215,1.0935575634522736,-0.8889950718723892,-0.4606029736523373
7,0.1606425702811245,0.5071383057452267,-0.6233710021933689,0.3779851666846445,1.097053975636688,-0.885123472429871,-0.4736829734433185
7,0.24096385542168675,0.51543417952417,-0.6136921244615743,0.3656281334542093,1.1003968923024923,-0.8810623129783792,-0.4867047678409176
7,0.321285140562249,0.5235920474337513,-0.6039201594816,0.35322072434656476,1.103585463712868,-0.876812771780316,-0.49966530423126737
7,0.40160642570281124,0.5316114327823904,-0.5940572860363807,0.3407646554906449,1.1066188498752736,-0.8723760882730353,-0.5125615638388925
7,0.4819277108433735,0.5394919003783025,-0.5841056576602844,0.328261661272865,1.1094962208899484,-0.8677535616511675,-0.5253905632296636
7,0.5622489959839357,0.5472330547955947,-0.5740674015857407,0.3157134946251785,1.112216757317666,-0.8629465494207731,-0.5381493557319249
7,0.642570281124498,0.5548345386059897,-0.5639446177659874,0.30312192730112153,1.1147796505639513,-0.8579564659071112,-0.5508350327979634
7,0.7228915662650602,0.5622960305829324,-0.5537393779822626,0.2904887501427655,1.117184103280738,-0.8527847807256977,-0.5634447252984747
7,0.8032128514056225,0.5696172438846548,-0.5434537250429602,0.2778157733416384,1.1194293297862792,-0.8474330172262929,-0.5759756047433182
7,0.8835341365461847,0.5767979242197798,-0.5330896720735273,0.265104826692406,1.1215145565032147,-0.8419027509121855,-0.5884248844296865
7,0.963855421686747,0.5838378479990424,-0.5226492018958793,0.2523577598381061,1.1234390224146942,-0.8361956078371481,-0.6007898205188141
7,1.0441767068273093,0.5907368204767087,-0.5121342664961118,0.23957644250572788,1.1252019795384602,-0.8303132629824362,-0.6130677130423475
7,1.1244979919678715,0.5974946738852716,-0.5015467865792862,0.22676276473092896,1.1268026934187907,-0.8242574386162002,-0.6252559068395036
7,1.2048192771084336,0.604111265567003,-0.49088865121006564,0.2139186370706819,1.1282404436362052,-0.8180299026376845,-0.6373517924261389
7,1.285140562248996,0.6105864761059431,-0.48016171753797976,0.2010459908026435,1.1295145243348355,-0.8116324669085863,-0.649352806796855
7,1.3654618473895583,0.6169202074639044,-0.4693678106060958,0.18814677811003852,1.1306242447673596,-0.8050669855739427,-0.6612564341612632
7,1.4457831325301205,0.6231123811240721,-0.4585087232418724,0.17522297225085046,1.1315689298574072,-0.7983353533749225,-0.6730602066155342
7,1.5261044176706826,0.6291629362541138,-0.4475862160493537,0.16227656772325671,1.1323479207807075,-0.7914395039773703,-0.6847617047313531
7,1.606425702811245,0.6350718278981802,-0.4366020175202426,0.14930958044120063,1.1329605755664012,-0.7843814083393807,-0.6963585580461581
7,1.6867469879518073,0.6408390251535196,-0.4255578241362554,0.1363240478361157,1.133406269710905,-0.7771630729896353,-0.7078484455746491
7,1.7670682730923695,0.6464645093950726,-0.4144553006151241,0.1233220289823064,1.1336843968120285,-0.7697865383773789,-0.7192290961969038
7,1.8473895582329316,0.6519482725175756,-0.40329608021872837,0.11030560469584558,1.1337943692186971,-0.7622538772134211,-0.7304982889999683
7,1.927710843373494,0.6572903152082156,-0.3920817651399095,0.09727687761640418,1.133735618698111,-0.7545671928246197,-0.7416538535582008
7,2.0080321285140563,0.6624906452526846,-0.38081392696663086,0.08423797227170327,1.1335075971199753,-0.7467286175243878,-0.7526936701533438
7,2.0883534136546187,0.6675492758768699,-0.36949410722076104,0.07119103512342097,1.133109777157345,-0.7387403110002908,-0.7636156699365834
7,2.1686746987951806,0.6724662241264137,-0.3581238179687565,0.05813823459338745,1.1325416530036168,-0.7306044587198011,-0.7744178350348596
7,2.248995983935743,0.6772415092863792,-0.34670454250151855,0.04508176106889966,1.1318027411052038,-0.7223232703552788,-0.7850981986036847
7,2.3293172690763053,0.6818751513432556,-0.3352377360807032,0.03202382688599009,1.1308925809094355,-0.7138989782292456,-0.7956548448287316
7,2.4096385542168672,0.686367169491539,-0.32372482674875613,0.018966666289480016,1.1298107356272116,-0.705333835781019,-0.8060859088784547
7,2.4899598393574296,0.6907175806871231,-0.3121672161999532,0.005912535368651717,1.1285567930099543,-0.6966301160557747,-0.8163895768100005
7,2.570281124497992,0.6949263982497343,-0.30056628070971914,-0.007136288032628502,1.1271303661403904,-0.6877901102171058,-0.8265640854306707
7,2.6506024096385543,0.6989936305267667,-0.2889233721352267,-0.020177504423903786,1.1255310942382644,-0.6788161261028628,-0.8366077221030371
7,2.7309236947791167,0.7029192796216645,-0.27723981899062017,-0.03320879279061009,1.1237586434813736,-0.6697104868310543,-0.8465188244907528
7,2.8112449799196786,0.7067033401460912,-0.26551692752100814,-0.04622781077395593,1.121812707834383,-0.6604755293721352,-0.856295780313374
7,2.891566265060241,0.7103457980546489,-0.2537559828662965,-0.05923219485675773,1.1196930098920206,-0.6511136031978911,-0.8659370270257234
7,2.9718875502008033,0.7138466295321535,-0.24195825026358803,-0.07221956058228525,1.1173993017324224,-0.6416270689498681,-0.8754410514688338
7,3.0522088353413652,0.7172057999442614,-0.23012497629581619,-0.08518750280242764,1.1149313657813735,-0.6320182971418334,-0.8848063894855566
7,3.1325301204819276,0.7204232628525501,-0.2182573901839897,-0.0981335959558386,1.1122890156864769,-0.6222896668967111,-0.8940316255024863
7,3.21285140562249,0.723498959094855,-0.2063567051200017,-0.11105539437693629,1.1094720972002303,-0.6124435647179183,-0.9031153920802277
7,3.2931726907630523,0.7264328159316665,-0.194424119636958,-0.12395043263663527,1.1064804890709938,-0.6024823832950309,-0.9120563694340351
7,3.3734939759036147,0.7292247462593934,-0.18246081901398045,-0.13681622591568612,1.1033141039408285,-0.5924085203437068,-0.9208532849268473
7,3.4538152610441766,0.7318746478912928,-0.17046797671244024,-0.14965027041149867,1.0999728892491902,-0.5822243774797937,-0.9295049125367492
7,3.534136546184739,0.7343824029068755,-0.15844675584057502,-0.1624500437793258,1.0964568281414597,-0.5719323591275495,-0.938010072300884
7,3.6144578313253013,0.7367478770705864,-0.14639831064344708,-0.17521300560868258,1.0927659403812922,-0.5615348714619037,-0.9463676297378443
7,3.694779116465863,0.7389709193249748,-0.13432378801784708,-0.18793659793559098,1.0889002832658379,-0.5510343213893837,-0.95457649524799
7,3.7751004016064256,0.7410513613737996,-0.12222432905964775,-0.20061824578905837,1.0848599525433347,-0.5404331155847409,-0.9626356234836861
7,3.855421686746988,0.7429890173070137,-0.11010107060868253,-0.2132553577783711,1.0806450833305785,-0.5297336595286425,-0.9705440127218952
7,3.9357429718875503,0.7447836833170023,-0.09795514681884199,-0.2258453267172011,1.0762558510287912,-0.518938356599801,-0.9783007042099484
7,4.016064257028113,0.7464351374851805,-0.08578769073961884,-0.23838553028480255,1.071692472237189,-0.5080496072003778,-0.9859047814975692
7,4.096385542168675,0.7479431396438616,-0.0735998359059125,-0.250873331727409,1.0669552056628242,-0.4970698079164526,-0.9933553697569109
7,4.176706827309237,0.749307431314158,-0.06139271793373334,-0.26330608060003413,1.0620443530250834,-0.4860013507141239,-1.0006516350913492
7,4.257028112449799,0.7505277357195119,-0.0491674761188685,-0.27568111354883995,1.0569602599532137,-0.4748466221706721,-1.0077927838343446
7,4.337349397590361,0.7516037578744524,-0.03692525503557059,-0.2879957551342356,1.0517033168752483,-0.46360800274021696,-1.0147780618396771
7,4.417670682730924,0.7525351847481734,-0.024667206132333072,-0.30024731869486854,1.0462739598967048,-0.45228786605330495,-1.0216067537643712
7,4.497991967871486,0.753321685502529,-0.012394489321811558,-0.31243310725267337,1.0406726716674268,-0.4408885782498557,-1.0282781823456146
7,4.578313253012048,0.753962911804043,-0.00010827456195500185,-0.3245504144591398,1.0348999822349403,-0.42941249734490305,-1.034791707672985
7,4.658634538152611,0.7544584982095558,0.012190256574599129,-0.3365965255829825,1.0289564698826896,-0.4178619726265732,-1.0411467264572882
7,4.738955823293173,0.7548080626376138,0.02449990934809776,-0.3485687185465239,1.02284276194797,-0.40623934409108986,-1.0473426712960672
7,4.8192771084337345,0.7550112069101358,0.036819474315734214,-0.36046426500126044,1.016559535622268,-0.39454694190887524,-1.0533790099380018
7,4.899598393574297,0.7550675173577517,0.049147725817201934,-0.3722804314424489,1.0101075187319553,-0.3827870859153027,-1.0592552445491568
7,4.979919678714859,0.7549765655071434,0.06148342048403001,-0.38401448036899344,1.0034874904933109,-0.37096208513815004,-1.0649709109773406
7,5.0602409638554215,0.7547379088376877,0.07382529577549576,-0.3956636714838198,0.9967002822431373,-0.3590742373538678,-1.070525578018633
7,5.140562248995984,0.7543510916110965,0.08617206854571698,-0.4072252629378512,0.9897467781412238,-0.34712582867324526,-1.0759188466869407
7,5.220883534136546,0.7538156457723317,0.09852243364450287,-0.4186965126164244,0.982627915842719,-0.3351191331559074,-1.0811503494872219
7,5.301204819277109,0.7531310919200608,0.11087506255454253,-0.4300746794669849,0.975344687138469,-0.3230564124530759,-1.0862197496930115
7,5.381526104417671,0.752296940344927,0.1232286020675092,-0.4413570248668979,0.9678981385613787,-0.3109399154780292,-1.0911267406288878
7,5.461847389558233,0.7513126921339077,0.1355816730016589,-0.45254081403021373,0.9602893719568557,-0.2987718781036939,-1.0958710449585143
7,5.542168674698795,0.7501778403390288,0.1479328689635021,-0.46362331745222574,0.9525195450153945,-0.28655452288680294,-1.1004524139788963
7,5.622489959839357,0.7488918712087106,0.16028075515612744,-0.474601812390658,0.9445898717653581,-0.27429005881805235,-1.1048706269214852
7,5.7028112449799195,0.7474542654832218,0.1726238672399776,-0.48547358438617344,0.9365016230214174,-0.26198068109704814,-1.1091254902613945
7,5.783132530120482,0.7458644997644501,0.18496071026016703,-0.49623592883472745,0.9282561267775884,-0.2496285709297225,-1.113216837037755
7,5.863453815261044,0.7441220479213925,0.19728975760950201,-0.5068861525688683,0.919854768569911,-0.237235895352524,-1.1171445261794124
7,5.943775100401607,0.7422263825646805,0.2096094500633414,-0.5174215754874504,0.9112989917785902,-0.22480480707723005,-1.120908441841931
7,6.024096385542169,0.7401769765715329,0.22191819487092646,-0.5278395322111106,0.9025902978824946,-0.21233744436042234,-1.1245084927534204
7,6.1044176706827304,0.7379733046635385,0.2342143649130109,-0.5381373737696087,0.8937302466583041,-0.1998359308939299,-1.1279446115713143
7,6.184738955823293,0.7356148450350254,0.2464962979284766,-0.5483124693193804,0.8847204563220172,-0.1873023757156453,-1.1312167542504934
7,6.265060240963855,0.7331010810286928,0.25876229581144095,-0.5583622078882686,0.8755626036114748,-0.17473887314042438,-1.1343248994229151
7,6.3453815261044175,0.7304315028551803,0.27101062398036546,-0.5682840001444043,0.8662584238085537,-0.16214750271077633,-1.137269047788919
7,6.42570281124498,0.7276056093532552,0.2832395108206729,-0.5780752801862024,0.8568097106996886,-0.14953032916705306,-1.1400492215203613
7,6.506024096385542,0.7246229097872909,0.2954471472023796,-0.5877335073504435,0.847218316473374,-0.13688940243684755,-1.1426654636757534
7,6.586345381526105,0.7214829256787157,0.3076316860742523,-0.5972561680354075,0.8374861515533061,-0.1242267576433082,-1.1451178376275581
7,6.666666666666667,0.7181851926681079,0.3197912421359959,-0.6066407775360287,0.8276151843658153,-0.11154441513207902,-1.147406426501811
7,6.746987951807229,0.7147292624101411,0.3319238916011605,-0.6158848818984607,0.8176074410311109,-0.0988443805116802,-1.1495313326322711
7,6.827309236947791,0.7111147045049517,0.3440276720659685,-0.6249860598048117,0.8074650049666082,-0.08612864470013992,-1.1514926770325764
7,6.907630522088353,0.7073411084260357,0.3561005824179842,-0.6339419244191579,0.7971900164555746,-0.07339918400687762,-1.1532905988735587
7,6.9879518072289155,0.7034080854819736,0.36814058286258283,-0.6427501252653559,0.7867846721168453,-0.060657960216617436,-1.154925254979428
7,7.068273092369478,0.6993152707873104,0.3801455950267721,-0.6514083500948061,0.7762512243094253,-0.04790692069250394,-1.1563968193361973
7,7.14859437751004,0.6950623252442962,0.39211350215610724,-0.6599143267526805,0.7655919804586327,-0.03514799849161544,-1.15770548261474
7,7.228915662650603,0.6906489375313688,0.4040421494049216,-0.6682658250388855,0.7548093023036327,-0.02238311249248294,-1.1588514517085542
7,7.309236947791165,0.6860748260937921,0.41592934421911304,-0.6764606585591484,0.7439056050670251,-0.009614167534643503,-1.159834949286138
7,7.389558232931726,0.6813397411318741,0.4277728568107253,-0.6844966865616172,0.7328833565471519,0.0031569454297431937,-1.160656213357877
7,7.469879518072289,0.6764434665821782,0.43957042072356656,-0.6923718157543657,0.7217450761337862,0.01592834917218755,-1.1613154968573525
7,7.550200803212851,0.6713858220871509,0.4513197334891015,-0.700084002099192,0.7104933337478718,0.028698180012041025,-1.1618130672369729
7,7.6305220883534135,0.6661666649485816,0.46301845737186076,-0.7076312525771011,0.6991307487059719,0.04146458762851965,-1.1621492060778322
7,7.710843373493976,0.6607858920603145,0.47466422020360516,-0.7150116269208638,0.6876599885100965,0.054225734860549574,-1.1623242087137011
7,7.791164658634538,0.6552434418208997,0.4862546163237629,-0.7222232393246785,0.6760837675479449,0.066979797503779,-1.1623383838717072
7,7.871485943775101,0.64953929602706,0.49778720763831874,-0.7292642601410563,0.6644048456940421,0.07972496411399652,-1.1621920533323604
7,7.951807228915663,0.6436734817125599,0.5092595247035426,-0.7361329174807174,0.6526260268915272,0.09245943576815754,-1.1618855515950695
7,8.032128514056225,0.637646072964568,0.5206690679447398,-0.742827498805007,0.640750157620097,0.10518142584043907,-1.1614192255648363
7,8.112449799196787,0.6314571926946139,0.5320133089455058,-0.7493463524573358,0.6287801253060034,0.117889159762722,-1.160793434251509
7,8.19277108433735,0.6251070143634264,0.5432896918277845,-0.7556878891432702,0.616718856656642,0.13058087477984376,-1.1600085484844262
7,8.273092369477911,0.6185957636556514,0.554495634719829,-0.7618505833555396,0.6045693159225531,0.14325481969988813,-1.159064950642382
7,8.353413654618475,0.6119237201001786,0.5656285313081209,-0.7678329747394561,0.5923345030905509,0.1559092546392774,-1.1579630343986715
7,8.433734939759036,0.6050912186318208,0.5766857524692899,-0.7736336693942385,0.5800174520117121,0.16854245076241764,-1.1567032044810017
7,8.514056224899598,0.5980986510900725,0.5876646479780893,-0.7792513411057376,0.5676212284679412,0.18115269001566484,-1.15528587644603
7,8.594377510040161,0.5909464676506901,0.5985625482874715,-0.7846847325060544,0.5551489281808416,0.19373826485536416,-1.1537114764683127
7,8.674698795180722,0.5836351781858241,0.6093767663768144,-0.789932656155548,0.5426036747666134,0.2062974779697237,-1.1519804411434273
7,8.755020080321286,0.5761653535484398,0.6201045996643502,-0.7949939955427248,0.5299886176406997,0.2188286419942849,-1.1500932173050495
7,8.835341365461847,0.5685376267774067,0.6307433319833488,-0.7998677059999333,0.5173069298728677,0.23133007922252646,-1.148050261856216
7,8.91566265060241,0.5607526942343967,0.6412902356836312,-0.8045528155808949,0.5045618059393275,0.243800121346498,-1.1458520416229583
7,8.995983935742972,0.5528113166420106,0.6517425737105615,-0.8090484257979301,0.49175645950170505,0.25623710915591946,-1.143499033212266
7,9.076305220883533,0.5447143200343104,0.6620976017646134,-0.8133537122803496,0.4788941211243895,0.26863939224603905,-1.1409917228890023
7,9.156626506024097,0.5364625966239169,0.6723525705150242,-0.8174679253517261,0.4659780359513096,0.28100532872780903,-1.1383306064663332
7,9.236947791164658,0.5280571055729341,0.6825047278513332,-0.821390390505745,0.4530114613579385,0.29333328493281086,-1.1355161892092709
7,9.317269076305221,0.5194988736676229,0.692551321180477,-0.8251205087870388,0.43999766457252537,0.3056216351194157,-1.1325489857530018
7,9.397590361445783,0.5107889958953122,0.7024895997631017,-0.8286577570752326,0.42693992027255195,0.3178687611799201,-1.1294295200356528
7,9.477911646586346,0.5019286359220267,0.7123168170827621,-0.8320016882704392,0.4138415081623981,0.3300730523484123,-1.1261583252451595
7,9.558232931726907,0.49291902646932195,0.7220302332416693,-0.8351519313784298,0.4007057105382174,0.3422329049091076,-1.1227359437798858
7,9.638554216867469,0.48376146958880717,0.7316271173766542,-0.8381081914937165,0.3875358098460049,0.3543467219049091,-1.1191629272226584
7,9.718875502008032,0.4744573368328434,0.7411047500890094,-0.8408702496787763,0.37433508623885775,0.3664129128459326,-1.1154398363278668
7,9.799196787148594,0.46500806931990163,0.7504604258818748,-0.8434379627376489,0.36110681513941706,0.378429893417747,-1.1115672410212913
7,9.879518072289157,0.45541517769306245,0.759691455598834,-0.8458112628821423,0.34785426481347964,0.3903960851890795,-1.1075457204123134
7,9.959839357429718,0.44568024197014877,0.7687951688573835,-0.8479901572888744,0.33458069396077983,0.40230991531872545,-1.103375862818163
7,10.040160642570282,0.4358049112914374,0.7777689164994703,-0.8499747275660724,0.32128934930532715,0.41416981627463484,-1.099058265804797
7,10.120481927710843,0.4257909035833312,0.7866100731117347,-0.8517651291768616,0.3079834631390325,0.42597422559353015,-1.0945935362507668
7,10.200803212851406,0.415640005076132,0.7953160393586719,-0.8533615906410066,0.29466625104046285,0.4377215855648743,-1.0899822903991343
7,10.281124497991968,0.405354069746911,0.8038842444120863,-0.8547644127177003,0.2813409095308501,0.4494103429707892,-1.0852251539429358
7,10.36144578313253,0.39493501865196967,0.8123121483275342,-0.8559739674695142,0.26801061378562874,0.4610389488175443,-1.0803227621131624
7,10.441767068273093,0.384384839156584,0.82059724438948,-0.8569906972277439,0.25467851539023845,0.47260585807115973,-1.0752757597797178
7,10.522088353413654,0.3737055840654482,0.828737061424444,-0.8578151134646859,0.24134774014134405,0.4841095293992375,-1.0700848015657876
7,10.602409638554217,0.36289937065610545,0.8367291660768386,-0.8584477955751388,0.2280213858982278,0.49554842491903317,-1.0647505519750655
7,10.682730923694779,0.3519683796176616,0.8445711650421851,-0.85888938956943,0.2147025204891182,0.5069210099517681,-1.0592736855313025
7,10.763052208835342,0.34091485389706344,0.8522607072524154,-0.8591406066802639,0.2013941796772035,0.5182257527832002,-1.0536548869296183
7,10.843373493975903,0.32974109745523883,0.8597954860079446,-0.8592022218856905,0.18809936519109685,0.5294611244304513,-1.0478948511990407
7,10.923694779116467,0.3184494739353807,0.8671732410512212,-0.8590750723504916,0.17482104282450034,0.5406255984151105,-1.041994283875721
7,11.004016064257028,0.3070424052456723,0.8743917605764431,-0.858760055788283,0.16156214060983523,0.5517176505426102,-1.0359539011862777
7,11.08433734939759,0.295522370058735,0.8814488831701418,-0.8582581287466293,0.14832554707058615,0.5627357586878939,-1.0297744302407275
7,11.164658634538153,0.28389190223009575,0.888342499677327,-0.8575703048174721,0.1351141095571237,0.573678402587376,-1.0234566092344501
7,11.244979919678714,0.2721535891379594,0.8950705549878901,-0.8566976527751649,0.12193063267076004,0.5845440636372051,-1.0170011876586496
7,11.325301204819278,0.260310069967055,0.9016310497753328,-0.8556412946759478,0.108777876754769,0.5953312247088925,-1.0104089265301013
7,11.405622489959839,0.24836403398117318,0.9080220422594721,-0.8544024039854378,0.09565855640100349,0.6060383700042643,-1.003680598660475
7,11.485943775100402,0.23631821861490082,0.9142416496574138,-0.8529822034650525,0.08257533921020573,0.6166639848501514,-0.996816988867619
7,11.566265060240964,0.22417540758579252,0.9202880497010757,-0.8513819631336287,0.06953084454056971,0.6272065555478358,-0.9898188942416449
7,11.646586345381525,0.2119384289366338,0.9261594820447365,-0.8496029981623977,0.056527642366161666,0.6376645692257635,-0.9826871244108978
7,11.726907630522089,0.19961015302883323,0.9318542495804513,-0.8476466667300346,0.04356825223665928,0.6480365137012012,-0.9754225018171101
7,11.80722891566265,0.18719349049346584,0.9373707196649167,-0.845514367846155,0.03065514233571727,0.6583208773526888,-0.9680258620006337
7,11.887550200803213,0.17469139014365936,0.9427073252564517,-0.8432075391473517,0.01779072863858873,0.6685161490036922,-0.9604980538950403
7,11.967871485943775,0.16210683685202293,0.9478625659607482,-0.8407276546698658,0.004977374169641627,0.6786208178178427,-0.9528399401303896
7,12.048192771084338,0.14944284939680494,0.9528350089840593,-0.8380762226029796,-0.007782611639606363,0.6886333732061746,-0.9450523973444527
7,12.1285140562249,0.136702478280482,0.957623289992482,-0.8352547830272294,-0.02048697349129347,0.6985523047467473,-0.9371363165011883
7,12.208835341365461,0.1238888035244643,0.9622261138759998,-0.8322649056415236,-0.03313351066023604,0.708376102117059,-0.9290926032157635
7,12.289156626506024,0.11100493244361867,0.9666422554159415,-0.8291081874832638,-0.045720077330529046,0.7181032550396449,-0.9209221780854121
7,12.369477911646586,0.09805399742138494,0.9708705598651495,-0.8257862506617064,-0.05824458283153597,0.7277322532403213,-0.912625977033613
7,12.449799196787149,0.08503915369748656,0.9749099434511107,-0.8223007401168777,-0.07070499177947775,0.737261586419391,-0.9042049516716325
7,12.53012048192771,0.07196357710098619,0.9787593937514941,-0.8186533213401237,-0.08309932410961882,0.7466897442391373,-0.8956600696418748
7,12.610441767068274,0.05883046182029464,0.9824179700013422,-0.8148456781443977,-0.09542565501650188,0.7560152163241027,-0.8869923149848398
7,12.690763052208835,0.04564301816607899,0.9858848033040198,-0.8108795104431793,-0.10768211479747322,0.7652364922771,-0.878202688506546
7,12.771084337349398,0.032404470346944964,0.9891590967529174,-0.8067565320568667,-0.11986688859966979,0.7743520617099214,-0.8692922081532468
7,12.85140562248996,0.01911805426086373,0.992240125465765,-0.8024784685500842,-0.1319782160729751,0.7833604142892201,-0.8602619093927891
7,12.931726907630521,0.005787015304787424,0.9951272365331538,-0.7980470551028679,-0.14401439093143917,0.7922600397980802,-0.8511128456017139
7,13.012048192771084,-0.007585393795085743,0.9978198488828552,-0.7934640344186966,-0.15597376042564287,0.8010494282137822,-0.8418460884572115
7,13.092369477911646,-0.020995915129946502,1.0003174530615329,-0.7887311546723318,-0.16785472472849733,0.8097270698022783,-0.8324627283330347
7,13.17269076305221,-0.034441287729459064,1.0026196109354413,-0.783850167500431,-0.17965573623696732,0.8182914552298901,-0.8229638746984733
7,13.25301204819277,-0.04791824965483424,1.0047259553117043,-0.7788228260379025,-0.19137529879219992,0.8267410756927368,-0.813350656519504
7,13.333333333333334,-0.061423540061447124,1.0066361894817666,-0.7736508830029619,-0.2030119668205535,0.835074423064409,-0.8036242226612126
7,13.413654618473895,-0.07495390119956881,1.0083500867005957,-0.7683360888579552,-0.21456434439622557,0.843289990057524,-0.7937857423043697
7,13.493975903614459,-0.08850608037337641,1.0098674895988469,-0.7628801900293288,-0.22603108423191476,0.8513862704027052,-0.7838364053669318
7,13.57429718875502,-0.10207683189851109,1.0111883095094905,-0.7572849271552226,-0.2374108866020498,0.8593617590537337,-0.7737774229074403
7,13.654618473895582,-0.11566291898059292,1.0123125257435928,-0.7515520334246145,-0.24870249819741724,0.8672149524052074,-0.7636100275461751
7,13.734939759036145,-0.12926111556034736,1.0132401847991515,-0.7456832329711582,-0.2599047109178426,0.8749443485315056,-0.7533354738813085
7,13.815261044176706,-0.14286820810538034,1.0139713995122943,-0.7396802393393845,-0.271016360604757,0.882548447444765,-0.7429550389075369
7,13.89558232931727,-0.15648099734842374,1.0145063481534995,-0.7335447540238861,-0.28203632571739934,0.89002575137231,-0.7324700224360997
7,13.975903614457831,-0.1700962999718825,1.014845273471496,-0.7272784650820912,-0.29296352595639785,0.8973747650539738,-0.7218817475150976
7,14.056224899598394,-0.18371095023853035,1.0149884816874961,-0.720883045821229,-0.30379692083848686,0.9045939960597595,-0.7111915608490088
7,14.136546184738956,-0.1973218015681829,1.0149363414424164,-0.714360153560095,-0.3145355082261016,0.9116819551282782,-0.7004008332163143
7,14.216867469879517,-0.2109257280601958,1.0146892826997398,-0.7077114284662147,-0.3251783228156074,0.9186371565264108,-0.6895109598841319
7,14.29718875502008,-0.22451962596161837,1.0142477956066756,-0.7009384924690159,-0.3357244345879056,0.9254581184306344,-0.6785233610187694
7,14.377510040160642,-0.2381004150808439,1.0136124293162703,-0.6940429482496115,-0.3461729472251703,0.9321433633304557,-0.6674394820910994
7,14.457831325301205,-0.2516650401419719,1.0127837907749955,-0.6870263783116508,-0.35652299649720814,0.9386914184536229,-0.6562607942777868
7,14.538152610441767,-0.2652104720241408,1.01176254350098,-0.6798903441793432,-0.3667737486168641,0.9451008162034843,-0.6449887948841152
7,14.61847389558233,-0.2787337090177827,1.0105494063050968,-0.6726363856138428,-0.37692439857711313,0.9513700946316257,-0.633625007727983
7,14.698795180722891,-0.2922317779923099,1.0091451519983141,-0.6652660199365077,-0.3869741684688668,0.9574977979288178,-0.6221709835294466
7,14.779116465863453,-0.30570173550072194,1.0075506060760313,-0.6577807414355712,-0.39692230578030097,0.9634824769362933,-0.6106283002957295
7,14.859437751004016,-0.31914066882881736,1.005766645381707,-0.6501820208520357,-0.4067680816848239,0.9693226896808532,-0.5989985636968821
7,14.939759036144578,-0.3325456969822126,1.0037941967553417,-0.6424713049505402,-0.4165107893208219,0.9750170019327531,-0.5872834074345189
7,15.02008032128514,-0.34591397161267384,1.0016342356688386,-0.6346500161738198,-0.4261497420664523,0.9805639877864939,-0.5754844936023853
7,15.100401606425702,-0.35924267788525843,0.9992877848502614,-0.626719552379383,-0.4356842718127468,0.9859622302646417,-0.5636035130375134
7,15.180722891566266,-0.37252903528777925,0.9967559128990114,-0.6186812866570229,-0.4451137272382989,0.9912103219448024,-0.5516421856607114
7,15.261044176706827,-0.38577029838408683,0.9940397328939469,-0.6105365672257888,-0.45443747208879653,0.9963068656098758,-0.5396022608051494
7,15.34136546184739,-0.39896375751268087,0.9911404009964617,-0.602286717409034,-0.4636548834646751,1.001250474921715,-0.5274855175317857
7,15.421686746987952,-0.41210673943214826,0.9880591150505491,-0.5939330356861673,-0.47276535012015103,1.0060397751183157,-0.5152937649303974
7,15.502008032128513,-0.4251966079149382,0.9847971131818685,-0.5854767958197226,-0.4817682707769112,1.0106734037346607,-0.5030288424049565
7,15.582329317269076,-0.4382307642856037,0.9813556724005641,-0.5769192470611422,-0.49066305245628705,1.015150011346746,-0.49069261994427643
7,15.662650602409638,-0.45120664785763853,0.9777361072328496,-0.5682616144752577,-0.49944910883585414,1.0194682623328963,-0.4782869983969948
7,15.742971887550201,-0.464121736392231,0.973939768323496,-0.5595050992750711,-0.5081258586228073,1.0236268356673022,-0.46581390970068803
7,15.823293172690763,-0.4769735464758567,0.9699680410629375,-0.5506508792573503,-0.5166927239595553,1.027624425733207,-0.4532753171033814
7,15.903614457831326,-0.48975963384621085,0.965822344223372,-0.5417001093105974,-0.5251491288554395,1.031459743156808,-0.44067321536793164
7,15.983935742971887,-0.5024775936741812,0.9615041286058369,-0.5326539219904921,-0.5334944976512969,1.0351315156646732,-0.42800963095453914
7,16.06425702811245,-0.5151250607982888,0.9570148757021493,-0.5235134281654553,-0.5417282535199524,1.0386384889637439,-0.4152866221821959
7,16.14457831325301,-0.5276997099134635,0.9523560963725567,-0.5142797177299556,-0.5498498170047247,1.0419794276434189,-0.40250627936783095
7,16.224899598393574,-0.5401992557160489,0.947529329539939,-0.5049538603831712,-0.557858604598042,1.04515311609922,-0.3896707249418959
7,16.305220883534137,-0.5526214530069009,0.9425361409014097,-0.4955369064706346,-0.5657540273622513,1.0481583594775354,-0.37678211353915736
7,16.3855421686747,-0.5649640967544751,0.9373781216581549,-0.4860298878864677,-0.5735354895947181,1.0509939846409428,-0.3638426320634357
7,16.46586345381526,-0.5772250221197729,0.9320568872643575,-0.47643381903383586,-0.5812023875393038,1.0536588411536087,-0.3508544997250529
7,16.546184738955823,-0.5894021044450336,0.9265740761960487,-0.4667496978412303,-0.5887541081463116,1.056151802286264,-0.33781996804973624
7,16.626506024096386,-0.601493259208044,0.9209313487407311,-0.45697850683220764,-0.5961900278829901,1.0584717660402516,-0.3247413208577402
7,16.70682730923695,-0.6134964419390809,0.9151303858120872,-0.4471212142509824,-0.6035095115997177,1.0606176561900633,-0.3116208742123686
7,16.78714859437751,-0.6254096480786406,0.9091728878064489,-0.4371787752641705,-0.6107119114656336,1.0625884233428111,-0.2984609763408143
7,16.867469879518072,-0.6372309128484914,0.9030605734527559,-0.4271521331679141,-0.6177965659364771,1.0643830460164057,-0.2852640075162779
7,16.947791164658636,-0.6489583110690599,0.8967951787036484,-0.41704222066354657,-0.6247627987970049,1.0660005317326067,-0.2720323799066426
7,17.028112449799195,-0.6605899569487362,0.8903784556499991,-0.40684996117515343,-0.631609918259617,1.0674399181238898,-0.258768537390381
7,17.10843373493976,-0.6721240038474527,0.8838121714612143,-0.3965762702075526,-0.6383372161264507,1.0687002740550056,-0.2454749553347627
7,17.188755020080322,-0.6835586440141641,0.8770981073527336,-0.38622205674370225,-0.6449439670172314,1.0697807007578666,-0.23215414033550125
7,17.269076305220885,-0.6948921082996624,0.8702380575807517,-0.3757882246786919,-0.6514294276637496,1.0706803329783545,-0.21880862991700128
7,17.349397590361445,-0.706122665846136,0.863233828464203,-0.36527567428748764,-0.6577928362718168,1.0713983401336238,-0.20544099219238554
7,17.429718875502008,-0.7172486237548998,0.856087237434036,-0.35468530372359014,-0.6640334119515684,1.07193392747849,-0.1920538254824671
7,17.51004016064257,-0.7282683267337087,0.8488001121098145,-0.34401801054577613,-0.6701503542169674,1.0722863372794846,-0.17864975789284662
7,17.59036144578313,-0.7391801567250829,0.8413742894036733,-0.3332746932700792,-0.6761428425553768,1.072454849995162,-0.16523144684829605
7,17.670682730923694,-0.7499825325170624,0.8338116146516631,-0.32245625294417707,-0.6820100360680585,1.0724387854612394,-0.151801578583604
7,17.751004016064257,-0.760673909337804,0.826113940772519,-0.31156359474135364,-0.6877510731824578,1.0722375040791576,-0.1383628675900607
7,17.83132530120482,-0.7712527784311327,0.8182831274594756,-0.30059762957525027,-0.6933650714532341,1.0718504080063829,-0.12491805600624095
7,17.91164658634538,-0.7817176666170623,0.8103210404010434,-0.28955927572977624,-0.6988511274371116,1.0712769423468385,-0.11146991296393126
7,17.991967871485944,-0.7920671358483804,0.8022295505193543,-0.27844946049130365,-0.7042083166223791,1.070516596339684,-0.09802123389697465
7,18.072289156626507,-0.802299782746929,0.7940105332446576,-0.2672691217961138,-0.7094356934536752,1.0695689045430428,-0.0845748397909819
7,18.152610441767067,-0.8124142381304725,0.7856658678156215,-0.25601920988163435,-0.7145322914270748,1.068433448012107,-0.07113357638854631
7,18.23293172690763,-0.8224091665303621,0.7771974366072262,-0.24470068893916877,-0.7194971232653118,1.0671098554695309,-0.05770031334191378
7,18.313253012048193,-0.8322832657007476,0.7686071244860139,-0.23331453876505429,-0.7243291811725308,1.0655978044658019,-0.044277943313482476
7,18.393574297188756,-0.8420352661201034,0.7598968181924518,-0.22186175640716915,-0.7290274371679596,1.0638970225272726,-0.030869381024491493
7,18.473895582329316,-0.8516639304858177,0.7510684057501733,-0.21034335780372818,-0.7335908434978937,1.0620072882895457,-0.017477562252278728
7,18.55421686746988,-0.8611680532026057,0.7421237759018546,-0.198760379411291,-0.7380183331253817,1.0599284326138965,-0.004105442776472179
7,18.634538152610443,-0.8705464598654986,0.7330648175714959,-0.18711387981892197,-0.742308820297001,1.0576603396844204,0.009244002725505851
7,18.714859437751002,-0.8797980067381718,0.7238934193528578,-0.17540494134542284,-0.7464612011861184,1.0552029480835943,0.02256778183326133
7,18.795180722891565,-0.8889215802273651,0.7146114690238214,-0.163634671616573,-0.7504743546120229,1.052556251843938,0.03586288558820219
7,18.87550200803213,-0.8979160963564721,0.7052208530855031,-0.15180420511510784,-0.7543471428451959,1.0497203014715797,0.04912628975969346
7,18.955823293172692,-0.9067805002412995,0.695723456325411,-0.13991470469673775,-0.7580784125067282,1.046695204938037,0.06235495618131802
7,19.03614457831325,-0.9155137655568076,0.6861211614076972,-0.12796736308967882,-0.7616669955019125,1.0434811286464862,0.07554583409421606
7,19.116465863453815,-0.9241148940082844,0.6764158484857616,-0.11596340434989805,-0.7651117100568803,1.0400782983581822,0.0886958615711193
7,19.196787148594378,-0.9325829148010442,0.6666093948398719,-0.10390408528200258,-0.7684113618215422,1.0364870000830464,0.10180196698167097
7,19.277108433734938,-0.9409168841119595,0.6567036745376857,-0.09179069681765599,-0.7715647450473602,1.032707580929615,0.11486107050967513
7,19.3574297188755,-0.9491158845631898,0.6467005581174323,-0.07962456534853815,-0.7745706438379953,1.0287404499117274,0.12787008572056385
7,19.437751004016064,-0.9571790246983494,0.6366019122935687,-0.06740705401108513,-0.7774278334703373,1.0245860787094339,0.1408259211767695
7,19.518072289156628,-0.9651054384613682,0.6264095996847132,-0.05513956392023055,-0.7801350817834178,1.020245002381598,0.1537254820987055
7,19.598393574297187,-0.9728942846782878,0.6161254785636757,-0.04282353534938893,-0.7826911506327139,1.0157178200276762,0.16656567206903908
7,19.67871485943775,-0.9805447465422392,0.6057514026293884,-0.030460448853905947,-0.7850947974073429,1.0110051953961448,0.1793433947779552
7,19.759036144578314,-0.9880560311018491,0.5952892208005585,-0.018051826335216153,-0.7873447766076532,1.006107857437065,0.19205555580709546
7,19.839357429718877,-0.9954273687550702,0.5847407770292605,-0.005599232039616485,-0.7894398414849471,1.0010266007946864,0.20469906445568714
7,19.919678714859437,-1.0026580127574454,0.5741079101265986,0.006895726526608206,-0.7913787457600473,0.9957622862308368,0.2172708356334493
7,20.0,-1.0097472387229616,0.5633924536199745,0.01943139772630538,-0.7931602453631871,0.9903158409966558,0.22976779174321327
