sim_id,time,x1,y1,x2,y2,x3,y3,x4,y4,x5,y5
0,0.0,-0.17927947012433754,0.30451408473574465,0.028799626235752673,-0.35233931144132247,-0.6620036938758153,0.03724943485232334,-0.6082678170703393,0.9855789625477247,1.4207513548347395,-0.9750031706944701
0,0.08032128514056225,-0.19942442241726518,0.32191925039265484,0.05779248328617348,-0.3355850511215307,-0.646122153386875,-0.002133421406903941,-0.6457705700026095,0.9699351652130489,1.4335246625205764,-0.9541359430772686
0,0.1606425702811245,-0.22095435467131336,0.3374535656991787,0.08477374918475347,-0.3168031095932445,-0.6272851524307544,-0.03997751469695125,-0.6826143053639939,0.9523649651447512,1.4460800632813084,-0.933037906553734
0,0.24096385542168675,-0.2435693804301416,0.3509161268196452,0.10966200889857546,-0.29611120390084256,-0.6057704242005895,-0.07598724751754002,-0.7187375946293183,0.9329004468523413,1.4584153903614743,-0.9117181222536034
0,0.321285140562249,-0.26693149765826996,0.3621850552580653,0.13237692523590064,-0.27362090627958396,-0.5818980153952367,-0.10995244329324413,-0.7540754404723075,0.9115746855847031,1.4705280282899136,-0.89018639126994
0,0.40160642570281124,-0.2906946592810769,0.3712240165729312,0.152836073238052,-0.24944175778125394,-0.5559981690055199,-0.1417509751775226,-0.7885580162666249,0.8884219802888714,1.4824147713151696,-0.8684532639030257
0,0.4819277108433735,-0.3145323609429354,0.37807690839546493,0.17095291389752126,-0.22368579410840114,-0.5283823241682062,-0.1713391534331804,-0.8221098798117975,0.8634780122868595,1.494071651025418,-0.8465299731407424
0,0.5622489959839357,-0.33815860101541173,0.38285394794094374,0.18663609033272033,-0.19647236430936527,-0.49932161203106684,-0.19873327960296527,-0.8546496430983805,0.836779975337012,1.5054937658121388,-0.8244282793656247
0,0.642570281124498,-0.36134052719130716,0.38571336614048246,0.19979023549727817,-0.167933094107746,-0.46903482973158706,-0.22398677012610868,-0.8860900228429677,0.8083667256405085,1.5166751442685837,-0.8021602275471358
0,0.7228915662650602,-0.3839032323963416,0.38684251249386603,0.2103184754338854,-0.13821676223995166,-0.437685747953787,-0.24716691043702993,-0.9163381645074492,0.7782789901537556,1.5276086694236926,-0.7797378299706396
0,0.8032128514056225,-0.405728450661665,0.38644100647515695,0.21812677749572018,-0.10749372183460917,-0.405388283560568,-0.26833424452249915,-0.9452961268301473,0.7465596561125959,1.5382860835566603,-0.7571726962306442
0,0.8835341365461847,-0.4267493050316486,0.3847072761190559,0.22313019781831028,-0.07595932474687433,-0.37221755062581124,-0.28752646355067374,-0.9728614279683432,0.7132541506452216,1.5486980858074928,-0.7344756384667289
0,0.963855421686747,-0.44694305181738025,0.381828798871946,0.22526089128349178,-0.043835631950129926,-0.3382247886031742,-0.30474779303653593,-0.9989275779907655,0.6784109106452297,1.5588345271278283,-0.7116562845305094
0,1.0441767068273093,-0.4663232773839947,0.3779757275577124,0.22447743477387802,-0.011370581611884787,-0.30345430934132667,-0.3199643508121589,-1.0233845467425293,0.6420819399466521,1.5686846986939729,-0.6887227350803203
0,1.1244979919678715,-0.48493248145191903,0.3732972944937758,0.22077459265948138,0.021166171891978412,-0.2679606762748151,-0.33310561765085345,-1.0461191350938273,0.6043234529510974,1.5782377001610803,-0.6656813016859978
0,1.2048192771084336,-0.5028355500885685,0.3679203234893408,0.2141921947811329,0.053491247458719346,-0.23182427852721005,-0.3440718197899108,-1.0670152293648263,0.5651966091588482,1.587482863199472,-0.6425363603169971
0,1.285140562248996,-0.5201143209466964,0.36194923210561725,0.20482145070798685,0.08531926865936881,-0.19516340047771114,-0.3527465054860616,-1.08595392430504,0.5247683512376989,1.5964101950214606,-0.6192903465166232
0,1.3654618473895583,-0.5368632612820325,0.35546699726755215,0.19280698623837256,0.1163774188330172,-0.15814102087499685,-0.3590128810187536,-1.102813502616438,0.4831123694159285,1.6050107985350952,-0.5959439044977443
0,1.4457831325301205,-0.5531861853475574,0.3485366439863466,0.17834332606119113,0.14642101756827602,-0.12096510121555157,-0.362771705812248,-1.117469262845139,0.44031022775247286,1.6132772233470571,-0.5724961834948474
0,1.5261044176706826,-0.5691938999247905,0.3412028832119255,0.16166548326470057,0.1752476917903715,-0.08388209404824554,-0.3639580242960719,-1.1297931965578256,0.39645270349509715,1.6212037072661616,-0.5489452542013221
0,1.606425702811245,-0.5850026566764057,0.33349357092037496,0.143034553899387,0.202707654191668,-0.04716464548058277,-0.3625540343267685,-1.139653533205843,0.35164140988361847,1.628786281463445,-0.5252886006688927
0,1.6867469879518073,-0.600733285910069,0.3254206927984485,0.12272036530089211,0.22870823484120498,-0.011095612296568927,-0.35859608980948976,-1.146914198704467,0.30599079528684175,1.6360227316102134,-0.501523633117005
0,1.7670682730923695,-0.6165108717463387,0.3169806042984066,0.10098387942871105,0.2532119861559473,0.02404883732788278,-0.35217505973096064,-1.1514342726918445,0.25963063649002593,1.6429124276815898,-0.4776481672134191
0,1.8473895582329316,-0.6324647918455449,0.3081532779234492,0.07806197892997388,0.27622900524275396,0.058014342498142794,-0.3434306272906087,-1.1530675813786293,0.2127091691173169,1.6494560517960581,-0.4536608249929114
0,1.927710843373494,-0.6487288769885344,0.29890033057164156,0.05415653609595933,0.29780515563425947,0.0905797099753278,-0.33254117742871014,-1.1516626320594618,0.16539701963547487,1.6556552629767098,-0.42956132841266575
0,2.0080321285140563,-0.6654413397893929,0.2891616253721304,0.029428593759645558,0.3180083448780249,0.12156359660674819,-0.3197114105543583,-1.1470631897616506,0.11789211431751327,1.6615123391846502,-0.4053506740133103
0,2.0883534136546187,-0.682743968838267,0.2788502750977715,0.003997449340884213,0.3369149070146707,0.15082661568159067,-0.3051597185064765,-1.1391099280301018,0.07042572864864449,1.6670298318458945,-0.38103119225461035
0,2.1686746987951806,-0.7007798759424652,0.2678459397764645,-0.02205630474313713,0.3545976327440247,0.1782696901670418,-0.28910684975736434,-1.1276437688191776,0.02326978265685111,1.6722102593377386,-0.35660650541997624
0,2.248995983935743,-0.7196888131656126,0.2559864539704268,-0.048685078790940584,0.37111633989759696,0.20382980717782692,-0.2717667332528453,-1.1125117717054924,-0.023254657468637766,1.6770558564842188,-0.332081403146541
0,2.3293172690763053,-0.7395987542585908,0.24305811258816937,-0.07586723194629329,0.3865112891487667,0.22747433112152107,-0.2533397336360287,-1.0935767342851144,-0.06876801245237756,1.6815683893684779,-0.3074616556485299
0,2.4096385542168672,-0.7606121156529547,0.2287854963383732,-0.10359978447858045,0.4007993326227075,0.24919483574027895,-0.23400818692730882,-1.0707319754660691,-0.11282285867686205,1.685749039857326,-0.2827537833569097
0,2.4899598393574296,-0.7827848267028494,0.21282266256512178,-0.13189173105602364,0.413972452242505,0.26900114472653264,-0.21393383584378292,-1.0439229493295492,-0.1548964789849759,1.68959836236189,-0.25796479997886795
0,2.570281124497992,-0.8060967587561909,0.19474896690895757,-0.1607584922121499,0.42599826190968876,0.28691601478332984,-0.19325671575229628,-1.013177079618866,-0.19438856734402513,1.6931163158038771,-0.23310194572232498
0,2.6506024096385543,-0.8304133279623879,0.17407463884555532,-0.19021775661404083,0.436822052987534,0.30297069624950485,-0.1720950857870122,-0.978641986607472,-0.23062917591029503,1.6963023749343962,-0.20817243013578227
0,2.7309236947791167,-0.8554410858452001,0.15026296088703697,-0.22028669450731742,0.44636999752133427,0.3172014712037983,-0.15054610882539993,-0.940629415228417,-0.26290363924226634,1.6991557243771365,-0.183183210340705
0,2.8112449799196786,-0.880685238837764,0.12277611730993873,-0.2509802596246613,0.4545531408080126,0.3296471798310555,-0.12868712165101914,-0.8996572136790866,-0.29050129725687734,1.7016755323104564,-0.15814083921005506
0,2.891566265060241,-0.9054234887887856,0.0911482421947245,-0.2823100667770859,0.46127178817639264,0.34034767399877996,-0.10657746870657225,-0.856475403301088,-0.31279113690956434,1.70386128486818,-0.1330514247549807
0,2.9718875502008033,-0.9287150971649254,0.055079933142002276,-0.3142832001781047,0.46641982931814163,0.34934305544471805,-0.08426095954741653,-0.8120578947451951,-0.329318064846785,1.7057131366435077,-0.10792073806594252
0,3.0522088353413652,-0.9494610092231769,0.01453461465534369,-0.346900358844187,0.4698885035711019,0.35667345783499965,-0.061769006260434196,-0.7675442943664874,-0.3398996290673525,1.7072322045988526,-0.08275448289865914
0,3.1325301204819276,-0.9665159117544355,-0.03019441465571208,-0.3801530216429232,0.47156917966035067,0.3623790469943132,-0.0391243743074108,-0.72413083318047,-0.34469169760730467,1.7084207195835162,-0.057558693089923146
0,3.21285140562249,-0.9788298262131453,-0.07847593402773506,-0.414019742301938,0.4713549626518577,0.36649990263518833,-0.01634526645728719,-0.6829323049613336,-0.34419359268873206,1.7092819708412292,-0.032340169478103295
0,3.2931726907630523,-0.9855789606085752,-0.1294018878477055,-0.44846207733684545,0.4691413032129637,0.3690755550532086,0.006550741340109131,-0.6448545546589307,-0.33918331987001865,1.7098200375511434,-0.007106836835348906
0,3.3734939759036147,-0.9862473306498392,-0.18189941742427784,-0.4834208226041942,0.46482611228043647,0.3701441575887916,0.029543449138359015,-0.6105153771276076,-0.3306022247245863,1.71003937279285,0.018132080730068653
0,3.4538152610441766,-0.9806425130916195,-0.23485690722222244,-0.5188131367680728,0.4583100130436688,0.36974147873823277,0.0526078535038209,-0.580230178752903,-0.31942706413995653,1.7099443498743632,0.043366104814689166
0,3.534136546184739,-0.968855671230201,-0.2872288674986051,-0.5545308720495957,0.4494972425293308,0.3678999903889819,0.07571313720432729,-0.5540523231441274,-0.3065652470342747,1.7095388760349426,0.06858373479922156
0,3.6144578313253013,-0.9511915064820462,-0.33810133171918016,-0.590440173512963,0.43829744043789437,0.364648281081449,0.09882264516672823,-0.5318427360370704,-0.2927915424974045,1.7088261349506308,0.09377278861196194
0,3.694779116465863,-0.928093696381631,-0.3867178567042548,-0.6263822435728846,0.42462827517514035,0.36001089232986583,0.12189450579440461,-0.5133434198647149,-0.278725693299238,1.707808467489365,0.11892076903394778
0,3.7751004016064256,-0.9000820881279756,-0.4324769607129064,-0.6621751025570528,0.4084186554023253,0.3540085452869346,0.1448825435951962,-0.498238718725604,-0.26483943379209385,1.7064873641236982,0.14401519550747888
0,3.855421686746988,-0.8677076548344203,-0.47491402679786354,-0.6976161669811358,0.38961218507803524,0.3466586467695314,0.16773721166878863,-0.48619835401992884,-0.2514792421333583,1.7048635290659537,0.16904387218439804
0,3.9357429718875503,-0.8315243622238191,-0.5136779498395554,-0.7324854724148256,0.3681705188129693,0.337975944561535,0.19040638532687063,-0.47690308940778353,-0.23889404181350954,1.7029369794848934,0.1939950875132252
0,4.016064257028113,-0.7920740754425352,-0.5485087883368333,-0.7665493685423923,0.3440763282094128,0.32797322244357957,0.21283595568718922,-0.4700569323208931,-0.22726125017625304,1.7007071538622414,0.21885775461648455
0,4.096385542168675,-0.7498801608669048,-0.579219358474421,-0.7995645090511135,0.31733567040199295,0.31666196179448014,0.2349702268893677,-0.46539030678399995,-0.21670804547571884,1.6981730149075385,0.2436215066587793
0,4.176706827309237,-0.7054461314408739,-0.6056815760952459,-0.8312819554899504,0.2879796380262941,0.30405293231643393,0.25675215390693895,-0.46265798670795105,-0.2073269766646474,1.6953331413223414,0.2682767608266604
0,4.257028112449799,-0.6592566705626872,-0.627817222229767,-0.8614512204209815,0.25606525331376856,0.29015670227285095,0.2781234682602252,-0.4616346196876724,-0.19918626074135984,1.69218580839849,0.29281476139713297
0,4.337349397590361,-0.6117792573855638,-0.6455923161846325,-0.8898240942933079,0.22167563964357317,0.27498407706165223,0.29902473576199207,-0.462109785773953,-0.19233566781237033,1.6887290603911724,0.3172276085914378
0,4.417670682730924,-0.5634652965790039,-0.6590141317354947,-0.9161581316462046,0.18491955662109033,0.25854648546291137,0.3193953809620597,-0.4638838358076258,-0.1868090823349972,1.684960778569923,0.341508276487342
0,4.497991967871486,-0.5147501473748576,-0.6681299020365461,-0.9402197108235386,0.14593041742806917,0.24085633760303754,0.33917370197556806,-0.4667652279052163,-0.18262483798865278,1.680878748500575,0.36565062062156173
0,4.578313253012048,-0.4660518047162422,-0.673026335777446,-0.9617866212131383,0.10486492090193428,0.22192737932628803,0.3582968897293006,-0.4705696823839244,-0.1797848490480908,1.6764807289870167,0.38964937419430196
0,4.658634538152611,-0.41776825746273644,-0.6738291760078714,-0.9806501674994562,0.06190142919050683,0.20177506560146038,0.3767010587853593,-0.4751211642479043,-0.17827344293271458,1.6717645236086367,0.4135001309647198
0,4.738955823293173,-0.3702737633419404,-0.670702169171191,-0.9966168077289271,0.017238210363144678,0.18041697163905618,0.39432129334208094,-0.48025445480998674,-0.17805664744374503,1.6667280542417982,0.43719931290971026
0,4.8192771084337345,-0.3239144453073738,-0.6638449788211198,-1.009509359984606,-0.02890834994172601,0.15787325515353068,0.4110917117341686,-0.4858188844673383,-0.17908250433034656,1.6613694346057872,0.46074412135902376
0,4.899598393574297,-0.27900372292806985,-0.6534897749683279,-1.019167822415504,-0.07630547793739087,0.13416717715799895,0.4269455551038509,-0.49168267271732335,-0.1812827736146671,1.6556870409028983,0.4841324714165349
0,4.979919678714859,-0.2358181337019037,-0.6398964449691034,-1.0254498563905734,-0.12470560182022744,0.10932568219894206,0.4418153100073465,-0.49773726825687475,-0.1845761740231932,1.64967957615041,0.5073629108051773
0,5.0602409638554215,-0.19459406593611356,-0.6233465840036265,-1.0282309864859853,-0.17384772565637177,0.08338003244079219,0.45563287953794196,-0.5039011048766789,-0.18887309546187647,1.643346124857986,0.5304345255839326
0,5.140562248995984,-0.15552581964930257,-0.6041366015888433,-1.0274045783114463,-0.2234585087627558,0.056366483520082104,0.4683298214436861,-0.5101222807811543,-0.19408154738380412,1.6366861952218215,0.5533468362917168
0,5.220883534136546,-0.11876525390915343,-0.5825704071899798,-1.0228816681722461,-0.2732529669290502,0.028326984289435895,0.47983767446136927,-0.5163798090931,-0.20011398908962652,1.6296997468850638,0.576099688747287
0,5.301204819277109,-0.08442309231882142,-0.5589521856240862,-1.0145907413569673,-0.32293470773268784,-0.0006901232263462585,0.49008839346990957,-0.5226832464320644,-0.20689464412008698,1.6223872033341995,0.5986931440069512
0,5.381526104417671,-0.052571776823945204,-0.533579752391236,-1.0024775881132824,-0.3721956101063473,-0.03062943225389376,0.49901491069100073,-0.5290706518267168,-0.21436691994876686,1.6147494490178385,0.6211273717553492
0,5.461847389558233,-0.023249610063862433,-0.5067388925599946,-0.9865054114643931,-0.4207148647263419,-0.06142786076546811,0.5065518326508683,-0.5356049297820386,-0.2225006261918019,1.6067878120757624,0.64340255082727
0,5.542168674698795,0.003534176041275608,-0.478698957050788,-0.966655420004047,-0.4681573076383832,-0.09301413888348138,0.5126362712010323,-0.5423686512527118,-0.23129878637516266,1.598504034098965,0.6655187798633011
0,5.622489959839357,0.02779383039254325,-0.44970985001478064,-0.9429282131834401,-0.5141710162754397,-0.12530843179338672,0.5172087914982612,-0.5494574138663532,-0.24080392545777568,1.5899002284506372,0.6874760002497347
0,5.7028112449799195,0.04956137209326959,-0.4200003954964565,-0.9153463626579856,-0.5583841987488605,-0.15822213755358197,0.5202144409545347,-0.5569717004428165,-0.25110377975157694,1.580978828561115,0.709273933042359
0,5.783132530120482,0.06888111019227519,-0.3897779561854992,-0.8839587088705833,-0.6004015183499183,-0.19165789669989575,0.521603801440356,-0.5650070318376219,-0.26233635822336027,1.5717425272158263,0.7309120313184215
0,5.863453815261044,0.08580467097334223,-0.35922908568162015,-0.8488470277860451,-0.639800181937378,-0.2255098475708112,0.521333984115701,-0.5736420031094993,-0.2746941662397291,1.562194207493014,0.752389449743026
0,5.943775100401607,0.10038672270959989,-0.32852093868141313,-0.8101358577663985,-0.6761264281194759,-0.259664157166617,0.519369464828935,-0.582923573744079,-0.28842713202816234,1.5523368659674952,0.7737050340001164
0,6.024096385542169,0.11268149925865709,-0.2978031375028908,-0.7680063612830509,-0.7088935471280805,-0.293999853115105,0.5156826416756287,-0.592848814245147,-0.3038432910988282,1.5421735293846461,0.7948573340541708
0,6.1044176706827304,0.1227401452643348,-0.2672097947251477,-0.722715015079946,-0.7375833104954432,-0.3283899808137069,0.5102539920825887,-0.603342317255708,-0.32130553359529923,1.5317071678850265,0.8158446467333015
0,6.184738955823293,0.13060884343407964,-0.2368614189388592,-0.6746174516167857,-0.7616537308619981,-0.3627031098437366,0.5030717224779537,-0.6142288933872111,-0.34122166683974525,1.520940611413654,0.8366650941626488
0,6.265060240963855,0.13632764712673537,-0.20686648222066442,-0.6241965434850059,-0.7805572999514695,-0.3968052129568555,0.4941308511836103,-0.6252023724458429,-0.36402381299779707,1.5098764817609693,0.8573167439863206
0,6.3453815261044175,0.13992993459074027,-0.17732250650410397,-0.5720913444004303,-0.7937748268285809,-0.43056192763438705,0.48343175440521424,-0.6357938230592156,-0.3901321942509707,1.4985171605032932,0.8777977731784411
0,6.42570281124498,0.14144242772462537,-0.14831663564290704,-0.5191194295631028,-0.8008696405905087,-0.46384116462775127,0.4709783385813854,-0.6453466548651605,-0.41989872948878004,1.4868648213313895,0.89810666714081
0,6.506024096385542,0.14088577145970416,-0.11992580290471329,-0.46628002040888555,-0.8015633995522622,-0.4965159262055372,0.4567761602869571,-0.6530113843407847,-0.4535293856654502,1.4749215594955036,0.9182424278354685
0,6.586345381526105,0.1382757249827351,-0.09221676976725457,-0.41472150301433175,-0.7958261456159306,-0.5284670314579368,0.4408309421233321,-0.6577768341554836,-0.49099276707069484,1.4626896436450176,0.9382047403305477
0,6.666666666666667,0.13362502669551624,-0.06524646321549545,-0.3656595831328325,-0.7839598539411203,-0.5595852592856269,0.4231479429645505,-0.6585520718868928,-0.5319356509250536,1.4501718876098366,0.9579940251171186
0,6.746987951807229,0.1269459086552173,-0.03906309942292778,-0.3202466346245401,-0.7666424379102423,-0.5897723239147548,0.40373246050630524,-0.6542990401736509,-0.5756382248166663,1.4373720900577294,0.9776113016435309
0,6.827309236947791,0.11825303951061629,-0.01370845742444035,-0.27941761897502526,-0.7448996633539016,-0.6189402328443806,0.38259139313818397,-0.6441906223939751,-0.6210410980846889,1.4242954347027657,0.9970578257248466
0,6.907630522088353,0.10756644510878033,0.010778681987239982,-0.24375981196803959,-0.7199946535630501,-0.6470089890729105,0.3597354239134245,-0.6277463620824173,-0.6668539927282134,1.410948718014588,1.0163345403905988
0,6.9879518072289155,0.09491384809566202,0.03435838752015817,-0.21345305906980908,-0.6932612899854466,-0.6739031331718833,0.3351812240953823,-0.6048979625655939,-0.7117197843839882,1.3973403067116255,1.0354414627538941
0,7.068273092369478,0.08033200150996749,0.0569855332385084,-0.188298617238617,-0.665934553138124,-0.6995479860196032,0.3089531983570502,-0.5759652156630694,-0.7543813446811319,1.3834798174113234,1.0543771662236971
0,7.14859437751004,0.06386692566855226,0.0786067029785599,-0.16781627597961904,-0.6390278455173851,-0.7238664492995474,0.28108459596752156,-0.5415618060240351,-0.7938019340652215,1.3693776056346505,1.073138480636525
0,7.228915662650603,0.045573303501511786,0.09915857274643089,-0.15136755014851,-0.613279368350468,-0.7467769008165042,0.2516180844159389,-0.5024730496473053,-0.8292177366055543,1.3550441971108091,1.0917204477936522
0,7.309236947791165,0.02551346930098214,0.11856783342152154,-0.13826648035148864,-0.5891592109376609,-0.7681923109695303,0.22060600133109248,-0.4595444552465767,-0.8601311133724381,1.3404897772666151,1.1101164895574847
0,7.389558232931726,0.0037563980954305127,0.13675233718860694,-0.12785803987846164,-0.5669130995118238,-0.7880204066099946,0.18811048023122703,-0.413601753943435,-0.8862684240335005,1.3257238023364624,1.1283187061254902
0,7.469879518072289,-0.01962304861627004,0.15362298302131663,-0.11956198894914198,-0.5466189479349706,-0.8061645841696788,0.15420356558954215,-0.3654051221069391,-0.9075258247491869,1.3107547438420315,1.1463182240732983
0,7.550200803212851,-0.04454453099381901,0.16908588086596407,-0.11288978638407758,-0.5282404516940772,-0.8225252837843166,0.11896735695930052,-0.31563034549395746,-0.9239183237352725,1.2955899466561722,1.164105537604085
0,7.6305220883534135,-0.07092231821121582,0.18304446219243814,-0.10744445181061935,-0.511670526658299,-0.8370016083744393,0.08249417411116482,-0.2648671917544386,-0.9355389226337617,1.2802355701507142,1.1816708129884579
0,7.710843373493976,-0.09866513291410174,0.19540135223524302,-0.10291159085731585,-0.4967631688795702,-0.8494930524160808,0.04488671238212448,-0.21362680789525249,-0.9425290415194303,1.264696584082752,1.1990041457816334
0,7.791164658634538,-0.12767583753206338,0.2060599398251078,-0.09904706026137479,-0.4833551571044703,-0.8599012688761318,0.006258149085199933,-0.16235263132882297,-0.9450587033116346,1.2489767979983941,1.2160957715057972
0,7.871485943775101,-0.15785103180177487,0.21492566033382085,-0.09566438260184514,-0.4712799203646615,-0.8681318429980924,-0.03326784058588743,-0.11143165283912285,-0.9433141346051794,1.2330789102408364,1.2329362352219075
0,7.951807228915663,-0.18908061004152657,0.2219070513552482,-0.09262340742867704,-0.46037581772989083,-0.8740960612796905,-0.07355720042716443,-0.06120448952885823,-0.9374905596891333,1.2170045682787534,1.2495165264909405
0,8.032128514056225,-0.2212473102134797,0.22691665976193795,-0.08982076588999757,-0.45049064620294693,-0.8777126681781741,-0.11446578518780268,-0.011973691477968704,-0.9277884140260548,1.2007544357596212,1.2658281856548668
0,8.112449799196787,-0.25422627822435356,0.22987188257407087,-0.08718217284755746,-0.4414837162854089,-0.8789095968313756,-0.15583986869823402,0.03598978404414913,-0.9144116839066706,1.1843282638591388,1.281863386316243
0,8.19277108433735,-0.2878846705388153,0.2306958190284095,-0.08465640958181456,-0.43322643311255016,-0.8776256473642019,-0.1975169053278627,0.08244176181569746,-0.8975674784799368,1.1677249656691355,1.2976149978919405
0,8.273092369477911,-0.3220813246562455,0.22931820047167506,-0.08221074457718495,-0.42560202029513344,-0.8738120702935186,-0.23932657392002862,0.12716144655863143,-0.8774662375915263,1.1509426929683186,1.3130766313350137
0,8.353413654618475,-0.35666653790860864,0.22567644931747702,-0.079827543610924,-0.41850481313318644,-0.8674339960344197,-0.28109211999760475,0.1699491625111937,-0.8543221867372459,1.1339789150427597,1.3282426705505603
0,8.433734939759036,-0.3914820074471512,0.21971689817247608,-0.07750184156755498,-0.41183940586328516,-0.8584716373199114,-0.3226319926415958,0.2106249869107091,-0.828353791278367,1.1168304994239096,1.3431082916107722
0,8.514056224899598,-0.42636099491706975,0.21139617523979437,-0.07523967625059821,-0.40551984328719054,-0.846921182365859,-0.36376174720467513,0.2490280589693432,-0.7997840562813376,1.099493794564185,1.357669471533409
0,8.594377510040161,-0.4611287845696821,0.20068273283262214,-0.07305700999262663,-0.39946898440882067,-0.8327952957782213,-0.4042961550857359,0.2850163757481888,-0.7688405814077335,1.0819647145923426,1.3719229880696682
0,8.674698795180722,-0.4956035004291321,0.18755846402443688,-0.07097908502762311,-0.3936181220429042,-0.8161231539536443,-0.44405142978123174,0.31846691303613534,-0.7357553238355932,1.0642388263742655,1.3858664116352923
0,8.755020080321286,-0.529597334085586,0.1720203212880857,-0.06904007359314929,-0.3879069105730666,-0.796949963786206,-0.4828474479123197,0.3492759323313869,-0.7007640530031337,1.0463114391335555,1.3994980902004346
0,8.835341365461847,-0.562918209254752,0.1540818246505791,-0.06728289472748908,-0.382283628261144,-0.7753359478695258,-0.5205098197207094,0.3773593550030105,-0.6641055043198081,1.0281776968487575,1.4128171276510828
0,8.91566265060241,-0.5953718733869586,0.13377433013933934,-0.06575907838672675,-0.37670577895081164,-0.7513548244233382,-0.5568716502486545,0.4026531026613099,-0.6260202567954919,1.0098326735357146,1.4258233558556193
0,8.995983935742972,-0.6267643643994386,0.1111479262690316,-0.06452856493487193,-0.37114101801650423,-0.7250918617538532,-0.5917748345691203,0.42511331973340494,-0.5867493741260311,0.9912714713547596,1.4385173004426246
0,9.076305220883533,-0.6569047568360714,0.08627183962105811,-0.0636593352306998,-0.3655683703802877,-0.6966416398710831,-0.625070750065059,0.44471641067853485,-0.5465328592908033,0.9724893212593201,1.450900140115093
0,9.156626506024097,-0.6856080540297862,0.0592342602894253,-0.06322677332472355,-0.35997969156548093,-0.6661056990273571,-0.6566202466767955,0.4614588407291537,-0.5056079812588999,0.9534816856527137,1.4629736592117517
0,9.236947791164658,-0.7126980663437003,0.030141541195599014,-0.06331267014099307,-0.3543813089534154,-0.633590290736006,-0.6862928888445399,0.47535666498429896,-0.46420753654769864,0.934244362236401,1.4747401931500557
0,9.317269076305221,-0.738010106005965,-0.0008832231812519256,-0.06400378175905219,-0.34879576649568356,-0.5992044663703602,-0.7139654668186207,0.48644476620397403,-0.42255810986260645,0.9147735879314042,1.4862025663581633
0,9.397590361445783,-0.7613933382358262,-0.03370218049817355,-0.06538985925562794,-0.3432635811487326,-0.5630587398526649,-0.7395198637519483,0.49477579591755216,-0.3808783969051383,0.8950661414265678,1.4973640223039932
0,9.477911646586346,-0.7827126545957225,-0.06816516205799164,-0.06756106921399178,-0.3378449030109539,-0.525264544776716,-0.7628404335195698,0.5004188260722169,-0.3393776466910451,0.8751194425142144,1.5082281452795612
0,9.558232931726907,-0.8018499750309264,-0.10411244264130474,-0.07060472562571701,-0.3326209464929739,-0.4859346746624775,-0.7838111095274124,0.5034577293791865,-0.2982542750305101,0.8549316459399353,1.5187987736922017
0,9.638554216867469,-0.8187049325927203,-0.14137766042365152,-0.0746012589668742,-0.32769502795167166,-0.44518485057200086,-0.8023125257895568,0.5039893151773049,-0.2576946906725449,0.8345017269542916,1.5290799048374255
0,9.718875502008032,-0.8331949441660684,-0.17979073562452408,-0.07961936306601648,-0.32319299891479886,-0.4031365029444692,-0.818219490698666,0.5021212550064489,-0.21787236625648512,0.8138295551701061,1.5390755914944747
0,9.799196787148594,-0.8452547151274047,-0.21918063801271548,-0.08571029502679534,-0.319262804740078,-0.3599207807159577,-0.8313992134291717,0.49796983815577345,-0.17894717512592798,0.7929159527143853,1.5487898313078938
0,9.879518072289157,-0.8548352618484217,-0.2593778753091868,-0.09290137318114353,-0.3160728286853058,-0.3156837006632317,-0.8417107427371371,0.49165760355843574,-0.1410650041358981,0.7717627321343624,1.5582264508675288
0,9.959839357429718,-0.8619025614560799,-0.3002166023383409,-0.1011888396070126,-0.31380861219421485,-0.2705922093012023,-0.8490061306383094,0.4833109011154153,-0.10435764254460037,0.7503727092488806,1.5673889877154665
0,10.040160642570282,-0.8664359522592715,-0.34153628037025674,-0.11053044504178497,-0.3126674998687716,-0.22484073294108736,-0.8531338575147214,0.4730574438642681,-0.06894293746982302,0.7287496863778767,1.5762805752235738
0,10.120481927710843,-0.8684264126771186,-0.3831828442949486,-0.12083838222106409,-0.3128507813277469,-0.1786575299268365,-0.8539450119446683,0.461023922356632,-0.034925199645769595,0.7068984024683884,1.5849038372131345
0,10.200803212851406,-0.8678748412320302,-0.42500935999043893,-0.13197352128064888,-0.3145530536721299,-0.13230984998616147,-0.8513025498552872,0.4473337636153581,-0.0023958375734543236,0.6848244488834837,1.5932608010913114
0,10.281124497991968,-0.8647904484960837,-0.46687617679163873,-0.143742231571869,-0.31794886576214687,-0.086106600222834,-0.8450935995932493,0.4321051270257748,0.028565802653395523,0.662534153265013,1.6013528394936405
0,10.36144578313253,-0.8591893522042398,-0.5086505997595571,-0.15589728462204122,-0.3231772733430367,-0.04039703725028315,-0.835244191448392,0.41544923528282396,0.05789141424691521,0.6400344387937412,1.6091806503040715
0,10.441767068273093,-0.8510934421502592,-0.5502061284590168,-0.16814426179865716,-0.33032569381426957,0.004435896405281824,-0.8217350018511445,0.3974691358006335,0.0855225415979426,0.6173326717430023,1.616744282526489
0,10.522088353413654,-0.840529550747865,-0.5914213324608613,-0.1801543579857436,-0.339415250118107,0.047988420312857896,-0.8046158702536244,0.37825897329508207,0.11140924242387072,0.59443651512567,1.6240432104087228
0,10.602409638554217,-0.8275289320118719,-0.6321784614296642,-0.1915834128982994,-0.35039034222341287,0.08985471063978337,-0.7840162618814548,0.3579038255631588,0.1355086148870321,0.5713538087072305,1.6310764506475004
0,10.682730923694779,-0.8121270190096836,-0.6723619146914489,-0.20209555054027614,-0.3631151322814399,0.12964996102778245,-0.7601488720064248,0.33648011454764254,0.15778321011275467,0.5480924939745361,1.6378427088665597
0,10.763052208835342,-0.7943634034705934,-0.711856716322909,-0.21138837538418848,-0.37737873792872323,0.1670346230255398,-0.7333044435250933,0.31405655974814795,0.17819936358737476,0.5246605960810955,1.6443405341893516
0,10.843373493975903,-0.7742819658861438,-0.7505471472607157,-0.21921582102761147,-0.3929092745967927,0.2017359216388532,-0.7038375334284295,0.2906956010005059,0.19672549804819073,0.5010662642743977,1.6505684572377477
0,10.923694779116467,-0.7519310828173151,-0.7883156686818803,-0.22540492144290855,-0.4093949397087556,0.23356295191746124,-0.6721449517458226,0.2664551918407384,0.2133304712609852,0.47731786050202557,1.6565250888754741
0,11.004016064257028,-0.7273638494149836,-0.8250422281697279,-0.2298640275697226,-0.4265087791834094,0.26241294268514676,-0.6386402161823007,0.24139085812731018,0.2279820593266658,0.45342407617225083,1.662209164208773
0,11.08433734939759,-0.7006382743008317,-0.8606039795416993,-0.2325818933222409,-0.4439331870269922,0.28826818706532026,-0.6037280353950469,0.21555792849170463,0.24064567540460924,0.4293940520660493,1.6676195265591298
0,11.164658634538153,-0.6718174258369407,-0.8948753806811611,-0.23361891719023503,-0.46138070018278643,0.31118499976135205,-0.567782400212923,0.18901386631471365,0.25128342476827176,0.40523747695111173,1.6727550563085993
0,11.244979919678714,-0.6409695284029229,-0.9277285791083687,-0.23309305192620447,-0.4786089454635531,0.33127727809961627,-0.5311306250139187,0.16182065684677086,0.25985359245582473,0.3809646453827419,1.6776145571300165
0,11.325301204819278,-0.608168022510636,-0.959033962372045,-0.23116325327843606,-0.49542910895102243,0.3486975941464595,-0.4940441985124165,0.13404721933162952,0.2663106537791132,0.3565864623109845,1.6821966160563713
0,11.405622489959839,-0.5734916142609305,-0.9886607450771726,-0.2280129624480056,-0.5117085455158009,0.3636183742718679,-0.456736058175988,0.10577181317649503,0.27060589429583004,0.33211438926057474,1.6864994544731318
0,11.485943775100402,-0.5370243468522861,-1.0164774819208346,-0.22383534743543693,-0.5273688713730612,0.3762149727714591,-0.41936315617001785,0.0770843887532294,0.2726887238843898,0.3075603327630361,1.6905207855795243
0,11.566265060240964,-0.49885573378370085,-1.0423524279032939,-0.2188211941426585,-0.5423811034937142,0.38665165617106145,-0.3820329262261601,0.04808879176805809,0.27250876607977087,0.2829364799872416,1.6942576915433973
0,11.646586345381525,-0.45908099569851574,-1.0661537040123747,-0.21314966314400782,-0.5567592622152596,0.3950708966746656,-0.3448123543525465,0.018904672615113086,0.2700187893419954,0.25825508955274645,1.6977065312381858
0,11.726907630522089,-0.41780144687685994,-1.0877492604740797,-0.20698168119073915,-0.5705535354267789,0.40158600171551057,-0.3077386027767565,-0.010331121536644741,0.2651785110802766,0.23352824788873508,1.7008628875973388
0,11.80722891566265,-0.37512507754678,-1.1070066570645223,-0.20045551149241622,-0.5838437411102172,0.4062769529522881,-0.27083039794720154,-0.03946396770373574,0.2579592341554086,0.20876760379064552,1.7037215619665327
0,11.887550200803213,-0.33116738107853255,-1.1237926985152673,-0.19368397563754838,-0.596733513591391,0.40918931561766286,-0.23409956879536697,-0.06832205518471375,0.24834915983984907,0.18398409628313356,1.7062766210621763
0,11.967871485943775,-0.2860524782538791,-1.1379729747445093,-0.1867528235590479,-0.6093453999632006,0.41033611647723867,-0.1975621825766582,-0.09671850807116286,0.23635905764355042,0.1591876934068528,1.708521499640818
0,12.048192771084338,-0.23991459879559035,-1.1494113629266254,-0.179719809795086,-0.6218168902667,0.4097025916239698,-0.1612486806686892,-0.1244553446604206,0.22202777551821895,0.1343871616271286,1.710449158343796
0,12.1285140562249,-0.19289999328963023,-1.1579695561079268,-0.17261410119470535,-0.6342972981102879,0.4072536105615895,-0.12521231640967848,-0.15132940249331267,0.2054268794149798,0.10958988641606039,1.7120522912129137
0,12.208835341365461,-0.14516936875368502,-1.1635066971682242,-0.16543569189588347,-0.6469453368450708,0.4029433604448255,-0.08953511874471934,-0.17714006305745222,0.18666358140010278,0.08480176326219677,1.7133235713579116
0,12.289156626506024,-0.09690096749254842,-1.1658792258127517,-0.1581545280958323,-0.6599271767514027,0.39672654355179326,-0.054330639830645004,-0.20169822209229443,0.1658811253948958,0.060027174128883434,1.7142559169999039
0,12.369477911646586,-0.04829443888113914,-1.1649411007247168,-0.15070904900001633,-0.6734147000653622,0.3885699793957181,-0.0197429674558062,-0.2248355484398292,0.14325601333529844,0.03526905692526796,1.7148427549105874
0,12.449799196787149,0.0004243210445820482,-1.1605446528105503,-0.14300384165936794,-0.687583572085627,0.3784632355351131,0.01405808448913717,-0.24641278030998184,0.11899188478812618,0.01052906538965616,1.7150782556189146
0,12.53012048192771,0.048997183243173315,-1.152542474599164,-0.1349061077098362,-0.7026105978372922,0.36642687086022874,0.04688511365409565,-0.2663257517376881,0.0933104428542226,-0.014192194655876164,1.7149575159281383
0,12.610441767068274,0.09712652197219011,-1.140790971480668,-0.1262406856585981,-0.7186696160459909,0.3525171434059058,0.07854351708466684,-0.28450810239099616,0.0664404006519475,-0.038894877328500305,1.7144766697900449
0,12.690763052208835,0.14446669748596616,-1.1251565017317937,-0.11678352259298926,-0.7359248850988049,0.33682658807292987,0.10884264405070633,-0.3009301737854647,0.0386058248830653,-0.06357958918044072,1.7136329178968273
0,12.771084337349398,0.19061465600320945,-1.1055254011292137,-0.10625383467905486,-0.7545205531197031,0.3194805743726201,0.1376061382776696,-0.3155942985006607,0.010015337983120622,-0.08824709719611262,1.7124244779881268
0,12.85140562248996,0.23510068267035783,-1.081819554328553,-0.09430586490410989,-0.7745644504868197,0.30063061313243516,0.1646801539465304,-0.3285273460878173,-0.019146619045676133,-0.11289808481086427,1.7108504699145184
0,12.931726907630521,0.27738147356973836,-1.0540193540238019,-0.08052229114310559,-0.7961042917390266,0.2804456213415371,0.18993865142254865,-0.3397718227719386,-0.04872576584129362,-0.13753298099622957,1.7089107601815734
0,13.012048192771084,0.31683937844759685,-1.0221954922595111,-0.06441305516760923,-0.8190948262254953,0.2591024937624129,0.21328559663762683,-0.3493769411425396,-0.07860107700280762,-0.16215187589985952,1.7066057988501873
0,13.092369477911646,0.35279373910104667,-0.9865494086260587,-0.045425521479363414,-0.8433561923731188,0.23677719998488908,0.23465443235580952,-0.3573908960102132,-0.10868531771449107,-0.18675452159635772,1.7039364863578588
0,13.17269076305221,0.3845319063126838,-0.9474585852865671,-0.022973650694062164,-0.8685275026059616,0.21363733090804893,0.2540055481952315,-0.3638551878744098,-0.13892356798330885,-0.21134039865225934,1.700904107680606
0,13.25301204819277,0.41136693755450526,-0.9055168828199053,0.0035065219442406894,-0.8940258310210941,0.18983667894823483,0.2713226097321395,-0.3688013289578536,-0.16929025923249996,-0.23590880948912582,1.6975103633413597
0,13.333333333333334,0.4327234864111663,-0.8615531209761502,0.03447306639237131,-0.9190278557134626,0.16551212893809084,0.286608535644004,-0.37224973984100046,-0.19978506603429322,-0.2604589419006266,1.6937575070799022
0,13.413654618473895,0.4482412910016611,-0.8166075395263914,0.07017585847632077,-0.9424949078204784,0.14078287514524984,0.29988168827211753,-0.3742101851956135,-0.2304278074666866,-0.2849898394276169,1.689648566541439
0,13.493975903614459,0.4578698749167014,-0.7718522450391732,0.11056143909917127,-0.9632554203278456,0.1157517293827062,0.3111725427212668,-0.37468281165922873,-0.2612524598225657,-0.3095002317393487,1.6851875824683178
0,13.57429718875502,0.46191847667003244,-0.7284615803881364,0.15522058139913394,-0.9801385005779467,0.09050801667290731,0.3205208208246933,-0.373658850836292,-0.2923005123447048,-0.3339882239057803,1.6803797724860947
0,13.654618473895582,0.46103362171897044,-0.6874641009254026,0.20340635207033697,-0.9921262417462153,0.06513130646252631,0.32797292103320563,-0.3711203743612984,-0.3236141102396793,-0.358450905890534,1.6752315318780915
0,13.734939759036145,0.4561043046905903,-0.6496220303798674,0.25412359619935276,-0.9984781577551792,0.03969511064310117,0.3335794945425861,-0.3670390213319848,-0.3552295410940683,-0.382883990201058,1.669750234686529
0,13.815261044176706,0.4481255518380908,-0.6153738443508708,0.3062603554604421,-0.9987916745720301,0.014269799912496595,0.3373931602263084,-0.36137412208200137,-0.38717151320890225,-0.4072815851290268,1.6639438719054949
0,13.89558232931727,0.43806443742240375,-0.5848471505509204,0.3587182959907603,-0.992991556524944,-0.011075668549270404,0.3394664898153426,-0.35407090300966243,-0.41944840095079466,-0.4316361618542299,1.6578206182113167
0,13.975903614457831,0.42676236539862883,-0.5579222261456607,0.4105089788422231,-0.9812682702473152,-0.036273206429520755,0.3398504288440082,-0.3450594310274579,-0.45204835998727527,-0.4559387067838719,1.6513884275362432
0,14.056224899598394,0.41488535176637586,-0.5343161173416394,0.46080432263430293,-0.9639957727995275,-0.061255921031992004,0.33859324416250264,-0.33425475111250863,-0.48493608066415456,-0.48017900225617677,1.644654726642819
0,14.136546184738956,0.4029156077378643,-0.5136625346005985,0.5089476782033618,-0.9416536965816922,-0.08595888806072932,0.33573997557425,-0.321558433327787,-0.5180499756366624,-0.5043459645527083,1.6376262312447034
0,14.216867469879517,0.39116979093108184,-0.4955745159074232,0.5544397445610092,-0.9147669188058883,-0.11031999410798543,0.3313322871490021,-0.3068615610449827,-0.5512997266833496,-0.5284279803391215,1.6303088742476592
0,14.29718875502008,0.3798299083358349,-0.4796869295286568,0.5969129685098656,-0.8838652094509258,-0.13428060013925236,0.32540858849484255,-0.2900490717112299,-0.5845642680522579,-0.5524132049952171,1.622707818536998
0,14.377510040160642,0.3689771534530826,-0.4656814805424241,0.636103842141678,-0.8494599514368606,-0.157785908675448,0.31800431488428593,-0.27100528028943877,-0.6176904069812986,-0.5762898066298725,1.6148275240762973
0,14.457831325301205,0.3586233863855094,-0.45329867469573,0.6718281261004393,-0.8120331092572143,-0.18078501505260824,0.30915229153099316,-0.2496203442333022,-0.6504923515086556,-0.6000461532000368,1.6066718439306067
0,14.538152610441767,0.34873807777398974,-0.4423409034106123,0.70396090361915,-0.7720339435404229,-0.20323067986805207,0.29888314232338203,-0.22579735420856614,-0.682752426105376,-0.6236709473165203,1.598244130733029
0,14.61847389558233,0.33927025826353635,-0.4326698004646752,0.7324215997098391,-0.7298800609419033,-0.22507888439572726,0.2872257277294633,-0.19945965741487323,-0.7142232075294591,-0.6471533161627739,1.5895473412065741
0,14.698795180722891,0.3301657541177405,-0.42420001027495463,0.757163299548974,-0.6859605176921172,-0.24628823558371155,0.27420760945633366,-0.17055795353525863,-0.7446312122854699,-0.6704828645477433,1.5805841307962079
0,14.779116465863453,0.32138018463724927,-0.4168907658804591,0.7781654629991385,-0.6406395880732192,-0.26681928218856943,0.2598555436146106,-0.13907666661758142,-0.7736821230956886,-0.6936496988302359,1.5713569334347566
0,14.859437751004016,0.3128881644019882,-0.4107362249209949,0.7954291686151136,-0.5942604286249233,-0.2866337952894596,0.24419600284620468,-0.10503910871958252,-0.8010673727591455,-0.7166444290080587,1.5618680234588596
0,14.939759036144578,0.30468907760993363,-0.4057552856080478,0.8089741626083743,-0.5471482620047415,-0.3056940580058335,0.2272557242662166,-0.06851102634833714,-0.8264717348582845,-0.7394581558641362,1.5521195582048575
0,15.02008032128514,0.29680975940120263,-0.40198150807382427,0.8188371513640166,-0.4996129362853825,-0.32396220218813776,0.20906227594011287,-0.02960225889299812,-0.849581432756959,-0.7620824496840823,1.5421136011760535
0,15.100401606425702,0.28930445392210286,-0.3994537184713638,0.8250709223465449,-0.45195084065841673,-0.3413996238943967,0.1896446313515936,0.0115335741562302,-0.8700921992529749,-0.78450932653048,1.5318521270311622
0,15.180722891566266,0.2822525032697532,-0.3982078134464549,0.8277439955201458,-0.40444621696687544,-0.35796650446465067,0.1690337393525134,0.05470123294541146,-0.8877167199331276,-0.8067312272706584,1.5213370109939448
0,15.261044176706827,0.2757543232517993,-0.3982701821131774,0.8269405933333012,-0.3573719273860138,-0.3736214586890066,0.14726307667476385,0.09966754547955556,-0.9021909736535317,-0.8287410033756478,1.510570006477959
0,15.34136546184739,0.2699263003090684,-0.3996530132117122,0.8227607756643979,-0.31098973771399685,-0.38832132627437876,0.12436917110070968,0.14616616235577065,-0.9132791358135106,-0.8505319120548568,1.49955271563851
0,15.421686746987952,0.26489527529112106,-0.40235157744287753,0.8153206218716014,-0.2655501703266511,-0.4020211162081673,0.10039208533555638,0.193902840624657,-0.9207768955415769,-0.8720976215792108,1.4882865579755493
0,15.502008032128513,0.2607932486978018,-0.40634338865540914,0.8047523609628084,-0.22129197409644077,-0.41467410690068207,0.07537585420999639,0.24256072322447808,-0.9245132334703053,-0.8934322259844047,1.476772742012159
0,15.582329317269076,0.25775285608841186,-0.4115889831122447,0.7912043597591529,-0.1784412589896731,-0.4262320976083532,0.0493688704521547,0.2918051486216509,-0.9243508727461665,-0.914530266860861,1.4650122443959297
0,15.662650602409638,0.2559040364811569,-0.41803392782602317,0.7748408829921933,-0.13721035147052935,-0.4366457996041262,0.022424216338227693,0.3412876389849735,-0.9201857366899392,-0.9353867588541962,1.453005799648264
0,15.742971887550201,0.2553721722673377,-0.4256115830729223,0.7558415452081781,-0.09779644113990286,-0.4458653489999029,-0.005400059985573457,0.3906488464472187,-0.9119458181475546,-0.9559972149228303,1.4407539023459532
0,15.823293172690763,0.2562778323727993,-0.434246097823782,0.7344003853577785,-0.06038011029645162,-0.45384091755189937,-0.03404072461850007,0.4395203671860017,-0.8995898892201801,-0.9763576673646787,1.428256821958914
0,15.903614457831326,0.2587381126717009,-0.4438550964637027,0.7107245150708106,-0.025123857482729463,-0.4605233930608245,-0.06342919640556818,0.4875254464242159,-0.8831064786901242,-0.9964646811059014,1.4155146290421246
0,15.983935742971887,0.262869438034602,-0.4543515112459779,0.6850323202224582,0.00782925727916961,-0.4658650971262315,-0.09349144807363222,0.534278695533309,-0.8625135281118305,-1.016315356664136,1.402527230152271
0,16.06425702811245,0.2687915631848929,-0.46564401635047886,0.6575512315758156,0.03835671178044302,-0.46982050464098474,-0.12414797766642013,0.5793850313325147,-0.837859125593851,-1.0359073214522372,1.3892944078303073
0,16.14457831325301,0.2766323690134904,-0.47763552199904474,0.6285151194104825,0.06635723863075985,-0.4723469262554676,-0.1553138625250861,0.6224381474002321,-0.8092237154437101,-1.055238709568736,1.3758158613370814
0,16.224899598393574,0.2865328798841482,-0.4902191987257406,0.5981614037302226,0.09175105435164603,-0.4734051122267609,-0.18689891351966,0.6630189604727679,-0.7767241857549713,-1.0743081318603762,1.3620912436487262
0,16.305220883534137,0.29865169983570006,-0.5032715362406496,0.5667280006001051,0.11447953141250045,-0.4729597337914013,-0.21880795337441136,0.7006946730507234,-0.740520232329747,-1.0931146396951255,1.348120190532308
0,16.3855421686747,0.31316776357096465,-0.5166420456269442,0.5344502410943032,0.1345042890845907,-0.470979698317831,-0.250941248927807,0.7350193811998373,-0.7008233330590466,-1.1116576875472726,1.3339023385292075
0,16.46586345381526,0.33027990730332507,-0.5301394551636477,0.5015579014619448,0.1518057311883321,-0.467438258807299,-0.283195131874449,0.7655375509545514,-0.6579084745954961,-1.1299371009125208,1.3194373304452611
0,16.546184738955823,0.3502013199303414,-0.5435147512291003,0.46827247228108143,0.16638110950496973,-0.4623128908573527,-0.3154628432976128,0.7917921557126761,-0.6121283247467315,-1.1479530570667447,1.3047248097684756
0,16.626506024096386,0.37314655197762975,-0.556442329294263,0.4348047761908069,0.17824223852262205,-0.455584934325348,-0.34763562984918867,0.8133396923509467,-0.5639286887984369,-1.1657060861940336,1.2897644094192673
0,16.70682730923695,0.39930872168351755,-0.5685019878337353,0.4013530258872239,0.18741302601229987,-0.44723903549388866,-0.379604097544773,0.8297743866288567,-0.5138626859893545,-1.1831970987057079,1.2745557453555638
0,16.78714859437751,0.4288253558651751,-0.5791664980682126,0.36810140412084386,0.19392701338565713,-0.43726247631872417,-0.4112597858855242,0.8407631564209588,-0.46259916056735445,-1.200427440088252,1.2590984311354347
0,16.867469879518072,0.46173358341832926,-0.5878015679110207,0.3352192496926341,0.1978251363585639,-0.42564453010149955,-0.4424968569879113,0.8460906634457515,-0.4109188453297266,-1.2173989664552138,1.2433921338700955
0,16.947791164658636,0.4979195853613336,-0.5936860184036555,0.30286094397483215,0.1991539134444413,-0.41237601702610516,-0.47321370893623055,0.8457096099083594,-0.3596908781299716,-1.2341141222184187,1.2274366920254174
0,17.028112449799195,0.5370727453329348,-0.5960580761650844,0.27116659410706845,0.1979642354747291,-0.3974492218410843,-0.5033142452343428,0.8397858707908201,-0.3098242215204499,-1.2505759883897378,1.211232307445149
0,17.10843373493976,0.5786595038385389,-0.5941872946509515,0.24026357485147687,0.19431085261821857,-0.38085826236868064,-0.5327085068457554,0.8287234453911324,-0.2621948566004905,-1.2667882617124662,1.1947798054789798
0,17.188755020080322,0.6219316526466113,-0.587461417555229,0.21026889450161182,0.18825253738994252,-0.36259987284193235,-0.561312443148986,0.8131544544896175,-0.2175596075695955,-1.282755128795907,1.178080930883869
0,17.269076305220885,0.665975816160118,-0.575467871079014,0.1812921897647431,0.1798527698279879,-0.3426744384353635,-0.5890467723254733,0.7938874530943592,-0.17647674944525735,-1.2984810205838553,1.1611386230217575
0,17.349397590361445,0.7097968122612474,-0.5580470372874059,0.15343897540855372,0.16918069420679682,-0.32108705065753906,-0.6158351081713841,0.7718215297204227,-0.13925575415025973,-1.3139702667326834,1.1439572054022538
0,17.429718875502008,0.7524145608312055,-0.5353025846346611,0.12681365577709458,0.1563120821807454,-0.2978483818464702,-0.641601713153601,0.7478468679286087,-0.10595022444182112,-1.3292267026904372,1.1265424400493385
0,17.51004016064257,0.7929500411889532,-0.5075693155266611,0.10152182116785513,0.14133011291585337,-0.2729752803585002,-0.6662692944638058,0.7227567159296718,-0.07639293445467621,-1.3442532979279787,1.1089014315292904
0,17.59036144578313,0.8306825476847611,-0.47535258939886427,0.07767150899128575,0.12432590351713048,-0.2464911047624975,-0.6897571788278919,0.6971889130192437,-0.05025853777462408,-1.3590518649327918,1.0910424024842507
0,17.670682730923694,0.8650729741114822,-0.43925867494317955,0.055373343972911424,0.1053988307743754,-0.21842589213428082,-0.7119800409121172,0.6716024562840541,-0.027134500984800684,-1.3736228822341658,1.0729743860657228
0,17.751004016064257,0.895758693061953,-0.3999320607875158,0.03473968451297535,0.08465673490104553,-0.18881647535271484,-0.732847199966373,0.6462835332375804,-0.0065843590666046885,-1.3879654354597928,1.0547068849194485
0,17.83132530120482,0.9225306762548929,-0.3580082650178476,0.01588302785801079,0.06221608543948356,-0.15770664471332368,-0.752262392679051,0.6213702003151836,0.011805035932937906,-1.4020772597147626,1.0362495363244777
0,17.91164658634538,0.9453032317769663,-0.31408370527677276,-0.0010860492856637556,0.03820214283577436,-0.12514741578654065,-0.7701238889095555,0.5968850912938708,0.028393643332335267,-1.4159548579986314,1.0176118080182193
0,17.991967871485944,0.96408370964925,-0.26869998112600774,-0.01606118346622133,0.012749093855351407,-0.09119743719680751,-0.7863248240970692,0.5727685820549298,0.043472975116689454,-1.4295936710411496,0.9988027362510365
0,18.072289156626507,0.9789461286734894,-0.2223384390071567,-0.02894259081584952,-0.013999907708042554,-0.05592355491438501,-0.800753654348529,0.5489082960751859,0.05726129151582737,-1.4429882790184396,0.9798307095479013
0,18.152610441767067,0.9900101078415386,-0.17542111355444207,-0.03963940956950774,-0.04189289575906179,-0.01940154237721864,-0.8132946792154997,0.5251634653655347,0.06990539040138191,-1.4561326212603458,0.9607032981276221
0,18.23293172690763,0.9974249754140766,-0.12831506097009993,-0.04807195621781323,-0.070769560107961,0.01828299585971417,-0.8238286131260116,0.5013842092931609,0.08148610592839958,-1.4690202243491373,0.9414271282756734
0,18.313253012048193,1.001358248621822,-0.08133810000843847,-0.05417383519949937,-0.10046214941809697,0.057033539002146,-0.8322332160339108,0.4774264790420889,0.09202566394153118,-1.4816444314665564,0.9220078015189154
0,18.393574297188756,1.0019875031332015,-0.03476478587615488,-0.057893817094090964,-0.13079691753710895,0.09674137596241303,-0.8383840171579808,0.45316356481613046,0.10149586148158764,-1.4939986268176528,0.9024498590896575
0,18.473895582329316,0.9994947301062693,0.011167993060621224,-0.05919735622863602,-0.1615961902313568,0.13728413766742012,-0.8421551844221224,0.42849493743443046,0.1098265893025197,-1.5060764489794825,0.8827567922903385
0,18.55421686746988,0.9940624505357349,0.056256051443289566,-0.058067567815594134,-0.19268107398404835,0.178524136937583,-0.8434206080570804,0.4033529669905816,0.11691453180862216,-1.5178719866483041,0.8629310987892175
0,18.634538152610443,0.9858710400889106,0.1003236286772334,-0.05450544065107454,-0.22387474656217338,0.22030652706538278,-0.842055281535724,0.37770782336637876,0.12263201582422958,-1.5293799498695964,0.8429743835964347
0,18.714859437751002,0.9750968770598961,0.14321974501542628,-0.04852904003061123,-0.25500616045400254,0.2624573050780747,-0.8379370776268593,0.35157066761632805,0.126835991431771,-1.5405958097236865,0.8228875016336652
0,18.795180722891565,0.9619110509791087,0.18481509689412742,-0.04017147271981893,-0.2859138620029436,0.3047812070696169,-0.8309490327844863,0.32499511444041423,0.12937706132407364,-1.5515158997693197,0.8026707365692296
0,18.87550200803213,0.9464784608604079,0.22499938721062362,-0.029477456318319453,-0.31644949410423495,0.3470595731945747,-0.8209822689836319,0.298076895697495,0.130108367698372,-1.562137473434157,0.7823240081788717
0,18.955823293172692,0.9289571947855174,0.2636789952444323,-0.016498466795758185,-0.3464804317497121,0.38904830230509296,-0.8079396977320075,0.27095168275310705,0.12889403616454448,-1.5724587130479581,0.7618470980727432
0,19.03614457831325,0.9094981237061913,0.30077490864448975,-0.0012866321486713767,-0.375890921218374,0.43047607536836874,-0.7917406616296674,0.24379112140376816,0.12561679266172773,-1.582478688329656,0.7412398815418245
0,19.116465863453815,0.8882446664216771,0.33622086025860753,0.016112218445123817,-0.4045810888414112,0.47104310727478177,-0.7723266692535722,0.21679727273087454,0.12018434620409574,-1.5921972648724563,0.7205025516322805
0,19.196787148594378,0.8653326973545086,0.36996163232019663,0.03566566929242925,-0.4324632703119692,0.5104207931657273,-0.7496683537810941,0.19019580651550774,0.112534170940647,-1.601614966328172,0.6996358208322203
0,19.277108433734938,0.8408905759719145,0.4019515074663012,0.057361051431078613,-0.4594553133540983,0.5482527468811146,-0.7237737171229943,0.1642284231853512,0.10263643701538501,-1.6107327974694579,0.6786410859954068
0,19.3574297188755,0.8150392820421333,0.43215285932160163,0.08120982513173555,-0.4854708275620441,0.5841578756123144,-0.6946975795965188,0.1391450559847579,0.09049500413484307,-1.61955203877094,0.6575205437021184
0,19.437751004016064,0.7878926456558023,0.46053488454683683,0.10724870580975682,-0.5104068037802645,0.6177362660541319,-0.6625519080681249,0.11519640876221897,0.07614658108918715,-1.628074026281909,0.6362772462123659
0,19.518072289156628,0.7595576669882708,0.48707248336409714,0.1355362363500689,-0.5341295915002247,0.648578714563045,-0.62751631684895,0.09262731503272496,0.05965833243141526,-1.6362999329341086,0.6149150925536627
0,19.598393574297187,0.730134928139986,0.5117452970322585,0.1661437414824483,-0.5564608780385846,0.6762806223756611,-0.5898475254608563,0.0716712765401755,0.041124351521972906,-1.6442305685382697,0.5934387549452099
0,19.67871485943775,0.6997191072301774,0.534536908733593,0.19914015127317677,-0.5771659727754405,0.700460577339007,-0.5498859812063482,0.052546379213997005,0.02066149795695882,-1.6518662150563572,0.5718535472912373
0,19.759036144578314,0.6683996109805793,0.5554342095487168,0.2345711290735431,-0.5959471979576386,0.7207831505446308,-0.5080573714503736,0.0354526201927883,-0.0015948892740273203,-1.6592065107915404,0.5501652491333231
0,19.839357429718877,0.6362613434274492,0.5744269238073044,0.2724342728252133,-0.6124452534066491,0.7369842413939621,-0.46486663548678553,0.020570534092519778,-0.025494938978488695,-1.6662503917391434,0.5283799040646193
0,19.919678714859437,0.6033856215984622,0.5915072797665769,0.31265367349064466,-0.6262507509463994,0.7488959003383061,-0.4208826546963577,0.008060895364657828,-0.05087748885525699,-1.67299609079207,0.5065036147314377
0,20.0,0.5698512321082144,0.6066698037303663,0.35505835411837705,-0.6369265073060559,0.7564663992017124,-0.3767132663982982,-0.0019347983916278848,-0.07757238581874208,-1.6794411870366748,0.4845423557927304
1,0.0,0.752705114047541,-0.2610411541228698,0.2659434684100735,0.6022401833599297,-0.8156201978623292,-1.2223881750928325,-0.9262069084720491,0.3999089953555562,0.7231785238767638,0.48128015050021633
1,0.08032128514056225,0.7795544930717236,-0.24070590268329703,0.24247041564968144,0.5824473661042423,-0.7946916493712914,-1.2343643713393166,-0.9342100529851093,0.3744875274388421,0.7068767936349959,0.518135380479529
1,0.1606425702811245,0.8052656483314918,-0.21882614260228378,0.22241620205310617,0.5612745511028137,-0.7734907806537464,-1.2459012824161668,-0.941650593964939,0.34880343977685035,0.6874595242340874,0.5546494341387862
1,0.24096385542168675,0.8297708492907843,-0.19548019816026815,0.2059784270769198,0.5391499187337365,-0.7520195210573319,-1.2569987974999373,-0.9485396821438423,0.32288491232880456,0.6648099268334703,0.590444164597664
1,0.321285140562249,0.8530124846869293,-0.17074440649910402,0.19328963014922487,0.5165305839861455,-0.7302810812237835,-1.2676568905392789,-0.9548870812887176,0.29676333867212107,0.6388660476763474,0.6251073743801162
1,0.40160642570281124,0.874942028338391,-0.1446923684593585,0.1844106069900274,0.4938938550161348,-0.7082800774764514,-1.2778754615177046,-0.9607004062249055,0.2704726917139881,0.6096278483729389,0.6582012832469398
1,0.4819277108433735,0.89551894409739,-0.11739443749685789,0.1793243685783342,0.47172790659686625,-0.6860226088959674,-1.287654153766317,-0.9659844519437432,0.24404859922369693,0.5771637481639865,0.6892720854426114
1,0.5622489959839357,0.9147095801668114,-0.08891747352911461,0.17793071313642125,0.4505213024230684,-0.6635162704197318,-1.2969921490237006,-0.9707406979112272,0.21752718729555748,0.5416166750277267,0.7178611328341892
1,0.642570281124498,0.9324860938223107,-0.0593248832757292,0.18004186332762673,0.4307505971892381,-0.6407700853339391,-1.3058879472615927,-0.9749670586814317,0.19094378760388997,0.5032091868654335,0.7435184457441937
1,0.7228915662650602,0.9488254369755413,-0.028676959135204554,0.18538022212187433,0.4128653812266121,-0.6177943438802497,-1.3143391457581441,-0.978657925478395,0.1643316313730819,0.4622466102612293,0.7658190922936545
1,0.8032128514056225,0.963708421210039,0.002968486312541284,0.19357982172575317,0.39727069182548735,-0.5946003427900294,-1.322342240092204,-0.9818045070933424,0.1377206628240107,0.4191166069475798,0.7843823991301646
1,0.8835341365461847,0.9771188713936136,0.0355552141531484,0.2041932288571351,0.3843076492299269,-0.5712000340077583,-1.3298924758615125,-0.9843954379048154,0.11113659416537568,0.3742833716618251,0.7988930183130614
1,0.963855421686747,0.9890428703214496,0.06902743206015091,0.21670529410206474,0.37423427827179545,-0.5476056080404185,-1.3369837805667406,-0.9864175842179563,0.08460029374204334,0.328275027834861,0.8091217764927509
1,1.0441767068273093,0.9994680972133597,0.10332852666637357,0.2305541106254691,0.36720935951606914,-0.5238290543198068,-1.3436087974649882,-0.9878569545421456,0.058127553827786824,0.2816638010231237,0.8149433574547585
1,1.1244979919678715,1.0083832681718425,0.13839976370596205,0.24515802463513514,0.3632824211725381,-0.49988175183891886,-1.349759027357751,-0.9886996108912904,0.031729233807003696,0.23504006992323173,0.8163476086722473
1,1.2048192771084336,1.0157776977753419,0.17417908226902742,0.2599459555988028,0.3623923338639338,-0.47577414308195176,-1.3554250636852703,-0.9889324873659193,0.005411727655743789,0.18898297707372658,0.8134419198965652
1,1.285140562248996,1.0216410105725564,0.21060011160920433,0.2743871899881827,0.3643754874122958,-0.4515155312383397,-1.3605968875562147,-0.988544046587745,-0.020822328971035812,0.14403137726534584,0.8064436175057503
1,1.3654618473895583,1.025963035224009,0.24759151916164443,0.2880166738051991,0.3689826125657517,-0.427114018110044,-1.3652641787092767,-0.987524736878411,-0.0469732127550686,0.10065904595924709,0.7956632597369492
1,1.4457831325301205,1.0287339060215475,0.28507675918074943,0.3004527309217963,0.3759016258517051,-0.40257657502589983,-1.369416599282335,-0.9858672457938991,-0.07304322629873312,0.059257183876455365,0.7814814405486135
1,1.5261044176706826,1.029944376717809,0.3229742399731499,0.3114057604456622,0.3847829551621393,-0.37790921898406155,-1.3730440182455175,-0.9835665718112903,-0.09903585335296572,0.02012565363188072,0.7643226764631937
1,1.606425702811245,1.0295863229294169,0.3611978754642137,0.32067823037866544,0.3952638569746351,-0.3531172558143866,-1.3761366606701089,-0.980619952202513,-0.12495501340280714,-0.01652734529118243,0.744629941634067
1,1.6867469879518073,1.0276533816433375,0.39965794539390814,0.3281576562039026,0.4069890807385754,-0.3282055518922547,-1.378685181878964,-0.977026690639715,-0.15080444776900914,-0.05057879531526996,0.7228426035154896
1,1.7670682730923695,1.024141655211133,0.43826216493391873,0.33380493743776185,0.4196264357563956,-0.3031788030471877,-1.3806806781449417,-0.972787925583987,-0.17658724691072114,-0.08197986401771996,0.6993793243653487
1,1.8473895582329316,1.0190504019224276,0.47691685834464015,0.3376404539764105,0.43287698175835554,-0.2780417795321966,-1.3821146512576536,-0.9679063727289768,-0.2023055130438588,-0.11074270363766422,0.674626324198517
1,1.927710843373494,1.012382640127059,0.51552814292566,0.3397298906933605,0.44648037868732693,-0.25279953622107965,-1.3829789452535466,-0.9623860656326557,-0.22796014174253149,-0.13692692896668388,0.6489305653830915
1,2.0080321285140563,1.0041456129207342,0.5540030465716361,0.340171150421149,0.46021639626401134,-0.2274575849410064,-1.383265670977627,-0.9562321096293699,-0.2535507028035526,-0.1606270687715064,0.6225969309455325
1,2.0883534136546187,0.9943510813474575,0.5922505061769217,0.3390831080343542,0.4739036811008381,-0.20202203115552003,-1.3829671304612354,-0.9494504571502181,-0.279075399523907,-0.181961701076073,0.5958883427073826
1,2.1686746987951806,0.9830154378080083,0.6301822145571909,0.33659648506617623,0.4873967899943265,-0.17649967981161482,-1.3820757490810813,-0.942047707462452,-0.30453108759901354,-0.20106453560011708,0.5690278321285773
1,2.248995983935743,0.970159649676843,0.6677133019515789,0.33284680322682086,0.5005822948660826,-0.15089811609968193,-1.3805840201754214,-0.9340309306646368,-0.3299133373486884,-0.2180774061393444,0.5422017607064483
1,2.3293172690763053,0.9558090565899917,0.7047628515317704,0.3279691944576131,0.5133745469503593,-0.12522576665934243,-1.378484464298561,-0.9254075140145177,-0.3552165258687186,-0.23314497037374388,0.5155635916851498
1,2.4096385542168672,0.939993051893875,0.7412542579814579,0.3220947674715722,0.5257114901985053,-0.09949194603159842,-1.3757696036520086,-0.9161850278878249,-0.38043394822107823,-0.24641084544602318,0.48923780369312353
1,2.4899598393574296,0.9227446812142766,0.7771154439635528,0.3153482188235754,0.5375507597827268,-0.07370689221403809,-1.3724319512228917,-0.9063711085089872,-0.4055579389696219,-0.258014899314826,0.46332368644623406
1,2.570281124497992,0.9041001894941904,0.8122789524927986,0.3078464017604651,0.548866188608481,-0.047881794259549554,-1.3684640136490296,-0.8959733547643922,-0.4305799970777408,-0.268091442230713,0.43789886962549096
1,2.6506024096385543,0.8840985442767222,0.846681934204701,0.29969760707084964,0.5596447696145004,-0.022028814039935965,-1.3638583066178556,-0.8849992367641315,-0.455490908595372,-0.27676810054350376,0.4130225113940264
1,2.7309236947791167,0.8627809579924411,0.880266048207234,0.29100135560964896,0.569884073640149,0.0038388963778696536,-1.3586073815965416,-0.8734560142180448,-0.4802808626512455,-0.28416519576191435,0.38873812240040406
1,2.8112449799196786,0.8401904269554153,0.9129772938673368,0.28184854452458324,0.5795900954563854,0.02970718084162614,-1.3527038627739905,-0.8613506631243195,-0.5049395571926223,-0.2903954891973047,0.36507603064289046
1,2.891566265060241,0.8163712998807254,0.944765789096842,0.2723218261273899,0.5887754863461715,0.05556086823571571,-1.3461404932274013,-0.8486898096724427,-0.5294562916774732,-0.29556418457138783,0.34205550946186136
1,2.9718875502008033,0.7913688845107835,0.9755855086079673,0.2624961287923029,0.597458126339464,0.08138376447865435,-1.3389101894630893,-0.8354796706477432,-0.5538200445906212,-0.29976910713399685,0.3196865991062793
1,3.0522088353413652,0.7652290975113731,1.0053939934634912,0.2524392533583631,0.6056599890649226,0.10715864752492293,-1.3310061036047776,-0.8217259999918658,-0.5780195342622957,-0.3031009984027928,0.2979716553386595
1,3.1325301204819276,0.7379981600866993,1.0341520411989713,0.24221249739631687,0.6134062548905415,0.13286726570778237,-1.3224216925972965,-0.8074340414908341,-0.6020432619934944,-0.3056438816999637,0.27690665850127827
1,3.21285140562249,0.7097223398545369,1.061823383869133,0.23187127387439474,0.6207246323556357,0.1584903399273166,-1.3131507938574953,-0.7926084878774656,-0.6258795369981527,-0.3074754657787819,0.2564823146308795
1,3.2931726907630523,0.6804477381707911,1.0883743596461217,0.22146570145941324,0.627644852682243,0.18400757031940237,-1.3031877068333098,-0.777253446901188,-0.6495164831270289,-0.3086675630484175,0.2366849776319741
1,3.3734939759036147,0.6502201213315677,1.1137735821604777,0.21104115145732327,0.6341983069246153,0.20939764814003825,-1.2925272799189904,-0.7613724151447052,-0.6729420277483951,-0.30928650578422306,0.21749741858229274
1,3.4538152610441766,0.6190847937047905,1.13799161047975,0.2006387419619681,0.6404177999210455,0.23463827367466691,-1.2811650021358312,-0.7449682605764036,-0.6961438735644201,-0.3093935487650211,0.19889946529945596
1,3.534136546184739,0.5870865108001583,1.1610006215738464,0.1902957737028221,0.6463373993182208,0.2597061810258804,-1.2690970989110133,-0.7280432149721411,-0.7191094545028727,-0.30904525055671883,0.18086853252181911
1,3.6144578313253013,0.5542694305520647,1.1827740863567129,0.18004610461770057,0.6519923614614945,0.28457717064381993,-1.2563206311776443,-0.7105988774419965,-0.7418258771606473,-0.30829382837158775,0.16338006052008439
1,3.694779116465863,0.5206771014881696,1.2032864496991726,0.1699204618364852,0.6574191191280355,0.30922615044672463,-1.2428335968931226,-0.6926362303554388,-0.7642798496060689,-0.3071874834159395,0.1464078776719836
1,3.7751004016064256,0.48635248705784734,1.222512814357779,0.15994669062501093,0.662655318691456,0.3336271863200007,-1.2286350339196892,-0.6741556689462472,-0.7864575996486748,-0.30577069505661036,0.1299245005191292
1,3.855421686746988,0.4513380261350577,1.2404286285650281,0.15014994010639937,0.6677398963485165,0.35775356267998404,-1.213725123042104,-0.6551570458083961,-0.8083447849685974,-0.3040844831130437,0.11390138309715678
1,3.9357429718875503,0.4156757305130134,1.2570093768519432,0.1405527854952712,0.672713184856418,0.3815778536462025,-1.198105289730508,-0.6356397313609884,-0.8299263977678696,-0.3021666382934975,0.09830912579001642
1,4.016064257028113,0.37940732115478776,1.2722302737576474,0.1311752860909333,0.6776170435367772,0.4050720051687397,-1.1817783030866182,-0.6156026911506831,-0.8511866668453869,-0.30005192126377683,0.08311765263758082
1,4.096385542168675,0.34257440599745825,1.2860659604436337,0.12203497751203193,0.6824950050929491,0.4282074282102519,-1.164748370252821,-0.5950445805811906,-0.8721089602072352,-0.29777223113855056,0.06829636492347334
1,4.176706827309237,0.30521870321061445,1.2984902046539768,0.11314679573020732,0.6873924334344566,0.45095510278888273,-1.147021224440143,-0.5739638573097665,-0.8926756914938434,-0.2953567444199369,0.053814277845553114
1,4.257028112449799,0.26738231503621035,1.309475605255508,0.10452292929752435,0.6923566868053971,0.4732856923415695,-1.1286042046400606,-0.5523589111263514,-0.9128682336194838,-0.2928320255489514,0.03964014619863929
1,4.337349397590361,0.2291080586303859,1.318993303803743,0.09617259485682833,0.6974372800399997,0.49516966748562585,-1.1095063250399952,-0.5302282106422834,-0.9326668430744836,-0.2902221103305551,0.02574258427073626
1,4.417670682730924,0.1904398616816986,1.3270127070316677,0.08810172965398314,0.7026860390688193,0.5165774378450648,-1.0897383321930227,-0.5075704655719333,-0.9520505983070944,-0.28754856360881176,0.012090184399630206
1,4.497991967871486,0.1514232319786146,1.3335012262608106,0.08031259330522718,0.7081572393199291,0.5374794901796284,-1.0693127480876974,-0.4843848027993151,-0.9709973554764222,-0.2848305126641535,-0.0013483620166201
1,4.578313253012048,0.1121058114480592,1.3384240425746992,0.07280326963020382,0.713907717352605,0.5578465306413727,-1.0482438974302077,-0.4606709538013831,-0.9894837246440852,-0.2820846579182512,-0.014604137853011227
1,4.658634538152611,0.07253802637855586,1.3417439101018194,0.06556705810963513,0.7199969421517904,0.5776496285949233,-1.026547917714341,-0.4364294503790851,-1.0074850691154627,-0.2793252627040279,-0.027707865423805884
1,4.738955823293173,0.032773846414095545,1.3434210144381582,0.05859174356658412,0.7264870283177567,0.596860359112406,-1.0042427509786738,-0.4116618250406183,-1.0249755301717685,-0.2765641240524659,-0.0406897616054723
1,4.8192771084337345,-0.007128334844744469,1.3434129092310279,0.0518587323334429,0.73344266785176,0.6154509410243901,-0.9813481165301694,-0.38637081182028854,-1.0419280788461185,-0.27381052669279854,-0.05357938170649986
1,4.899598393574297,-0.04710468558520666,1.3416745612994516,0.0453420439089398,0.7409309503998998,0.633394367292835,-0.9578854643498622,-0.3605605428437797,-1.0583145956783768,-0.271071182772787,-0.0664054516711123
1,4.979919678714859,-0.08708477822299777,1.3381585438871721,0.039007149433398856,0.7490210330093569,0.6506645245182953,-0.9338779093224228,-0.33423673557722716,-1.0741059785814198,-0.2683501601514677,-0.07919568899268625
1,5.0602409638554215,-0.12699028380684868,1.3328154286865976,0.03280965317493177,0.7577836098470427,0.6672362986131677,-0.9093501468411567,-0.30740686546960166,-1.0892722780678803,-0.26564880251164763,-0.09197661362460335
1,5.140562248995984,-0.16673352220663973,1.3255944400235073,0.02669382172844526,0.7672901200274508,0.6830856640928444,-0.884328350695756,-0.28008031864688526,-1.1037828581581803,-0.26296564496776353,-0.10477335119702202
1,5.220883534136546,-0.20621588563061638,1.3164444488565743,0.020590979284963166,0.7776116178069592,0.6981897550690946,-0.8588400543874446,-0.2522685194404087,-1.1176065803759905,-0.26029632928303137,-0.11760943190009829
1,5.301204819277109,-0.24532617385582553,1.3053153987334336,0.014417808130562279,0.7888172153830355,0.7125269168658132,-0.8329140171638897,-0.22398502788900593,-1.1307120073566859,-0.2576335232515426,-0.13050658959589337
1,5.381526104417671,-0.28393890955154344,1.2921602685160303,0.00807462349111335,0.8009719963594016,0.7260767382206985,-0.8065800760937124,-0.19524560294333276,-1.1430676218251448,-0.25496684921693435,-0.14348456695657474
1,5.461847389558233,-0.32191274364902556,1.2769376843566194,0.0014437333976500752,0.8141342907613608,0.7388200652365065,-0.7798689854152601,-0.16606822789996642,-1.1546420560876702,-0.2522828270851632,-0.15656093361504986
1,5.542168674698795,-0.35908911513743386,1.2596152901378987,-0.005611951208209195,0.8283522064943942,0.7507389995668994,-0.7528122443473093,-0.13647309568687546,-1.1654043267626133,-0.2495648375343797,-0.16975092552236995
1,5.622489959839357,-0.39529139653793044,1.2401739631328015,-0.013249823764092313,0.8436593354663057,0.761816884704073,-0.7254419145913413,-0.10648255296216727,-1.1753240693245024,-0.24679311143988183,-0.18306731468326323
1,5.7028112449799195,-0.4303248330186209,1.2186129104980308,-0.021647697086341417,0.8600696046520038,0.7720382855036041,-0.6977904290349111,-0.07612100354578547,-1.1843717671298717,-0.24394475185285497,-0.19652031898525146
1,5.783132530120482,-0.4639776573576407,1.1949555887987504,-0.031002741022096207,0.877571337112899,0.7813889671882139,-0.66989039397635,-0.04541477360007351,-1.192518969992014,-0.24099379520840206,-0.21011756194328532
1,5.863453815261044,-0.4960238192902641,1.1692562428588038,-0.04152879955980612,0.8961207348855763,0.7898558806827686,-0.6417743885277564,-0.014391943010950283,-1.1997384979814325,-0.2379113188217467,-0.22386409123519094
1,5.943775100401607,-0.5262277732860692,1.1416066582163211,-0.05345163601079811,0.9156351985259933,0.7974271611117616,-0.6134747669308389,0.016917850329935237,-1.2060046269337166,-0.23466560214482832,-0.23776246287775876
1,6.024096385542169,-0.5543516875732517,1.1121424723269167,-0.0670017326052017,0.9359871470075913,0.8040921452816557,-0.5850234721226457,0.048483624411247137,-1.2112932529761733,-0.23122234951444848,-0.2518128942356888
1,6.1044176706827304,-0.5801652250728494,1.081048132867668,-0.08240447895991994,0.956999256711137,0.8098414118611489,-0.5564518717065269,0.08027327419357336,-1.2155820341440686,-0.22754498202195172,-0.26601348372820943
1,6.184738955823293,-0.6034576795571263,1.0485593930811796,-0.09986794750314629,0.9784422323828816,0.8146668446949565,-0.5277906297999447,0.11225378747588372,-1.2188505076584926,-0.22359500511056649,-0.28036048800562374
1,6.265060240963855,-0.6240517388521933,1.0149621944311302,-0.119568963335854,1.0000362554423583,0.8185617156146737,-0.4990696291679636,0.14439144259857956,-1.2210801816286383,-0.21933245602520474,-0.2948486390768866
1,6.3453815261044175,-0.6418175704119367,0.9805870077332458,-0.14163875378392757,1.0214570241713055,0.8215207789676017,-0.47031795667850346,0.17665197591149506,-1.222254599842343,-0.21471643068323118,-0.30947147538370495
1,6.42570281124498,-0.6566854352005177,0.945798244702188,-0.1661499586468004,1.0423467480730517,0.8235403670043476,-0.44156396082613747,0.2090007094419456,-1.2223593781331492,-0.20970568259897387,-0.3242216538159531
1,6.506024096385542,-0.6686548291341928,0.9109791782735104,-0.19310700084679155,1.0623296218567726,0.8246184744529997,-0.41283538302367623,0.2414026332529407,-1.2213822109132875,-0.20425927772495453,-0.33909120619331934
1,6.586345381526105,-0.6777983974971877,0.8765137460214546,-0.22244158797242822,1.0810303623456239,0.8247548229178109,-0.3841595554842075,0.27382244211305173,-1.2193128472233883,-0.19833727956124522,-0.35407170565948254
1,6.666666666666667,-0.6842596040763814,0.8427673796340028,-0.25401439781422486,1.098093624178286,0.8239509012152926,-0.3555636494253246,0.3062245314810324,-1.216143037332632,-0.19190143080571745,-0.369154317054332
1,6.746987951807229,-0.6882442178553467,0.8100693708720216,-0.28762293445111725,1.1132017520907798,0.8222099849083142,-0.3270749506828265,0.3385729618185685,-1.2118664533006238,-0.18491579442041747,-0.3843297189793509
1,6.827309236947791,-0.6900068193576755,0.7786989820821398,-0.3230144123800757,1.1260886473707141,0.8195371460762557,-0.2987211351798826,0.3708314032524958,-1.2064785898233126,-0.17734731759099925,-0.39958790444965847
1,6.907630522088353,-0.6898343447854554,0.7488768030290178,-0.35990170533732296,1.136548252214493,0.8159392690397025,-0.270530517426131,0.4029630721712068,-1.1999766539170293,-0.16916629108812992,-0.41491788390035
1,6.9879518072289155,-0.6880290038791599,0.7207617666741502,-0.3979800677387747,1.1444372642429415,0.8114250895010175,-0.24253224746654214,0.4349306699469144,-1.192359453454107,-0.16034668782999625,-0.43030732999644183
1,7.068273092369478,-0.6848926611264451,0.6944532747849689,-0.4369425620045854,1.1496726681153446,0.8060052714953958,-0.2147564368176899,0.46669633062436416,-1.1836272944515902,-0.15086637898872848,-0.4457422116310328
1,7.14859437751004,-0.6807141361019173,0.6699971951117031,-0.47649273726768465,1.1522253655252583,0.7996925302632985,-0.18723419908700842,0.4982215811073457,-1.1737818957171053,-0.14070723800104135,-0.4612064658328468
1,7.228915662650603,-0.6757601188018386,0.6473942201272398,-0.5163538447939429,1.1521114538478254,0.7925018005382574,-0.1599975962851902,0.5294673143485147,-1.1628263272124297,-0.12985515129098968,-0.4766817504774449
1,7.309236947791165,-0.6702697002144243,0.6266091562106699,-0.5562745578072186,1.149382616634545,0.7844504409631557,-0.13307948639492595,0.5603937741554468,-1.150764976062649,-0.11829995709695915,-0.49214731038763954
1,7.389558232931726,-0.664452049732669,0.6075800198312298,-0.5960316250647231,1.1441167703728559,0.7755584573529851,-0.10651327232650436,0.5909605492339307,-1.1376035418397799,-0.10603533178952321,-0.507579976037801
1,7.469879518072289,-0.658486527138697,0.5902262014984705,-0.6354301313998866,1.1364097167318534,0.7658487217188011,-0.08033255685367119,0.621126574102684,-1.123349061040534,-0.09305863728290109,-0.5229543003361184
1,7.550200803212851,-0.6525244726844692,0.574455319005109,-0.6743020871908947,1.126368179548599,0.7553471607213202,-0.05457071295987924,0.6508501351216845,-1.1080099595776722,-0.07937073596764044,-0.5382428260161563
1,7.6305220883534135,-0.6466920017091257,0.5601686574057161,-0.712503992988647,1.1141043231503447,0.7440828866906379,-0.029260384117307605,0.6800888808636857,-1.0915961315374516,-0.06497577285655048,-0.5534164649013014
1,7.710843373493976,-0.6410932673466513,0.5472652753726049,-0.7499138966725658,1.0997316626413185,0.7320882466891018,-0.0044329340965201525,0.7087998372033909,-1.0741190423370843,-0.049880919873275115,-0.5684449615803188
1,7.791164658634538,-0.6358138105870377,0.5356449545442649,-0.7864283124497866,1.0833621779644396,0.7193987696924503,0.019882129520824715,0.7369394286681772,-1.0555918544513259,-0.03409607532380247,-0.5832974075782031
1,7.871485943775101,-0.6309237499007782,0.5252102046465131,-0.8219592446882593,1.065104407469392,0.7060529986835884,0.04365773048132109,0.7644635086804183,-1.0360295740219996,-0.01763351277496855,-0.5979427685752268
1,7.951807228915663,-0.6264806717676532,0.5158675345108952,-0.8564314555261596,1.0450623003384916,0.6920922024655234,0.06686976818432894,0.7913274023087259,-1.0154492166990698,-0.0005074774804357356,-0.6123503863346454
1,8.032128514056225,-0.622532160863783,0.5075281744634761,-0.8897800413609918,1.02333463338822,0.6775599706018955,0.08949760197356257,0.8174859660028287,-0.9938699909438993,0.0172662656200512,-0.6264904188813595
1,8.112449799196787,-0.6191179600750271,0.5001084039356801,-0.921948334229627,1.0000148311696835,0.662501703375705,0.11152444864574493,0.8428936694685877,-0.9713134967018694,0.03567092146036182,-0.6403341870492392
1,8.19277108433735,-0.61627178246111,0.4935296043954724,-0.9528861133266517,0.9751910636665736,0.6469640160702335,0.132937671037579,0.8675047053651093,-0.9478039367601289,0.054689174352419705,-0.6538544023394961
1,8.273092369477911,-0.6140228136402055,0.48771812768917905,-0.9825480959679804,0.9489465274106923,0.6309940826448287,0.15372894186968913,0.8912731327976968,-0.9233683372761893,0.0743036941656611,-0.6670252596933711
1,8.353413654618475,-0.6123969501825338,0.4826050446610751,-1.0108926700372436,0.9213598423126753,0.614638947485111,0.1738942745046126,0.9141530606365477,-0.8980367728504418,0.09449761209811926,-0.6798223886279212
1,8.433734939759036,-0.6114178199831352,0.47812581826951833,-1.037880828977758,0.8925055181557384,0.5979448351105603,0.19343392013483215,0.9360988763937911,-0.8718425902069701,0.11525493745654228,-0.6922226663531187
1,8.514056224899598,-0.6111076275712987,0.4742199298171386,-1.063475272635679,0.8624544610863348,0.5809564866110121,0.21235213842530018,0.9570655257505215,-0.8448226230140095,0.1365608878454446,-0.704203906314764
1,8.594377510040161,-0.6114878624229224,0.47083047485307133,-1.0876396412423137,0.8312745030452592,0.563716548412081,0.23065685516572804,0.977008846726916,-0.8170173887229571,0.1584021085262398,-0.7157444443411013
1,8.674698795180722,-0.6125799022145413,0.46790373605534846,-1.1103378549233947,0.7990309467266009,0.5462650342840762,0.2483592255059569,0.9958859608097433,-0.788471256675356,0.18076676204411718,-0.7268226516125501
1,8.755020080321286,-0.6144055371872642,0.46538873385238444,-1.1315335359741858,0.7657871254126942,0.5286388758429931,0.26547312462433836,1.013655721208483,-0.7592325751344079,0.2036444761099746,-0.7374164087550091
1,8.835341365461847,-0.6169874358426186,0.4632367502931777,-1.15118949613247,0.7316049823693133,0.5108715707687397,0.2820145891611182,1.0302792155955889,-0.729353743664846,0.22702614561076057,-0.7475025781587632
1,8.91566265060241,-0.6203495661962559,0.4614008173982126,-1.1692672761168397,0.6965456787413502,0.4929929321437975,0.29800123257597194,1.0457203172771685,-0.6988912164841807,0.25090359289213016,-0.7570565122313541
1,8.995983935742972,-0.6245175815254861,0.4598351580698102,-1.1857267292057179,0.6606702418892086,0.47502893705423344,0.31345165605878306,1.059946274959157,-0.6679054223248105,0.27526909871781413,-0.7660516336929913
1,9.076305220883533,-0.6295191737974621,0.45849456461958515,-1.2005256455464257,0.6240402689152691,0.4570016682338179,0.32838487410429057,1.072928327051117,-0.6364605872809853,0.30011482405895346,-0.7744591203581593
1,9.156626506024097,-0.6353843918151482,0.4573336970317167,-1.2136194192497463,0.5867187027216737,0.43892933913694926,0.34281977075669623,1.0846423221839803,-0.6046244489547649,0.3254321497439654,-0.7822477215553217
1,9.236947791164658,-0.6421459147724895,0.45630628083163804,-1.2249607660153263,0.5487706997951625,0.42082639047161846,0.3567745992035082,1.095069323693187,-0.5724678535924579,0.3512109666230107,-0.7893837262378507
1,9.317269076305221,-0.6498392639496723,0.4553641819686343,-1.2344995062968667,0.5102646108598096,0.402703644758023,0.3702665341679382,1.1041961724738456,-0.5400642323457773,0.3774389530146705,-0.7958310946506046
1,9.397590361445783,-0.6585029263765696,0.45445633458598295,-1.242182437362767,0.47127309651147187,0.38456850486453614,0.38331128364010547,1.112015980451838,-0.5074889585509588,0.40410087842296305,-0.8015517561866011
1,9.477911646586346,-0.6681783526127517,0.45352749672680814,-1.2479533287522573,0.4318744000587772,0.3664251823794859,0.3959227641069523,1.1185285263404228,-0.4748185944135202,0.43117797264510077,-0.8065060664790172
1,9.558232931726907,-0.6789097771900852,0.4525168105200238,-1.2517530888749768,0.3921537975720721,0.3482749421671304,0.4081128416415457,1.123740526671088,-0.44213004263069,0.45864739722684394,-0.8106534071029515
1,9.638554216867469,-0.690743794243235,0.45135614848339783,-1.253520166382465,0.3522052393946185,0.33011635039998893,0.4198911399562959,1.1276657586826826,-0.4094996256870621,0.4864818515430287,-0.8139529021472502
1,9.718875502008032,-0.7037285999111387,0.4499682365821387,-1.253191270850219,0.31213318735501516,0.3119455142579812,0.43126491598583755,1.1303250172922499,-0.37700212115587484,0.5146493392111268,-0.8163642187671168
1,9.799196787148594,-0.717912792611029,0.44826456385003494,-1.2507025183421943,0.27205463236558036,0.2937563031734086,0.44223900334415284,1.131745896160968,-0.3447097867783132,0.5431131116188469,-0.817848412781455
1,9.879518072289157,-0.7333435995764234,0.4461431172892482,-1.2459911310794098,0.23210124767445478,0.2755405432148709,0.4528158241593252,1.1319623920732276,-0.31269141138556517,0.5718317953677353,-0.8183687777374633
1,9.959839357429718,-0.7500643780228292,0.44348602585038416,-1.238997841902326,0.192421587902421,0.25728817829975903,0.4629954701372397,1.131014341866084,-0.28101142791490885,0.6007596997593126,-0.8178916559751364
1,10.040160642570282,-0.7681112304200128,0.440157262761473,-1.2296701654861046,0.15318317944737708,0.23898739482542466,0.47277585370637987,1.1289467111778302,-0.2497291226533452,0.6298472899028631,-0.816387173261885
1,10.120481927710843,-0.7875085832989592,0.43600064200407723,-1.2179666914081597,0.11457426307389718,0.2206247096998006,0.4821529296483564,1.1258087633453742,-0.2188979698275273,0.6590418016619446,-0.8138298648988034
1,10.200803212851406,-0.8082636228645734,0.43083845473905524,-1.2038625137958436,0.07680484272453403,0.20218502551632608,0.49112098624683703,1.121653144124261,-0.18856511390973063,0.6882879670198305,-0.8101991698006958
1,10.281124497991968,-0.8303595787563867,0.4244712115005249,-1.1873558186006272,0.04010657978832531,0.18365166141725592,0.49967300206512144,1.1165349226925683,-0.15877101411004715,0.7175288132471904,-0.8054797792439246
1,10.36144578313253,-0.8537480164981235,0.41667906925861475,-1.168475483962786,0.004730965783072742,0.1650063725265882,0.5078010599403207,1.1105106313485917,-0.12954925703650905,0.7467064965857303,-0.7996618379454993
1,10.441767068273093,-0.8783405523430267,0.4072255864334219,-1.147289298773082,-0.02905484860187408,0.14622937496432414,0.5154968032778435,1.1036373449933419,-0.10092653565644144,0.7757631311584432,-0.7927410054529501
1,10.522088353413654,-0.904000734521505,0.39586440913347926,-1.1239120745824998,-0.06097514038351719,0.12729939592827574,0.5227519116839138,1.095971837023738,-0.07292278589926847,0.8046415761519914,-0.7847183945346076
1,10.602409638554217,-0.9305371975390988,0.3823492817307382,-1.0985125602431964,-0.09075596974253727,0.10819376825873643,0.5295585642431075,1.0875698408380432,-0.045551467000576454,0.8332861486855162,-0.7756004092307323
1,10.682730923694779,-0.9576994999659555,0.36644734340780255,-1.0713177574633028,-0.11813871869596788,0.08888858529371481,0.5359098509758825,1.0784854362946936,-0.01881996796843726,0.8616432358408503,-0.7653985077192801
1,10.763052208835342,-0.985178162215063,0.3479550206957863,-1.0426131179942615,-0.1428960751906646,0.0693589243788293,0.5418000883917,1.0687705689908602,0.007269879955510554,0.8896617868396355,-0.7541289138523324
1,10.843373493975903,-1.0126101809121826,0.3267150500545983,-1.012737329334593,-0.16484895623736118,0.049579136766958506,0.5472249958634867,1.058474698344433,0.032721206793698124,0.9172936751353844,-0.7418122964744222
1,10.923694779116467,-1.0395906222511153,0.30263246944021605,-0.9820710571692618,-0.18388218517403832,0.029523189722698698,0.5521816974425526,1.0476445597229282,0.0575414468461304,0.9444939299747508,-0.7284734285548607
1,11.004016064257028,-1.0656898373677512,0.27568707494413697,-0.9510200641343218,-0.19995641920828347,0.00916503644454935,0.556668528576467,1.0363240179356488,0.08174164624977837,0.9712208471218761,-0.7141408305620988
1,11.08433734939759,-1.0904746438228075,0.24594008170047893,-0.9199943234012975,-0.21311409371553963,-0.01152101632566404,0.5606846472686398,1.0245539857064627,0.10533576116966281,0.9974359978433072,-0.6988463964232419
1,11.164658634538153,-1.113530839805386,0.21353360436704566,-0.889385732223581,-0.2234780496644268,-0.032559972070400234,0.5642294703691384,1.012372381839271,0.12833997252358298,1.0231041622600967,-0.6826249975953405
1,11.244979919678714,-1.134484023922533,0.17868289052017572,-0.8595474406012032,-0.2312428430818172,-0.053975860911870635,0.5673019732837428,0.9998141091064682,0.15077204109711953,1.0481932163291392,-0.665514061819221
1,11.325301204819278,-1.1530160465079387,0.14166259784926855,-0.8307774760273046,-0.2366600957798246,-0.07579151742721317,0.5698999027789181,0.9869110398738572,0.17265072258055084,1.0726740000886,-0.6475531274289128
1,11.405622489959839,-1.1688753851695288,0.10278937870180446,-0.803308394857777,-0.24002020959058368,-0.09802841463157289,0.5720189545943145,0.9736920057287196,0.1939952560641136,1.0965201889301597,-0.6287833797696487
1,11.485943775100402,-1.181880993239591,0.06240339229247355,-0.7773034453634422,-0.24163310605515467,-0.12070653635651286,0.5736519626884886,0.9601827940862038,0.2148249325189728,1.1197081808733431,-0.6092471814447801
1,11.566265060240964,-1.191920304669961,0.020851069404486576,-0.7528585951293997,-0.24181033908819913,-0.14384426256988916,0.5747881371760152,0.946406158515718,0.23515874351593097,1.1422170038535324,-0.5889876110082335
1,11.646586345381525,-1.1989428287570914,-0.0215292372207265,-0.7300090223798108,-0.24085021949917176,-0.16745823865397286,0.575412376379941,0.932381850289,0.25501510531927357,1.1640282395018755,-0.5680480249793164
1,11.726907630522089,-1.202951043165774,-0.06441792210622654,-0.7087383884015536,-0.23902674066355453,-0.19156320090342377,0.5755046682709869,0.9181266770110129,0.2744116504203844,1.1851259554597389,-0.5464716559215902
1,11.80722891566265,-1.203990177418628,-0.10752104740534547,-0.6889893162534413,-0.23658236290349063,-0.2161717344397565,0.5750395888671315,0.9036545912048435,0.29336507722337557,1.2054966369069828,-0.524301255781671
1,11.887550200803213,-1.2021381313280954,-0.1505739488467825,-0.6706738410252596,-0.23372421105996827,-0.24129394528232923,0.5739859010323273,0.8889768084696891,0.3118910486106714,1.2251291091659957,-0.5015787897362479
1,11.967871485943775,-1.1974963496454352,-0.19334221473755764,-0.6536830140806331,-0.2306229896766762,-0.2669370341785607,0.5723062556439672,0.8741019520043142,0.3300041309359602,1.2440144459003153,-0.4783451821656935
1,12.048192771084338,-1.1901820870350528,-0.23562078597076092,-0.6378952264851095,-0.22741386488984652,-0.2931047654351385,0.5699569983018608,0.8590362183913114,0.3477177661076536,1.2621458605639897,-0.45464011354890665
1,12.1285140562249,-1.1803221992978556,-0.27723185420376256,-0.6231831116657336,-0.2241986383162266,-0.31979682916988866,0.5668880870149154,0.8437835585300415,0.36504427056839467,1.279518581603437,-0.4305018650633207
1,12.208835341365461,-1.1680483997057318,-0.3180221098625861,-0.6094190817022244,-0.22104866932014175,-0.3470081001762627,0.5630431297991685,0.8283458675226966,0.3819948559014903,1.2961297140615224,-0.40596720651793067
1,12.289156626506024,-1.1534938081058612,-0.3578597472619757,-0.5964796599478914,-0.21800815112335198,-0.3747278013276147,0.5583595545370759,0.8127231778336347,0.3985796665237884,1.3119780915477326,-0.38107132267553623
1,12.369477911646586,-1.136790574723402,-0.39663150460327223,-0.5842488149849892,-0.21509747955602596,-0.4029385843242797,0.5527689265988442,0.7969138509472942,0.4148078304532725,1.327064123085377,-0.35584777289281844
1,12.449799196787149,-1.1180683547116925,-0.4342399118275766,-0.5726205025492713,-0.2123165608423405,-0.4316155459596446,0.5461974323892614,0.7809147639216983,0.4306875194873691,1.3413896392989102,-0.3303284792067131
1,12.53012048192771,-1.0974534285190436,-0.4706008391804555,-0.5615005976003732,-0.20964798613541208,-0.4607252041742757,0.5385665482113106,0.7647214883567749,0.4462260154185437,1.3549577419369179,-0.3045437383139864
1,12.610441767068274,-1.0750682917084093,-0.5056413851077141,-0.5508083638930716,-0.2070600544664588,-0.49022446485853793,0.5297939138113654,0.7483284604307989,0.46142977910722577,1.36777266002922,-0.27852225334441816
1,12.690763052208835,-1.0510315699375825,-0.5392981050426585,-0.5404775690671713,-0.20450966035132956,-0.520059617768033,0.5197944277458065,0.7317291416053814,0.4763045194276612,1.3798396151674055,-0.2522911817794794
1,12.771084337349398,-1.0254581452304672,-0.5715155606736273,-0.5304573152017352,-0.20194507934234573,-0.5501654075331454,0.5084815770487654,0.7149161703779083,0.49085525928340473,1.3911646975874397,-0.22587619631619682
1,12.85140562248996,-0.9984594062128345,-0.6022451570649324,-0.520712620900419,-0.19930868930706452,-0.5804642329430685,0.4957690062066187,0.6978815060891899,0.5050863960644447,1.401754753967132,-0.199301555899066
1,12.931726907630521,-0.9701435578221864,-0.6314442291676258,-0.5112247615924793,-0.19653966009551707,-0.6108655339538721,0.48157231962489344,0.6806165661919971,0.5190017541294187,1.4116172871765404,-0.1725901844911689
1,13.012048192771084,-0.9406159444299707,-0.6590753381143134,-0.5019913521319703,-0.1935766313946736,-0.6412654297273404,0.46581109783750113,0.6631123586455447,0.5326046271220438,1.4207603676437364,-0.14576375545055748
1,13.092369477911646,-0.9099793552190446,-0.6851057391872931,-0.4930261405362157,-0.1903603803181538,-0.6715466709775557,0.44841109098463433,0.6453596112202329,0.5458978081390162,1.4291925555125828,-0.11884277961820311
1,13.17269076305221,-0.8783342928904926,-0.7095069859280757,-0.48435847277746225,-0.18683645877746527,-0.7015789661482236,0.4293065339107885,0.6273488993889945,0.558883606136142,1.4369228324271839,-0.09184669534138912
1,13.25301204819277,-0.8457791958930214,-0.7322546391297462,-0.47603238999567016,-0.18295775731542926,-0.7312197299651712,0.4084425079511651,0.6090707743533652,0.5715638472652967,1.4439605415004975,-0.06479395877128609
1,13.333333333333334,-0.8124106117878023,-0.7533280539137834,-0.46810532974146934,-0.17868693034580682,-0.7603152847881557,0.38577725690288506,0.5905158924563672,0.583939860170596,1.4503153338610604,-0.037702132813890385
1,13.413654618473895,-0.7783233249223644,-0.7727102220084717,-0.46064641860042754,-0.17399859966173015,-0.7887025234435832,0.3612843497788351,0.571675146802914,0.596012444967843,1.455997120163461,-0.010587973076475715
1,13.493975903614459,-0.7436104452210677,-0.7903876518503214,-0.4537343724879345,-0.16888124244138442,-0.8162110092504873,0.3349545775756115,0.5525398015061885,0.6077818259143577,1.461016025453301,0.016532490801737285
1,13.57429718875502,-0.7083634672234291,-0.8063502722156184,-0.4474550462603309,-0.16333866745922296,-0.8426654609625556,0.3067974706185961,0.5331016284137878,0.6192475889682153,1.465382346032528,0.04364388008803052
1,13.654618473895582,-0.6726723098469041,-0.8205913515249537,-0.4418987162047596,-0.15739099596737516,-0.8678885267090866,0.2768423427851057,0.5133530457219113,0.6304086050591458,1.469106507038839,0.07073139964807791
1,13.734939759036145,-0.636625346288148,-0.8331074248767396,-0.43715719231058253,-0.15107508105763773,-0.8917037387586167,0.24513878363621333,0.4932872572715134,0.6412629424389298,1.472199020085834,0.09778077985923463
1,13.815261044176706,-0.600309433267721,-0.843898228193124,-0.43332089708565014,-0.14444433678061394,-0.9139385009477772,0.21175656587285946,0.4728983909557775,0.6518077702861276,1.4746704403453712,0.12477822881475115
1,13.89558232931727,-0.5638099452233007,-0.8529666376923031,-0.4304760430215649,-0.1375679822308201,-0.9344269692511208,0.17678496619510992,0.4521816343495956,0.6620392581516009,1.4765313231463912,0.15171039557641258
1,13.975903614457831,-0.5272108196166326,-0.8603186181389879,-0.42870205272686873,-0.1305297557778103,-0.953012672893938,0.14033155422787144,0.43113336503693633,0.6719524748108026,1.4777921802005032,0.17856434487812445
1,14.056224899598394,-0.4905946113733652,-0.8659631801320469,-0.4280693291985791,-0.12342618225533349,-0.9695507694102016,0.10252052705736779,0.4097512737011743,0.6815412924357492,1.4784634362809719,0.20532754289426336
1,14.136546184738956,-0.45404255797392173,-0.8699123517979109,-0.4286374759394526,-0.11636451994011332,-0.9839098301740243,0.06349071818866683,0.38803447716861345,0.6907983000897226,1.4785553869187855,0.23198785345963502
1,14.216867469879517,-0.41763464988300536,-0.8721811665209361,-0.4304540116941028,-0.10946052400683219,-0.9959731157985561,0.023393415192197294,0.365983619271115,0.6997147319332645,1.4780781581045495,0.2585335434023067
1,14.29718875502008,-0.3814497006940366,-0.8727876691970485,-0.43355358930182525,-0.10283617239421387,-1.0056393361938276,-0.01760986807087657,0.3436009573714428,0.7082804143519177,1.4770416688182468,0.28495329531022157
1,14.377510040160642,-0.3455654102140558,-0.8717529420483905,-0.4379576864467698,-0.09661749051677077,-1.012822933015039,-0.05934952887596043,0.32089043256864047,0.7164837356598135,1.475455597107224,0.31123622578130833
1,14.457831325301205,-0.3100584126017794,-0.8691011494635474,-0.44367469988013636,-0.09093259031660149,-1.0174539596975936,-0.10164980829123173,0.29785772192201043,0.7243116410161268,1.4733293502574991,0.33737190705525427
1,14.538152610441767,-0.2750043017540577,-0.8648595998227158,-0.4507003483843321,-0.08591001041982796,-1.0194776604804392,-0.14433043368313234,0.2745102712527926,0.7317496539539863,1.4706720393660366,0.36335038997168984
1,14.61847389558233,-0.24047762677152326,-0.8590588204860518,-0.4590182734891439,-0.08167741026915129,-1.018853865407674,-0.1872079202984915,0.25085730727435923,0.7387819246676786,1.467492458393982,0.389162226386016
1,14.698795180722891,-0.20655185124540631,-0.851732640522641,-0.4686007200825234,-0.07836063660815043,-1.015556324249318,-0.23009651621975424,0.22690982800201903,0.7453913038803437,1.4637990675752286,0.41479848947020187
1,14.779116465863453,-0.17329927159416753,-0.84291827429371,-0.47940918103466396,-0.07608314772648794,-1.00957209878651,-0.2728088086169145,0.20268057052075894,0.7515594399307128,1.4595999808945828,0.4402507907063997
1,14.859437751004016,-0.1407908915112488,-0.8326563977003122,-0.4913948989656054,-0.07496575119626869,-1.000901122104028,-0.31515603963926997,0.17818395532437725,0.7572668957495277,1.454902957256505,0.4655112927863234
1,14.939759036144578,-0.1090962515050934,-0.8209912082086264,-0.5044991314654269,-0.07512658505186456,-0.9895560185229582,-0.356948206423083,0.15343600657109027,0.7624932816472332,1.4497153949223884,0.4905727180363409
1,15.02008032128514,-0.07828321483240001,-0.8079704592350432,-0.5186531041002105,-0.07668124961580738,-0.9755622576983717,-0.397994042994706,0.12845424779787562,0.7672173995010582,1.4440443288331068,0.5154283523444988
1,15.100401606425702,-0.04841771335498275,-0.7936454597554048,-0.5337775964514753,-0.07974297731029334,-0.958958693644859,-0.43810100169291216,0.10325757293537348,0.7714173938938612,1.4378964305159436,0.540072044864749
1,15.180722891566266,-0.01956345910720507,-0.7780710308286388,-0.549782131940243,-0.08442270945607969,-0.939798512295124,-0.47707536982266613,0.07786609292637475,0.7750709061200084,1.431278010416197,0.564498203987376
1,15.261044176706827,0.008218370429346408,-0.7613054122664327,-0.5665637741626497,-0.09082893313508143,-0.9181505779044209,-0.5147226724627363,0.052300958957236576,0.7781552276784974,1.4241950226804876,0.5887017901857529
1,15.34136546184739,0.034869463559556634,-0.7434101150276502,-0.5840055726420464,-0.09906711839547214,-0.8941011278482771,-0.5508485237726669,0.02658416429730126,0.7806474508213739,1.4166530726334656,0.6126783063744152
1,15.421686746987952,0.06033471073743436,-0.7244497179581553,-0.6019747520408417,-0.10923859089894622,-0.8677557142134664,-0.5852600923618093,0.0007383280844612261,0.7825246148840633,1.4086574274324126,0.6364237863348473
1,15.502008032128513,0.0845625338732878,-0.7044916111805412,-0.6203208017248175,-0.12143868207050591,-0.8392412288392793,-0.6177683365884304,-0.025213533926694558,0.7837638482530981,1.4002130306175038,0.6599347815863791
1,15.582329317269076,0.10750519598896457,-0.6836056926014644,-0.6388736948248517,-0.13575402729802058,-0.808707778005417,-0.6481911337655252,-0.051248244645207865,0.7843425068637606,1.3913245214865122,0.6832083468012493
1,15.662650602409638,0.12911907923416743,-0.661864028217851,-0.6574425418655057,-0.15225894008994068,-0.7763300999136349,-0.676357365932152,-0.07734269780815123,0.7842383107391688,1.3819962603531244,0.7062420235007746
1,15.742971887550201,0.14936492040457464,-0.6393404909342956,-0.6758150492208022,-0.17101088552097085,-0.7423081561039991,-0.702111925115965,-0.10347407584106877,0.7834294802230944,1.3722323607612956,0.729033821348137
1,15.823293172690763,0.16820799520012342,-0.6161103956404783,-0.6937581893499827,-0.19204521083849166,-0.70686649473951,-0.7253214624053058,-0.1296200406676995,0.7818948729591322,1.3620367295570692,0.7515821959251435
1,15.903614457831326,0.18561824492816115,-0.5922501501016365,-0.711020471061539,-0.21536945837090335,-0.6702520051091041,-0.7458805344753722,-0.15575888408835858,0.7796141214366714,1.3514131153308409,0.7738860215112402
1,15.983935742971887,0.20157034248336686,-0.5678369408364741,-0.7273361034563949,-0.24095776280822406,-0.6327297790179337,-0.7637176226037731,-0.1818696251190608,0.7765677690730175,1.3403651651100228,0.7959445571754535
1,16.06425702811245,0.2160436975345476,-0.542948470652475,-0.7424311604311411,-0.26874598477465683,-0.594576981286035,-0.7788003498919045,-0.20793204416411956,0.7727374007862984,1.328896488346748,0.8177574045327379
1,16.14457831325301,0.2290224040243316,-0.5176627595402936,-0.7560315845749149,-0.29862830697292764,-0.5560748975932551,-0.7911391516256652,-0.2339266481563475,0.7681057622492772,1.3170107263001858,0.8393244558896092
1,16.224899598393574,0.24049513624549976,-0.49205801361862506,-0.7678725578695427,-0.33045597321957965,-0.5174996357957922,-0.8007887063936522,-0.2598345665766413,0.7626568609756451,1.3047116239964764,0.8606458322562117
1,16.305220883534137,0.250455001518023,-0.46621255931851535,-0.7777084685895215,-0.3640386608858877,-0.4791122497746792,-0.8078466343103055,-0.2856373844632908,0.7563760428371975,1.2920031013094684,0.881721811677511
1,16.3855421686747,0.2588993606697232,-0.440204831730154,-0.7853225167338321,-0.39914865681999445,-0.4411492384272599,-0.8124493000150355,-0.3113169249040129,0.7492500389640816,1.2788893193953819,0.9025527496011023
1,16.46586345381526,0.2658296278689749,-0.4141134012248665,-0.7905349580879647,-0.43552761427523423,-0.40381441091170933,-0.8147649596222315,-0.33685499785684636,0.7412669811070874,1.2653747389875458,0.9231389940152448
1,16.546184738955823,0.27125106186081377,-0.38801701769305624,-0.7932091404820927,-0.47289529509394856,-0.3672729546875573,-0.8149848728795749,-0.3622331344758966,0.7324163867360963,1.2514641677847334,0.9434807989304834
1,16.626506024096386,0.2751725623125269,-0.361994654317301,-0.7932548023919098,-0.5109594230287016,-0.3316482287465222,-0.8133132813723155,-0.38743232636829017,0.7226891185927595,1.237162795194196,0.9635782401255587
1,16.70682730923695,0.2776064820163952,-0.33612553424311065,-0.7906284837473233,-0.5494256770689024,-0.2970214262207049,-0.8099572514494264,-0.4124327859968278,0.7120773259896321,1.2224762139484613,0.9834311367718075
1,16.78714859437751,0.2785684665386104,-0.3104891294460903,-0.7853312914696188,-0.5880069253698754,-0.263433863257265,-0.8051173033998875,-0.4372137409648754,0.7005743762331991,1.2074104291531493,1.0030389819826542
1,16.867469879518072,0.2780773304349627,-0.28516512897252744,-0.7774045481271703,-0.6264310056108491,-0.23089136898615834,-0.7989795345708549,-0.4617532694578026,0.6881747849914169,1.1919718561361692,1.0224008841628145
1,16.947791164658636,0.2761549783854647,-0.2602333770471238,-0.7669240104179329,-0.6644466538334282,-0.19937009695559557,-0.791709642090666,-0.48602817986979696,0.6748741528782327,1.1761673088578615,1.041515520092985
1,17.028112449799195,0.27282637832375367,-0.23577378720905529,-0.7539933648664928,-0.7018274617836152,-0.16882306062129032,-0.783448964646093,-0.5100139335014744,0.6606691140422611,1.1600039806655047,1.0603810995965024
1,17.10843373493976,0.26811959279385406,-0.21186623949687067,-0.7387376224151675,-0.7383739795323191,-0.13918678280911168,-0.7743124223253448,-0.5336846064744976,0.6455573004487699,1.1434894189049234,1.0789953409057647
1,17.188755020080322,0.2620658747907843,-0.18859046670317262,-0.7212968871719971,-0.7739142373543676,-0.11038759654552922,-0.7643880749466746,-0.5570128855336555,0.6295373235743338,1.126631494460398,1.0973554554298812
1,17.269076305220885,0.25469983332711016,-0.16602593297264095,-0.7018208101268381,-0.8083030319638592,-0.08234729839757989,-0.7537379493108248,-0.5799700915995848,0.6126087738259908,1.109438366796893,1.1154581404213346
1,17.349397590361445,0.24605967410723423,-0.14425170306175714,-0.6804638885222973,-0.8414203359595843,-0.05498800497605701,-0.7423997760095117,-0.602526225242887,0.5947722368647704,1.0919184446340078,1.1332995781660826
1,17.429718875502008,0.23618751957237502,-0.12334629512996274,-0.6573816520510695,-0.8731691534594572,-0.028236180764627722,-0.7303893174415487,-0.6246500287901022,0.5760293254643175,1.0740803420334253,1.1508754405666513
1,17.51004016064257,0.22512981013517816,-0.10338750401695682,-0.6327276948073346,-0.903473086880255,-0.0020258842181144973,-0.7177030328538794,-0.6463090605840163,0.5563827254348986,1.055932829474288,1.1681808983161928
1,17.59036144578313,0.2129377860325277,-0.0844521761551538,-0.6066514623731665,-0.9322738185749865,0.0236986748799858,-0.704320893769424,-0.6674697779701494,0.5358362542184111,1.0374847794308033,1.1852106342811533
1,17.670682730923694,0.19966804400581623,-0.06661591231451654,-0.5792966807778872,-0.959528649260558,0.04898115715347946,-0.6902092306479707,-0.6880976264229095,0.5143949311599981,1.018745106041502,1.201958861063047
1,17.751004016064257,0.18538315658083923,-0.049952670521507855,-0.5508003099559006,-0.9852081853129465,0.07385158782163842,-0.6753235461215258,-0.7081571331131856,0.492065058912747,0.9997226986666096,1.218419343043233
1,17.83132530120482,0.1701523334954523,-0.03453423936102275,-0.5212919116426444,-1.0092942278301695,0.09832523267590731,-0.6596112721918174,-0.7276120039756322,0.4688543159022807,0.980426349446918,1.2345854234807292
1,17.91164658634538,0.15405209470147865,-0.020429552127283233,-0.49089333516163347,-1.0317778874222996,0.12240178901634438,-0.6430144780482494,-0.7464252239500282,0.44477186017699466,0.9608646753938397,1.250450057420838
1,17.991967871485944,0.1371669122583143,-0.007703815517817854,-0.4597186404112633,-1.0526579290176614,0.14606485281349618,-0.6254725520132418,-0.7645591606898079,0.4198284453208894,0.9410460360292617,1.2660058512278316
1,18.072289156626507,0.11958976664794527,0.0035825662663320594,-0.42787419294493206,-1.07193933888882,0.16928165059123362,-0.6069248861062237,-0.7819756724337233,0.39403654917521647,0.9209784481394774,1.2812451095534954
1,18.152610441767067,0.10142255033829345,0.013375279420386039,-0.3954588804241136,-1.0896320985169121,0.19200305149233926,-0.5873135873204628,-0.798636221173827,0.3674105160411638,0.9006694997673089,1.2961598903758251
1,18.23293172690763,0.08277624154439017,0.021627591087314733,-0.36256441190812677,-1.1057501465790607,0.21416389681853978,-0.566586225612467,-0.8145019925604974,0.33996671264239886,0.8801262661056951,1.3107420684618143
1,18.313253012048193,0.06377076557660888,0.028302011362953183,-0.3292756716060356,-1.1203105091151666,0.23568369978299739,-0.5446986068300079,-0.8295340241813943,0.31172369737802497,0.8593552304278246,1.3249834072041966
1,18.393574297188756,0.04453446136040048,0.0333720694202964,-0.2956711066364824,-1.133332578061838,0.2564677758404725,-0.521617530957759,-0.8436933440732713,0.2827024013679347,0.8383622135088816,1.338875638231366
1,18.473895582329316,0.025203081622194024,0.036824118254028204,-0.261823134518227,-1.1448375194560068,0.27640885907287327,-0.4973234647169179,-0.8569411213235801,0.2529263183259649,0.8171523151467405,1.3524105475929318
1,18.55421686746988,0.005918276775500074,0.038659055248608076,-0.2277985606495751,-1.1548477939000061,0.29538924315506937,-0.4718130265565278,-0.8692388305708192,0.22242169853461788,0.7957298712898252,1.3655800666733084
1,18.634538152610443,-0.013174454701408524,0.038893823639592186,-0.19365899907485185,-1.163386773241724,0.3132834560138905,-0.44510115605453654,-0.8805484321153062,0.1912177403135672,0.7740984298776772,1.3783763653431014
1,18.714859437751002,-0.03192832111953181,0.03756254859310648,-0.15946129202488069,-1.170478438932263,0.32996143422176805,-0.41722282430289515,-0.8908325689390316,0.15934677027351676,0.7522607478616772,1.3907919443685353
1,18.795180722891565,-0.050198218816290455,0.034717164681100546,-0.12525792483912315,-1.1761471487670971,0.34529211421571104,-0.3882341415465516,-0.9000547814990323,0.12684440188339113,0.730218810938736,1.4028197237491573
1,18.87550200803213,-0.06784400867749216,0.03042741284376856,-0.09109743341674748,-1.1804174600299577,0.35914730613870766,-0.35821273693411554,-0.9081797404597758,0.09374966055759705,0.7079738764153088,1.4144531235627078
1,18.955823293172692,-0.08473391062071657,0.02478012510946337,-0.05702480165207057,-1.1833139983604821,0.37140567035142896,-0.327257323597782,-0.9151734965409429,0.06010506275158253,0.6855265384623022,1.4256861340972182
1,19.03614457831325,-0.10074780975732832,0.01787776979816874,-0.023081846054776464,-1.1848613629219078,0.3819565875317278,-0.2954864165759426,-0.9210037455338905,0.025956637188297604,0.6628768138142687,1.4365133725113841
1,19.116465863453815,-0.11578025807924236,0.009836294203687,0.010692415236732146,-1.1850840598575259,0.3907037029174652,-0.2630362362281615,-0.9256401050635737,-0.008646122107348128,0.6400242449886199,1.4469301239893484
1,19.196787148594378,-0.12974296971562388,0.000782366446107385,0.044261411611969635,-1.184006457317139,0.3975679388233905,-0.23005789657895204,-0.9290543981127625,-0.04365037875552751,0.6169680173930273,1.456932366205511
1,19.277108433734938,-0.14256665064038526,-0.009149829605766602,0.07759069034375828,-1.181652756771897,0.402489810898558,-0.19671403437207532,-0.9312209367276129,-0.0790001561377561,0.5937070861256829,1.4665167768874952
1,19.3574297188755,-0.154202055572548,-0.01982205304884115,0.11064761010471909,-1.1780469765593553,0.40543093498226107,-0.1631750773703149,-0.9321167978214586,-0.11463661814579149,0.5702403083070275,1.475680725124303
1,19.437751004016064,-0.1646202341380735,-0.03109551247578037,0.14340105959999194,-1.1732129447250619,0.406374679683129,-0.12961536802536955,-0.9317220819878139,-0.15049842262381805,0.5465665768427674,1.48442224785003
1,19.518072289156628,-0.173811993834191,-0.04283422135788227,0.17582120251107805,-1.167174299289529,0.4053259849503429,-0.0962093556787451,-0.9300201456016107,-0.1865221371915014,0.5226849519743816,1.4927400135176576
1,19.598393574297187,-0.18178666356264003,-0.05490803124100077,0.20787924920277367,-1.1599544947102218,0.4023104236634045,-0.06312804591150441,-0.9269977968072458,-0.22264270345672124,0.4985947875037085,1.5006332753194482
1,19.67871485943775,-0.1885702844684567,-0.06719521321641732,0.2395472551391875,-1.151576813872474,0.3973726272339767,-0.030535856611505284,-0.9226454470473523,-0.2587939327839371,0.47429584914264555,1.5081018164843334
1,19.759036144578314,-0.1942033797995109,-0.07958450414617071,0.2707979452464904,-1.1420643853682744,0.39057422288685,0.0014120150512728913,-0.9169572114154825,-0.2949090156914539,0.4497884230816537,1.5151458901546258
1,19.839357429718877,-0.19873846194215072,-0.09197658265442946,0.3016045630717553,-1.1314402058811102,0.38199143922555717,0.032571659213156044,-0.9099309536893764,-0.3309210268756054,0.4250734133342153,1.5217661561979885
1,19.919678714859437,-0.20223742782807555,-0.10428498101192232,0.33194074323881145,-1.1197271676243867,0.37171253231778434,0.06281194073017535,-0.9015682746003791,-0.3667634091857437,0.40015242687185937,1.5279636170918767
1,20.0,-0.20476897594996615,-0.11643647171548532,0.36178040538443923,-1.1069480907738816,0.3598351692591511,0.09201543006359468,-0.8918744446371862,-0.4023704223044394,0.37502784594356253,1.533739554730211
2,0.0,1.482348615807053,0.2314731625174058,0.04654586172568665,0.17974987819222826,-0.9063403293204476,-0.21063952185687823,-0.836710500855527,0.6354731962277247,0.2141563526432349,-0.8360567150804809
2,0.08032128514056225,1.476795789177892,0.2567381194256029,0.035453269546360223,0.19161034272670247,-0.8900774448280904,-0.23688561128528973,-0.863943501126604,0.6152489277908142,0.24177188723044216,-0.8267117786578302
2,0.1606425702811245,1.4707615804048753,0.2818948993508836,0.023656269609965804,0.20316655735801448,-0.8729432153906079,-0.26241450974845665,-0.8904258904288365,0.59390317878911,0.2689512558046033,-0.8165501257495519
2,0.24096385542168675,1.464245767496304,0.3069343606875113,0.011157986696127428,0.2143931363177271,-0.8549723454009948,-0.28720026635966,-0.9161032806395797,0.5714674849069051,0.2956718718481431,-0.805594715552484
2,0.321285140562249,1.4572481831722446,0.3318473175947845,-0.002037645867731688,0.22526344401236625,-0.8361994585026917,-0.31121835977322476,-0.9409234929800142,0.5479765810384679,0.321912414178193,-0.7938689828723942
2,0.40160642570281124,1.449768708327575,0.356624538386093,-0.015925646469974665,0.23574955528377708,-0.8166591229056838,-0.33444545306111756,-0.9648367806402376,0.5234681146706025,0.34765284168832084,-0.7813967552793553
2,0.4819277108433735,1.4418072654954315,0.3812567444584115,-0.030499724573879186,0.24582225510765507,-0.7963859409404563,-0.3568591744252009,-0.9877960023701494,0.49798234498779953,0.37287440238905345,-0.7682021701286658
2,0.5622489959839357,1.433363812501533,0.40573460971614345,-0.04575200530388606,0.25545108383657394,-0.7754146961110674,-0.3784379380351558,-1.0097567476919027,0.4715618368906076,0.39755963660532323,-0.7543095924081696
2,0.642570281124498,1.4244383365133393,0.43004876040790524,-0.061672747111472456,0.26460443329848005,-0.7537805477166223,-0.3991608177265426,-1.0306774159791865,0.44425115840744417,0.42169237429394224,-0.7397435343872873
2,0.7228915662650602,1.415030848710039,0.4541897752304446,-0.07825006200187978,0.2732496978548566,-0.7315192603156462,-0.419007484212507,-1.0505192529318765,0.41609658913469194,0.44525772653936396,-0.7245285780074866
2,0.8032128514056225,1.4051413797960373,0.47814818553385324,-0.09546964936637253,0.2813534827957825,-0.7086674527783383,-0.43795821353716546,-1.069246349052904,0.38714584612149777,0.4682420714015779,-0.7086893009139685
2,0.8835341365461847,1.3947699765926802,0.5019144753951986,-0.11331455566699897,0.2888818703032017,-0.6852628498202091,-0.45599397126760965,-1.0868256054871446,0.3574478324851223,0.49063303438167244,-0.6922502069159135
2,0.963855421686747,1.383916699924075,0.5254790813230876,-0.13176497300443094,0.2958007403459736,-0.6613445177670372,-0.4730965727982265,-1.1032266729711644,0.32705241276222147,0.5124194638185577,-0.6752356616330567
2,1.0441767068273093,1.3725816240121491,0.5488323912816121,-0.15079808974563783,0.30207614106944475,-0.6369530659057818,-0.48924891628019845,-1.118421870017317,0.2960102177521631,0.5335914016565878,-0.6576698338230219
2,1.1244979919678715,1.360764837557113,0.5719647427485994,-0.1703880056805663,0.30767469962881194,-0.6121307955799338,-0.5044352799885128,-1.132386086300381,0.2643724805050067,0.5541400500037679,-0.6395766428939056
2,1.2048192771084336,1.3484664466498397,0.5948664194853733,-0.19050572272145422,0.3125640613837056,-0.5869217806856956,-0.5186416719734493,-1.1450966772717504,0.23219090387872088,0.5740577340290604,-0.620979712774351
2,1.285140562248996,1.3356865796350599,0.6175276467148477,-0.2111192193891286,0.31671334177941096,-0.5613718664809482,-0.5318562155608019,-1.1565333553860913,0.1995175594196683,0.5933378616211081,-0.6019023323531258
2,1.3654618473895583,1.3224253939646404,0.6399385844311366,-0.23219361413107759,0.3200935733235912,-0.5355285768513158,-0.5440695514708876,-1.1666780834526176,0.1664048159377582,0.6119748804703706,-0.5823674222215994
2,1.4457831325301205,1.3086830850681106,0.6620893185967214,-0.2536914178394414,0.3226781276253943,-0.5094409255922594,-0.5552752346221024,-1.1755149746186433,0.13290529600150863,0.6299642329822337,-0.5623975076015231
2,1.5261044176706826,1.2944598971726635,0.6839698500609599,-0.27557287128743185,0.32444309239833347,-0.4831591320424094,-0.5654701029399439,-1.1830302034885956,0.09907185738805853,0.6473023096457733,-0.5420146969074088
2,1.606425702811245,1.2797561360178418,0.7055700810594341,-0.29779635768303836,0.3253675835821945,-0.4567342476781825,-0.5746545956722209,-1.1892119318904235,0.06495759646464982,0.6639864012338025,-0.5212406654340581
2,1.6867469879518073,1.2645721832828163,0.7268797993076374,-0.3203188757867782,0.32543397545491104,-0.43021770508884,-0.5828330008729175,-1.194050252869665,0.030615869467850665,0.6800146504624668,-0.5000966433574823
2,1.7670682730923695,1.2489085126076835,0.7478886597087632,-0.34309655427723673,0.3246280345833831,-0.40366080637401275,-0.5900136148120313,-1.197537155362126,-0.0038996721853375993,0.6953860034056917,-0.4786034072947782
2,1.8473895582329316,1.2327657069874165,0.7685861638561314,-0.3660851847285848,0.3229389487179474,-0.3771141714160004,-0.596208800901619,-1.1996665120118988,-0.038535037157214506,0.7101001611690675,-0.45678127451524614
2,1.927710843373494,1.2161444773955101,0.7889616375204689,-0.38924074844307505,0.3203592471467362,-0.3506271694454355,-0.6014349411223597,-1.2004340915626963,-0.07323584471220758,0.7241575320556969,-0.4346500988326386
2,2.0080321285140563,1.199045682407127,0.8090042064733404,-0.4125199118430444,0.3168846155286757,-0.3242473578992583,-0.6057122791834337,-1.1998375973127782,-0.1079472754634882,0.7375591846479542,-0.4122292673550953
2,2.0883534136546187,1.1814703487124167,0.8287027709697888,-0.4358804664425077,0.3125136139705344,-0.298019952273871,-0.609064660284077,-1.1978767319073103,-0.14261402752414512,0.7503068019112724,-0.3895376971321022
2,2.1686746987951806,1.163419692373658,0.8480459793148785,-0.4592816920440877,0.30724731315138964,-0.2719873482179649,-0.611519178199367,-1.1945532886615784,-0.17718028325049534,0.7624026365499732,-0.3665938310164067
2,2.248995983935743,1.1448951407594479,0.8670222009407026,-0.4826846263994801,0.30108886777840244,-0.24618871357484093,-0.6131057445783865,-1.1898712684423423,-0.2115896922457249,0.7738494676572154,-0.3434156318949946
2,2.3293172690763053,1.1258983551222879,0.8856194994233518,-0.5060522292826022,0.2940430503080843,-0.22065966366615203,-0.6138565991095567,-1.1838370208728999,-0.24578537566148023,0.7846505586993661,-0.32002057496040004
2,2.4096385542168672,1.1064312538443823,0.903825605870004,-0.5293494352981208,0.2861157696082342,-0.19543202802372303,-0.613805780504996,-1.1764594072580636,-0.27970995755791633,0.7948096167355251,-0.2964256374153266
2,2.4899598393574296,1.0864960364370093,0.9216278930541956,-0.5525430953389943,0.27731359997966865,-0.1705337117259271,-0.6129885792666,-1.1677499820981714,-0.3133056282497157,0.8043307527260832,-0.27264728551754935
2,2.570281124497992,1.0660952083910975,0.939013350693043,-0.5756018128707385,0.2676433447240102,-0.1459886495950035,-0.6114409917749417,-1.1577231886622434,-0.34651424492587246,0.813218442736888,-0.24870145871623994
2,2.6506024096385543,1.0452316070917569,0.9559685621310845,-0.5984956859161029,0.2571116564727591,-0.1218168475618283,-0.6091991939158228,-1.1463965633124804,-0.37927747356515884,0.8214774896986546,-0.22460355112286298
2,2.7309236947791167,1.0239084289745626,0.9724796827409785,-0.6211959705453143,0.2457247329913575,-0.09803450205124926,-0.6062990490649433,-1.133790941797245,-0.4115369763146425,0.8291129854192456,-0.20036839035275153
2,2.8112449799196786,1.0021292582054064,0.988532420227279,-0.6436746848136601,0.23348810337710502,-0.07465418601290182,-0.6027756625396123,-1.119930659789713,-0.44323464689708697,0.8361302724108682,-0.17601021416768575
2,2.891566265060241,0.9798980971349213,1.0041120170423692,-0.665904174725251,0.2204065148315736,-0.05168508884118893,-0.5986629908307808,-1.1048437387113632,-0.47431289574569846,0.8425349051428817,-0.15154264529746478
2,2.9718875502008033,0.9572193988814263,1.0192032350163454,-0.687856665080217,0.20648392569109406,-0.029133297003006445,-0.5939935109624992,-1.0885620469882782,-0.5047149847077607,0.8483326101900749,-0.12697866503718058
2,3.0522088353413652,0.9340981023421648,1.0337903423497568,-0.709503818588547,0.19172360533273103,-0.0070021024589694975,-0.588797951941089,-1.0711214261469024,-0.5343854095568173,0.8535292448522537,-0.10233058618458236
2,3.1325301204819276,0.9105396700079927,1.0478571030496293,-0.7308163260361835,0.17612833698583538,0.014707673107193526,-0.583105087860711,-1.0525617708037056,-0.5632703261457096,0.8581307537247024,-0.07761002602904493
2,3.21285140562249,0.8865501289371409,1.0613867689161405,-0.7517635489044875,0.15970071489157964,0.035997348897308386,-0.5769415899924581,-1.0329270516870146,-0.5913180136968835,0.8621431227570523,-0.05282788011837955
2,3.2931726907630523,0.8621361152793832,1.0743620741798812,-0.7723132336799998,0.14244352321457748,0.056870059552859405,-0.5703319336053976,-1.0122652714543012,-0.6184793662170965,0.8655723303020582,-0.027994297571965712
2,3.3734939759036147,0.8373049227178443,1.0867652329355282,-0.7924313140952629,0.12436018034510116,0.07733044104704324,-0.5632983540932958,-0.9906283443931161,-0.6447084004493985,0.868424294723491,-0.003118658737935903
2,3.4538152610441766,0.8120645552111042,1.0985779395431583,-0.8120818137134921,0.10545522914560117,0.09738433358673636,-0.5558608463495637,-0.9680718932249025,-0.6699627663044377,0.8707048181405538,0.021790443965241203
2,3.534136546184739,0.7864237843983181,1.1097813722365975,-0.831226857364323,0.08573485146521526,0.11703850566267807,-0.5480372009638513,-0.9446549585924019,-0.694204243942987,0.8724195258957287,0.04672522120502492
2,3.6144578313253013,0.760392212008622,1.120356200248678,-0.8498267947883854,0.06520738364883799,0.13630040189083092,-0.5398430708494192,-0.9204396205260764,-0.7173992100594044,0.873573801415009,0.07167869701130686
2,3.694779116465863,0.733980337576849,1.1302825948613944,-0.8678404351880907,0.0438838093898952,0.15517791608404877,-0.5312920620880907,-0.8954905346101755,-0.7395190554833942,0.8741727161373685,0.09664471332019446
2,3.7751004016064256,0.7071996317358609,1.1395402448845213,-0.8852253857289221,0.0217782068281876,0.17367918984472056,-0.5223958432531068,-0.8698743901437597,-0.7605405363097666,0.8742209542921002,0.1216179278501639
2,3.855421686746988,0.680062615264988,1.1481083772129381,-0.901938482823294,-0.0010918712486723547,0.19181243627796135,-0.513164267845485,-0.8436593010246941,-0.7804460425627392,0.8737227323050387,0.14659380444395748
2,3.9357429718875503,0.6525829440236608,1.1559657832295775,-0.9179362997518626,-0.02470510251336651,0.20958578760787783,-0.5036055051827354,-0.8169141446479623,-0.7992237704010001,0.8726817127682864,0.17156859486752343
2,4.016064257028113,0.6247754997687986,1.1630908519954624,-0.9331757111094573,-0.04903619982379755,0.22700716514678115,-0.49372617557764514,-0.7897078667481101,-0.8168677876961175,0.8711009129419877,0.1965393111020968
2,4.096385542168675,0.5966564867647284,1.1694616113091538,-0.9476144913346104,-0.07405582524431872,0.24408416959651016,-0.48353148630992987,-0.7621087729620665,-0.8333779867798289,0.8689826079354385,0.2215036870249226
2,4.176706827309237,0.5682435338960572,1.175055777915503,-0.9612119237899477,-0.09973061753441638,0.26082398968058174,-0.4730253654405548,-0.7341838285758007,-0.8487599233471022,0.8663282287891096,0.246460128406569
2,4.257028112449799,0.5395558018658583,1.1798508182842726,-0.9739293960930865,-0.12602333210447397,0.27723332681372553,-0.462210591109455,-0.705997988511411,-0.8630245450341154,0.8631382559249139,0.2714076499637707
2,4.337349397590361,0.5106140948068387,1.1838240215683247,-0.9857309591877529,-0.15289308689083442,0.29331833369380134,-0.4510889144678209,-0.6776135779013509,-0.8761878184098365,0.8594121085884636,0.2963457982001661
2,4.417670682730924,0.4814409753997769,1.1869525864866641,-0.9965838299275673,-0.18029570305087056,0.3090845646766512,-0.43966117485370176,-0.6490897413429775,-0.8882702672223581,0.8551480311941162,0.3212745586402653
2,4.497991967871486,0.45206088228259733,1.1892137240186214,-1.00645882061977,-0.20818412527802949,0.32453693602904277,-0.42792740633560566,-0.6204819754421516,-0.8992964384038757,0.8503429777502811,0.3461942459988886
2,4.578313253012048,0.4225002482018649,1.190584777879614,-1.015330683117369,-0.2365089040088149,0.339679694208615,-0.4158869350448279,-0.5918417552148794,-0.9092943145658887,0.8449924959217684,0.37110537573991675
2,4.658634538152611,0.3927876169393755,1.1910433648098042,-1.0231783598983404,-0.2652187200424864,0.3545163905885,-0.40353846712745867,-0.5632162603037852,-0.9182946931030149,0.8390906126742502,0.396008515463155
2,4.738955823293173,0.3629537565928367,1.190567536676116,-1.029985139208878,-0.2942609318353008,0.36904986118745636,-0.39088016738666476,-0.5346482024948929,-0.9263305520351354,0.8326297239234778,0.42090411458098403
2,4.8192771084337345,0.33303176630244,1.1891359662945844,-1.035738715692351,-0.3235821261945576,0.3832822101994372,-0.37790972906734094,-0.5061757519321641,-0.9334364218277598,0.8256004911226378,0.4457923107950728
2,4.899598393574297,0.3030571729048104,1.1867281586816822,-1.040431161958852,-0.3531286553588148,0.3972147962412532,-0.36462443524286015,-0.4778325555074,-0.9396477802017199,0.8179917483201883,0.4706727121217114
2,4.979919678714859,0.2730680134680811,1.1833246891027718,-1.0440588194253948,-0.3828471450759713,0.410848220432746,-0.3510212126697352,-0.4496478383145915,-0.9450004847878581,0.8097904238391591,0.49554415343079167
2,5.0602409638554215,0.2431048988675678,1.1789074688446055,-1.046622119596476,-0.41268496266498395,0.42418231562200215,-0.3370966787813918,-0.42164657625172514,-0.9495302544917299,0.800981481358631,0.5204044270934989
2,5.140562248995984,0.21321105320453354,1.1734600388426897,-1.0481253473666399,-0.44259063458032405,0.4372161360464886,-0.3228471830844088,-0.39384972780850686,-0.9532722089019433,0.7915478859241243,0.5452499877239851
2,5.220883534136546,0.18343232297473477,1.1669678906357253,-1.0485763597068203,-0.47251420923937887,0.44994794702900837,-0.30826884371443264,-0.3662745111918548,-0.9562604697899081,0.7814706008949318,0.5700756321079926
2,5.301204819277109,0.15381714960375098,1.159418812812485,-1.0479862720402486,-0.5024075609726601,0.46237521417398025,-0.29335758040081794,-0.33893471431382555,-0.958527827745455,0.7707286225763429,0.5948741563064468
2,5.381526104417671,0.12441649850618466,1.1508032599961582,-1.0463691245316828,-0.5322246355300942,0.47449459184004167,-0.27810914488667526,-0.3118410252604963,-0.9601054729212066,0.7592990594459528,0.6196359933418167
2,5.461847389558233,0.09528373770769441,1.1411147396283667,-1.0437415390131028,-0.5619216382629733,0.48630191049006577,-0.2625191499420609,-0.2850013724741924,-0.9610227878879133,0.7471572632895348,0.6443488364645793
2,5.542168674698795,0.06647445925410243,1.1303502101982745,-1.0401223760103682,-0.5914571684454137,0.4977921626575647,-0.24658309809448511,-0.25842126522449405,-0.9613071983853259,0.7342770193231949,0.6689972547269485
2,5.622489959839357,0.03804623713568546,1.1185104826201715,-1.035532399917294,-0.6207923044700436,0.5089594873616847,-0.23029641118041805,-0.23210412640709546,-0.9609840765727119,0.7206308018270194,0.6935623096030006
2,5.7028112449799195,0.010058316598210187,1.1056006144231425,-1.02999395855896,-0.6498906450322629,0.519797152728474,-0.21365446185932502,-0.2060516115879965,-0.9600766909357613,0.7061901008202722,0.7180211834042053
2,5.783132530120482,-0.017428768806388092,1.0916302843191574,-1.023530681978171,-0.6787183120171101,0.5302975366428392,-0.19665260816713373,-0.18026390961765995,-0.9586061965446542,0.69092582375938,0.742346832409739
2,5.863453815261044,-0.04435365374640349,1.07661413313137,-1.01616720387896,-0.7072439209276254,0.5404521053205769,-0.17928623222544426,-0.15474002159431263,-0.9565916592678217,0.6748087738990992,0.76650767928952
2,5.943775100401607,-0.0706546697631008,1.0605720554412603,-1.0079289078735219,-0.735438524467087,0.5502513897211572,-0.16155078417953178,-0.12947801622420035,-0.954050107839715,0.657810204139666,0.7904673610450722
2,6.024096385542169,-0.09627044107328127,1.043529425626876,-0.998841699623981,-0.7632755345942989,0.5596849598124005,-0.1434418324527922,-0.10447526069922386,-0.9509966080245291,0.639902441584086,0.8141845494447428
2,6.1044176706827304,-0.12114053874916932,1.0255172417299976,-0.9889318050703113,-0.7907306279133208,0.5687413967967715,-0.12495512133906059,-0.0797286270580481,-0.9474443536540798,0.6210595740807577,0.8376128611764619
2,6.184738955823293,-0.14520618022813744,1.0065721717025515,-0.9782255942365871,-0.8177816387664743,0.5774082635706037,-0.10608663695567253,-0.05523467468945034,-0.9434047698500384,0.6012581855835714,0.8607008738696322
2,6.265060240963855,-0.16841095686352364,0.9867364887802207,-0.9667494295481879,-0.8444084438296848,0.5856720738338437,-0.08683268253128418,-0.030989810155745166,-0.9388876243634006,0.5804781227336132,0.8833922619441475
2,6.3453815261044175,-0.19070156853080053,0.966057885764485,-0.9545295371812146,-0.8705928414902413,0.5935182605368079,-0.06718996386569365,-0.006990425826786793,-0.9339011435567234,0.5587032710019942,0.9056260631481717
2,6.42570281124498,-0.21202854096961343,0.9445891630013813,-0.9415918997012173,-0.8963184287573174,0.6009311445662445,-0.047155685768184616,0.016766980924405483,-0.9284521301069746,0.535922315180181,0.9273370816310937
2,6.506024096385542,-0.23234689970321581,0.9223877900851342,-0.9279621680601197,-0.9215704779948489,0.6078939049266128,-0.026727660056333483,0.04028570614902754,-0.9225460800479441,0.5121294566876953,0.9484564280139908
2,6.586345381526105,-0.25161677359380047,0.899515348415042,-0.9136655909528774,-0.9463358152936313,0.6143885518425781,-0.005904425643510885,0.06356875345392211,-0.9161872972543394,0.4873250592501776,0.9689121897764382
2,6.666666666666667,-0.2698039028520593,0.876036867007306,-0.8987269594918998,-0.9706027019985123,0.6203959048779811,0.015314619252433485,0.08661876210285616,-0.9093790038987773,0.46151619536312183,0.9886302196375489
2,6.746987951807229,-0.2868800287302562,0.8520200722912827,-0.8831705652447566,-0.9943607204889904,0.6258955780569955,0.03692907270115725,0.1094379472673256,-0.9021234457936824,0.4347170686506918,1.0075350212902316
2,6.827309236947791,-0.30282314772116864,0.8275345760677523,-0.86702016973383,-1.0176006651211607,0.6308659748921475,0.05893737310587529,0.13202805090467568,-0.8944219918585472,0.40694929165817567,1.0255507078060788
2,6.907630522088353,-0.31761761860327103,0.8026510333234174,-0.8502989836559114,-1.0403144388966095,0.6352842954476209,0.08133663222988712,0.15439030166079176,-0.8862752272769886,0.3782420051507701,1.0426020006202923
2,6.9879518072289155,-0.3312541197960395,0.7774402987096285,-0.8330296541954769,-1.0624949563627375,0.6391265595550153,0.10412245903652138,0.17652538263316372,-0.877683040101863,0.34863183180333784,1.058615238718449
2,7.068273092369478,-0.34372946035260765,0.7519726169394878,-0.8152342590146923,-1.0841360529459025,0.6423676483159879,0.1272887757292202,0.19843340564610423,-0.8686447013270429,0.31816266540520816,1.0735193616042362
2,7.14859437751004,-0.3550462576204842,0.7263168754249896,-0.7969343056566913,-1.105232400866055,0.644981367773318,0.15082762870680544,0.22011389104734524,-0.8591589385849376,0.2868853044565125,1.087246835319196
2,7.228915662650603,-0.3652125001440395,0.7005399463321725,-0.7781507352758568,-1.1257794316357097,0.6469405372896425,0.17472899736547862,0.24156575206622796,-0.8492240038108735,0.254856946064026,1.0997344917489305
2,7.309236947791165,-0.3742410211772594,0.674706137617193,-0.7589039298121344,-1.1457732650313646,0.6482171058399718,0.19898060444347127,0.26278728285744063,-0.838837735281254,0.22214056229198137,1.1109242582519532
2,7.389558232931726,-0.38214891038883,0.6488767671441209,-0.7392137218553864,-1.1652106443678263,0.6487822980391464,0.2235677321468657,0.28377614950003227,-0.8279976145730933,0.18880418470503757,1.1207637596499318
2,7.469879518072289,-0.3889568944703368,0.6231098653968462,-0.7190994066262382,-1.1840888778025624,0.6486067918004293,0.24847304878280485,0.30452938320873935,-0.8167008189999515,0.1549201260874066,1.1292067826228613
2,7.550200803212851,-0.39468871499907837,0.5974600050939195,-0.6985797556050463,-1.202405785373093,0.6476609280718283,0.273676451352413,0.32504337521820653,-0.8049442701913481,0.12056416731409024,1.136213599118107
2,7.6305220883534135,-0.3993705316612207,0.5719782492087125,-0.677673031469282,-1.2201596513828954,0.6459149525939526,0.2991549294699015,0.3453138726823558,-0.7927246794159652,0.08581473785419466,1.1417511521202448
2,7.710843373493976,-0.40303037298411776,0.5467122030832621,-0.6563970040734591,-1.237349181747047,0.6433392880315982,0.32488245648060243,0.365335975134339,-0.7800385903256594,0.05075211389164003,1.14579311250884
2,7.791164658634538,-0.40569765280956577,0.5217061519842253,-0.6347689672673562,-1.2539734658743584,0.6399048337715328,0.3508299133777532,0.3851041310355365,-0.7668824197451234,0.015457655269853167,1.1483198202575016
2,7.871485943775101,-0.4074027642377651,0.49700126262963124,-0.6128057564068508,-1.2700319426460698,0.6355832892776292,0.3769650509219838,0.4046121340251468,-0.7532524971311025,-0.019986902658159673,1.1493181262255556
2,7.951807228915663,-0.40817675760725536,0.47263582637120216,-0.5905237664121075,-1.2855243700586794,0.6303474956077818,0.4032524945283719,0.4238531185175781,-0.7391451032607889,-0.05550009010599653,1.1487811524198925
2,8.032128514056225,-0.4080511024951402,0.4486455219131629,-0.5679389702608236,-1.3004507981019338,0.6241717884429577,0.4296537958207626,0.44281955439988474,-0.7245565087073278,-0.09100127008687817,1.1467079890753342
2,8.112449799196787,-0.40705752937946665,0.42506367738245365,-0.5450669377796274,-1.3148115444670945,0.6170323549761444,0.45612753331762246,0.46150324062820447,-0.7094830125820335,-0.12641112844525432,1.14310334634905
2,8.19277108433735,-0.4052279417764493,0.4019215143339365,-0.5219228546128465,-1.3286071726980164,0.6089075861851896,0.48262946342747315,0.4798952976092814,-0.6939209820023203,-0.16165208740517467,1.137977176938925
2,8.273092369477911,-0.4025943871716528,0.3792483599198568,-0.4985215411955647,-1.341838472444661,0.5997784156399867,0.5091127210586166,0.49798615834840215,-0.6778668926636159,-0.1966486456211708,1.1313442841298016
2,8.353413654618475,-0.3991890723422486,0.3570718173845434,-0.4748774715804067,-1.354506441500439,0.5896286359033968,0.5355280675862459,0.5157655584213335,-0.661317370877343,-0.2313276504020747,1.1232239274069908
2,8.433734939759036,-0.3950444081717762,0.3354178893310792,-0.451004791930306,-1.366612269355875,0.578445184008003,0.5618241819694518,0.5332225249175053,-0.6442692373636089,-0.2656185088234258,1.113639435418951
2,8.514056224899598,-0.39019306909175455,0.3143110521619276,-0.4269173384858072,-1.3781573220380177,0.5662183883475634,0.5879479891842072,0.5503453646065973,-0.6267195530481835,-0.2994533453765986,1.1026178337400647
2,8.594377510040161,-0.3846680532780485,0.2937742837986236,-0.40262865481638854,-1.3891431280494908,0.5529421705558903,0.6138450186555309,0.5671216516447417,-0.608665667064361,-0.33276711410619453,1.0901894926596958
2,8.674698795180722,-0.3785027316077653,0.2738290497855139,-0.37815200816728206,-1.3995713652539095,0.5386141975966655,0.6394597842323921,0.5835382152509712,-0.5901052671221747,-0.36549767307258885,1.0763877983581764
2,8.755020080321286,-0.3717308756954115,0.25449525550217583,-0.35350040473084887,-1.4094438486027117,0.5232359810687615,0.6647361764849609,0.5995811277957441,-0.5710364323422187,-0.3975858284382448,1.061248848957792
2,8.835341365461847,-0.36438665813969023,0.23579117361285135,-0.3286866036889637,-1.4187625186176935,0.5068129228421916,0.6896178578615321,0.6152356938825624,-0.5514576886297594,-0.4289753548960995,1.0448111757730676
2,8.91566265060241,-0.3565046209025191,0.21773335683696732,-0.3037231299044707,-1.4275294305807438,0.4893543081095049,0.714048651436344,0.6304864410120937,-0.53136806660786,-0.45961299831460817,1.0271154889152907
2,8.995983935742972,-0.3481196104800262,0.20033654626960845,-0.27862228517769555,-1.4357467443984675,0.4708732487729295,0.7379729146564052,0.6453171124468171,-0.5107671620835174,-0.4894484655620242,1.0082044455559698
2,9.076305220883533,-0.33926668117844133,0.18361358478641351,-0.25339615802159055,-1.4434167151262847,0.45138658184583447,0.7613358906045006,0.6597106629576277,-0.4896551989839724,-0.5184344056034299,0.9881224387193418
2,9.156626506024097,-0.32998096987506115,0.16757534421925138,-0.22805663193341055,-1.4505416841640082,0.4309147286044245,0.7840840306529914,0.6736492580918028,-0.4680330945948045,-0.546526384887755,0.9669154038865685
2,9.236947791164658,-0.32029754743833144,0.15223067290266495,-0.2026153922306703,-1.4571240710932465,0.4094815216256945,0.8061652840900801,0.6871142776872167,-0.44590252702419625,-0.5736828596439086,0.9446306411246961
2,9.317269076305221,-0.3102512529953653,0.13758636917749265,-0.17708393148733198,-1.4631663661972676,0.3871140065639344,0.8275293518923232,0.700086324229638,-0.42326600454923585,-0.5998651463108744,0.921316649676686
2,9.397590361445783,-0.29987651808381943,0.12364718375880668,-0.1514735537165378,-1.4686711236258263,0.36384222641048203,0.848127903559079,0.7125452367014483,-0.4001269366956106,-0.6250373913115724,0.89702297300355
2,9.477911646586346,-0.28920718762582065,0.11041585276535196,-0.12579537740018823,-1.4736409552371053,0.33969899466856873,0.8679147575016041,0.7244701105205756,-0.3764897065590558,-0.6491665401631349,0.8718000515292038
2,9.558232931726907,-0.278276344632081,0.09789316080613218,-0.10006033755841028,-1.4780785250714061,0.3147196641452787,0.8868460266863966,0.735839324082285,-0.35235974410518167,-0.6722223060370718,0.8456990816840578
2,9.638554216867469,-0.2671161447336556,0.0860780323991881,-0.07427918702551747,-1.4819865444411713,0.2889418965767316,0.9048802323834108,0.746630572374246,-0.3277435999557858,-0.694177137191804,0.818771879614357
2,9.718875502008032,-0.2557576656928378,0.07496764902793568,-0.04846249711141548,-1.4853677676214458,0.26240543709978525,0.9219783895059613,0.756820908105366,-0.30264901907286074,-0.7150061824008973,0.7910707481604085
2,9.799196787148594,-0.24423077638638477,0.06455758733739392,-0.02262065783641455,-1.4882249880753642,0.23515189741043105,0.9381040675125184,0.766386790588757,-0.2770850139319063,-0.734687253776388,0.762648347157357
2,9.879518072289157,-0.23256402786967306,0.0548419747814333,0.003236122071302928,-1.4905610351920446,0.20722454881542862,0.9532234309178436,0.7753041427313797,-0.2510619363838911,-0.7532007857484374,0.7335575658766578
2,9.959839357429718,-0.22078456873159108,0.04581365777276234,0.029097815247473527,-1.4923787714815686,0.17866812662608866,0.9673052633103878,0.7835484162561741,-0.22459154758341002,-0.7705297893981443,0.7038513979818273
2,10.040160642570282,-0.20891808576632787,0.03746437672054409,0.054954575700872366,-1.4936810901477973,0.14952864674571625,0.9803209784262299,0.7910946650671019,-0.19768708544687957,-0.7866598017473616,0.6735828204479021
2,10.120481927710843,-0.19698876941924257,0.02978494483185899,0.08079673859004664,-1.4944709130243143,0.1198532327755555,0.9922446214179343,0.7979176269573696,-0.17036332861157072,-0.8015788289037282,0.6428046753860908
2,10.200803212851406,-0.18501930348537765,0.022765425267765038,0.10661481969107148,-1.4947511887926286,0.08968995365037692,1.0030528627763788,0.8039918133355104,-0.14263665632443082,-0.8152772831915804,0.6115695570729143
2,10.281124497991968,-0.17303087721180094,0.016395303643847718,0.13239951442859574,-1.4945248914413534,0.059087669976252505,1.0127249867881547,0.8092916068183433,-0.11452510340240613,-0.82774791401139,0.579929704411756
2,10.36144578313253,-0.16104321791154255,0.010663652133885785,0.15814169644237558,-1.493795018919282,0.02809588804252721,1.0212428758339565,0.8137913662909386,-0.08604840948317086,-0.8389857328642983,0.5479369004346092
2,10.441767068273093,-0.14907464146132676,0.0055592829656646164,0.1838324156116488,-1.4925645919409443,-0.003235380151908898,1.0285909912706326,0.8174655390205385,-0.05722806179981667,-0.8489879330189514,0.5156423795044627
2,10.522088353413654,-0.13714211807418034,0.0010708890164706393,0.20946289553395356,-1.4908366529104178,-0.03485575194963367,1.0347563511859603,0.820288779254191,-0.028087330707373695,-0.85775380476433,0.48309674341535935
2,10.602409638554217,-0.12526135048867973,-0.0028128297789008824,0.23502453043988494,-1.4886142649345624,-0.06671460527119952,1.0397285049287568,0.8222360726594473,0.0013487027309358277,-0.8652846473394524,0.4503498870537694
2,10.682730923694779,-0.11344686176896171,-0.006103055112561179,0.26050888155091323,-1.485900510903232,-0.09876120679793506,1.04349950404975,0.8232828658712285,0.0310531277707978,-0.8715836788552442,0.4174509341952441
2,10.763052208835342,-0.10171209000024563,-0.008810754702715931,0.2859076729278842,-1.4826984926239513,-0.13094483744050345,1.046063869195283,0.8234052003098313,0.060997194241383654,-0.8766559457969655,0.3844481838899988
2,10.843373493975903,-0.09006948721733044,-0.010946602061696556,0.31121278681435294,-1.4790113299997147,-0.16321491541011765,1.047418552330893,0.8225798493874844,0.09115031250977919,-0.8805082335743887,0.35138906722073765
2,10.923694779116467,-0.07853062019702634,-0.012520911455050571,0.33641625854443286,-1.4748421602499548,-0.19552111664753113,1.0475628937960249,0.820784458127273,0.12148006361359372,-0.8831489798271479,0.3183201142953854
2,11.004016064257028,-0.06710627092621248,-0.013543587030629384,0.3615102710398052,-1.4701941371748959,-0.22781349235938045,1.0464985736735675,0.8179976841894445,0.15195221983610213,-0.8845881919436565,0.28528693069585426
2,11.08433734939759,-0.055806534848898984,-0.014024085397658353,0.38648714898222125,-1.4650704304754572,-0.26004258300379013,1.0442295572425464,0.8141993392404329,0.18253077600533957,-0.8848373703699651,0.25233418262522844
2,11.164658634538153,-0.04464091525769569,-0.013971390037909013,0.4113393526834155,-1.4594742251373545,-0.2921595281840492,1.0407620342924249,0.8093705296026337,0.21317799152148514,-0.8839094388443046,0.21950558936135223
2,11.244979919678714,-0.03361841249322449,-0.01339399641378768,0.4360594717393591,-1.4534087209009747,-0.32411617161428263,1.0361043524346585,0.8034937950910407,0.2438544431651875,-0.8818186827228928,0.18684392171491493
2,11.325301204819278,-0.022747606978959205,-0.012299905821591062,0.46064021848438336,-1.4468771318304847,-0.3558651605024967,1.0302669445544328,0.7965532449881318,0.27451908839747524,-0.8785806959910593,0.1543910047001664
2,11.405622489959839,-0.012036735339920605,-0.010696626787093407,0.4850744213405239,-1.4398826860138225,-0.387360038520689,1.0232622509527416,0.7885346900971588,0.30512933902509304,-0.8742123375770731,0.12218772282308005
2,11.485943775100402,-0.0014937592462939513,-0.008591181909025076,0.5093550180674481,-1.4324286254113037,-0.41855533181475413,1.0151046366655891,0.779425769910172,0.3356411446588409,-0.8687316969165721,0.09027402599589755
2,11.566265060240964,0.00887357314429086,-0.005990118735515905,0.5334750489802562,-1.4245182058861288,-0.4494066274596257,1.0058103047516778,0.7692160739522849,0.3660090855478157,-0.8621580686172063,0.05868893432215007
2,11.646586345381525,0.019057672925061903,-0.002899522940219947,0.557427650157971,-1.416154697442742,-0.4798706439779031,0.9953972063524947,0.7578972564810883,0.3961864740888925,-0.8545119355862182,0.027470539941573162
2,11.726907630522089,0.029051062830608654,0.0006749678353616178,0.5812060466567355,-1.4073413846976641,-0.5099052936574173,0.9838849483646255,0.7454631438089944,0.42612546423022557,-0.8458149596389213,-0.003343995732550023
2,11.80722891566265,0.03884633565516078,0.00472815051216505,0.6048035457906876,-1.3980815676257186,-0.53946973654299,0.9712946997780981,0.7319098336104398,0.45577716812488084,-0.8360899785132986,-0.03371845078942723
2,11.887550200803213,0.04843611758076735,0.00925524512673307,0.6282135304433056,-1.3883785625935763,-0.5685244261634514,0.9576490974588787,0.7172357857542759,0.4850917789185404,-0.8253610076148977,-0.06361755891057765
2,11.967871485943775,0.05781303535513508,0.014251886056956245,0.6514294524609903,-1.3782357037242323,-0.5970311471759959,0.9429721523919905,0.7014419042816995,0.5140186989551547,-0.8136532449218289,-0.09300703367987062
2,12.048192771084338,0.06696968582382035,0.0197141169582319,0.6744448260925034,-1.3676563446015506,-0.6249530452173677,0.9272891571329711,0.6845316103543863,0.5425066722403162,-0.8009930770533424,-0.12185360172997024
2,12.1285140562249,0.07589860644575273,0.02563838964318395,0.6972532215056504,-1.3566438603543132,-0.6522546494214886,0.9106265953160416,0.666510906085612,0.5705039204138568,-0.7874080846155265,-0.1501250450187707
2,12.208835341365461,0.0845922451174066,0.03202156726888261,0.7198482583496779,-1.3452016501276507,-0.678901888106538,0.8930120538543284,0.6473884293814107,0.597958281148641,-0.7729270447419571,-0.1777902521442027
2,12.289156626506024,0.09304292769604881,0.03886093164297207,0.7422235993593226,-1.3333331399618031,-0.7048620982393088,0.874474138423319,0.6271755000235684,0.6248173481532544,-0.7575799288396307,-0.2048192782577438
2,12.369477911646586,0.10124282158693407,0.04615419419104293,0.7643729439870045,-1.3210417860881916,-0.7301040293395001,0.8550423927078041,0.6058861574027946,0.6510286119659006,-0.7413978936372326,-0.23118341277655752
2,12.449799196787149,0.10918389375021627,0.0538995099069941,0.7862900220330459,-1.3083310786375442,-0.75459784247721,0.8347472217448317,0.5835371904333126,0.6765396007247435,-0.7244132637393644,-0.25685525373902685
2,12.53012048192771,0.11685786176436472,0.06209549299865209,0.8079685872815524,-1.2952045457760162,-0.7783151051558952,0.8136198196687416,0.5601481602996333,0.7012980205267967,-0.706659504189655,-0.2818087874181763
2,12.610441767068274,0.12425613645810085,0.07074123306925093,0.8294024110949605,-1.281665758232959,-0.8012287826975039,0.7916921019458856,0.5357414168333938,0.7252518946585653,-0.6881711816889509,-0.3060194714407448
2,12.690763052208835,0.1313697551323702,0.07983630989061677,0.8505852759756058,-1.267718334227976,-0.8233132269383213,0.7689966421988815,0.5103421093456593,0.7483497017028262,-0.6689839135153135,-0.32946431956435
2,12.771084337349398,0.13818930431823137,0.08938080503394115,0.871510969063444,-1.2533659447400933,-0.8445441628139446,0.7455666135298572,0.4839781929067841,0.7705405121741051,-0.6491343034745145,-0.35212198599781147
2,12.85140562248996,0.144704831554811,0.09937530806555897,0.892173275567269,-1.2386123190951581,-0.8648986735244607,0.7214357342318628,0.4566804309906171,0.791774123940466,-0.628659864588236,-0.37397284714273116
2,12.931726907630521,0.15090574596287643,0.10982091478169353,0.9125659721329329,-1.2234612508340563,-0.8843551849355866,0.6966382177012888,0.4284823954718561,0.8120011969551733,-0.6075989286320783,-0.3949990786041008
2,13.012048192771084,0.1567807074685259,0.12071921522449774,0.9326828201340814,-1.2079166037696334,-0.9028934496494051,0.6712087262369557,0.399420464972876,0.8311733875926346,-0.5859905429260774,-0.4151847252844562
2,13.092369477911646,0.1623175053691955,0.13207226844343872,0.9525175589011836,-1.1919823182011244,-0.9204945313775066,0.6451823284410193,0.3695338223389366,0.8492434838918845,-0.5638743552318084,-0.43451576257521946
2,13.17269076305221,0.16750292673077546,0.14388256165855595,0.9720638989085103,-1.175662417157538,-0.9371407899161875,0.6185944598020143,0.3388644521468674,0.8661655424581649,-0.5412904878699649,-0.4529801467611985
2,13.25301204819277,0.17232261626346262,0.15615295062972007,0.9913155149301106,-1.158961012627189,-0.9528158672432924,0.5914808860880774,0.3074571385982989,0.8818950289315014,-0.5182794025485791,-0.4705678530221114
2,13.333333333333334,0.17676092905308927,0.1688865786943565,1.010266039206501,-1.1418823116377246,-0.9675046749715311,0.5638776690796953,0.2753594642854116,0.8963889635185629,-0.49488175757347036,-0.48727089965489145
2,13.413654618473895,0.18080077844126813,0.18208677164787532,1.0289090546538224,-1.1244306220879496,-0.9811933834489573,0.5358211341825788,0.24262180972173558,0.9096060737180756,-0.4711382593678684,-0.5030833574605813
2,13.493975903614459,0.18442348165606182,0.19575690578611962,1.0472380881674372,-1.1066103582129379,-0.9938694127145931,0.5073478394426176,0.2092973532520382,0.9215069565723278,-0.44708951036094363,-0.5180013435881284
2,13.57429718875502,0.18760860623030534,0.2099002467462973,1.0652466040849775,-1.0884260455442885,-1.005521425415982,0.4784945454698261,0.17544207049497273,0.9320542528022032,-0.4227758553942729,-0.5320229994740392
2,13.654618473895582,0.19033382120645997,0.22451975656137727,1.0829279978527806,-1.0698823252640617,-1.0161393218492816,0.449298185793709,0.14111473163193614,0.9412128357779266,-0.3982372288418946,-0.5451484528689523
2,13.734939759036145,0.19257475704107999,0.2396178671895815,1.100275589997715,-1.0509839577895201,-1.0257142370733876,0.4197958371585818,0.10637689460941013,0.9489500177546052,-0.37351300457481673,-0.5573797643132495
2,13.815261044176706,0.19430487950077466,0.2551962185901874,1.1172826204600443,-1.0317358254876141,-1.034238540152555,0.3900246892920097,0.0712928910423408,0.9552357763441969,-0.34864185085060406,-0.5687208587387809
2,13.89558232931727,0.19549538266627867,0.271255360440785,1.1339422434162156,-1.012142934366462,-1.0417058353759043,0.3600220137153054,0.035929801350942855,0.9600430034351353,-0.32366159205753225,-0.5791774432247649
2,13.975903614457831,0.19611510806969198,0.2877944166413253,1.150247522636552,-0.9922104146698945,-1.0481109654466476,0.32982513114703677,0.000357413814363286,0.9633477790306387,-0.2986090790739591,-0.5887569121491077
2,14.056224899598394,0.19613049628358076,0.30481071316042685,1.1661914275361818,-0.9719435202424938,-1.0534500163823806,0.29947137714933647,-0.03535183765243398,0.9651296712190086,-0.27352006978494736,-0.5974682412862795
2,14.136546184738956,0.1955055795040273,0.3222993703455439,1.181766829974769,-0.9513476266246172,-1.057720324030812,0.268998065618816,-0.07112296439347178,0.9653720631799151,-0.24842912105451193,-0.6053218725196591
2,14.216867469879517,0.19420202259556232,0.3402528625171979,1.1969665019819602,-0.9304282277987171,-1.0609204818593019,0.2384424499243762,-0.10687854948044381,0.9640625064325087,-0.22336949323777602,-0.6123295910753669
2,14.29718875502008,0.1921792229249069,0.35866054907168743,1.2117831144351243,-0.9091909316232513,-1.063050349898743,0.20784168132146685,-0.14253891947265554,0.9611930983786666,-0.1983730679886321,-0.6185043971485709
2,14.377510040160642,0.18939447716789135,0.3775081833441843,1.2262092368681528,-0.8876414539573749,-1.0641110644489848,0.17723276458545528,-0.17802236965924328,0.9567608800015628,-0.17347027992781533,-0.6238603739738287
2,14.457831325301205,0.18580322522767365,0.3967774078432291,1.240237338462142,-0.8657856115896794,-1.064105048316768,0.1466525106786115,-0.21324545294567343,0.9507682473540274,-0.14869006242737365,-0.6284125542861899
2,14.538152610441767,0.1813593797223371,0.41644524700471675,1.253859790327804,-0.8436293141072375,-1.0630360212289898,0.11613748648253228,-0.24812334124395768,0.9432233677622114,-0.12405980757719291,-0.6321767871422243
2,14.61847389558233,0.17601574937009482,0.4364836115780912,1.2670688691168301,-0.821178554930592,-1.0609090101310512,0.0857239615804059,-0.2825702682272828,0.9341405886929567,-0.09960534012859007,-0.6351696069208633
2,14.698795180722891,0.1697245621403924,0.4568588316608622,1.2798567620084726,-0.7984394017874832,-1.0577303590132452,0.05544785224364638,-0.316500060087526,0.9235408241256656,-0.07535090504809301,-0.6374081062426925
2,14.779116465863453,0.16243809137535198,0.47753123813202764,1.2922155730738503,-0.7754179869704254,-1.0535077379122963,0.025344662871265987,-0.34982675838821936,0.9114519003564766,-0.05131916814868564,-0.6389098143893465
2,14.859437751004016,0.15410938507457364,0.4984548153012436,1.3041373309503168,-0.7521204977924073,-1.0482501507546034,-0.0045505749312013885,-0.38246533620807693,0.8979088399809328,-0.02753122906220936,-0.6396925825585694
2,14.939759036144578,0.14469309287127058,0.5195769488282757,1.3156139977480317,-0.7285531676943321,-1.041967941642999,-0.03420336519999692,-0.41433250321408266,0.8829540612248474,-0.004006645762220054,-0.6397744771587958
2,15.02008032128514,0.1341463803095786,0.5408382943452811,1.3266374790223572,-0.7047222685066421,-1.034672799205318,-0.06357981204154858,-0.44534759043849076,0.8666374682582739,0.0192365303118736,-0.6391736820553658
2,15.100401606425702,0.1224299131218048,0.5621727913208898,1.3371996346108188,-0.6806341043786331,-1.0263777585643055,-0.09264668514773397,-0.47543349868140816,0.8490164086923586,0.042181709513090505,-0.637908410486883
2,15.180722891566266,0.10950888786004362,0.5835078446410685,1.3472922900551254,-0.6562950078921637,-1.0170972004717025,-0.12137148598208604,-0.5045176881661226,0.8301554763094672,0.06481371072265679,-0.6359968270762877
2,15.261044176706827,0.0953540782658721,0.6047646919015235,1.3569072482920987,-0.631711338836423,-1.0068468470845675,-0.14972251415610716,-0.5325331801534411,0.8101261412345451,0.08711870068003853,-0.63345698014354
2,15.34136546184739,0.07994286057699745,0.6258589674055641,1.3660363012646062,-0.6068894860681665,-0.995643753779287,-0.17766893344661633,-0.5594195350755125,0.7890061964334592,0.10908412701319696,-0.6303067443242424
2,15.421686746987952,0.0632601774374819,0.6467014664894147,1.3746712410461543,-0.5818358727868624,-0.9835062963973578,-0.20518083717964122,-0.5851237683063489,0.7668790166390349,0.13069864622007152,-0.6265637731619479
2,15.502008032128513,0.04529939675035667,0.6671991023946391,1.3828038701089442,-0.5565569654459936,-0.970454153186167,-0.23222931247079523,-0.6096011613994279,0.7438326367908541,0.15195204772629467,-0.6222454612687063
2,15.582329317269076,0.026063022939223395,0.6872560373902875,1.3904260103588744,-0.5310592863934328,-0.9565082806685037,-0.2587865030279416,-0.6328159278485324,0.7199586674265931,0.17283517521893876,-0.617368915395508
2,15.662650602409638,0.005563221612681364,0.7067749586422697,1.3975295106181844,-0.5053494301948374,-0.9416908826368351,-0.2848256702018467,-0.6547416959983958,0.6953510753989919,0.19333984640436574,-0.6119509336445794
2,15.742971887550201,-0.016177874207748216,0.7256584592213291,1.4041062522930736,-0.4794340834459861,-0.9260253714750365,-0.3103212520938336,-0.6753617789718395,0.670104868237678,0.21345877236155153,-0.6060079919191894
2,15.823293172690763,-0.03912809875934456,0.7438104762741282,1.4101481530690292,-0.4533200477618631,-0.9095363210211574,-0.3352489204109595,-0.6946692108185785,0.6443147286040027,0.23318547753005212,-0.5995562367053103
2,15.903614457831326,-0.06324543894256066,0.76113773359084,1.4156471685678478,-0.4270142655011756,-0.8922494103019402,-0.35958563489762974,-0.7126665407176432,0.6180736500138205,0.25251422139429686,-0.5926114832058571
2,15.983935742971887,-0.08847846889783283,0.777551132862709,1.42059529201853,-0.40052384781129485,-0.8741913572422747,-0.3833096949025313,-0.7293653884957703,0.5914716277400185,0.2714399226173483,-0.585189217888903
2,16.06425702811245,-0.11476701427786944,0.792967044254424,1.4249845520969635,-0.3738561042746934,-0.855389842578881,-0.40640078799958285,-0.7447857819954735,0.5645944525877945,0.28995808675526086,-0.5773046045679436
2,16.14457831325301,-0.14204302180437847,0.8073084472945399,1.428807009196929,-0.3470185737734732,-0.8358734230406837,-0.42884003495002926,-0.7589553022528565,0.5375226546020663,0.3080647379009904,-0.5689724931731053
2,16.224899598393574,-0.17023159272307214,0.8205058866539936,1.4320547504869274,-0.3200190559161166,-0.8156714344456819,-0.4506100304123143,-0.7719080783098246,0.510330630325558,0.3257563549916519,-0.5602074306511224
2,16.305220883534137,-0.1992521393532594,0.8324982174664074,1.434719884126619,-0.29286564259308173,-0.7948138845047189,-0.47169487909673624,-0.7836836734281013,0.4830859772640271,0.343029813159461,-0.5510236730406182
2,16.3855421686747,-0.229019612218143,0.8432331255971234,1.4367945331349747,-0.26556674920135376,-0.7733313365836021,-0.49208022585226135,-0.7943259146718136,0.45584904820718913,0.35988233033858413,-0.5414351987506989
2,16.46586345381526,-0.2594457551086372,0.8526674225901042,1.4382708293267907,-0.23813114522017115,-0.7512547847967649,-0.5117532794263161,-0.8038817087341319,0.4286727242300796,0.37631141931274337,-0.5314557221736982
2,16.546184738955823,-0.2904403398725703,0.8607671236445479,1.439140907796431,-0.21056798390943596,-0.7286155219774817,-0.5307028282604666,-0.812399891065823,0.4016023962928917,0.3923148451194448,-0.5210987077675385
2,16.626506024096386,-0.32191234604597246,0.8675073285968954,1.4393969023523543,-0.18288683092139318,-0.7054450018122339,-0.5489192478550761,-0.8199301422916505,0.3746761342638475,0.40789058779750337,-0.5103773840842751
2,16.70682730923695,-0.35377105214217663,0.8728719301846907,1.4390309422900678,-0.15509769177281404,-0.6817746968405908,-0.5663944983786039,-0.8265220035319037,0.34792501775971896,0.4230368102246044,-0.49930475779299327
2,16.78714859437751,-0.3859270151737375,0.8768531786238478,1.4380351508447722,-0.12721103820109536,-0.6576359541779365,-0.5831221113800757,-0.8322240122199712,0.3213735987223772,0.4377518307268737,-0.4878936277650557
2,16.867469879518072,-0.41829292560613723,0.8794511346968146,1.4364016455815336,-0.09923783338782367,-0.6330598507786036,-0.599097165280317,-0.8370829694453836,0.2950404628853021,0.45203410024859164,-0.47615659891397777
2,16.947791164658636,-0.450784328772165,0.8806730413641618,1.4341225409584084,-0.07118955618287122,-0.6080770502890703,-0.6143162486441237,-0.8411433455610948,0.268938859470065,0.4658821836639227,-0.4641060960072338
2,17.028112449799195,-0.48332021301391603,0.8805326432914324,1.4311899532276533,-0.04307822440170469,-0.5827176634479521,-0.6287774110745301,-0.8444468216923926,0.24307736951661316,0.47929474492660823,-0.4517543773318127
2,17.10843373493976,-0.5158234677638467,0.879049479573432,1.4275960078088228,-0.014916417377175348,-0.557011113929309,-0.6424801012668048,-0.8470319617830808,0.21746058742396954,0.49227053566741474,-0.43911354835342337
2,17.188755020080322,-0.5482212215516655,0.8762481724138411,1.423332849219944,0.013282702168263799,-0.5309860115250292,-0.6554250926585151,-0.848934003112247,0.19208979330510284,0.5048083869689988,-0.42619557522869456
2,17.269076305220885,-0.580445069642651,0.8721577293131362,1.4183926536358613,0.041505366746493945,-0.5046700343265584,-0.6676143966958877,-0.8501847536474052,0.1669635989144726,0.5169072039807545,-0.4130122982782169
2,17.349397590361445,-0.612431206250116,0.8668108733574325,1.4127676441105304,0.0697371832093206,-0.47808982160744545,-0.67905116484054,-0.8508125794058166,0.14207855351065016,0.5285659631528492,-0.39957544523686517
2,17.429718875502008,-0.6441204715734863,0.8602434111699659,1.406450108502017,0.0979631121196784,-0.45127087859386866,-0.6897395794570209,-0.8508424701354583,0.11742970059039681,0.5397837118007981,-0.385896644423022
2,17.51004016064257,-0.6754583300883341,0.8524936463642637,1.399432420119548,0.12616744744504277,-0.42423749455181087,-0.6996847353398439,-0.8502961653446364,0.0930110790895272,0.5505595698652347,-0.3719874375589916
2,17.59036144578313,-0.7063947908192356,0.843601842174154,1.3917070611207372,0.1543337964588194,-0.39701267506063254,-0.7088925127026534,-0.8491923289100377,0.06881616632386053,0.56089273366917,-0.3578592922541824
2,17.670682730923694,-0.7368842822783154,0.833609735317726,1.3832666486849292,0.18244505987601417,-0.3696180893473123,-0.7173694432704637,-0.8475467586094693,0.044838262047330504,0.5707824815501688,-0.3435236139706088
2,17.751004016064257,-0.7668854918264941,0.8225601010608103,1.374103963999844,0.21048341220875508,-0.34207403322297214,-0.7251225708171253,-0.8453726202060698,0.021070814905712783,0.5802281812556931,-0.3289917573581547
2,17.83132530120482,-0.7963611792373638,0.8104963682219806,1.3642119841045397,0.23843028240649983,-0.31439940806586353,-0.732159307896791,-0.8426806958145809,-0.0024923059685127424,0.5892292990132698,-0.31427503676317853
2,17.91164658634538,-0.825277971937701,0.797462281760794,1.353583916643822,0.2662663348349347,-0.2866117160210977,-0.7384872903221071,-0.8394796388848015,-0.025856590532688975,0.5977854101997794,-0.29938473574093455
2,17.991967871485944,-0.8536061487772625,0.783501609962846,1.3422132375981548,0.2939714507001127,-0.2587270714424581,-0.7441142311207467,-0.8357762289145515,-0.04902671418934082,0.6058962115361186,-0.28433211535287306
2,18.072289156626507,-0.8813194175352828,0.7686578928620087,1.330093732063557,0.3215247100314521,-0.2307602284064319,-0.7490477755605935,-0.8315756208683813,-0.07200640629363321,0.6135615347465402,-0.2691284210392358
2,18.152610441767067,-0.9083946908041179,0.7529742283256313,1.3172195381653817,0.34890437438367383,-0.20272462399461816,-0.7532953589253759,-0.8268815849725386,-0.09479835596738072,0.6207813616058944,-0.2537848878165502
2,18.23293172690763,-0.9348118636116258,0.7364930922046014,1.3035851941963934,0.3760878704315264,-0.17463243687571406,-0.7568640685801902,-0.8216967340056838,-0.11740415050130135,0.6275558402966317,-0.23831274355463805
2,18.313253012048193,-0.9605535955566046,0.7192561890106521,1.289185689075299,0.40305177466783837,-0.14649466059287003,-0.7597605118497407,-0.8160227358977795,-0.13982424176677405,0.6338853029719564,-0.22272321006197748
2,18.393574297188756,-0.9856050994631964,0.7013043297693351,1.2740165162235064,0.42977179943827304,-0.11832119085521746,-0.7619906911350564,-0.8098605103150552,-0.16205793636434565,0.6397702844099639,-0.20702750170820777
2,18.473895582329316,-1.0099539380928741,0.6826773338717601,1.2580737309600292,0.4562227805824818,-0.09012092601771805,-0.7635598876237875,-0.803210408451052,-0.18410340553975907,0.6452115416016161,-0.1912368212906969
2,18.55421686746988,-1.0335898299321322,0.6634139520160172,1.241354011507889,0.4823786669718485,-0.06190187986217094,-0.7644725548745869,-0.7960723758116843,-0.2059577112560696,0.6502100740980999,-0.17536235285721086
2,18.634538152610443,-1.0565044647437734,0.6435518075413995,1.223854723706665,0.5082125122835369,-0.03367130568129473,-0.7647322234139137,-0.7884460981601648,-0.22761684523053136,0.6547671448785692,-0.15941525118049327
2,18.714859437751002,-1.0786913292226052,0.6231273537425013,1.2055739894985669,0.5336964693545803,-0.005435830620704261,-0.7643414174998026,-0.7803311311305441,-0.24907577800575387,0.6588843014752879,-0.14340662759152703
2,18.795180722891565,-1.1001455429503426,0.6021758449770285,1.1865107592618667,0.5588017875229072,0.02279840084011736,-0.7633015850132124,-0.7717270141787961,-0.2703285156092905,0.6625633970271559,-0.12734753187743494
2,18.87550200803213,-1.1208637045704983,0.5807313196128326,1.1666648880296533,0.5834988133755977,0.05102557546456586,-0.761613041420163,-0.762633369796859,-0.2913681616099244,0.6658066108731393,-0.11124892995834512
2,18.955823293172692,-1.1408437480662348,0.5588265930760492,1.1460372156164107,0.6077569953529067,0.07924005314286195,-0.7592749287186176,-0.7530499889255927,-0.3121869826494244,0.6686164682325559,-0.09512167706091572
2,19.03614457831325,-1.1600848087871767,0.5364932594900568,1.1246296506467215,0.631544892733836,0.10743620337862096,-0.7562851899811915,-0.7429769037103204,-0.3327764760476113,0.6709958584721559,-0.0789764861950917
2,19.116465863453815,-1.1785870989276719,0.5137617005108966,1.102445258432533,0.6548301894943342,0.1356082378029282,-0.7526405603449347,-0.7324144486385653,-0.3531274379818924,0.6729480513307774,-0.06282389167840546
2,19.196787148594378,-1.1963517920790137,0.4906611002058088,1.0794883526222652,0.6775797136067245,0.16375004015288758,-0.7483365750363854,-0.7213633111324538,-0.37323003121346415,0.6744767104363159,-0.04667420756268535
2,19.277108433734938,-1.2133809163477152,0.46721946493014466,1.055764590490023,0.699759462391574,0.19185499521589694,-0.7433675948172088,-0.7098245727552268,-0.3930738515844076,0.675585903397023,-0.030537480920103742
2,19.3574297188755,-1.2296772556684314,0.44346364727161225,1.031281071685441,0.7213346345046597,0.21991581842679192,-0.7377268494705103,-0.6977997419962408,-0.412647992428421,0.6762801075524402,-0.014423439877342237
2,19.437751004016064,-1.2452442587945485,0.41941937330918605,1.0060464401969977,0.7422696692365444,0.24792438772865374,-0.7314064994742816,-0.685290779686562,-0.4319411064863336,0.67656421055546,0.0016585634148832194
2,19.518072289156628,-1.2600859554960884,0.39511127248733324,0.9800709892217285,0.7625282937818272,0.275871579484097,-0.7243977160783048,-0.6723001180021811,-0.4509414648934342,0.6764435047924449,0.017699614702576763
2,19.598393574297187,-1.2742068795997914,0.37056290948091014,0.9533667685671956,0.7820735791308642,0.3037471104362066,-0.716690780011918,-0.6588306738477407,-0.4696370128242489,0.6759236744441309,0.0336913042243907
2,19.67871485943775,-1.2876119983116152,0.3457968175995354,0.9259476941291406,0.8008680053332055,0.33153938742625144,-0.7082751984206384,-0.6448858575660069,-0.48801542180126073,0.6750107743222312,0.049625797289155935
2,19.759036144578314,-1.3003066474803362,0.32083453323360983,0.8978296589067168,0.8188735367904133,0.3592353670960726,-0.6991398399802818,-0.6304695776369786,-0.5060641384003022,0.6737111991145265,0.0654959083565587
2,19.839357429718877,-1.312296472350612,0.2956966310005338,0.8690306449279619,0.8360517083017945,0.3868204274873814,-0.6892730875325761,-0.6155862421051772,-0.5237704293903401,0.6720316420404471,0.08129517762058606
2,19.919678714859437,-1.3235873734101131,0.2704027592615658,0.8395708353617718,0.8523637225410469,0.4142782536551155,-0.6786630075329557,-0.6002407573659113,-0.5411214233094382,0.669979041759138,0.09701794903977935
2,20.0,-1.334185457001418,0.244971675700008,0.8094727259942541,0.867770559624591,0.4415907395488188,-0.667297535411914,-0.5844385248257027,-0.5581041485031996,0.6675605162840488,0.11265944859051258
3,0.0,-0.6059339588742307,0.3813628820629008,-0.009088674585899476,-0.2597330969524336,-1.371530034005192,-0.10646315292675718,0.47670378814773884,-0.10864842758736,1.5098488793175833,0.09348179540364994
3,0.08032128514056225,-0.629069188867241,0.3674327834570008,0.012818511646671346,-0.2723352272929978,-1.3641905221172057,-0.13888060373622485,0.4745397926855863,-0.07995437264247884,1.505901406652189,0.12373742021470072
3,0.1606425702811245,-0.6515318139140104,0.35325793313918846,0.03656864455975021,-0.28445974992291,-1.3558064708081774,-0.17115598253311834,0.4693358947544392,-0.051624122922176746,1.5014337454079982,0.15398192223901666
3,0.24096385542168675,-0.6733809673567103,0.3388483424040466,0.062320196622517435,-0.2958408912205624,-1.3463606868959384,-0.20324210927709035,0.4609773566072524,-0.02394307650671293,1.4964441010228788,0.1841777346003191
3,0.321285140562249,-0.694673147551974,0.32420155948590273,0.09019886876713218,-0.30614442208463616,-1.3358360607079225,-0.2350896962520105,0.4493822032228577,0.002746388790088948,1.4909281362699065,0.2142861700606548
3,0.40160642570281124,-0.715461992958939,0.3093036283450415,0.12027484303043746,-0.3149647400221103,-1.3242156858040948,-0.2666476984003656,0.4345245720224455,0.028040360031527736,1.484878263710151,0.2442684500459065
3,0.4819277108433735,-0.735798335379627,0.29413014891087624,0.15253404331248882,-0.3218297075231828,-1.3114830313795465,-0.29786372691225305,0.4164642959481403,0.0514762450818161,1.4782830274985443,0.2740870404427432
3,0.5622489959839357,-0.7557304900570557,0.27864750745436195,0.1868458506145401,-0.32621798585396744,-1.2976222159840785,-0.32868448634026926,0.39538013537610067,0.07254772055423798,1.4711267200504934,0.30370724418563644
3,0.642570281124498,-0.7753046923555442,0.2628143463656535,0.22293311408035082,-0.3275930921598032,-1.2826184408147068,-0.35905616584209954,0.37160062526977916,0.09073599639257134,1.4633893938201212,0.33309891524367763
3,0.7228915662650602,-0.7945655224226676,0.24658331497782388,0.2603539233943959,-0.32545527901893956,-1.2664586364499637,-0.3889246883383995,0.3456228386483038,0.10555858831008483,1.4550473968299318,0.36223806406943004
3,0.8032128514056225,-0.8135560906458424,0.22990307470090524,0.2985062507349411,-0.31940605632290386,-1.2491323518239843,-0.4182357137248296,0.3181077240393689,0.116630637990702,1.446074467695517,0.3911080573561259
3,0.8835341365461847,-0.8323177251945278,0.21272042529555443,0.33666341863185034,-0.30921235515216083,-1.2306328702807507,-0.4469343231901596,0.28984389366439733,0.12372613119807752,1.4364432831790312,0.41970012184868827
3,0.963855421686747,-0.8508889512115794,0.1949823079234013,0.37403929276529785,-0.2948522591222137,-1.2109584896195456,-0.4749643908184165,0.2616809411612477,0.12682136896643484,1.4261272069045798,0.44801297305079385
3,1.0441767068273093,-0.8693036966133794,0.1766373870366021,0.409870245846739,-0.2765266622867777,-1.1901138739494006,-0.5022677609081039,0.2344454142090464,0.12610545001690832,1.4151019105069946,0.4760515861413709
3,1.1244979919678715,-0.8875888655867328,0.1576369755606149,0.4434930394059904,-0.2546319824512926,-1.1681113893500876,-0.5287834535870338,0.20886064108436464,0.12195312546587336,1.4033465744464655,0.5038253350118382
3,1.2048192771084336,-0.905761603673402,0.1379352513011156,0.47439924256921173,-0.22970284971540048,-1.1449723649831955,-0.554447170227701,0.18549021404570498,0.114868912487634,1.3908445120416808,0.5313458561543517
3,1.285140562248996,-0.9238266580288502,0.11748894688396572,0.5022567917206894,-0.2023426114374155,-1.120728249955976,-0.5791913420522914,0.16471488705479048,0.10542000743312288,1.3775832292093464,0.5586249991726184
3,1.3654618473895583,-0.9417741923953905,0.09625687456271668,0.5269013606252864,-0.17315949560423935,-1.095421639794806,-0.6029458756549254,0.14674041215996667,0.09417537115840206,1.3635540594049433,0.5856731255380462
3,1.4457831325301205,-0.9595782949977757,0.07419969607790046,0.5483079695217375,-0.14271954041717128,-1.0691071204733191,-0.625639635786259,0.13162588385953697,0.08166160406277267,1.34875156208982,0.6124978760627572
3,1.5261044176706826,-0.977196289965175,0.051280262598585306,0.5665547075469557,-0.11151919063431272,-1.0418518377049888,-0.6472026018158152,0.11932056591468508,0.06833812375113844,1.3331728542085228,0.6391034061004042
3,1.606425702811245,-0.9945688761474143,0.02746468215671822,0.5817875609104237,-0.07997470218660149,-1.0137356661821695,-0.6675685544762257,0.10969999001534025,0.05458855995898096,1.3168169914038195,0.6654900145471279
3,1.6867469879518073,-1.0116210773440224,0.0027240870503869603,0.594191193616848,-0.0484231695508643,-0.984850843904793,-0.6866780929942284,0.10259626764581319,0.04072310885100297,1.299684459986154,0.6916540666437025
3,1.7670682730923695,-1.028263973452694,-0.022963081217607775,0.6039671417397584,-0.017130141752899057,-0.9553009576464248,-0.7044817440970234,0.09782099096914182,0.026986851954130427,1.281776798390218,0.7175881151133995
3,1.8473895582329316,-1.0443971664962797,-0.049608554587301006,0.6113188788881075,0.013699947911110635,-0.9251992159655815,-0.7209429015466916,0.09518116213738068,0.013570365615290547,1.263096341436373,0.743281142607591
3,1.927710843373494,-1.0599119026941646,-0.07721181972787595,0.6164423763543366,0.04391290981923027,-0.89466601947338,-0.7360403309551661,0.09448947690566814,0.0006203713161967916,1.2436460689075395,0.7687188695476148
3,2.0080321285140563,-1.0746947201339314,-0.10575812222667201,0.6195206616179756,0.07339473981247287,-0.8638259232127143,-0.7497699953689533,0.09557044494776216,-0.011750711917156159,1.2234295367809074,0.7938840897003084
3,2.0883534136546187,-1.088631431370475,-0.13521716567047715,0.6207210900859494,0.1020628947718022,-0.8328041691684998,-0.7621460067159634,0.09826363960991023,-0.02345673206287418,1.2024508708431145,0.8187570096775126
3,2.1686746987951806,-1.1016111976393186,-0.16554268997271276,0.6201943516418164,0.12985899831728162,-0.801723032826495,-0.7732005855619477,0.10242507314930276,-0.03443130099990219,1.1807148056746941,0.8433155782172808
3,2.248995983935743,-1.113530422315476,-0.19667300368608864,0.6180745218771995,0.15674286246525884,-0.7706982632109106,-0.782983008847047,0.10792740798778357,-0.04462264747546494,1.1582267556614032,0.8675357975433416
3,2.3293172690763053,-1.124296196417204,-0.228532430100309,0.6144796978471168,0.18268762779165254,-0.7398358930531196,-0.7915576284267325,0.11465948352001865,-0.05398958252400522,1.1349929081031878,0.891392013259394
3,2.4096385542168672,-1.1338290705719674,-0.26103352420976894,0.6095129260438479,0.20767580925515017,-0.7092296544646363,-0.7990011357069362,0.12252546759829949,-0.062498331189020685,1.1110203313944558,0.9148571818505754
3,2.4899598393574296,-1.142064999317167,-0.29407984230764117,0.6032632460566065,0.2316960508968619,-0.678959163536573,-0.8053993143479726,0.13144382319082334,-0.07012001072800741,1.0863170936063093,0.9379031164867588
3,2.570281124497992,-1.1489563916445933,-0.32756900721270865,0.5958067504107779,0.25474042004758096,-0.6490889484760446,-0.8108435544222662,0.14134620107155763,-0.0768285711730029,1.0608923886383017,0.9605007127603965
3,2.6506024096385543,-1.1544722905773683,-0.3613958117013904,0.5872076110588071,0.27680210013902345,-0.619668306127766,-0.8154273955766735,0.15217631715738533,-0.08259904934650103,1.0347566684889418,0.982620156485541
3,2.7309236947791167,-1.1585977798544047,-0.39545513468956467,0.5775190553243779,0.29787336632037226,-0.5907318954339497,-0.819243329318016,0.16388883880184912,-0.08740601813802944,1.007921781162127,1.0042311158252375
3,2.8112449799196786,-1.1613327682657226,-0.42964449893019985,0.5667842954458522,0.317943748377494,-0.5623009227023036,-0.8223800317338297,0.17644828116982073,-0.09122213762747504,0.9804011143523528,1.0253029199140105
3,2.891566265060241,-1.1626903279252347,-0.4638661622728823,0.555037431378374,0.3369983009956566,-0.5343847463340697,-0.8249201307761991,0.1898278975511998,-0.09401673372396016,0.9522097453297302,1.0458047257773846
3,2.9718875502008033,-1.1626947642527417,-0.49802869673273165,0.5423043594894683,0.35501591308371416,-0.5069827254545516,-0.8269385470993554,0.20400853276165093,-0.09575434404199633,0.9233645974561739,1.065705674790369
3,3.0522088353413652,-1.161379577733111,-0.5320480616842805,0.5286037333833716,0.3719675968574316,-0.48008615264851,-0.8285013932001336,0.2189773935599257,-0.09639318104941066,0.8938846034383239,1.084975039076393
3,3.1325301204819276,-1.1587854482643734,-0.5658482158317922,0.5139480395187532,0.3878147050951062,-0.4536801381611896,-0.8296653760130538,0.2347266721482267,-0.09588347038285085,0.8637908747585827,1.1035823571325902
3,3.21285140562249,-1.154958338778819,-0.5993613364416752,0.49834487155981166,0.4025070338207779,-0.4277453449466087,-0.8304776238622125,0.25125193650390787,-0.09416562999068791,0.833106875661708,1.1214975564737972
3,3.2931726907630523,-1.1499477811302834,-0.6325277246217903,0.4817985169463339,0.41598077969718883,-0.40225950547397477,-0.8309758487871212,0.2685501713024202,-0.091168265504417,0.801858598355504,1.138691059216139
3,3.3734939759036147,-1.143805378153764,-0.6652954763071589,0.46431200776777254,0.42815634202087416,-0.37719867834004617,-0.8311887556241374,0.2866173150801618,-0.0868059742199904,0.7700747336458755,1.155133864130412
3,3.4538152610441766,-1.1365835324595808,-0.697619992171957,0.44588983920109615,0.4389359939347598,-0.35253822433632215,-0.8311366177531453,0.30544508991161085,-0.08097697987262806,0.7377868276831958,1.1707975958629702
3,3.534136546184739,-1.1283343959355707,-0.7294633897927496,0.4265416238858873,0.4482015068250048,-0.32825349684734423,-0.8308319524457679,0.325016858528937,-0.07356067344901696,0.7050294103680907,1.1856545088625292
3,3.6144578313253013,-1.1191090235232741,-0.7607938701542473,0.40628702487715623,0.4558119113234733,-0.3043202513772127,-0.8302802441921842,0.3453021758434668,-0.06441522728984858,0.6718400741798636,1.1996774303128062
3,3.694779116465863,-1.1089567096638626,-0.7915850795566728,0.385162387091909,0.46160173835212026,-0.2807147848936072,-0.8294806811316772,0.36624963443362435,-0.05337560157155158,0.6382594730319364,1.2128396239077808
3,3.7751004016064256,-1.0979244851970216,-0.821815498374358,0.36322953878528064,0.4653803329039434,-0.257413819324356,-0.8284268867096598,0.38777756625518556,-0.040252503579373045,0.6043311994809113,1.2251145557594472
3,3.855421686746988,-1.0860567554610863,-0.8514678800539637,0.3405872067721036,0.46693319897414326,-0.23439414738239753,-0.8271076458793232,0.4097622098252284,-0.024833220384414448,0.5701014862461519,1.2364755473435576
3,3.9357429718875503,-1.0733950664838732,-0.8805287571274889,0.317385285534022,0.46602683116858257,-0.21163206535007364,-0.8255076424701812,0.43202318015376073,-0.006885742434512742,0.5356186661461642,1.2468953108635998
3,4.016064257028113,-1.0599779948477306,-0.9089880249646012,0.2938416494943883,0.4624190729300283,-0.18910263017242873,-0.8236082408230225,0.45430665607329745,0.013831809431036401,0.5009323194524735,1.2563453834265585
3,4.096385542168675,-1.0458411674131118,-0.9368386070745647,0.27026008916419325,0.45587754327780594,-0.1667788003998531,-0.8213883585827862,0.4762678320821503,0.03755391217549658,0.46609204656662134,1.2647955102040478
3,4.176706827309237,-1.0310174277460524,-0.964076195984966,0.2470460846859429,0.44620868019120713,-0.14463055532028524,-0.818825483622989,0.4974560584541157,0.06447992715406065,0.43114583992627903,1.2722130722626865
3,4.257028112449799,-1.0155371730392324,-0.9906990490851003,0.22471457573547998,0.4332987282614528,-0.12262413354989003,-0.8158968782144015,0.517308626591496,0.09473449653851229,0.3961381042621462,1.2785627024995359
3,4.337349397590361,-0.9994288818278843,-1.0167077989759188,0.20388140281443212,0.4171646348362086,-0.10072158340248219,-0.8125809765941419,0.5351615687128283,0.12831787924288024,0.36110749370310613,1.283806261490971
3,4.417670682730924,-0.9827198301326237,-1.0421052169654992,0.18522955980670902,0.39800688154335573,-0.07888085172962164,-0.8088589092679861,0.5502862413430194,0.1650539228110796,0.3260848807125168,1.2879033218790492
3,4.497991967871486,-0.9654369458848592,-1.0668958579210597,0.16944552414161002,0.3762491308206496,-0.057056621231506566,-0.80471598342736,0.5619561489627858,0.2045505038000839,0.29109189401196983,1.2908122067276853
3,4.578313253012048,-0.9476076851653604,-1.0910855319903747,0.1571313260379344,0.352545455908218,-0.03520200317934414,-0.8001428455375199,0.5695378814925228,0.24619147300022098,0.25614048081424734,1.292491448619455
3,4.658634538152611,-0.929260756360975,-1.1146806056901344,0.14871188635423538,0.32774059534554006,-0.013270995719518779,-0.795136009692604,0.5725860694368523,0.2891746762089084,0.2212337962894061,1.2929013438282895
3,4.738955823293173,-0.910426511875556,-1.1376872197447863,0.1443661357484433,0.30278423883510414,0.008778620503209093,-0.78969751432643,0.5709133443310489,0.33259531971805023,0.1863684112928548,1.2920051755180613
3,4.8192771084337345,-0.8911368987335266,-1.1601105813642552,0.14400580291347123,0.2786201771192362,0.03098245142077924,-0.7838336779125369,0.5646111665467385,0.3755543297367474,0.15153747785253763,1.2897697524208078
3,4.899598393574297,-0.8714249891627562,-1.1819544949998377,0.14730751314653925,0.25608248459295085,0.05336723553144852,-0.777553184700812,0.5540159722968456,0.41726005917533526,0.11673426818792285,1.286165135932363
3,4.979919678714859,-0.8513242354883348,-1.2032212244475202,0.15378302527664686,0.23582586241757092,0.0759495105147572,-0.7708649193553949,0.53963619308191,0.4570965899042769,0.0819555066150206,1.2811636914810665
3,5.0602409638554215,-0.8308676484403649,-1.2239116698495847,0.16286180945587359,0.2183003384483038,0.09873528306434283,-0.7637759991692673,0.5220664492764882,0.4946485605398191,0.04720410664366009,1.2747387700307284
3,5.140562248995984,-0.8100870706799652,-1.244025756145375,0.17396332556548988,0.2037635673202297,0.12172055235764462,-0.7562903330076052,0.5019120112142467,0.5296891702453761,0.012491181542583885,1.2668633515873735
3,5.220883534136546,-0.7890126423492876,-1.2635629001295305,0.18654726301513674,0.19231543316445188,0.14489241201996725,-0.7484078476918665,0.47973556751267227,0.5621464130479086,-0.02216260019848882,1.2575089016090355
3,5.301204819277109,-0.7676724791750223,-1.2825224457304427,0.2001405773662831,0.18393996287746045,0.16823044158515799,-0.7401243517134304,0.4560275997808094,0.5920622591561983,-0.056726139557228335,1.2466445754102133
3,5.381526104417671,-0.7460925335773088,-1.300904003268326,0.21434623368417444,0.1785444555038041,0.1917081558261652,-0.7314318996309124,0.4311954622019823,0.6195546380649201,-0.09115731813501315,1.2342368093305132
3,5.461847389558233,-0.7242965891117674,-1.3187076724079865,0.22884021196060475,0.17599106679567192,0.21529436165876756,-0.7223194823152437,0.4055645469074624,0.6447868068621143,-0.12540253141506708,1.220249281065443
3,5.542168674698795,-0.7023063390500538,-1.335934157875324,0.24336241565738184,0.17611985481018247,0.2389543460651214,-0.7127738783500416,0.3793858018160422,0.6679449798568092,-0.15939622448849158,1.2046432015583732
3,5.622489959839357,-0.6801415098819765,-1.3525848008726433,0.257705379788369,0.17876425824644449,0.2626508717116006,-0.7027805362264056,0.3528456110950377,0.6892231738930855,-0.19306035271303085,1.1873779049595181
3,5.7028112449799195,-0.6578200024259544,-1.3686615519912593,0.2717030608735751,0.18376066185965928,0.2863449889049217,-0.6923243974587125,0.3260756756822033,0.7088135675663437,-0.22630372303474575,1.1684117200239679
3,5.783132530120482,-0.6353580333892819,-1.3841669083964447,0.28522082930408094,0.19095369450399116,0.30999668805191105,-0.6813906070099576,0.29916171252855217,0.7269006923920915,-0.2590211964952623,1.1477031285103187
3,5.863453815261044,-0.6127702676260159,-1.3991038329175995,0.29814706970166527,0.20019861839514386,0.3335654215414687,-0.6699650854929635,0.2721505284243433,0.7436580600971674,-0.2910927520414613,1.125212239918251
3,5.943775100401607,-0.5900699362245981,-1.413475667543556,0.31038640929527006,0.21136182745198956,0.3570105227217732,-0.6580349571302486,0.2450554343560208,0.7592461614418721,-0.32238243014846585,1.100902635779942
3,6.024096385542169,-0.5672689385578228,-1.4272860496225577,0.321854417327573,0.22432017411397387,0.38029154564207696,-0.6455888396801821,0.2178601716359873,0.7738110549853059,-0.35273719604781445,1.0747436602034592
3,6.1044176706827304,-0.5443779281792314,-1.4405388360366158,0.33247355877614315,0.23895961553138417,0.4033685445090287,-0.6326170094044855,0.1905216156851556,0.7874829741791877,-0.3819857907910961,1.046713255730529
3,6.184738955823293,-0.5214063834613267,-1.4532380386519148,0.34217018524562526,0.2551735077246593,0.4262023073694767,-0.619111457270391,0.16297156913984817,0.8003745250181742,-0.4099376782936234,1.0168014631794715
3,6.265060240963855,-0.49836266450593186,-1.4653877732304703,0.3508723700363338,0.2728607672300019,0.4487545549439113,-0.605065853466135,0.13511799233905247,0.8125781425034796,-0.4363822528133659,0.9850147169631229
3,6.3453815261044175,-0.475254058392279,-1.4769922234915325,0.35850842584256654,0.29192404876867606,0.470988112832647,-0.5904754369294142,0.10684606791224563,0.8241625451553318,-0.4610885481951802,0.9513810664969382
3,6.42570281124498,-0.4520868154463436,-1.488055621910259,0.3650059728168933,0.31226804233602357,0.4928670635475869,-0.5753368457641521,0.07801957020278746,0.8351679980027578,-0.4838057911209241,0.9159564273356293
3,6.506024096385542,-0.42886618009206484,-1.4985822489419904,0.3702914493728054,0.3337979635584181,0.5143568837241494,-0.5596479036947983,0.04848311036039242,0.8456002942495539,-0.5042652633652823,0.8788318948288164
3,6.586345381526105,-0.4055964210722215,-1.5085764524156169,0.3742899769795982,0.3564182897494812,0.5354245712685617,-0.5434073774406312,0.01806594554899027,0.8554235267546814,-0.5221840727249288,0.8401420133520852
3,6.666666666666667,-0.3822808674784057,-1.518042688592622,0.3769255047324935,0.38003177488471396,0.5560387667188205,-0.5266147204069868,-0.01341185391624648,0.8645519771359973,-0.537271550056662,0.8000736569788968
3,6.746987951807229,-0.3589219590215249,-1.526985585471677,0.37812117097309417,0.40453875563063196,0.5761698723524337,-0.509269819436885,-0.046130046265273485,0.8728418297661751,-0.5492390380387295,0.7588748195117544
3,6.827309236947791,-0.33552132102955545,-1.5354100269320436,0.37779982929202505,0.42983673503121494,0.5957901710633666,-0.4913727634394474,-0.08025494992358376,0.8800839228392489,-0.5578137294022527,0.7168621325010266
3,6.907630522088353,-0.31207987615606375,-1.5433212528561235,0.37588469608542846,0.4558202002348172,0.6148739442519346,-0.4729236549860111,-0.11592192696975703,0.8859993234300564,-0.5627568372115425,0.6744253841772605
3,6.9879518072289155,-0.28859800468342,-1.550724965300607,0.37230008675320886,0.4823805981999738,0.6333975836074003,-0.4539224874522913,-0.1532140339877148,0.8902400110898733,-0.5638856316894746,0.6320268434630507
3,7.068273092369478,-0.26507576222206375,-1.5576274244992412,0.36697221742077224,0.5094063644332167,0.651339685835623,-0.43436910949702556,-0.1921384115994397,0.8923971165069708,-0.5610977294348919,0.5901930530560784
3,7.14859437751004,-0.2415131561982311,-1.5640355123228364,0.35983005813095076,0.5367828827287754,0.6686811129728983,-0.41426329395392486,-0.2326033890714293,0.8920186598325256,-0.5543946258341886,0.5494972637154598
3,7.228915662650603,-0.21791047026891738,-1.569956737305197,0.35080623087361806,0.5643922584169349,0.6854049959652097,-0.39360491823726873,-0.27440052786347685,0.8886373200663358,-0.5439002287064335,0.5105320770591948
3,7.309236947791165,-0.19426861015085606,-1.5753991574875046,0.33983795309459036,0.5921128176921231,0.701496657911384,-0.37239424858144127,-0.31719628202684,0.8818064823842473,-0.5298697188282785,0.47387410599257496
3,7.389558232931726,-0.17058942926037368,-1.5803712077795449,0.32686803362682076,0.6198183046118559,0.7169434389027275,-0.3506323027170621,-0.3605370449715459,0.871140223515933,-0.5126849982976287,0.44004498236881756
3,7.469879518072289,-0.14687598407438,-1.5848814367445239,0.3118459365185901,0.6473768171526583,0.731734416328947,-0.32832125019189334,-0.40386890658550756,0.8563509497901514,-0.4928354621876495,0.4094749199936071
3,7.550200803212851,-0.12313267278113603,-1.5889381798744764,0.2947289355815677,0.6746495976577932,0.745860032319642,-0.30546480079077887,-0.4465701058792451,0.8372781290984145,-0.4708861892408287,0.3824752539090471
3,7.6305220883534135,-0.09936522827670047,-1.5925492147818163,0.2754833867723846,0.7014898406985386,0.7593116575747078,-0.2820685336696248,-0.487991094693591,0.8139032861494405,-0.4474387213768012,0.35922462160346136
3,7.710843373493976,-0.07558056389535374,-1.595721451227928,0.2540861422277666,0.7277417032361168,0.7720811338847021,-0.25814013228969024,-0.5274955805798045,0.7863496436215311,-0.4230911316373105,0.3397702366599697
3,7.791164658634538,-0.051786498537045374,-1.5984607020529076,0.23052611478686716,0.7532396871123808,0.7841603414551347,-0.2336895093466372,-0.5644963744962621,0.7548681994976174,-0.3984035832086944,0.324042324789546
3,7.871485943775101,-0.02799140799429059,-1.6007715625870313,0.2048059777273054,0.7778085270526093,0.7955408314602227,-0.20872882578214605,-0.598481936981592,0.7198144459918998,-0.3738734642116455,0.3118774153246675
3,7.951807228915663,-0.004203855920212739,-1.602657403044505,0.17694395337155638,0.8012636666379793,0.8062135515948902,-0.18327242336026756,-0.6290321772824965,0.6816207425032257,-0.34992147176373756,0.30304541726356704
3,8.032128514056225,0.019567748478270794,-1.6041204583810387,0.14697561504748177,0.8234123513366246,0.8161686768784371,-0.15733669854434731,-0.6558243367543276,0.6407687572177664,-0.3268877036498622,0.2972760483709941
3,8.112449799196787,0.043315433475247994,-1.6051619880155772,0.11495560384135789,0.844055319442878,0.8253955438310548,-0.13093994653854074,-0.6786311545992378,0.5977649987952074,-0.3050354265484228,0.29428161631603145
3,8.19277108433735,0.06703187280623825,-1.6057824746029725,0.08095915146689668,0.8629890292808569,0.8338826756841072,-0.10410220020089335,-0.6973139328427372,0.5531209489725345,-0.28455976711450504,0.2937746965504738
3,8.273092369477911,0.09071051704704473,-1.6059818346063173,0.04508330318683125,0.880008328497232,0.8416178805642962,-0.07684508174603169,-0.7118128723709443,0.5073380851916711,-0.26559882842722793,0.2954805026634449
3,8.353413654618475,0.1143456564141341,-1.6057596205818978,0.0074477516795938455,0.8949094460882042,0.8485884029462389,-0.04919167771117602,-0.7221364763897077,0.4608973195345418,-0.2482453346502591,0.299144532670327
3,8.433734939759036,0.13793242768375352,-1.6051152029079285,-0.03180478031302474,0.907493173777293,0.8547811100703322,-0.021166441298404115,-0.7283511880869841,0.41425201972433734,-0.23255756935407668,0.30453645070470137
3,8.514056224899598,0.16146677887955913,-1.6040479254007665,-0.0725086357816864,0.917568098789508,0.8601826981145998,0.007204878674385311,-0.7305718908575914,0.3678237163721878,-0.2185689503548809,0.31145123156468446
3,8.594377510040161,0.18494540398708148,-1.602557234003009,-0.11447578779383816,0.9249537574471687,0.8647799065855866,0.03589528591832767,-0.7289535110394536,0.32199969859437266,-0.20629601173937614,0.3197084920431391
3,8.674698795180722,0.20836565753670502,-1.6006427805599348,-0.15749682653246794,0.9294835966440278,0.8685597328791314,0.06487656712836115,-0.7236837188986609,0.27713187346741247,-0.1957448449847074,0.32915074332013244
3,8.755020080321286,0.23172545632143426,-1.5983045049133027,-0.20134229313911986,0.9310076577917332,0.8715096417259744,0.09411931015860406,-0.7149765956430544,0.23353644342344243,-0.18691620926523395,0.339641093539522
3,8.835341365461847,0.25502317330494617,-1.5955426986857248,-0.24576426321098216,0.9293949325292589,0.873617766112951,0.12359291482272886,-0.7030670872701872,0.19149411486619602,-0.17980958893672763,0.3510607364675402
3,8.91566265060241,0.2782575271398245,-1.592358053626921,-0.2904980723958524,0.9245353789351306,0.8748730972103814,0.1532656003051956,-0.688206070705358,0.15125067364792028,-0.17442648124899532,0.3633064007386738
3,8.995983935742972,0.3014274696984491,-1.5887516966060025,-0.3352640783330883,0.916341627770969,0.875265660907835,0.1831044121783306,-0.6706558892810468,0.11301784960951125,-0.17077316299214879,0.37628780704719106
3,9.076305220883533,0.3245320735095165,-1.584725212539265,-0.379769366964479,0.9047504482539438,0.8747866780424911,0.2130752312741384,-0.6506862592935706,0.07697444583314,-0.1688631252939577,0.3899250871780421
3,9.156626506024097,0.34757042093538176,-1.580280655846375,-0.42370933698477736,0.8897240785894985,0.8734287042538053,0.24314278623697402,-0.6285704928760973,0.043267734355490944,-0.1687192953283121,0.40414605666441067
3,9.236947791164658,0.37054149708237716,-1.5754205505798924,-0.46676913358935257,0.871251557335536,0.8711857441679902,0.273270671714064,-0.6045820225210681,0.012015126573705653,-0.17037608513994618,0.41888319495658605
3,9.317269076305221,0.393444088797661,-1.5701478791429666,-0.5086249516199124,0.8493502144902112,0.8680533330936386,0.30342137478564357,-0.5789912405812992,-0.016693882072233532,-0.17388122969008732,0.434070171939345
3,9.397590361445783,0.4162766924872552,-1.5644660595751745,-0.5489452895579504,0.8240674934754735,0.8640285780730944,0.3335563135421147,-0.5520626848916541,-0.042795509309250454,-0.1792972961107443,0.44963776186683624
3,9.477911646586346,0.43903743375699605,-1.558378911660077,-0.5873923118495483,0.7954832747081833,0.8591101493246083,0.3636358934724252,-0.5240526092245765,-0.06624926130487857,-0.18670266200747876,0.4655090047843465
3,9.558232931726907,0.4617240021025544,-1.5518906126594874,-0.6236235670504054,0.7637128474912036,0.853298212672707,0.39361958973261385,-0.4952069724727962,-0.08703534061629231,-0.19619167525205897,0.48159351605196155
3,9.638554216867469,0.4843336037615351,-1.5450056441879125,-0.6572944155446326,0.7289106218855526,0.8465942946069268,0.4234660658769115,-0.46575987139316527,-0.10515195676399712,-0.20787361143066307,0.4977809131894451
3,9.718875502008032,0.5068629354969529,-1.5377287326744087,-0.6880616341433408,0.6912745670490515,0.839001074075451,0.45313334224000745,-0.4359324259892502,-0.12061261915060849,-0.22186994943981186,0.5139334425359581
3,9.799196787148594,0.529308181282859,-1.5300647868861095,-0.7155887716698559,0.6510511864843384,0.8305221000094749,0.4825790289058982,-0.40593211112303373,-0.13344349641852293,-0.23830939849944327,0.529878067914396
3,9.879518072289157,0.5516650325659291,-1.5220188370784864,-0.7395538934550645,0.6085405733788367,0.8211614412071389,0.5117606382905008,-0.3759525135410018,-0.14368092573770244,-0.25732006677700064,0.5453985511468512
3,9.959839357429718,0.5739287308484163,-1.5135959812872584,-0.7596603144219914,0.5641007184509239,0.8109232857837809,0.540635989278907,-0.34617348344301563,-0.15136915137863652,-0.27901821876718913,0.5602284249360638
3,10.040160642570282,0.5960941287366073,-1.5048013448227733,-0.7756506929597365,0.5181497931361789,0.7998115202143968,0.5691637071231771,-0.31676164501841997,-0.1565583659467912,-0.30349331097284643,0.5740462105102084
3,10.120481927710843,0.6181557624230218,-1.495640058728723,-0.7873243409355247,0.4711646836071919,0.7878293310271295,0.5973038096295864,-0.28787123097859646,-0.15930312095557797,-0.33078952153602886,0.5864746864475228
3,10.200803212851406,0.6401079252042035,-1.48611726131666,-0.7945567303170474,0.4236737867640245,0.7749788819388758,0.6250183506912367,-0.25964521084402226,-0.1596611665178889,-0.3608848659820085,0.5970862903792878
3,10.281124497991968,0.6619447288831762,-1.4762381233958326,-0.797318987804254,0.37624225740661077,0.7612611208728053,0.6522720692489169,-0.23221668712295884,-0.15769277168200133,-0.39367017482876754,0.6054165684223063
3,10.36144578313253,0.6836601389846859,-1.466007892426573,-0.795693918959735,0.3294488076039575,0.7466757606178932,0.6790329710513516,-0.20571053424571378,-0.15346056543994147,-0.4289314463971293,0.6109866792112056
3,10.441767068273093,0.7052479720306661,-1.4554319441818948,-0.7898842969667383,0.2838549153114254,0.7312214521229199,0.7052727599424238,-0.18024524394968588,-0.14702992062495934,-0.46633988323716086,0.6133341895530053
3,10.522088353413654,0.7267018495489196,-1.4445158243693823,-0.7802094231000348,0.23996965543515195,0.7148961345496577,0.730967042976032,-0.15593491731420278,-0.13846987783671935,-0.5054536436843388,0.6120490037949179
3,10.602409638554217,0.7480151136484752,-1.4332652595214455,-0.7670877402833735,0.1982155515405985,0.697697510288647,0.7560952625674983,-0.1328913044208785,-0.12785457473052445,-0.5457335792328694,0.6068090201438733
3,10.682730923694779,0.7691807205103051,-1.4216861186272793,-0.7510063644306402,0.15890184198544288,0.679623568926631,0.7806403544976407,-0.11122574862448065,-0.11526511241187201,-0.5865721763818146,0.5974090345560678
3,10.763052208835342,0.790191137331707,-1.4097843151939136,-0.7324818106709019,0.12221058850957518,0.6606730805538065,0.8045881800783393,-0.09105085316385379,-0.10079176157350594,-0.6273315540507568,0.5837773081795051
3,10.843373493975903,0.8110382714288269,-1.3975656518672777,-0.7120185597294463,0.08819823317923627,0.640845997606057,0.8279268182643528,-0.07248166990214668,-0.08453639058607107,-0.6673840394032899,0.5659769910097597
3,10.923694779116467,0.8317134557831358,-1.3850356226460927,-0.6900724346876924,0.05681156719637771,0.6201437376572774,0.8506458179961385,-0.055636221820658666,-0.06661498841810021,-0.7061485369320615,0.5441932258716772
3,11.004016064257028,0.8522075047180201,-1.3721991969345078,-0.6670240166655492,0.02791404334601327,0.5985693549430334,0.8727355007489019,-0.040635212620677805,-0.04716015076988094,-0.7431176303748258,0.5187098036094736
3,11.08433734939759,0.8725108402406447,-1.3590606128085134,-0.6431644379340961,0.0013169401183532395,0.5761276350877766,0.8941863757859709,-0.02760084108223146,-0.026323394872648006,-0.7778731963120932,0.4898806917768374
3,11.164658634538153,0.8926136779223871,-1.345623204075328,-0.6186930610815666,-0.02318980611148777,0.5528251601625092,0.9149886974433266,-0.016654710443520116,-0.004277160660890391,-0.8100910665598088,0.45810147340437957
3,11.244979919678714,0.9125062535915937,-1.3318892789998782,-0.5937246511375734,-0.045810839788019114,0.5286703910148538,0.9351321646483072,-0.007914895146080063,0.018783654244665104,-0.8395370983227934,0.4237842998949252
3,11.325301204819278,0.9321790692357149,-1.3178600606585664,-0.5683028971311516,-0.06672466282911943,0.503673804646277,0.9546057431431473,-0.0014922915561792977,0.042640787303903034,-0.8660576851946605,0.3873381930406355
3,11.405622489959839,0.9516231374329515,-1.3035356917624492,-0.5424172910428824,-0.08606942131927602,0.4778481110785375,0.9733975810590576,0.0025135649048567384,0.06705249184153064,-0.8895675223734629,0.3491550401811371
3,11.485943775100402,0.9708302068623854,-1.288915301493883,-0.5160209960170106,-0.10393470630846971,0.4512085597837866,0.9914949865203391,0.0040189872077275954,0.0917543465189452,-0.9100367578368886,0.3096006747630688
3,11.566265060240964,0.9897929555825742,-1.273997128564379,-0.48904806794200634,-0.1203584043602513,0.42377333186619526,1.0088844389764882,0.002960665392061885,0.11646108988854537,-0.9274788848988248,0.26901000405959663
3,11.646586345381525,1.0085051428852774,-1.2587786929619165,-0.4614290277151921,-0.1353275108343892,0.3955640011887668,1.0255516115045973,-0.0007000423725135718,0.14086950640638227,-0.9419400739863382,0.22768508588532593
3,11.726907630522089,1.0269617141267235,-1.243257008269137,-0.43310424926098157,-0.14878187819241137,0.3666060353885907,1.0414813877731042,-0.006973322179743872,0.16466230024198994,-0.9534901780745885,0.18589519844645402
3,11.80722891566265,1.04515885581846,-1.227428826554708,-0.4040349476921865,-0.16061999824162182,0.33692929641571534,1.0566578638326474,-0.015837836292320683,0.1875127970971685,-0.9622153682496677,0.14387816386651373
3,11.887550200803213,1.063094000327654,-1.211290908443281,-0.374211772025598,-0.1707060536792924,0.3065684901496956,1.0710643308840755,-0.027238500309123132,0.2090902309833687,-0.9682122181426281,0.1018424002551293
3,11.967871485943775,1.0807657808042224,-1.1948403116895552,-0.34366116847875017,-0.17887761137186697,0.2755635073227026,1.0846832404181954,-0.041085109922092765,0.22906532912850644,-0.9715830097260817,0.059969353514720186
3,12.048192771084338,1.0981739372660209,-1.17807469234059,-0.3124498081370416,-0.1849534727863843,0.24395959401892836,1.0974961573434003,-0.05725168439724489,0.24711591695595786,-0.9724320387506624,0.018416090827615847
3,12.1285140562249,1.1153191743017616,-1.1609926128027108,-0.28068746209514633,-0.18874137022507176,0.21180729207108778,1.1094837096486179,-0.07557627684130261,0.2629323480057478,-0.9708627274364001,-0.02268207462658313
3,12.208835341365461,1.132202969472094,-1.143593850588005,-0.24852874610308517,-0.19004539382577904,0.17916209762927798,1.1206255449571565,-0.09586093060878709,0.2762227012388909,-0.9669753903894991,-0.06320900178226377
3,12.289156626506024,1.1488273297825355,-1.125879699452193,-0.21617411788591312,-0.18867325618069464,0.14608380216547154,1.1309003050121462,-0.11787147748339978,0.2867178747642758,-0.9608655365786934,-0.1030652241435347
3,12.369477911646586,1.1651944920541732,-1.1078532506259002,-0.1838703805992051,-0.18444371139426388,0.11263550313555307,1.1402856294318648,-0.14133699098989785,0.29417689186964086,-0.952622623600623,-0.14216555928134172
3,12.449799196787149,1.1813065628527153,-1.0895196355022636,-0.15191071657159558,-0.17719460962299885,0.07888230115885743,1.148758200353444,-0.1659489389853481,0.2983928829297726,-0.9423292084546284,-0.18043683815795455
3,12.53012048192771,1.1971650963290368,-1.0708862027655304,-0.12063396094941489,-0.16679213542029328,0.04488973457993281,1.1562938400453393,-0.19136040753183373,0.29920026004446126,-0.9300604624277203,-0.21781576190397742
3,12.610441767068274,1.2127706156149716,-1.0519625938018986,-0.09042245835466031,-0.15314169508872352,0.010722037497884623,1.1628676737850294,-0.21718615824078177,0.29648350602233503,-0.9158840365174133,-0.25424689091674263
3,12.690763052208835,1.2281220966751412,-1.0327606731515213,-0.06169748996192582,-0.13620063572697394,-0.023559660665540272,1.1684543689254883,-0.24300466786024102,0.290187709913724,-0.8998602781874331,-0.28968076996071757
3,12.771084337349398,1.2432164527177745,-1.0132942701399594,-0.03491100994743908,-0.11599245931124903,-0.05789905261655185,1.1730284567584806,-0.26836358113134223,0.28033046486258967,-0.8820428090224405,-0.3240721921698624
3,12.85140562248996,1.2580480796791305,-0.9935786990896713,-0.010532420664342991,-0.09262144768642745,-0.09224613678630998,1.1765647353099562,-0.2927900479464324,0.267014015905089,-0.8624794742820445,-0.35737860443894676
3,12.931726907630521,1.2726085423852393,-0.9736300529883193,0.01097050384610529,-0.06628572209800174,-0.12655832500998632,1.179038738810066,-0.31580705437142453,0.25043569250320213,-0.8412136668499329,-0.3895586562269475
3,13.012048192771084,1.286886486889663,-0.9534643091272352,0.029156540451047454,-0.03728593457996536,-0.16080106075156989,1.1804272450580644,-0.3369559592948608,0.23089389227297977,-0.8182860072942792,-0.4205708936238439
3,13.092369477911646,1.3008678470023214,-0.933096337277761,0.04364036632605846,-0.006026366956046955,-0.19494788075868386,1.1807087782241232,-0.3558240047260506,0.2087865285638693,-0.7937363278436447,-0.4503726025541849
3,13.17269076305221,1.3145363676809358,-0.912538945140187,0.054123203696258206,0.02699439297243421,-0.22897991149590588,1.1798640557067852,-0.37207379617355624,0.18459930727353996,-0.7676058637077314,-0.4789188108125726
3,13.25301204819277,1.327874401761095,-0.891802112190651,0.06042014231841729,0.06120454092497568,-0.26288485378432835,1.1778763265009236,-0.3854701821607851,0.15888271602071943,-0.7399395081343982,-0.5061614712559679
3,13.333333333333334,1.3408638694158472,-0.8708925378584653,0.062478969945667345,0.09599078356497107,-0.29665556464395315,1.1747315572954946,-0.3958993234870443,0.13221906363914787,-0.7107879512305165,-0.5320488666411486
3,13.413654618473895,1.3534872274175678,-0.8498135657229526,0.06038629144049793,0.1307367946004099,-0.3302883843951845,1.170418440854756,-0.40337562290890433,0.10518362504991183,-0.6802095115539765,-0.5565252947821254
3,13.493975903614459,1.36572829579593,-0.828565462867616,0.054359185271653454,0.16486246763043444,-0.36378137298076607,1.164928226241002,-0.40803461228911814,0.07830586887954043,-0.6482714957976988,-0.579531099883361
3,13.57429718875502,1.377572832584792,-0.8071459624786531,0.04472385918309971,0.19785769082803645,-0.39713260898189817,1.1582543964167114,-0.4101130996875698,0.052036976368401114,-0.6150509830984233,-0.601003101134496
3,13.654618473895582,1.3890088143959969,-0.7855509411634826,0.031885538998919605,0.22930590709790746,-0.4303386725309166,1.1503922394099417,-0.40992066591749365,0.026728222852740163,-0.5806350149465055,-0.620875428197107
3,13.734939759036145,1.400026445483958,-0.7637751060219443,0.016295133760454408,0.2588954658036381,-0.4633933881124545,1.141338369341789,-0.4078079368134643,0.0026219860257877354,-0.5451202543184929,-0.6390807151492705
3,13.815261044176706,1.4106179613721301,-0.7418125990521874,-0.0015821681048127437,0.28641957142922475,-0.4962868559984105,1.1310902522721151,-0.4041366981243663,-0.020145678531175354,-0.50861223914454,-0.6555515461179772
3,13.89558232931727,1.4207773086112792,-0.7196574696418846,-0.02129281784184785,0.31176756366214425,-0.5290047621951973,1.1196457812978164,-0.39925534461931306,-0.041533866135653505,-0.4712243839549202,-0.6702220091824229
3,13.975903614457831,1.4304997754811428,-0.6973040042159063,-0.042413753817407175,0.334910969922934,-0.5615279301224047,1.107002930509364,-0.3934812103878526,-0.061580687222651156,-0.4330768811534778,-0.6830292089937409
3,14.056224899598394,1.4397816296730386,-0.674746927759743,-0.06456424393487896,0.3558874803904712,-0.593832064243747,1.0931595027641918,-0.3870896911884242,-0.08038544203701388,-0.3942956303059876,-0.6939146133579064
3,14.136546184738956,1.4486197977534225,-0.6519815044029244,-0.0874118092852168,0.3747851688875676,-0.6258876330192378,1.078112974797162,-0.3803090641143872,-0.09809148623038476,-0.35501129133458,-0.7028251530514207
3,14.216867469879517,1.4570116032056404,-0.6290035668137919,-0.11067372083684962,0.39172835305660486,-0.6576598425448694,1.06186043605395,-0.37331951472089414,-0.11487117783773453,-0.31535852510302625,-0.7097140444590289
3,14.29718875502008,1.464954567226498,-0.6058095010706671,-0.1341155366224454,0.4068657125517899,-0.6891086595252875,1.0443986145530484,-0.3662549137196162,-0.13091347608202553,-0.2754754573591479,-0.7145413499521459
3,14.377510040160642,1.4724462689912496,-0.582396208338126,-0.15754789916702655,0.42036075284388025,-0.7201888505495581,1.0257239830566818,-0.3592061391111872,-0.1464142025249937,-0.23550338016347694,-0.7172743250374427
3,14.457831325301205,1.4794842585666244,-0.5587610591942114,-0.18082249912768447,0.4323844000536219,-0.7508500128447022,1.0058329408889126,-0.3522250578192988,-0.1615686586758878,-0.1955866887749379,-0.7178876230724358
3,14.538152610441767,1.486066014669006,-0.5349018518719707,-0.20382781761677263,0.443109377836716,-0.7810365792695818,0.98472206987323,-0.3453285790690297,-0.17656615712298884,-0.15587303871362085,-0.7163634387149868
3,14.61847389558233,1.4921889398825485,-0.510816782297895,-0.2264850252387142,0.45270598951586516,-0.8106877873787462,0.9623884665158056,-0.33850243032335875,-0.19158600018835628,-0.1165136969417285,-0.7126916735454198
3,14.698795180722891,1.4978503869752753,-0.48650443157979745,-0.24874424391963032,0.4613389569818317,-0.8397376091412979,0.9388301561221933,-0.3317044837239618,-0.2067944780554987,-0.07766405019038437,-0.7068702034687292
3,14.779116465863453,1.5030477110442113,-0.4619637753048074,-0.27058126064789834,0.4691650207711738,-0.868114644625944,0.9140465977189395,-0.3248675831078099,-0.22234252324326098,-0.03948422266255813,-0.6989053199420454
3,14.859437751004016,1.5077783430808231,-0.4371942183929767,-0.29199470591785887,0.4763310637647693,-0.8957419899105166,0.888039291034398,-0.31790190393138495,-0.23836372999132172,-0.002139743321061663,-0.6888124064148694
3,14.939759036144578,1.5120398809828561,-0.4121956590655269,-0.3130036622283874,0.482972575143142,-0.9225370967187775,0.8608124980666403,-0.31069693176065594,-0.25497251596036485,0.03419780972496565,-0.6766168981838911
3,15.02008032128514,1.5158301939070649,-0.3869685854818386,-0.333645639145195,0.4892123178557176,-0.9484116489075913,0.8323740916165502,-0.3031231785850616,-0.2722622659601111,0.06935027273078417,-0.6623555580303186
3,15.100401606425702,1.5191475351417363,-0.36151420852527266,-0.35397483441657196,0.49515910104041805,-0.9732714886570147,0.8027365411444665,-0.29503377760811855,-0.2903033522154815,0.10313256553996981,-0.6460780814441309
3,15.180722891566266,1.521990657236451,-0.33583463379764833,-0.37406059088556454,0.5009065900777873,-0.9970166329286543,0.771918042320274,-0.2862661070485198,-0.30914097370182136,0.13535267362628833,-0.627849024898592
3,15.261044176706827,1.5243589210938122,-0.3099330748149172,-0.39398595373512424,0.5065321120410539,-1.0195414278719812,0.739943790176859,-0.27664359789723575,-0.32879279882116064,0.16581205841052976,-0.6077500285818354
3,15.34136546184739,1.5262523880681205,-0.28381410732047496,-0.4138462307361257,0.5120954355367259,-1.0407348950072657,0.7068473870126535,-0.26597787724994365,-0.3492464308717072,0.19430661492521517,-0.5858822843571978
3,15.421686746987952,1.527671881109573,-0.25748396117120353,-0.43374745906030693,0.5176375225516304,-1.0604813275765423,0.6726723649344133,-0.25407139169896853,-0.3704567447594872,0.2206282972262454,-0.5623691815553539
3,15.502008032128513,1.5286189980653766,-0.23095084115455897,-0.45380468578968075,0.5231792672674348,-1.0786611978071001,0.6374737892655697,-0.24072064930101827,-0.39234316749417875,0.24456753483242338,-0.5373590478842675
3,15.582329317269076,1.5290960579093935,-0.20422526102668942,-0.4741399758151704,0.5287202545385048,-1.0951524356219635,0.6013198936304043,-0.22572021273267814,-0.4147869946207426,0.2659165662604193,-0.5110278925214776
3,15.662650602409638,1.5291059600203936,-0.17732036637606885,-0.4948800703800657,0.534237589239102,-1.1098321357993528,0.5642936799372261,-0.2088675831682196,-0.43762886098384574,0.2844738293272454,-0.48358204181641407
3,15.742971887550201,1.52865193862764,-0.1502522119459997,-0.5161536324219451,0.5396848680001465,-1.1225787435112162,0.5264943981589636,-0.18996912771684157,-0.4606665225120804,0.3000495650223635,-0.45526053170103054
3,15.823293172690763,1.52773720062949,-0.12303994937603198,-0.5380880313988392,0.5449913870704384,-1.1332747566543233,0.48803880117564397,-0.1688472245211739,-0.48365317912185773,0.31247281194484705,-0.4263370597481931
3,15.903614457831326,1.5263644461550332,-0.09570587393150687,-0.5608056409204879,0.5500617037247458,-1.1418099667591755,0.44906205049751086,-0.1453488065846103,-0.5062966894359846,0.321599968109241,-0.3971211908547658
3,15.983935742971887,1.5245352879922898,-0.06827527680256033,-0.5844196484619556,0.5547756930063522,-1.1480852369140675,0.4097181296954079,-0.11935544291397451,-0.5282602099004512,0.3273250402977085,-0.367958335998749
3,16.06425702811245,1.5222496074311522,-0.04077605646324639,-0.6090294094063338,0.5589892644093979,-1.152016783141399,0.37017960540611455,-0.09079494960215428,-0.5491650203286057,0.3295915347187354,-0.3392277930236611
3,16.14457831325301,1.5195049073424953,-0.013238061479728856,-0.6347154206065425,0.5625359212890388,-1.1535408819481812,0.33063656285813775,-0.05965420971925755,-0.5685965220962828,0.32840560493148657,-0.31133790057116545
3,16.224899598393574,1.5162957432405109,0.014307830582746615,-0.6615340452902018,0.5652293541523781,-1.15261886793588,0.29129453744781464,-0.02599236042976657,-0.5861145033061526,0.3238495304153378,-0.28471721887678747
3,16.305220883534137,1.5126133226805152,0.04183085015021451,-0.6895121958179026,0.5668672503949536,-1.1492422078440356,0.2523712716883136,0.010047194727216407,-0.6012685934860047,0.31609388625420737,-0.25980077874747737
3,16.3855421686747,1.508445355692721,0.0693015931600251,-0.7186422759787232,0.5672364672116208,-1.1434373401993638,0.21409215721062255,0.048228213139683694,-0.6136192071528297,0.3054060473456833,-0.23701101042943942
3,16.46586345381526,1.5037762100439713,0.09669326408032718,-0.7488777977822887,0.566119639269218,-1.1352698571964566,0.17668428708627923,0.08821919201030513,-0.622763131317904,0.29215225292446945,-0.21673405911792115
3,16.546184738955823,1.4985873775610135,0.1239827510130842,-0.780130203737225,0.5633031644598748,-1.1248474938050652,0.14036916144734457,0.129599594406434,-0.6283613932919725,0.27679072557484335,-0.19929368362833197
3,16.626506024096386,1.4928582014205038,0.15115139241489062,-0.8122675133312931,0.5585863227924662,-1.1123213094985234,0.1053542703959141,0.1718760765950349,-0.6301656160050562,0.25985454481427844,-0.18492636959821557
3,16.70682730923695,1.48656676529505,0.17818534024626792,-0.8451154189255219,0.5517910399474654,-1.097884449264868,0.07182402256757733,0.21450806929634836,-0.6280383564540876,0.24192503359899198,-0.17376204630722392
3,16.78714859437751,1.4796908183068873,0.2050754916228561,-0.8784613255152482,0.5427715431206467,-1.081768004451672,0.03993076127976865,0.2569397727894182,-0.6219634741078308,0.22359873887061554,-0.16581432191544146
3,16.867469879518072,1.472208613033893,0.23181703132087914,-0.9120615211854731,0.5314229363385892,-1.0642337951066194,0.009786844900890337,0.29863388164084004,-0.6120444145509804,0.20545282161736098,-0.16098239800937922
3,16.947791164658636,1.464099563980928,0.2584086815963331,-0.9456511994468002,0.5176876363891564,-1.0455643458717359,-0.018541135701502856,0.33910189388124873,-0.5984908661576253,0.18801408745635995,-0.15906431612636235
3,17.028112449799195,1.4553446790669637,0.2848517818524058,-0.9789565237162817,0.5015587376343618,-1.026050840243277,-0.04503505862254993,0.3779268465025806,-0.5815966149154873,0.17173583839001522,-0.15977884594873135
3,17.10843373493976,1.445926761958743,0.3111493178854068,-1.0117074795128667,0.48307973994754744,-1.0059802713018606,-0.06972432909028164,0.41477630356133943,-0.5617127978587766,0.15698468529464557,-0.16279193088389696
3,17.188755020080322,1.4358304176635808,0.3373049968742331,-1.0436500537944402,0.46234061615654165,-0.9856232148038895,-0.092681297936457,0.4494055986664205,-0.5392208618448681,0.14403725226832947,-0.1677434532494504
3,17.269076305220885,1.4250419126480847,0.36332243158269417,-1.0745563944378187,0.43947077392258876,-0.9652235529912148,-0.11401364402183273,0.48165301885668316,-0.514508620770962,0.13308501592426644,-0.17427094071248905
3,17.349397590361445,1.4135489455436376,0.38920446506290934,-1.1042320033999105,0.4146299188173701,-0.9449911002179309,-0.13385478586190755,0.5114294712670038,-0.4879514210950949,0.12424468680720084,-0.18202817692327805
3,17.429718875502008,1.4013403790711174,0.4149526418162577,-1.1325195770081393,0.3879980342557367,-0.9250975442255595,-0.15235359092525905,0.5387052585059114,-0.4598990704703948,0.11757148365667064,-0.1906980146763415
3,17.51004016064257,1.3884059733728793,0.440566814287249,-1.1592996577217305,0.35976563557571617,-0.9056755794220467,-0.16966457410653826,0.5634961551631739,-0.43066817804578655,0.11307310860772496,-0.19999969771064124
3,17.59036144578313,1.3747361490079844,0.4660448646461509,-1.1844886734834803,0.3301251913743972,-0.8868206988357464,-0.18593948709735633,0.5858503279869565,-0.4005389723640456,0.11072289532428668,-0.209691596559147
3,17.670682730923694,1.3603217971227508,0.4913825185177104,-1.2080351487741363,0.29926424522735673,-0.8685948940999384,-0.20132081539139365,0.6058369931937199,-0.3697554577611339,0.11047125255760473,-0.21957049059254066
3,17.751004016064257,1.3451541457026905,0.5165732282227243,-1.2299148913760156,0.2673604184441359,-0.8510314774363905,-0.2159373274473687,0.6235371810645777,-0.3385278114610241,0.11225504204513864,-0.22946850775846814
3,17.83132530120482,1.32922468478453,0.5416081059014688,-1.2501258436323444,0.23457820096368717,-0.83414033690747,-0.22990153585479978,0.6390366152503762,-0.30703610462730846,0.116004880504909,-0.23924866638304834
3,17.91164658634538,1.312525149730909,0.5664758907696091,-1.2686831080131276,0.20106726735013114,-0.8179130998489316,-0.24330875719448802,0.6524205017639815,-0.27543465437456266,0.12165055636716952,-0.2487997465506902
3,17.991967871485944,1.295047559740954,0.5911629386520109,-1.2856144689684814,0.1669619815750776,-0.8023278564741003,-0.25623738789729056,0.6637699254002374,-0.24385653053550205,0.1291248403013907,-0.25803100179429633
3,18.072289156626507,1.2767843081368988,0.615653225566964,-1.3009565724264656,0.13238175219417087,-0.7873532513280611,-0.26875001941593757,0.6731595316922753,-0.21241792129290704,0.13836598392535313,-0.2668670370522908
3,18.152610441767067,1.2577283011567892,0.6399283602189199,-1.3147518052521785,0.09743194032165702,-0.7729518695285887,-0.2808950668491893,0.6806561988890175,-0.1812221986574905,0.14931917473496092,-0.27524303503389763
3,18.23293172690763,1.2378731425776845,0.6639676028075151,-1.3270458399659073,0.06220508231842001,-0.7590829259924556,-0.29270865462243817,0.6863184529439412,-0.15036362012462123,0.16193717043673764,-0.2831004103788763
3,18.313253012048193,1.2172133621790289,0.6877478895607468,-1.337885767941524,0.02678225091675485,-0.7457043145152018,-0.3042165733112188,0.6901964346608949,-0.11993066381948084,0.17618028561680238,-0.2903829033468024
3,18.393574297188756,1.1957446865684862,0.7112438639510509,-1.3473187273984764,-0.008765566568997782,-0.7327740981014224,-0.3154361833996784,0.6923322827123559,-0.09000902919254108,0.1920158562190568,-0.29703308478983403
3,18.473895582329316,1.1734643510544114,0.7344279166369164,-1.3553909319362245,-0.044376150220370655,-0.720251529858477,-0.3263781906211186,0.69276084599902,-0.06068435083700393,0.20941726474127037,-0.3029892249584236
3,18.55421686746988,1.150371450865469,0.7572702369044483,-1.3621470137685814,-0.07999483399321675,-0.7080976918989184,-0.3370482535003043,0.6915106817294933,-0.032044675318820354,0.22836257307253766,-0.3081824740921073
3,18.634538152610443,1.1264673289686564,0.7797388786422264,-1.3676296084543749,-0.11557341809237053,-0.6962758321764898,-0.3474484082098784,0.6886053330672529,-0.0041827432087061245,0.24883277859495553,-0.3125343091312718
3,18.714859437751002,1.1017559958336254,0.8017998437546413,-1.3718791213928947,-0.1510692135287998,-0.6847514695285756,-0.3575783115311989,0.684064912575819,0.02280189643815604,0.2708096825120261,-0.3159542151327989
3,18.795180722891565,1.076244573594105,0.8234171852715487,-1.3749336290536889,-0.18644421600570704,-0.6734923269927997,-0.3674363117575766,0.6779080466665095,0.0488009338417744,0.2942733357858741,-0.31833759135003964
3,18.87550200803213,1.0499437530417823,0.8445531311825574,-1.376828878977867,-0.22166440131983353,-0.6624681437820347,-0.3770203618364798,0.6701542626641138,0.07369553323879743,0.31919900705400583,-0.31956390126504186
3,18.955823293172692,1.0228682465914827,0.8651682283123608,-1.377598361664496,-0.2566991320941989,-0.6516504079850343,-0.3863287907430767,0.6608269233454553,0.09735481818962755,0.3455535997125925,-0.31949512366471305
3,19.03614457831325,0.9950372138715046,0.885221503217098,-1.377273434794873,-0.2915206651372186,-0.6410120448877953,-0.3953609487728449,0.6499568320681375,0.11963472330115762,0.37329143374302626,-0.3179746126081923
3,19.116465863453815,0.96647462901331,0.9046706345404192,-1.375883485907009,-0.3261037489084698,-0.630527090398418,-0.4041177412767056,0.6375866403094563,0.14037739548187167,0.40234930698266075,-0.3148265398371155
3,19.196787148594378,0.9372095506791605,0.9234721288539812,-1.373456124003748,-0.360425301193825,-0.6201703751124238,-0.41260206342351935,0.6237761785990543,0.15941141325779706,0.43264076983795696,-0.30985617749443384
3,19.277108433734938,0.9072762483592868,0.9415814902769215,-1.3700173938763824,-0.3944641576428914,-0.6099172421684158,-0.42081914611031124,0.6086087868254908,0.17655319676175524,0.4640496008600207,-0.30285138328547434
3,19.3574297188755,0.8767141333354331,0.9589533744837062,-1.3655920093180636,-0.42820088193565403,-0.5997433213458387,-0.4287768199804201,0.5921986182911037,0.1916100929406967,0.4964225790373657,-0.2935857655083289
3,19.437751004016064,0.8455674425717113,0.9755417205398002,-1.3602036030090103,-0.4616176280040411,-0.5896243823103005,-0.43648570023447775,0.5746987044816989,0.20438572246585843,0.5295618382659005,-0.28182411476714003
3,19.518072289156628,0.8138846320830334,0.9912998607386279,-1.353874991560638,-0.4946980436144298,-0.5795362913199268,-0.4439592891213176,0.5563092679870879,0.21468821863232362,0.5632173828104435,-0.2673307466352042
3,19.598393574297187,0.7817174567409458,1.006180618541512,-1.3466284537959672,-0.5274272028941659,-0.5694550967855742,-0.4512139853056386,0.5372853463654634,0.2223419040224826,0.597080747475132,-0.2498813343641903
3,19.67871485943775,0.7491197485587924,1.0201364164914144,-1.3384860184390834,-0.5597915531836781,-0.5593572682126894,-0.45826897976225395,0.5179422772885927,0.2272026351819431,0.6307812608043878,-0.22927851872742544
3,19.759036144578314,0.716145954857709,1.0331194252079967,-1.3294697536106577,-0.591778859578392,-0.5492201075951155,-0.46514600755065927,0.49865711218672726,0.22917640174391216,0.6638867941613363,-0.20537095982285763
3,19.839357429718877,0.6828495552691607,1.0450817859274892,-1.3196020448130146,-0.62337812964304,-0.5390223393685096,-0.47186891630534666,0.4798638031785998,0.22823975870555138,0.6959110257337634,-0.1780744986846541
3,19.919678714859437,0.6492815295273096,1.0559759271753393,-1.3089058410785321,-0.6545795023894322,-0.5287448621566484,-0.4784630100588005,0.462040357769444,0.22445943288108783,0.7263288159384267,-0.1473928476081945
3,20.0,0.6154890783194835,1.0657549696923239,-1.2974048424739681,-0.685374090930455,-0.518371612859068,-0.4849541370667248,0.4456873366190747,0.21800735658328743,0.7546000403944778,-0.11343409827843151
4,0.0,-0.30701554932406744,0.3562071761632165,0.8408652419200286,-0.9229975661397778,0.7360846936306361,1.149266238269768,-0.8132749968453907,-0.6897679732040767,-0.4566593893812063,0.10729212491087001
4,0.08032128514056225,-0.35717067858002055,0.36486393391345284,0.858189482295393,-0.9038601109972387,0.7145676903146082,1.1659735907156459,-0.7866964176140631,-0.7112081055712277,-0.42889007641591737,0.0842306919393679
4,0.1606425702811245,-0.4109919320242732,0.3604581927521339,0.8750640076053587,-0.8842508597530628,0.6928766127855142,1.1821457870297707,-0.7595830361773527,-0.7319122020039125,-0.39736565218924674,0.07355908197507072
4,0.24096385542168675,-0.4648471347305454,0.3420606064449309,0.891506142508059,-0.8641905776858672,0.6709844123466301,1.1977493731630493,-0.7320505022220911,-0.7517496580112958,-0.3655929179020523,0.0761302560891826
4,0.321285140562249,-0.5144586496594779,0.3096981168237514,0.9075250284499536,-0.8437145205364601,0.648851458236734,1.2127765011911313,-0.7041549818310979,-0.7705719018353736,-0.3377628551961115,0.09181180435695097
4,0.40160642570281124,-0.5552415482696467,0.26499316312966037,0.9231136964200976,-0.8228660863231416,0.6264404757890407,1.227247629640584,-0.6758833006592242,-0.7882437559975398,-0.31842932328026724,0.11886904955043695
4,0.4819277108433735,-0.5832340402415084,0.21153892511710257,0.9382453913664572,-0.8016848780759271,0.6037332360998887,1.241205862411777,-0.6471639149148014,-0.8046736257782511,-0.311580672310036,0.15361371632529852
4,0.5622489959839357,-0.5962439928887997,0.15449058639403712,0.9528787887403456,-0.780193938921196,0.5807428095595858,1.2547016977609469,-0.6178969338575632,-0.8198320582080436,-0.31948067155356846,0.1908337129742557
4,0.642570281124498,-0.5944476398222717,0.09938937433073275,0.9669706628844426,-0.7583942216549115,0.5575138220593628,1.267772741600769,-0.5879930938895237,-0.8337521226827482,-0.3420437512320099,0.22498422840615798
4,0.7228915662650602,-0.5800294949358612,0.05092628288248513,0.9804882165811224,-0.7362695466294091,0.5341086968937014,1.2804285417088488,-0.5574086086956032,-0.846512852714923,-0.37715880984335937,0.25142757475299815
4,0.8032128514056225,-0.5562493898897242,0.012342041900129835,0.9934147810815799,-0.7137973834507324,0.510587181954777,1.292648596814851,-0.526166327738288,-0.8582129684175701,-0.4215862454083448,0.2670197131533216
4,0.8835341365461847,-0.5266247377622907,-0.014484104660108903,1.0057489631863266,-0.6909589451223658,0.48698992849837647,1.3043925721109597,-0.4943596168762608,-0.8689429971907733,-0.4717545370461516,0.2699934748622881
4,0.963855421686747,-0.49457273426462145,-0.028661552681908148,1.017500580561464,-0.667745780826347,0.46333175384767517,1.3156152635673033,-0.4621397994971761,-0.8787615182509315,-0.5241198006473418,0.2595535881918831
4,1.0441767068273093,-0.46344410116617263,-0.030017399186221528,1.0286856782688774,-0.6441633072741615,0.43960354786035205,1.3262796905808516,-0.42969032640053606,-0.8876790280228212,-0.5751547985625207,0.23558004390235235
4,1.1244979919678715,-0.4367002079526582,-0.019107781761062183,1.039320886281799,-0.620232166836669,0.4157793740386863,1.3363658618950593,-0.3971926801561717,-0.8956521457649069,-0.6212073722116558,0.19862623246757846
4,1.2048192771084336,-0.4179540344856842,0.0024937914197123504,1.049416663944431,-0.5959870210816824,0.3918264710839968,1.3458752996575265,-0.3647913403130246,-0.9025904198298096,-0.6584977602297193,0.15020834983425277
4,1.285140562248996,-0.41063555414614367,0.03181788916460855,1.0589702213437486,-0.5714712170019124,0.3677172659815133,1.3548311645285367,-0.33256705960551064,-0.9083760166775089,-0.6834848735736079,0.09319817998627566
4,1.3654618473895583,-0.41722752543751984,0.06439692025679704,1.067961344005635,-0.546726698810604,0.3434418436071372,1.3632724889867995,-0.3005270066718294,-0.9128925473073649,-0.6936486555034233,0.031949836874371765
4,1.4457831325301205,-0.438386628639245,0.09479547563226495,1.0763550861898517,-0.5217823209955035,0.3190165450071541,1.3712415054596199,-0.26861563191985605,-0.9160552057082065,-0.688369370637905,-0.02819945438817527
4,1.5261044176706826,-0.47253661813585857,0.11772793012593996,1.0841115492975562,-0.4966469839764311,0.29448275338592717,1.378767296240154,-0.23674303549524414,-0.9178333419331108,-0.6693146490523807,-0.08201490045655262
4,1.606425702811245,-0.5162727189256322,0.1291895369105938,1.091197459537914,-0.4713117510295373,0.2698940202262779,1.3858540325795483,-0.20482192695071538,-0.9182594482439248,-0.6399968338878446,-0.12547237021668045
4,1.6867469879518073,-0.5652949892964678,0.12699163881327657,1.097593418968657,-0.44575879899292137,0.245297973090569,1.3924809233161486,-0.1728024835414824,-0.9174230752087265,-0.604793919221276,-0.15629068792777787
4,1.7670682730923695,-0.6152774965524274,0.11060684405194013,1.1032950019307808,-0.41997166417054554,0.22072303501333815,1.3986128401796174,-0.14069611120208889,-0.9154518943294058,-0.568044429189603,-0.17379612573160688
4,1.8473895582329316,-0.6623169185616756,0.08068383042512946,1.108309714129036,-0.3939429535482008,0.1961749162253234,1.4042141561906067,-0.10858261996065292,-0.912484515063142,-0.5335850918320308,-0.178470518004394
4,1.927710843373494,-0.7029882038430082,0.038630380381875,1.1126522668585106,-0.36767873088639824,0.1716408820357163,1.4092593680840693,-0.07659965226839546,-0.9086412217237663,-0.5047052927828232,-0.1715697958557805
4,2.0080321285140563,-0.7342373589943267,-0.013538042866926331,1.1163392120890248,-0.3412001190799675,0.14709753050225566,1.4137387205842413,-0.04491761273076633,-0.9039993405064091,-0.4842817708661875,-0.15500121813093917
4,2.0883534136546187,-0.7533631369573057,-0.07309505364733546,1.1193829668945743,-0.31454224935635355,0.12251948857222975,1.4176598207693034,-0.01370673454707146,-0.898579114931907,-0.47483258396242684,-0.13144340283370815
4,2.1686746987951806,-0.7582689630448523,-0.136412878698221,1.1217856319502342,-0.28774984206869253,0.09788833980686411,1.4210460157823708,0.016895506926444263,-0.8923438124869426,-0.4783005156386904,-0.10453948252851543
4,2.248995983935743,-0.7480136698201759,-0.1989620344003058,1.1235345509439632,-0.26086893926316274,0.07320105513786439,1.4239309286398314,0.04680878708490824,-0.8852145605398326,-0.49553072334656,-0.07888539443653103
4,2.3293172690763053,-0.723440676071658,-0.2557670539963876,1.1246026417633617,-0.23393650692824122,0.04847524806409865,1.4263484355683287,0.07602042105813743,-0.8770967257634759,-0.5256576348139399,-0.05954814888022474
4,2.4096385542168672,-0.6874500606624792,-0.30233121276874775,1.1249549400407115,-0.20697242133908886,0.02374707773503452,1.428320185028987,0.10457963303337335,-0.867911616793472,-0.56583159014664,-0.05110493412767941
4,2.4899598393574296,-0.6445741503888535,-0.3356378379062979,1.1245587755357862,-0.1799783367056935,-0.0009397456075691882,1.4298468152492352,0.13257700551925622,-0.8576257084916331,-0.6116218850586198,-0.05660493214561142
4,2.570281124497992,-0.5999800438152716,-0.35467420471629824,1.1233924217772873,-0.15294395949976422,-0.025548841510591756,1.430908798261081,0.16011389581069957,-0.8462694691306526,-0.6579774322621235,-0.07702116491436661
4,2.6506024096385543,-0.558434955268484,-0.3602507259851743,1.1214486800959897,-0.12585699058753153,-0.05006140720113272,1.4314762901450166,0.18726958516106723,-0.8339395266335264,-0.7002219027874403,-0.11142904693878511
4,2.7309236947791167,-0.523714876683212,-0.35438620213459165,1.1187335072995357,-0.09871221681401464,-0.07447753433859655,1.4315213183503077,0.2140755745386107,-0.820782337951187,-0.7346166708163377,-0.15764056145051508
4,2.8112449799196786,-0.4985348137627116,-0.33971900814091877,1.1152618303478807,-0.07151735144499993,-0.0988108832505066,1.431026349825064,0.24050465036169938,-0.8069639808418101,-0.7584207836963618,-0.21282600939733576
4,2.891566265060241,-0.4847509419191505,-0.31922058002307313,1.1110523443826976,-0.04429538023143959,-0.1230811451902898,1.4299878515476006,0.2664769130153735,-0.7926355432505209,-0.7696971702886307,-0.27383634804256757
4,2.9718875502008033,-0.48352521877352583,-0.29620534986629177,1.1061219553631658,-0.017083848820559452,-0.14730682541684204,1.4284162421981168,0.29187916532321806,-0.7779040003790052,-0.7671690764960161,-0.33722304313226104
4,3.0522088353413652,-0.4952569008993223,-0.2744500401113482,1.100480146945058,0.010068857323742133,-0.17149880311838842,1.4263334277901478,0.3165911453286134,-0.7628153510326806,-0.7503155882559605,-0.39913689396986163
4,3.1325301204819276,-0.519253908079122,-0.258166286978282,1.0941243162059016,0.03711039446284454,-0.1956548930205568,1.4237678127417668,0.340512213627109,-0.7473528301034907,-0.7197277287333315,-0.45535909012283926
4,3.21285140562249,-0.553313282987024,-0.2515990533108782,1.0870382199645021,0.06399365210407085,-0.2197570101475199,1.4207463544090295,0.36358347948423075,-0.7314498503156479,-0.677551406314189,-0.5016911028865751
4,3.2931726907630523,-0.5935602612289694,-0.2582070523060074,1.079195490813474,0.09068535669982682,-0.24377372964378938,1.4172850996009432,0.385801472278349,-0.7150150549207958,-0.627662972219064,-0.5347483490739674
4,3.3734939759036147,-0.6348853307357738,-0.27972605746444185,1.0705677901479396,0.11716999754170672,-0.26766935235299977,1.4133826859994139,0.40721997965856555,-0.697964703546909,-0.5752330867177314,-0.5528619225297705
4,3.4538152610441766,-0.67196055391626,-0.31566843766903374,1.061134094174999,0.14344669098512416,-0.2914157279062087,1.4090215004084166,0.4279376503241233,-0.6802547468680656,-0.5256954626766535,-0.5565450068564421
4,3.534136546184739,-0.7003309299811057,-0.3636050025601082,1.050886859405773,0.1695204990363347,-0.31500003106305635,1.4041762545365803,0.4480724394308713,-0.6619023762208273,-0.48362833779248227,-0.5481893747919805
4,3.6144578313253013,-0.716998879713877,-0.41999553244778776,1.0398331741983375,0.19539246586646736,-0.3384248797473441,1.3988244546353472,0.46772995612258395,-0.6429882503285214,-0.4521393708597003,-0.5312331377255064
4,3.694779116465863,-0.7203715559287279,-0.48099282105462043,1.0279919333649628,0.22105214411624788,-0.36170290353403983,1.3929534892064597,0.4869767591956464,-0.6236380570654774,-0.43289423309784136,-0.5093747552026104
4,3.7751004016064256,-0.7098972343744767,-0.5428477660581064,1.0153890601580735,0.24647402604906682,-0.38484986748450833,1.3865630949863719,0.505827253819565,-0.6039911085509511,-0.42646921211865324,-0.486198246426382
4,3.855421686746988,-0.6857806419847748,-0.6019396602668304,1.0020520362573648,0.2716175778958586,-0.4078786623686297,1.3796645913982593,0.5242460845723724,-0.5841675702532222,-0.4326388164763326,-0.46517493877406607
4,3.9357429718875503,-0.6489709900708474,-0.6546745059392032,0.9880041943565923,0.29643032013075227,-0.4307944885584734,1.372278135988599,0.5421624691502893,-0.5642435088057715,-0.45040118487756053,-0.4497904413743773
4,4.016064257028113,-0.6014044512458828,-0.6975190413359816,0.9732594263712998,0.32085372814818286,-0.4535912618529024,1.3644281219523922,0.5594913266841981,-0.5442381729444921,-0.47775503995671253,-0.44352463582010215
4,4.096385542168675,-0.5463104177939307,-0.7273663976025031,0.9578189143550776,0.34483145466936393,-0.47625029767216154,1.3561365310760243,0.5761568057863258,-0.5241144054311971,-0.5114150046753109,-0.4494871827116888
4,4.176706827309237,-0.4882519597205404,-0.7422514581517585,0.9416720159059658,0.36831803048497525,-0.4987431876933668,1.347415443466531,0.5921144351194607,-0.5037915719630793,-0.5467913036115188,-0.46969044383666947
4,4.257028112449799,-0.4325873550344902,-0.7421208473183125,0.9248022501947105,0.3912846667445794,-0.521039502352561,1.3382621812318558,0.6073673150820933,-0.48316943724796835,-0.578542707889752,-0.5042565634101556
4,4.337349397590361,-0.3843889575423761,-0.729115807178789,0.9071965293358311,0.4137189919412282,-0.5431162866371383,1.328660736470036,0.6219704388670068,-0.46215879766521656,-0.6016617240233231,-0.5511051235672598
4,4.417670682730924,-0.3473651148329356,-0.7070434095720985,0.8888535810971837,0.43561844792653487,-0.5649639506861802,1.3185892795323007,0.6360186684097242,-0.44071006967417015,-0.6125431839877916,-0.606454248212568
4,4.497991967871486,-0.3234021288197044,-0.6803506368422468,0.8697881818591736,0.45698062548156576,-0.5865856993723787,1.3080291806414033,0.6496204511814976,-0.4188286214636507,-0.6094208048485875,-0.6658305478170724
4,4.578313253012048,-0.31280279393243615,-0.6532656306743866,0.8500306206919173,0.47779484907726993,-0.6079923742595608,1.2969710361151874,0.6628672106088533,-0.39657043105732653,-0.5921026631087731,-0.7249298234607451
4,4.658634538152611,-0.3147937295616627,-0.6294637986688834,0.8296228645532465,0.49803744577088727,-0.6291962816686422,1.2854165764753622,0.6758101934843329,-0.3740213785251314,-0.5614430468072741,-0.7799688450522354
4,4.738955823293173,-0.3278762127542218,-0.6121356884806145,0.8086129616005033,0.5176708458582442,-0.6502060232430529,1.273377646531742,0.6884512232212683,-0.3512700161559629,-0.5189819488244963,-0.827642787753409
4,4.8192771084337345,-0.34987360837082654,-0.6041377015691507,0.7870485188187399,0.5366457938040856,-0.6710226229499328,1.2608733814472624,0.7007470531280316,-0.3283831944894202,-0.4668993406260116,-0.8649982791927776
4,4.899598393574297,-0.37776113539400036,-0.6079544774987232,0.7649700278948821,0.5549061925474051,-0.6916369844803022,1.247925794897432,0.7126235597624587,-0.3053896716225449,-0.4081954677830376,-0.8894878383235696
4,4.979919678714859,-0.4075052345438157,-0.6253300131983766,0.7424056046176697,0.5723962454577866,-0.7120295140069096,1.234553818572764,0.7239957803559779,-0.28227329392318284,-0.3468666364229216,-0.8993467569089915
4,5.0602409638554215,-0.4342225450710102,-0.656622819482576,0.7193694965438269,0.5890687635530344,-0.7321732902997029,1.2207670126559944,0.7347902939113158,-0.25897617782178023,-0.28776395508442887,-0.8942367789046728
4,5.140562248995984,-0.4528873266371597,-0.7002285493877457,0.6958661804683529,0.6048920269028144,-0.7520409668437942,1.2065619032112087,0.744965613793458,-0.2354123235846435,-0.23590350078085648,-0.8758130571416342
4,5.220883534136546,-0.4594311469963691,-0.7525794121648394,0.6718993937449815,0.6198519779445806,-0.7716126687442465,1.191923801697721,0.754524207635014,-0.2114904920083258,-0.1953797856393793,-0.8477058754691363
4,5.301204819277109,-0.4516288001061265,-0.8089147819525974,0.6474824553931394,0.6339483522359178,-0.7908804850182322,1.176833677924744,0.7635097214109765,-0.18714050672040375,-0.16848289167975666,-0.8147267414876608
4,5.381526104417671,-0.4292423186359169,-0.8643782823633829,0.6226454753581205,0.6471867613389531,-0.8098474255099133,1.161276134593434,0.7719884719394474,-0.16233281974349514,-0.15554420315173698,-0.7817517938255092
4,5.461847389558233,-0.39352082262502286,-0.9147820748386339,0.5974372295939812,0.6595706102176441,-0.8285225758103514,1.1452446720303961,0.7800227864435095,-0.13708313722206814,-0.15541661760211592,-0.7529500701873385
4,5.542168674698795,-0.346578784770064,-0.9568045535499669,0.5719221861016329,0.6710956180523722,-0.8469154961437321,1.128743271430379,0.7876476437720091,-0.11144193367710548,-0.1660755489598454,-0.7315924022556787
4,5.622489959839357,-0.2910406722189691,-0.9878517872850775,0.5461742579174804,0.6817475198097265,-0.8650315857702063,1.1117852620478585,0.7948583418329414,-0.08547555333652343,-0.18496034176124543,-0.720205441235984
4,5.7028112449799195,-0.23000608617337193,-1.0059214900505984,0.5202686919040783,0.6915024484307472,-0.8828687305014429,1.0943904148384505,0.8016103974498565,-0.059246555253839664,-0.2090042726791191,-0.7207248179647593
4,5.783132530120482,-0.16717522841391583,-1.0096940080580967,0.4942734235888791,0.700329708509179,-0.9004153709321319,1.0765805287862982,0.8078288713766693,-0.032798003577758514,-0.2345116956194998,-0.7344182256596218
4,5.863453815261044,-0.10687988157347085,-0.9989133914436922,0.46824179960986856,0.7081970436162601,-0.9176507543442277,1.0583737702730311,0.8134236507613442,-0.006143630944214589,-0.25713481445351316,-0.7615137915013844
4,5.943775100401607,-0.053749231883212414,-0.9749151732690015,0.442209273567457,0.7150780305338515,-0.9345484001842013,1.0397791181774565,0.818307797991515,0.02073489774811093,-0.27221943949155725,-0.8006768731904174
4,6.024096385542169,-0.011901609778761816,-0.9409173361334019,0.41619631297495213,0.7209597514816615,-0.9510825745825574,1.0207936029505242,0.8224156193892468,0.047881929481831634,-0.2756277480028787,-0.848717947780615
4,6.1044176706827304,0.016043687992339666,-0.9016574134992227,0.3902173997822226,0.7258476065024794,-0.9672351317443604,1.001404596604561,0.8257152193512685,0.07535231783218442,-0.2647411753814693,-0.900947107440002
4,6.184738955823293,0.02952822807162662,-0.8623886514165464,0.364292619117932,0.7297648586174541,-0.982999008738806,0.9815964156308956,0.8282097029695199,0.10319011170346183,-0.2390315414202716,-0.952162734535265
4,6.265060240963855,0.02985196499879048,-0.8278079889940188,0.33845675335083075,0.7327473007807092,-0.9983768295849238,0.9613576376475068,0.8299253254264951,0.13140987363597112,-0.1998572141911917,-0.9977068230701681
4,6.3453815261044175,0.019494575476242608,-0.8014888848269847,0.312762566378612,0.7348357535196534,-1.0133762792629857,0.9406858510934523,0.8308920483060366,0.15998868582336195,-0.1497729108979046,-1.0340214056094827
4,6.42570281124498,0.0014955634553108239,-0.785875508179322,0.28727813211505715,0.7360690289682871,-1.0280048780235,0.9195890076009337,0.8311255639125986,0.18887072267112456,-0.09189438145946557,-1.0586532510610231
4,6.506024096385542,-0.020830932650696722,-0.7825135675552906,0.262079951187338,0.73647859589003,-1.0422656516953384,0.8980841648352129,0.8306170584279194,0.21798018338949654,-0.029600425269221783,-1.0700293765594486
4,6.586345381526105,-0.04389808696244387,-0.7921906338383464,0.2372438383348806,0.7360853763455144,-1.0561540651528887,0.8761944126170228,0.8293317496682855,0.24723680698842299,0.033476564112167206,-1.0673259621126137
4,6.666666666666667,-0.06377630271444029,-0.8148245119261796,0.2128353563749037,0.7348992976538867,-1.0696564735593412,0.8539442960617745,0.8272141035957826,0.2765699617717836,0.09338331630309608,-1.0505890435612653
4,6.746987951807229,-0.07630508043793954,-0.8491186816146546,0.18890180115826669,0.7329225216596041,-1.0827508322268624,0.8313541987742443,0.8241973946463795,0.30592919406855174,0.14595671686015654,-1.0210872328877456
4,6.827309236947791,-0.07759208587894131,-0.8922067197239401,0.16546824841134045,0.7301566338874871,-1.0954104532562376,0.8084352027860116,0.8202160758579978,0.3352895079517278,0.18731821486584146,-0.9816746249012864
4,6.907630522088353,-0.06486976374876594,-0.9396770029653005,0.14253990480002524,0.7266121675628632,-1.107610303591647,0.7851869869642256,0.8152191518063547,0.36464920235442877,0.2147210107340335,-0.9367713539162169
4,6.9879518072289155,-0.037290919461074074,-0.9862527482870421,0.12011088291217825,0.7223167481791588,-1.1193332103384193,0.7616005971390251,0.8091808792615923,0.39401906972499373,0.22733236762572348,-0.8916836667561353
4,7.068273092369478,0.003889060815295789,-1.0268957912505263,0.0981761607567483,0.7173180038315833,-1.1305726944600922,0.7376650464146338,0.802103974111816,0.4234056679360646,0.22640349877623284,-0.8514929269317555
4,7.14859437751004,0.05585266411897334,-1.0577005362906162,0.07674163939617697,0.7116799601215215,-1.1413313057804895,0.7133742963969916,0.794013206621782,0.4527957299012469,0.2147237956435579,-0.8201494501291436
4,7.228915662650603,0.11502988307434422,-1.0761732174291931,0.05582870705051016,0.7054747651921578,-1.1516161045845017,0.6887316778708797,0.7849426637180278,0.4821486776482606,0.19581485074162008,-0.8001819032821047
4,7.309236947791165,0.1776769490534941,-1.081033097479794,0.03547286905541441,0.698772800584875,-1.1614336519362076,0.6637510392871003,0.7749228642090265,0.5113991804050679,0.173360969618273,-0.792889922797249
4,7.389558232931726,0.24007678569798946,-1.071917228787614,0.015718017139593556,0.6916336751401557,-1.1707858481099445,0.6384553092804501,0.7639721387238989,0.5404666758621326,0.15101890654846314,-0.7986384314951241
4,7.469879518072289,0.29850829440125753,-1.0492662140274842,-0.0033918170700436606,0.6840998600008434,-1.1796670152379924,0.6128731680367551,0.7520932190602281,0.5692673675113393,0.13245731884655088,-0.816974181521453
4,7.550200803212851,0.3492328354604115,-1.0144705352565588,-0.02182165786164368,0.676194501748364,-1.188062565841147,0.5870341757721459,0.7392741079958435,0.5977255020855604,0.12137728024653607,-0.8464836443495111
4,7.6305220883534135,0.38873598344999344,-0.9701709952073393,-0.03955393714827496,0.6679247397731884,-1.1959500158257055,0.5609629862294041,0.7254924412962079,0.6257821783061567,0.12127552822777946,-0.8844989091014095
4,7.710843373493976,0.41434114047944653,-0.920420985174918,-0.056593484167620445,0.6592907411356722,-1.2033030086716314,0.534674349013655,0.710723184545021,0.653400203473587,0.1348321678147845,-0.9269443084479956
4,7.791164658634538,0.4250095932715887,-0.8703435908700272,-0.07296651064434208,0.6502982570622631,-1.2100976365048002,0.5081714717507497,0.694948898846416,0.6805631031954301,0.16310565503113783,-0.9686892411384153
4,7.871485943775101,0.4218153041425702,-0.8251919810670982,-0.08871277259888419,0.6409699179743417,-1.2163183497793904,0.4814493021900278,0.6781695922160987,0.7072671918793874,0.20504622601960587,-1.004494430976658
4,7.951807228915663,0.40767897362677735,-0.7892576519189712,-0.10387352257085501,0.6313501740303921,-1.2219603957355047,0.4545013674524324,0.6604075640666731,0.7335088530263922,0.25774738061290964,-1.0301027425902447
4,8.032128514056225,0.38653084060839077,-0.7652528820413789,-0.11848015725012714,0.6215018373055147,-1.2270279541184015,0.4273266872177483,0.6417045589187506,0.7592726288496764,0.3172727118413878,-1.0428482713315599
4,8.112449799196787,0.3624806763862977,-0.7543499287875072,-0.1325475192252336,0.6114962312137212,-1.23152966259191,0.3999340170242653,0.6221130090967,0.7845254089321417,0.37948349633414646,-1.0416057283826203
4,8.19277108433735,0.33938630768429734,-0.7565579144378808,-0.14607301802651218,0.6014009159808756,-1.2354737252062926,0.37234283572997906,0.6016858078328994,0.8092179556622966,0.44047462771560847,-1.0264037929352696
4,8.273092369477911,0.32080116122318747,-0.7710393128420208,-0.15904075080452404,0.5912685615361309,-1.238863799196889,0.3445817249883105,0.5804681237317754,0.8332913202125085,0.49663526504645034,-0.9981022938949282
4,8.353413654618475,0.31005865969650703,-0.796168697230425,-0.17142929973405877,0.581129464251579,-1.241696043055862,0.31668475272058016,0.5584925051656497,0.856684942215109,0.5445741779277641,-0.9583304619568421
4,8.433734939759036,0.31022642325931876,-0.8293542808372922,-0.18322180540242833,0.5709895152528358,-1.2439577546810887,0.28868620560325203,0.5357773202403227,0.8793443957948119,0.5811758165838758,-0.9096658358136066
4,8.514056224899598,0.3237381378033642,-0.8668260821876249,-0.19441627133082906,0.5608348552132646,-1.2456284712774497,0.2606144421311651,0.5123286997587981,0.9012278142477742,0.6039779050461167,-0.8558510294045779
4,8.594377510040161,0.35171344725543974,-0.9037358856811305,-0.20503289269112313,0.5506430584739986,-1.2466842178139852,0.23248682730449127,0.488146415348847,0.9223099758436152,0.6118572479008217,-0.8017039759409735
4,8.674698795180722,0.39331780555262263,-0.9348434149689956,-0.21511480139217412,0.540397985619645,-1.247104031086716,0.20430847122757875,0.46323312830002833,0.9425823582754301,0.6056678986262396,-0.7524454001536574
4,8.755020080321286,0.44569887313207474,-0.9556227826578351,-0.22472061436016602,0.5301026836742443,-1.2468758613902542,0.1760761318364488,0.43760401766203466,0.962047911555255,0.5882935849563112,-0.712603944408112
4,8.835341365461847,0.5046746485803218,-0.9631610839581818,-0.2339112336478785,0.5197846719776684,-1.245998844157684,0.1477855131863963,0.4112922096739189,0.9807119371386623,0.563943219551322,-0.6851210383445441
4,8.91566265060241,0.5657222689591453,-0.9563586670529942,-0.24273631979402827,0.509491654245752,-1.2444813414707947,0.1194383046266165,0.38434730224412245,0.9985732436409099,0.5371480900615558,-0.6711445354602833
4,8.995983935742972,0.6246734532108323,-0.9355486443830613,-0.25122528005234573,0.4992802571896667,-1.2423365206307784,0.09104636253978117,0.35682836597088824,1.015619432537263,0.5120599815014037,-0.6703974078836484
4,9.076305220883533,0.677923323061351,-0.902001146693823,-0.2593848099483149,0.4892024139046214,-1.239577510799982,0.06263260165059523,0.3287951532040017,1.0318271215864403,0.49224384448294445,-0.6816609904478328
4,9.156626506024097,0.7223453565349316,-0.8576546038536755,-0.2672027383671272,0.4792933763432242,-1.2362131641607532,0.034229227435009994,0.3003005540242999,1.0471654430921524,0.48076999196864917,-0.7030334430167101
4,9.236947791164658,0.7552131706836948,-0.8051457144160521,-0.27465697293817415,0.4695640110327968,-1.2322447820964901,0.0058738160554270245,0.2713855958900704,1.0616008922410651,0.48030298846089936,-0.7318930049132357
4,9.317269076305221,0.7743702097564686,-0.7480010684995688,-0.2817278150141878,0.45999919910488085,-1.2276643934348315,-0.022396452118420174,0.24207737213635633,1.0751025450597005,0.4929446265561944,-0.7647042235465911
4,9.397590361445783,0.7787394417840248,-0.6907002178354874,-0.2884108743996013,0.4505635158386363,-1.222455721290375,-0.050551470330831016,0.21239036834509298,1.087647257482142,0.5197367855608587,-0.7969590851544588
4,9.477911646586346,0.76898452936216,-0.6382722447580129,-0.29472637821070263,0.4412138192314043,-1.2165986753805795,-0.07857347188155533,0.18233172503895342,1.0992239658596177,0.5600087991901689,-0.8235920684514525
4,9.558232931726907,0.7478257560313192,-0.5953434462714683,-0.30072036991950285,0.4319153920534522,-1.2100763189038395,-0.10645791299169846,0.15190979587552333,1.109835201040758,0.6110611369165,-0.8399492338310421
4,9.638554216867469,0.7195876867422607,-0.5650819815813861,-0.30645598189789547,0.42265541650987515,-1.2028810768619251,-0.1342088415354726,0.12114297088473906,1.119494148672831,0.6686064011328209,-0.8428587420658463
4,9.718875502008032,0.6891619845914837,-0.5487031964003185,-0.31199793173816437,0.413447918337603,-1.195017110537562,-0.1618310344628902,0.09006450133086943,1.1282179892500723,0.7277885563533736,-0.8311316767244655
4,9.799196787148594,0.6610504639444773,-0.5457235471584135,-0.3173967528997391,0.4043285944724242,-1.186498444946373,-0.18932277182840299,0.058721149529577084,1.136020759039377,0.784123584372058,-0.8053030345249836
4,9.879518072289157,0.638940010538432,-0.5545576873221779,-0.32267843004365804,0.3953426383734083,-1.1773446614740766,-0.21667166780621436,0.027167168072435053,1.142908798372735,0.833915912906868,-0.76702208161775
4,9.959839357429718,0.6257421570657241,-0.5729767440445925,-0.3278418372046126,0.3865304342912872,-1.1675760089233111,-0.24385381328778996,-0.004543128547933782,1.1488795884464735,0.8742188176101338,-0.7185794654053773
4,10.040160642570282,0.6237710694396207,-0.5982345776957891,-0.3328636948043899,0.37791513201792104,-1.1572087793866839,-0.2708356302550425,-0.03636174040368004,1.1539230875391637,0.9026631451551334,-0.6627680116062524
4,10.120481927710843,0.6347621408198,-0.6269407980352327,-0.3377095152559897,0.36949476312553114,-1.1462513386630953,-0.29757808048387274,-0.06825130451582927,1.1580245955351236,0.9174500176151147,-0.6030004801415486
4,10.200803212851406,0.6595702568646589,-0.6549244802177061,-0.3423482467770291,0.361240814811707,-1.1347016945969088,-0.32404299298223904,-0.10018700197787567,1.1611688087613161,0.9176666864871549,-0.5434421503730769
4,10.281124497991968,0.6976043914592026,-0.6774217268991082,-0.34676707684890523,0.353104557072819,-1.1225481842893128,-0.35020037787706637,-0.1321554980318466,1.1633448786175702,0.9038663677108624,-0.48882733091421354
4,10.36144578313253,0.7463654288677698,-0.6898174715092096,-0.3509813511157015,0.3450306658695929,-1.109774350905991,-0.37603395442590226,-0.16415031613845982,1.1645514159093195,0.8785405892923828,-0.4437306558437995
4,10.441767068273093,0.8016038871012244,-0.6887348817222109,-0.35503467005804035,0.33697431548256895,-1.0963666823108378,-0.40154164836413087,-0.196164286849712,1.164799170940935,0.845961752117366,-0.41149695633716143
4,10.522088353413654,0.8582254855022926,-0.6728104993924926,-0.35898785137990363,0.3289149536501151,-1.0823214807903234,-0.42673024610946214,-0.22818196510355898,1.1641093876240665,0.8112658117714937,-0.3934835957722259
4,10.602409638554217,0.9114082826777486,-0.6426651154204912,-0.36290113750351105,0.3208608154484643,-1.0676476359280556,-0.45160704692744097,-0.26017573807237404,1.1625083026391907,0.7793162288261922,-0.3890969557397218
4,10.682730923694779,0.9572739363041991,-0.6002726155604209,-0.3668171731860635,0.3128430178392006,-1.0523650244626757,-0.4761725143983994,-0.29210714974232443,1.1600206514979154,0.7540154110868648,-0.3964185393782949
4,10.763052208835342,0.9929638332578636,-0.5482987748613587,-0.3707506741231482,0.3049027318575377,-1.0365003315760986,-0.5004160901606088,-0.3239318665751348,1.1566649123301231,0.7382190390165182,-0.4128527791656923
4,10.843373493975903,1.0164184381588885,-0.4897711459284963,-0.37468690526010645,0.2970763664295986,-1.0200819295359784,-0.5243152462862282,-0.355605604083395,1.1524511927689027,0.7339560007205916,-0.435441166983776
4,10.923694779116467,1.0262195111635657,-0.42808715670647407,-0.3785882664556006,0.28938271387616493,-1.0031345152043183,-0.5478372610632651,-0.3870892322017132,1.1473813841627163,0.7425925026980666,-0.460839680269141
4,11.004016064257028,1.0217149474996812,-0.3671553937730904,-0.38240704800532543,0.2818147652511813,-0.9856740312841628,-0.5709435839528475,-0.4183524252813653,1.1414511469967887,0.7647185570711725,-0.4851669345220312
4,11.08433734939759,1.0034549143236022,-0.31136687683481157,-0.386101627486734,0.274338315640951,-0.9677042246637152,-0.5935966826357254,-0.449375540503888,1.134653674550487,0.7997264783307354,-0.5040284307209
4,11.164658634538153,0.9737042988783654,-0.2651081113056669,-0.38965202288166084,0.26689886499975757,-0.9492170305997079,-0.6157680337582888,-0.48014903515403995,1.126985021935413,0.8453137897570437,-0.5130077418712139
4,11.244979919678714,0.936543802486738,-0.23180680639514478,-0.3930692431155605,0.25943625894526445,-0.9301980910749694,-0.6374439875437398,-0.5106696650016525,1.118449658066117,0.8973931967054449,-0.5086351230724958
4,11.325301204819278,0.8971950822525548,-0.21300356863376987,-0.39639352711367387,0.25190268463401155,-0.9106356319253993,-0.6586260091949186,-0.5409340108720401,1.1090636491278223,0.9507680876585589,-0.48933675593314424
4,11.405622489959839,0.8608386585474014,-0.20810566187307317,-0.3996810785257693,0.24427665827241576,-0.8905283194297355,-0.6793248508449019,-0.5709320163547849,1.098853401758076,1.000302755762889,-0.4556995473125154
4,11.485943775100402,0.8316607810652861,-0.21492610985745222,-0.4029848844079467,0.23656707421207096,-0.8698886692969331,-0.6995519649191202,-0.6006437302254992,1.087850533223263,1.0418565028650937,-0.40993953265876026
4,11.566265060240964,0.8125627612662573,-0.23048156649289966,-0.4063376439558419,0.22880662391827641,-0.8487418247790145,-0.7193121265945649,-0.6300403050347545,1.0760856411226623,1.0725570125033543,-0.3550985719534726
4,11.646586345381525,0.8053616681118644,-0.25151935468898734,-0.4097423808612407,0.22103839509491952,-0.8271214317043883,-0.7385991071692061,-0.6590878129065774,1.0635834886623188,1.0905899573603428,-0.29450342189904355
4,11.726907630522089,0.8110712462628935,-0.27463814512134266,-0.41317225901891047,0.21330057919511786,-0.8050640384580705,-0.7573943485330823,-0.6877518309351477,1.0503605091462782,1.0949168821492357,-0.2316285946869695
4,11.80722891566265,0.8299651680559733,-0.2961681276324963,-0.416578481628865,0.2056131684117002,-0.7826026449071015,-0.7756683106114604,-0.7160015995597132,1.0364244933327622,1.085217558039707,-0.17020122350050432
4,11.887550200803213,0.8613250640739845,-0.3120942480454712,-0.4199041197502041,0.19796943316814447,-0.7597601755768517,-0.7933847071060091,-0.7438133662234875,1.021776283419028,1.0621525974765598,-0.11426676143569076
4,11.967871485943775,0.9029974431378965,-0.3183218457861761,-0.42310095192312,0.190334553475702,-0.7365448548351157,-0.8105077568510903,-0.7711725353594003,1.0064135403524168,1.0278208989797404,-0.06791849119085076
4,12.048192771084338,0.9511394801722144,-0.31143469546307645,-0.42614492991063363,0.18265313593723553,-0.712950380963777,-0.8270109272750454,-0.7980737077292741,0.9903362878311766,0.9860295384314711,-0.03454380103028873
4,12.1285140562249,1.0006111248399907,-0.2896768474308811,-0.42904446520868167,0.1748649011769338,-0.6889623645760277,-0.8428833667075235,-0.824517645941375,0.9735526388538271,0.9419133508860944,-0.015857325892354893
4,12.208835341365461,1.046047480230729,-0.25349903690100195,-0.43183692528921774,0.1669235253074417,-0.664568620806852,-0.858130261633253,-0.850505628064249,0.9560819424765249,0.9008636939295905,-0.011376169249710074
4,12.289156626506024,1.0829978502158435,-0.20524864953475355,-0.4345739072539176,0.15881074311301005,-0.6397682052541593,-0.8727669661630293,-0.8760337133905391,0.9379534387124304,0.8673779756827734,-0.01874856612765624
4,12.369477911646586,1.1084678608244403,-0.1483148137039602,-0.4373017081680108,0.1505399125224113,-0.6145755802410974,-0.8868104780077447,-0.9010897235278913,0.9192012489557067,0.8444991511125601,-0.03461586976641161
4,12.449799196787149,1.1208036024659582,-0.08637309696803014,-0.4400449709401593,0.1421488291731541,-0.5890198042155637,-0.9002720282887637,-0.9256537314011875,0.8998584270809389,0.8339149040909529,-0.05536213099729759
4,12.53012048192771,1.1193224869808474,-0.02306232557125493,-0.44279842685122756,0.1336858398648527,-0.5631403880448538,-0.9131523138578703,-0.9497008683595914,0.8799523328433023,0.8363171962748261,-0.07742353327902829
4,12.610441767068274,1.1040819909810922,0.03798770410469189,-0.4455276881620559,0.12519412223876913,-0.5369810631011522,-0.9254393097882215,-0.9732049426212327,0.8595021162292472,0.8516317029033494,-0.09724463278448543
4,12.690763052208835,1.0759567094888483,0.09304484305313407,-0.44817776808824994,0.11669793426051016,-0.5105820503425547,-0.9371086719761181,-0.9961420761024329,0.8385182646491092,0.8789451850443901,-0.11115236998663382
4,12.771084337349398,1.036978044359925,0.1383729477273043,-0.45068720718165095,0.1081937284806367,-0.48397191790892174,-0.9481274690500235,-1.0184940725872385,0.8170041870447502,0.9161751533178868,-0.11544339420266624
4,12.85140562248996,0.9906684019161752,0.17075436798705693,-0.45300491644935514,0.09964879180562389,-0.45716171493724944,-0.9584617443575413,-1.0402509909270816,0.7949599854902392,0.9597492203975119,-0.10690140092537724
4,12.931726907630521,0.9419281983090217,0.18836656517401884,-0.4551052322213572,0.09100937472796655,-0.43014501353317425,-0.9680862229681336,-1.0614117471881663,0.7723880478342077,1.004733794633677,-0.08367776476805794
4,13.012048192771084,0.8962033368755716,0.19150409628232073,-0.4569952815352949,0.08221738706534666,-0.40290537649847175,-0.9769917594137266,-1.0819816061008485,0.7492986755488483,1.0456789272590443,-0.0460283994827875
4,13.092369477911646,0.8582714202184126,0.18254666561525892,-0.4587103894575636,0.07322999652772312,-0.37542810105384405,-0.9851863940082858,-1.1019670123438103,0.7257129377738624,1.0778340826368062,0.003696794091442879
4,13.17269076305221,0.8313964809251109,0.16516526544607332,-0.4602988199226331,0.06403380455835248,-0.3477104388317983,-0.9926899676444372,-1.1213702195420827,0.7016611146879638,1.0979829973714041,0.06182978295204916
4,13.25301204819277,0.8172299633993314,0.1433814330148172,-0.4618026249478462,0.054648009782922655,-0.31976656396490705,-0.9995258955421594,-1.1401862668157674,0.6771778221119467,1.10452549232919,0.12431863063247467
4,13.333333333333334,0.8161874090715825,0.12102277937691985,-0.4632421858696481,0.045116773383109335,-0.29162725590877137,-1.0057135791292644,-1.158402973082333,0.6522964362804285,1.0970850057891708,0.1872775900888084
4,13.413654618473895,0.8278300462726209,0.10163900107740902,-0.4646087187070838,0.03549496995102106,-0.26333583779117986,-1.0112627591461996,-1.1760030053955202,0.6270447836078086,1.076117515621164,0.24708400450996285
4,13.493975903614459,0.8509772330029334,0.08863235477551007,-0.46586535851082905,0.025832081069934815,-0.2349414154954597,-1.0161698801806385,-1.1929669078445666,0.6014427296632701,1.0427964488479229,0.30026271467192533
4,13.57429718875502,0.8835233714626046,0.08529986484229139,-0.4669555546830883,0.016157962316254316,-0.20648993276299432,-1.020416976376818,-1.2092765408453374,0.5755016637192089,0.9991986568288166,0.34345748549906535
4,13.654618473895582,0.9221356489102402,0.09454240766744794,-0.46781690050647634,0.0064735132405605526,-0.1780144083575723,-1.0239745241546694,-1.2249186508544951,0.5492259829269499,0.9486143108083045,0.37373262031971277
4,13.734939759036145,0.962193020645083,0.11817366814458086,-0.4683976984981726,-0.0032507665185110323,-0.1495277567195828,-1.026809276416537,-1.2398878647071756,0.5226168169979035,0.8956202992798491,0.3892695577925654
4,13.815261044176706,0.9983397059469007,0.15612854942994364,-0.46867174819908497,-0.013066131965280885,-0.12102255550564751,-1.028895244993034,-1.254187687865788,0.4956775726439482,0.8455422856236212,0.3901552548844248
4,13.89558232931727,1.0256128113035472,0.20617799056831906,-0.4686453847307538,-0.023028002745013352,-0.09247930257514433,-1.0302227293235988,-1.26782825224561,0.468419357502221,0.8033401282479619,0.3786533839980739
4,13.975903614457831,1.0405109334864795,0.2644881012000499,-0.4683526861173689,-0.03317568705944231,-0.06387933944054534,-1.030800724882555,-1.2808213346915593,0.44086349594321206,0.7725424267629953,0.35862481479873703
4,14.056224899598394,1.0413655458100572,0.3266394682192838,-0.46784047663688794,-0.043518064681853694,-0.03521611651155918,-1.0306525246709288,-1.2931751154024007,0.4130397985153397,0.7548661627407917,0.3344913226181606
4,14.136546184738956,1.0280255453501324,0.3884255184621816,-0.4671498532828958,-0.054030597332800634,-0.006501042163957024,-1.029807951580146,-1.3048910638688602,0.3849818791325584,0.750516413965582,0.3104311513182085
4,14.216867469879517,1.0013394270840479,0.4461337569134021,-0.4663013220166898,-0.06466315456707389,0.02223607604939692,-1.0282954132106321,-1.3159635571547166,0.35672197825044805,0.7586893760379626,0.29010283261385783
4,14.29718875502008,0.9628425052284263,0.4964714215581246,-0.4652873744930626,-0.07535445774831334,0.05095062342050212,-1.026134971788421,-1.3263814750757488,0.3282869652985933,0.7778757209198841,0.27673104268001847
4,14.377510040160642,0.9147666747861615,0.5364496527314375,-0.4640730715457325,-0.08604853013177761,0.07959004777363701,-1.023332742898941,-1.3361309207488372,0.29969601870864104,0.8058472697347722,0.2732356015906419
4,14.457831325301205,0.8602644354735598,0.5634942061150692,-0.462603647644202,-0.09670947900220693,0.1081037013311229,-1.0198777432867838,-1.345198655273042,0.2709600311666819,0.8394341661125622,0.28213298500724177
4,14.538152610441767,0.8035726552330916,0.5759227240198779,-0.46081766509959843,-0.10733142001996637,0.13645414228171474,-1.0157434856736975,-1.3535759313362192,0.2420829804909248,0.8743667989210123,0.30506920118286335
4,14.61847389558233,0.7497458174672743,0.5736676497983788,-0.4586633306985735,-0.11794021888473019,0.16462584273909273,-1.0108959842459313,-1.3612618386937974,0.21306560192440696,0.9055535091860051,0.34210295140787766
4,14.698795180722891,0.703771999182758,0.558767671784641,-0.4561135072203828,-0.12858459151384172,0.1926261870105367,-1.0053062357364393,-1.36826452456154,0.1839108830398035,0.9279798455886289,0.39121227242583884
4,14.779116465863453,0.6694284894077359,0.5351033714128022,-0.45317329221723524,-0.13931786604995194,0.2204770680344319,-0.9989613172331546,-1.3745989802734584,0.1546292956612666,0.937866715048527,0.4485465162090399
4,14.859437751004016,0.6485956496926113,0.5074220382969534,-0.44987597044963445,-0.15017710860459588,0.24820132563223715,-0.9918687369524916,-1.3802820505083166,0.12524102181177982,0.9333610456331038,0.5093827854483566
4,14.939759036144578,0.6413616972915251,0.4803056180332661,-0.4462688698656436,-0.16116845563965893,0.2758106426262119,-0.9840534872768126,-1.3853271968750556,0.09577411071377173,0.9144237268229634,0.569142214169436
4,15.02008032128514,0.6465807516623153,0.45763551288643467,-0.4423955270724073,-0.17226387640405477,0.30329864394586115,-0.9755509442598178,-1.3897412919601257,0.06625999892800886,0.882257423424358,0.6239193088494313
4,15.100401606425702,0.6623665762386038,0.44256728641717547,-0.43828083501250364,-0.18340876283352964,0.33063923560678304,-0.9663985508781069,-1.3935239955959198,0.03672867618698906,0.8387990187630378,0.6705113511074743
4,15.180722891566266,0.6862705847600533,0.43770380913830936,-0.4339228616890623,-0.19453628415943658,0.3577890812775544,-0.9566274358310253,-1.3966690814375144,0.007204921695646873,0.7865322770889703,0.7062549891565079
4,15.261044176706827,0.7151800810622111,0.4451537113034966,-0.4292921382553527,-0.20558408012035953,0.38469388952357486,-0.9462545400074286,-1.3991670323193157,-0.022293985333322795,0.7285851999888835,0.7289788941576165
4,15.34136546184739,0.7451453873303471,0.46628462117636565,-0.4243378931173835,-0.2165096711568132,0.4112986187718336,-0.935276990730972,-1.4010085763031481,-0.05175896377015228,0.6689024633183525,0.7372610044815742
4,15.421686746987952,0.7714534666549636,0.501168465912785,-0.4190002874280449,-0.2273012368212553,0.43756015803751747,-0.9236719576506808,-1.4021887984968422,-0.08118785513232259,0.6121754612324075,0.7309925836914761
4,15.502008032128513,0.7892350524716546,0.5480130651240087,-0.41322667257773715,-0.23798009617686935,0.4634579062933702,-0.9114044621699042,-1.4027107647304122,-0.11058175163529034,0.5632444785431261,0.7119532448580574
4,15.582329317269076,0.7945323168080678,0.6031071913791902,-0.4069874796217801,-0.2485921138872367,0.4889963299662967,-0.8984412619735626,-1.4025868260340926,-0.1399394853370307,0.5260456588815097,0.6838656698186418
4,15.662650602409638,0.7852346858508786,0.6615557797586961,-0.4002853221445447,-0.2591892941560351,0.514197381005739,-0.8847642573150951,-1.4018362871357386,-0.1692525207556784,0.5026895424236673,0.651650292468115
4,15.742971887550201,0.7612774985638004,0.7184046471737481,-0.39315264978103226,-0.26980842159714513,0.5390870430400714,-0.8703772506230915,-1.4004802770325548,-0.1985029544430717,0.4932683852097165,0.6202839794895627
4,15.823293172690763,0.7241385848139459,0.7694550839681122,-0.3856389578287773,-0.2804556643595158,0.5636826646171443,-0.8553049379735888,-1.3985364501682935,-0.2276654459838207,0.4963541585659822,0.5939709643488155
4,15.903614457831326,0.6761682833205857,0.8114824208832037,-0.37779344836246437,-0.29110239678666283,0.5879848250398555,-0.8395868680551329,-1.3960157125073618,-0.25671154812598623,0.5096560525093864,0.575918392084581
4,15.983935742971887,0.620183099398185,0.8420797069891106,-0.36964955426398255,-0.3016918530819279,0.6119739318882855,-0.8232690572406755,-1.3929214667469496,-0.2856143061516712,0.5304139897244632,0.5684955094851666
4,16.06425702811245,0.559401830692315,0.8594836077473537,-0.3612151728357323,-0.3121528887219591,0.6356108205092165,-0.806394357154271,-1.3892508154388608,-0.314351891077024,0.5554533370730631,0.5734155292059029
4,16.14457831325301,0.4975673825018418,0.8626281693801704,-0.35246987900550086,-0.3224166831261559,0.6588415826751349,-0.788992302163339,-1.3849971526245717,-0.3429099171113557,0.5810580664530973,0.5916907330206826
4,16.224899598393574,0.4389879996371133,0.8515055163344907,-0.3433691950113655,-0.3324328419733319,0.6816073652790848,-0.7710706813405348,-1.3801538713536567,-0.37128224377210955,0.6029277014488256,0.6232802507514881
4,16.305220883534137,0.3882038373602405,0.8276909950486709,-0.333855597147793,-0.3421814317919262,0.703858066467745,-0.7526130093937795,-1.3747187662172762,-0.39946974052842293,0.6165124595370852,0.6665731866654601
4,16.3855421686747,0.349156542499573,0.7946219780490162,-0.3238747993807548,-0.3516769578322663,0.7255650669429655,-0.7335853754789754,-1.368697887368004,-0.42747652031848365,0.6178510773062219,0.7181168755807115
4,16.46586345381526,0.32418815290147346,0.7571849948703363,-0.31339308657162424,-0.3609610605070769,0.7467262506920019,-0.713951172105729,-1.3621068293311953,-0.4553043087193338,0.6045855123093454,0.7730315464618057
4,16.546184738955823,0.31352479476235323,0.7206539633935047,-0.302408910469344,-0.37008477838619125,0.7673604049101455,-0.6936866948916528,-1.354968160735988,-0.48294737443110475,0.5764918715328345,0.8260648843154462
4,16.626506024096386,0.3155664479041949,0.6896150532048563,-0.29095328103247464,-0.3790869482570638,0.7874947987259615,-0.672790613004732,-1.347306051867601,-0.5103907091032974,0.5351980862699204,0.872653217160239
4,16.70682730923695,0.3276261889110443,0.6674545608706268,-0.2790789984745128,-0.38797758057316145,0.8071523887046138,-0.6512854182748088,-1.3391408586224296,-0.5376120756587642,0.48344127948128557,0.9094205136361097
4,16.78714859437751,0.3465538240238952,0.6564143070735589,-0.2668438891264111,-0.39673176301758,0.8263424334582928,-0.6292130434155786,-1.3304858012443501,-0.5645862963248446,0.4244334328885748,0.9341167956844464
4,16.867469879518072,0.36899008026332486,0.65785315719826,-0.25429428452829667,-0.40529432393107323,0.8450549787795887,-0.6066270489910943,-1.3213461665058592,-0.5912897523756943,0.36159539199124424,0.945357968099604
4,16.947791164658636,0.3913340967804819,0.6723839158026855,-0.24145297572955185,-0.41359215833170854,0.863258894580382,-0.583582339945928,-1.311720500845973,-0.617703989386777,0.2985804852146624,0.94249457186173
4,17.028112449799195,0.4096573457557173,0.6997339397425528,-0.22831357126988328,-0.4215504423337807,0.8809042909446224,-0.5601230994007325,-1.3016032985715125,-0.6438181034836927,0.23935523314105756,0.9257577054756554
4,17.10843373493976,0.41983482977012865,0.7383677633905623,-0.2148420420854363,-0.4291093511149288,0.8979308728009878,-0.5362714442657713,-1.2909889515486836,-0.6696296229080423,0.1880652910630051,0.8966426548981823
4,17.188755020080322,0.418101418846082,0.7851335100014559,-0.20098585095088156,-0.43623779176876926,0.9142819040291442,-0.5120218007350145,-1.2798764752600482,-0.6951432293458605,0.14847900333570538,0.8582693118481904
4,17.269076305220885,0.4019599218768514,0.8353654368343665,-0.18668989100653074,-0.44293990572578856,0.9299190432084711,-0.487345675656847,-1.2682735742309557,-0.7203667727711042,0.1230845001521656,0.8152869173193756
4,17.349397590361445,0.37094253735413024,0.8836873998837937,-0.17191540187081203,-0.4492505060823654,0.9448305905194657,-0.4622061827312288,-1.2561978377761331,-0.7453053895429901,0.11234011177335086,0.7730746784727929
4,17.429718875502008,0.3266638698677821,0.9251718469268464,-0.15665482215657872,-0.45521936312190475,0.9590290728629378,-0.4365752981663366,-1.243673813027949,-0.7699563741888173,0.11463569245380974,0.7365791885502145
4,17.51004016064257,0.2721639064100591,0.9561618408945628,-0.14093608777523747,-0.4608899897376158,0.9725409444002177,-0.41044609788594383,-1.2307272701610463,-0.7943075203641213,0.12695850712600895,0.7094817670931205
4,17.59036144578313,0.21108489370215588,0.9744284024567862,-0.12481499447448707,-0.4662814264895024,0.9853943490515507,-0.3838371234346998,-1.2173795982723508,-0.818339369675054,0.14571534999313335,0.6940295171424726
4,17.670682730923694,0.14715754588944607,0.9788999750250756,-0.10835967692302599,-0.4713791226565947,0.997608777320677,-0.356790350256957,-1.203644449410864,-0.8420296126201507,0.16723780312376885,0.6912991105086294
4,17.751004016064257,0.08407093421957065,0.9693688997219435,-0.09163316798928225,-0.47613623001878264,1.0091873990223803,-0.32936479898017945,-1.189526983660278,-0.8653576433168441,0.18790181840761114,0.7014897725938651
4,17.83132530120482,0.025534228364097522,0.9464213982648509,-0.07467874001985135,-0.4804832138641511,1.0201121221193101,-0.3016265281891376,-1.1750251695417178,-0.8883082349810182,0.2040575590781633,0.7239965787694586
4,17.91164658634538,-0.024728922205594243,0.911631096978481,-0.05751072855850366,-0.48434261241495113,1.0303427311314024,-0.2736354381889826,-1.16013268206059,-0.9108740204560654,0.21202960169328738,0.7572209740815207
4,17.991967871485944,-0.06328205206436995,0.8678722380323703,-0.040112394781752464,-0.48764585892451545,1.0398225640659415,-0.24543130001936336,-1.1448431874075415,-0.9330564107890651,0.20841507018772418,0.7982613317005761
4,18.072289156626507,-0.08765381477182961,0.8194283855599229,-0.022442008812601125,-0.4903488372656672,1.0484915338681702,-0.21702452945443665,-1.129155451075992,-0.9548641702594867,0.19075974079225433,0.8428091514196702
4,18.152610441767067,-0.09713945884121973,0.7715380420147396,-0.004447273189052539,-0.49244185694802817,1.0563024752927295,-0.18839763573881735,-1.1130776150712358,-0.9763090624753363,0.15836187180878075,0.8856105131474447
4,18.23293172690763,-0.09317468245762921,0.7293696415941688,0.013914917236049696,-0.49394954662263624,1.0632329865887085,-0.15951809558989882,-1.0966282212812295,-0.9973995540350958,0.11265499991410241,0.9214975546534647
4,18.313253012048193,-0.07893484787591955,0.6969602930800183,0.03266022829686771,-0.49491911182798215,1.0692872769090649,-0.13035625822986724,-1.0798327758092892,-1.018135511882469,0.056820118479277884,0.9464505888603029
4,18.393574297188756,-0.05844528602173727,0.6767165754806244,0.051767603197544844,-0.4954008880523822,1.0744891911060241,-0.10090004610497831,-1.0627174805164368,-1.0385067060393078,-0.0050940277653932775,0.9580910647160468
4,18.473895582329316,-0.03580117245196125,0.6695487549419628,0.07118217739352374,-0.4954288313777985,1.0788714768030567,-0.07116249292368063,-1.0453033340137887,-1.0584953949935885,-0.06894914773082879,0.9555379643531076
4,18.55421686746988,-0.014812650843929404,0.6752636996920355,0.09082803830418627,-0.4950076299911931,1.082465116464007,-0.04118266408476151,-1.0276027524219447,-1.0780810464268815,-0.13087775150231723,0.9390076408108033
4,18.634538152610443,0.001011528472719939,0.6928468413156673,0.11062554300405215,-0.4941092394490713,1.0852898503881927,-0.01102154789691245,-1.0096189700773557,-1.0972451292910272,-0.18730795178760734,0.9095290753213461
4,18.714859437751002,0.008398160341026719,0.7204874620443472,0.13050816148077768,-0.49267817128794156,1.0873462320068046,0.019246605825288948,-0.9913476048051527,-1.1159749621237742,-0.23490494902345443,0.8689190655420822
4,18.795180722891565,0.004404627216285399,0.7554023128472883,0.1504353757265866,-0.49064325510879686,1.0886109236731765,0.049547475928524695,-0.9727799217054259,-1.1342663042870547,-0.2706710049106207,0.819959770620041
4,18.87550200803213,-0.013175955803750777,0.7936694539103,0.17039931233772285,-0.4879332807307526,1.089038511120329,0.07982243828866045,-0.9539075817032386,-1.1521242528975557,-0.29235428595106056,0.7665656414293502
4,18.955823293172692,-0.045152126655547103,0.8303935846507899,0.1904231677119327,-0.48449360519365603,1.0885720520263464,0.11004137429729026,-0.9347282116958323,-1.1695615450931989,-0.29911488138689774,0.7136201913387773
4,19.03614457831325,-0.09037213325740932,0.86042555981542,0.2105502757511817,-0.4802997148233723,1.087159732173738,0.1402055675009425,-0.9152498924589227,-1.186593650031431,-0.2920879822085856,0.6662622375384433
4,19.116465863453815,-0.14574511654918282,0.8794336112472518,0.2308254625104093,-0.4753628385234803,1.0847700600220271,0.17033813933446,-0.8954918942576205,-1.2032318498443866,-0.2743585117256311,0.6288229377861578
4,19.196787148594378,-0.20695356011273522,0.8847291872905906,0.2512745200425095,-0.46972435325033535,1.081398723228688,0.20046698167053656,-0.8754805050384739,-1.2194776169989217,-0.25023917811998614,0.6040058012881324
4,19.277108433734938,-0.26940705139999105,0.8754255126156486,0.27188964285439543,-0.46344040054402347,1.0770661498620067,0.23060837411340504,-0.8552419692366797,-1.2353212964246911,-0.2243067720797292,0.5927278102396634
4,19.3574297188755,-0.32890280321945464,0.8520685395180845,0.29262604992957847,-0.4565626363885938,1.0718094337929727,0.2607563511251555,-0.8347961363563107,-1.2507452242270913,-0.2007365441467837,0.5944829699724475
4,19.437751004016064,-0.3818404773878768,0.8161698819280406,0.3134098155609697,-0.4491219741579933,1.0656722257592979,0.2908784430774031,-0.8141530812608787,-1.265729042203232,-0.18308848267150982,0.6078026913557839
4,19.518072289156628,-0.4251775697631731,0.769939551656867,0.33415300848861235,-0.44111972270661354,1.0586940525115032,0.3209168097209504,-0.7933128326911916,-1.2802549525476383,-0.17435665854574883,0.6305183138764368
4,19.598393574297187,-0.4563901723626313,0.7162672353162769,0.35477119086973913,-0.43252721774171365,1.0508996739397447,0.3507945621470468,-0.7722674396740492,-1.2943118539027516,-0.17701325277280133,0.6597772741811438
4,19.67871485943775,-0.47363266581195534,0.6588248567444009,0.3751991858712513,-0.4232928440525535,1.0422903895789437,0.38042767623039825,-0.7510048305010122,-1.3078980468701558,-0.1928520791372255,0.6919383579479121
4,19.759036144578314,-0.47615708587466665,0.6020554249314761,0.3954021179476073,-0.4133545261461287,1.032841181492712,0.4097412724292288,-0.7295142041239644,-1.3210220176999037,-0.22257200944168654,0.7225798464853295
4,19.839357429718877,-0.46484182284385495,0.5507907941918828,0.4153792061401889,-0.40265541729692833,1.0225073257933637,0.4386852916615644,-0.7077921540459077,-1.3337002925531665,-0.26525255504378836,0.7468796239966496
4,19.919678714859437,-0.44245209759293114,0.5094287474504281,0.4351582692606559,-0.39115956876971697,1.0112397382445963,0.4672421707942837,-0.6858473295113827,-1.3459517329968342,-0.3180985804009366,0.7604403835218416
4,20.0,-0.41328379069934257,0.48099306777007783,0.45478094093666316,-0.37886296688041515,0.9990025573011052,0.4954221370262232,-0.663700682386565,-1.3577897360032956,-0.37679902515185926,0.7602374980874118
5,0.0,-0.025772313345471344,0.7134522323665328,1.4759844122085601,-0.4951895869523609,-1.3233440923228166,-0.282358278356394,0.27197951250439656,0.047967616939417534,-0.3988475190446686,0.016128016002803836
5,0.08032128514056225,-0.06500497772127696,0.7138183570360269,1.4859930337069212,-0.4702537614383131,-1.3129349706930198,-0.31317118114878867,0.2804865513411626,0.07347557349694828,-0.3885396366337868,-0.003868987945874187
5,0.1606425702811245,-0.1042597759579728,0.7119099675093341,1.4955895539016,-0.4452070314126636,-1.3018047978150573,-0.3436946182108382,0.28689447495777776,0.09985973528775073,-0.3764194550863474,-0.022868053173583622
5,0.24096385542168675,-0.14339240923872418,0.7077168307279166,1.504770608019029,-0.4200649901277966,-1.2899583350715407,-0.3738956508024897,0.29113170868914573,0.12701335289820948,-0.36255157239790975,-0.04076954269584038
5,0.321285140562249,-0.1822560191849824,0.7012358794854145,1.513532262564737,-0.3948425523031589,-1.2774003513685694,-0.40374205384570505,0.2931302017577588,0.15482095667023485,-0.34700609376894365,-0.05747223000678617
5,0.40160642570281124,-0.22070074182014354,0.6924718846475828,1.521870104157953,-0.36955376405059903,-1.2641355381037878,-0.43320246378813115,0.2928264117723125,0.18315748092181533,-0.3298602360063339,-0.0728731377306687
5,0.4819277108433735,-0.258573438563567,0.6814384652785986,1.5297793464980272,-0.3442116275221393,-1.2501684190116429,-0.4622465101429337,0.2901624825900952,0.21188744758599012,-0.3111999715129119,-0.08686777519951633
5,0.5622489959839357,-0.2957177197406423,0.6681593855343015,1.5372549535325468,-0.31882794723955504,-1.2355032608049894,-0.4908449291932122,0.28508767186919043,0.2408642627231392,-0.2911216448561049,-0.09935077182467433
5,0.642570281124498,-0.3319743600620912,0.6526700507339778,1.54429177641271,-0.29341320449229497,-1.2201439903143312,-0.5189696579357552,0.27756007190852794,0.2699297106156693,-0.26973349794481505,-0.11021689892159756
5,0.7228915662650602,-0.3671821778297295,0.6350190832676063,1.550884701429632,-0.2679764654596023,-1.204094123331976,-0.5465939061635843,0.2675486420137948,0.29891375755484173,-0.2471570422817209,-0.119362469199262
5,0.8032128514056225,-0.4011794125168494,0.6152698359344063,1.5570288057726778,-0.24252532785675018,-1.187356709590189,-0.5736922046680132,0.2550355333779053,0.32763479819149016,-0.22352821704354398,-0.12668710160113392
5,0.8835341365461847,-0.43380558964505334,0.5935016896893417,1.5627195176002275,-0.2170659099672581,-1.1699342974865647,-0.6002404278776382,0.2400186382956996,0.3559004850461268,-0.1989982687643086,-0.13209583689057305
5,0.963855421686747,-0.46490381409218995,0.569810987112883,1.5679527765016958,-0.1916028848696585,-1.1518289212361768,-0.6262157898049775,0.22251423809260856,0.3835092734814245,-0.17373427926593693,-0.13550158591967235
5,1.0441767068273093,-0.49432338640652734,0.5443114740820738,1.5727251899483854,-0.16613956149668713,-1.1330421123440015,-0.6515968128358509,0.20255956332611177,0.41025278207751986,-0.14791925452396743,-0.13682788182705638
5,1.1244979919678715,-0.5219225990363751,0.5171341584258593,1.5770341807773296,-0.1406780128013534,-1.1135749365896488,-0.676363269608114,0.18021502467892456,0.4359190096897882,-0.12175166983022954,-0.13601188570618114
5,1.2048192771084336,-0.5475715460176875,0.48842654206239705,1.5808781201620716,-0.11521924968360275,-1.0934280571244368,-0.7004960989037408,0.15556583579198974,0.4602963650143197,-0.09544435281193626,-0.13300755848937415
5,1.285140562248996,-0.5711547728144515,0.4583512372460196,1.5842564400247017,-0.08976343742687964,-1.0726018238476385,-0.7239772970254486,0.12872274391908486,0.4831783557504026,-0.06922258728169592,-0.12778885854409494
5,1.3654618473895583,-0.5925736069090306,0.4270840287147245,1.5871697185452416,-0.06431014913365567,-1.0510963887104419,-0.7467897866645932,0.09982162280894306,0.5043686700059744,-0.043321345734711664,-0.12035276292245094
5,1.4457831325301205,-0.6117480382776295,0.3948114874935469,1.589619732556931,-0.0388586481670949,-1.0289118461191984,-0.7689172657041661,0.06902177159071572,0.5236862779678245,-0.017981619750818204,-0.11072185159011128
5,1.5261044176706826,-0.6286180602676459,0.3617282715304623,1.5916094713331466,-0.013408189062903343,-1.0060483970377274,-0.7903440389155933,0.03650289921599838,0.5409701155812248,0.0065540867562291286,-0.0989461591331914
5,1.606425702811245,-0.6431444293681616,0.32803426004494957,1.5931431077414935,0.012041676045506072,-0.9825065346513251,-0.8110548362161288,0.002460937479347128,0.55608290741364,0.030046918798646904,-0.08510400728796755
5,1.6867469879518073,-0.6553088463335044,0.29393166604138377,1.5942259249742323,0.03749080014995844,-0.9582872489088154,-0.8310346218787517,-0.03289701044347728,0.5689137500708235,0.05226718071156543,-0.06930159438341495
5,1.7670682730923695,-0.665113601446805,0.25962225334266026,1.594864199943677,0.06293816874406245,-0.9333922466652577,-0.8502684000319882,-0.06935815165330592,0.5793792147184422,0.07299979982169218,-0.051671236773177615
5,1.8473895582329316,-0.6725807546401644,0.2253047592988419,1.5950650476750556,0.08838166683028849,-0.9078241838394032,-0.8687410226347638,-0.10670941872791867,0.5874229076305023,0.09204930953243134,-0.03236831112486971
5,1.927710843373494,-0.6777509380224129,0.19117259430278974,1.594836234199151,0.11381789859953174,-0.8815869058978417,-0.8864370067817223,-0.14474234097001748,0.5930136200969042,0.1092439506911219,-0.011567106217504272
5,2.0080321285140563,-0.6806818752255668,0.15741186104370092,1.5941859680821828,0.13924206948328652,-0.8546856930866534,-0.903340368548293,-0.1832569884789209,0.5961423629242233,0.12443858870895906,0.010544075097081461
5,2.0883534136546187,-0.6814467086854098,0.12419971095447963,1.5931226824260696,0.1646479359581501,-0.8271275070328415,-0.9194344804840838,-0.2220647539983951,0.5968186843726421,0.1375162872905776,0.033768149198811354
5,2.1686746987951806,-0.6801322182094032,0.09170303609893692,1.5916548196655427,0.1900278236135752,-0.7989212355111992,-0.9347019593663609,-0.26098990350068463,0.5950667019086314,0.1483885375557448,0.057904397745216815
5,2.248995983935743,-0.6768370028899733,0.06007748103551172,1.5897906307086285,0.21537270923154142,-0.7700779322984087,-0.949124589894475,-0.29986997680511834,0.5909212407943137,0.15699428128487233,0.0827531588331074
5,2.3293172690763053,-0.671669685728397,0.029466749595085787,1.5875379981459783,0.24067235852723595,-0.7406110488234658,-0.9626832889258761,-0.33855523126345477,0.5844243859752659,0.1632979676693401,0.10811979482828751
5,2.4096385542168672,-0.6647471895614518,2.1770654670544287e-06,1.584904290608712,0.2659155081755342,-0.7105366541728799,-0.9753581134526439,-0.3769073802106863,0.5756226447951475,0.1672869333363063,0.13381778341649453
5,2.4899598393574296,-0.6561931218322482,-0.028197465757320062,1.5818962524157858,0.2910900790219127,-0.6798736394716519,-0.9871283142581624,-0.41479789074425943,0.5645648093252031,0.16896839963237423,0.159670891668366
5,2.570281124497992,-0.6461362969834223,-0.055025971371120926,1.5785199297125312,0.3161834069381844,-0.6486439022251969,-0.9979724358252439,-0.4521060795408299,0.5513005171719108,0.16836634903691844,0.18551448308626903
5,2.6506024096385543,-0.6347094176954409,-0.08038953327921584,1.5747806317296802,0.3411824785311174,-0.6168725058620084,-1.007868461676029,-0.4887171980975824,0.5358794471373332,0.16551848992535176,0.2111960692867937
5,2.7309236947791167,-0.6220479282348899,-0.10420645985091624,1.5706829238207145,0.3660741604545542,-0.5845878093163609,-1.0167940031268212,-0.5245206446774905,0.5183510505137803,0.16047345840802715,0.23657525200940238
5,2.8112449799196786,-0.6082890466665409,-0.12640680191217474,1.5662306475888732,0.3908454132233153,-0.55182156150443,-1.0247265280320212,-0.55940838779643,0.49876470782852395,0.15328834837852792,0.2615232088923562
5,2.891566265060241,-0.5935709753346893,-0.14693193221969225,1.56142696274474,0.4154834827634608,-0.5186089556651057,-1.0316436248344725,-0.5932736443696918,0.47717020608339916,0.14402661262474697,0.28592186820730425
5,2.9718875502008033,-0.578032281707199,-0.16573411404082966,1.5562744052115924,0.43997606524878013,-0.48498863896541194,-1.037523295956358,-0.6260098252237964,0.4536184466424406,0.13275634068481532,0.3096628981059667
5,3.0522088353413652,-0.5618114346862737,-0.18277609486020616,1.5507749562951105,0.4643114428937525,-0.4510026735035822,-1.0423442732531707,-0.6575097423670648,0.42816231359173124,0.1195488942618108,0.33264661162789283
5,3.1325301204819276,-0.5450464738719554,-0.19803075803441286,1.5449301183352582,0.48847859011736294,-0.41669644575856785,-1.0460863472175495,-0.6876650642714399,0.40085765071157636,0.1044778655667055,0.3547808644230225
5,3.21285140562249,-0.5278747825724073,-0.21148086080380707,1.5387409930010467,0.5124672508910043,-0.38211852275274627,-1.048730700651727,-0.7163660044292689,0.3717643112011206,0.08761831675337615,0.3759799993634087
5,3.2931726907630523,-0.5104329289654903,-0.22311888124030432,1.5322083591778173,0.5362679890767506,-0.34732045457747157,-1.050260236900476,-0.7435012327321348,0.34094725556467587,0.06904625709727959,0.39616387349935356
5,3.3734939759036147,-0.49285653438313226,-0.23294698849877443,1.52533274815666,0.5598722142058545,-0.3123565244721588,-1.0506598925391781,-0.7689580057102064,0.30847767909587903,0.04883831640883737,0.41525698773621844
5,3.4538152610441766,-0.4752801235866939,-0.24097714147483432,1.5181145144902235,0.5832721855056245,-0.27728344930531174,-1.0499169245858009,-0.7926225191553555,0.27443415204436716,0.027071577557137613,0.4331877285106432
5,3.534136546184739,-0.45783690953849326,-0.2472313094939063,1.510553901421285,0.6064609971000967,-0.24216003499564231,-1.048021163072403,-0.8143804929651259,0.23890375253258433,0.0038235360779766588,0.4498877229336278
5,3.6144578313253013,-0.44065846523336094,-0.2517417957451261,1.5026511001961655,0.6294325472675903,-0.2070467930631071,-1.0449652210747724,-0.8341180021587384,0.2019831658190998,-0.020827839740958705,0.4652913037332083
5,3.694779116465863,-0.423874237787431,-0.2545516304702775,1.4944063028464523,0.6521814944930405,-0.17200552607249575,-1.0407446560271536,-0.8517225693194831,0.16377971434623367,-0.04680396966704215,0.47933507765815664
5,3.7751004016064256,-0.40761086679051745,-0.25571498619780236,1.4858197481903508,0.6747032028487879,-0.1370988910561878,-1.0353580783953542,-0.8670845301994443,0.12441227220856871,-0.07402546014420104,0.49195758953579977
5,3.855421686746988,-0.3919912792767388,-0.2552975536553558,1.4768917608713252,0.6969936790339253,-0.10238995109527176,-1.0288072062389113,-0.8800986767437206,0.0840120065391191,-0.10241185375559395,0.5030990743212226
5,3.9357429718875503,-0.3771335489554411,-0.25337680510292715,1.4676227832615858,0.7190495032168445,-0.06794172593422652,-1.0210968668636042,-0.8906661687762174,0.042722878591303005,-0.13188133959570078,0.5127012901583838
5,4.016064257028113,-0.3631495274630479,-0.25004206371030246,1.458013400033929,0.7408677556850114,-0.033816752722111806,-1.0122349494069152,-0.8986966874090646,0.0007018309503709907,-0.1623504324397051,0.5207074264818354
5,4.096385542168675,-0.3501432782907566,-0.24539429520611347,1.448064355182892,0.7624459412274578,-7.666779427997761e-05,-1.0022323145052727,-0.9041107818375628,-0.041881414498319766,-0.19373362726029286,0.5270620829822484
5,4.176706827309237,-0.3382093705923584,-0.23954554309371495,1.4377765612916953,0.7837819131360878,0.03321818041485385,-0.9911026691666176,-0.9068423360876219,-0.08484501726493425,-0.22594303502656896,0.5317113163891791
5,4.257028112449799,-0.327431116741935,-0.232617943034187,1.4271511009119624,0.8048737987133452,0.06600907855642552,-0.9788624163604343,-0.9068410571148313,-0.127996192310892,-0.2588880056116219,0.5346027529921681
5,4.337349397590361,-0.3178788592815312,-0.22474227499911495,1.4161892200914652,0.8257199281833324,0.0982392485507569,-0.9655304893175731,-0.9040748650163897,-0.17113293040015345,-0.2924747443443014,0.5356857665335091
5,4.417670682730924,-0.3096084315366804,-0.21605604442400456,1.4048923143316479,0.8463187688726254,0.12985409594170705,-0.951128180590271,-0.898532049402882,-0.2140462645820459,-0.32660592933379257,0.5349117207236962
5,4.497991967871486,-0.3026599228796257,-0.20670112205630167,1.393261907593536,0.8666688664417561,0.16080140391897665,-0.9356789751075086,-0.8902230509352493,-0.25652304527061565,-0.3611803376976375,0.53223427599267
5,4.578313253012048,-0.29705687432376143,-0.19682101299518298,1.3812996253767158,0.8867687947436524,0.1910314730484327,-0.9192083949690887,-0.8791817342948651,-0.2983491468644266,-0.3960924898065221,0.5276097600850458
5,4.658634538152611,-0.29280601342251183,-0.18655786547387673,1.3690071633013157,0.906617115568955,0.22049720914309098,-0.9017438621428192,-0.8654660379964447,-0.3393129886217151,-0.43123232102545017,0.5209976006694561
5,4.738955823293173,-0.28989760643335066,-0.1760493619443078,1.356386253008383,0.9262123490874191,0.24915416384478495,-0.8833145831673745,-0.8491579197188664,-0.37920922146541824,-0.4664848907009513,0.5123608174896815
5,4.8192771084337345,-0.2883064659769288,-0.16542565637757334,1.3434386274827619,0.9455529552305206,0.2769605342649252,-0.8639514579590579,-0.830362558125799,-0.41784241132900546,-0.5017301376449596,0.5016665704351159
5,4.899598393574297,-0.2879936072677347,-0.15480652892823982,1.330165988042732,0.9646373256408249,0.30387712935697647,-0.8436870129634128,-0.809206820046558,-0.4550305427248762,-0.5368426900854159,0.4888867589757038
5,4.979919678714859,-0.2889085010462606,-0.1442989216952484,1.3165699752284898,0.9834637851938428,0.3298673108955375,-0.8225553576129768,-0.7858370481648573,-0.4906081727377978,-0.5716917369129096,0.4739986668521802
5,5.0602409638554215,-0.2909918289557571,-0.13399499650279556,1.3026521455937825,1.0020306015079192,0.3548969179291117,-0.8005921611828847,-0.7604162707252834,-0.5244290912910281,-0.6061409638418538,0.45698564746878895
5,5.140562248995984,-0.29417861723241256,-0.12397082516494332,1.288413956056153,1.0203360004552608,0.3789341822308628,-0.7778346470136718,-0.7331209646525253,-0.5563683725045553,-0.640048556402078,0.4378378442279095
5,5.220883534136546,-0.2984016041389517,-0.11428578254029562,1.2738567569740646,1.0383781853543808,0.40194964189760607,-0.7543215997706347,-0.7041375252556203,-0.5863237454626583,-0.6732672694770988,0.41655294241920754
5,5.301204819277109,-0.3035946868402825,-0.10498267313105031,1.258981794548466,1.0561553575033853,0.4239160593176745,-0.7300933815555667,-0.6736586076806675,-0.6142162551002883,-0.7056445593451909,0.3931369522835198
5,5.381526104417671,-0.30969630004480014,-0.09608858460259599,1.2437902226236317,1.0736657357418202,0.4448083478613765,-0.7051919522571436,-0.6418794954241737,-0.6399902244690491,-0.7370227750160349,0.36760502558696845
5,5.461847389558233,-0.3166525900395966,-0.08761642996161183,1.2282831234326068,1.0909075729899251,0.46460351063438915,-0.6796608894601893,-0.608994639598075,-0.6636125671291144,-0.7672394044293246,0.33998231356099035
5,5.542168674698795,-0.32442026638471044,-0.07956711729936769,1.212461536426247,1.1078791680626294,0.4832805929717869,-0.6535454035278422,-0.5751944897925998,-0.6850715266223715,-0.7961273732207239,0.3103048793869516
5,5.622489959839357,-0.33296903601772626,-0.07193227234967721,1.1963264939991545,1.1245788714131617,0.500820648933588,-0.6268923432611634,-0.5406627081561804,-0.7043749404017738,-0.8235153987588362,0.27862068459945266
5,5.7028112449799195,-0.3422835444968801,-0.06469743414663147,1.1798790626904228,1.1410050838492265,0.5172067207489084,-0.5997501876665303,-0.5055738294847132,-0.7215481371694892,-0.8492284094577388,0.24499067513342432
5,5.783132530120482,-0.3523647645273314,-0.05784564592786026,1.1631203882993812,1.157156247619049,0.5324238287930056,-0.5721690197587436,-0.47009140178718,-0.7366315799238115,-0.8730880507778762,0.209489997991366
5,5.863453815261044,-0.36323078260148095,-0.051361370947191204,1.1460517432186927,1.1730308295186351,0.5464589686243835,-0.5442004781740555,-0.4343666137207869,-0.7496783637349668,-0.8949133155208091,0.172209383337578
5,5.943775100401607,-0.37491693523591396,-0.045234671685418226,1.1286745741559054,1.1886272958934074,0.5593011106431564,-0.5158976827064128,-0.39853739296610347,-0.7607516686096483,-0.9145213565970448,0.1332567271080716
5,6.024096385542169,-0.3874752370575819,-0.03946559706864358,1.1109905482698066,1.2039440795815077,0.5709411970620549,-0.4873151304911437,-0.3627279414201523,-0.7699222554035795,-0.9317285668541277,0.09275890338185878
5,6.1044176706827304,-0.40097302594450024,-0.0340687233174983,1.0930015954615104,1.218979538988624,0.5813721305488707,-0.458508559762543,-0.3270486580809967,-0.7772660781917302,-0.9463520419848848,0.050863822283147224
5,6.184738955823293,-0.41549072346353944,-0.029077781891920604,1.0747099442256836,1.2337319097019626,0.5905887487480294,-0.42953477908847143,-0.29159639170728435,-0.7828620710269244,-0.9582115778028896,0.007742722305353569
5,6.265060240963855,-0.4311185771889609,-0.02455027777851887,1.0561181480499267,1.2481992493743241,0.5985877792304434,-0.40045146114431324,-0.256454959834441,-0.7867901517103263,-0.9671323902569686,-0.036407358741166025
5,6.3453815261044175,-0.4479522221305892,-0.020571947895718905,1.037229098851355,1.2623793771390346,0.6053677705440025,-0.3713169014185018,-0.22169586879110564,-0.789129471064445,-0.9729487784736631,-0.08136105676036887
5,6.42570281124498,-0.46608688056780573,-0.017260823178075983,1.018046023560145,1.276269809629417,0.6109289966703799,-0.3421897444099491,-0.18737917113876784,-0.7899569236865972,-0.9755089685239515,-0.12686231835479445
5,6.506024096385542,-0.4856100310150714,-0.014770538391620893,0.9985724597966779,1.2898676968207232,0.615273334689757,-0.3131286824686578,-0.15355440081365815,-0.7893459257329464,-0.9746813626577054,-0.17262255022749812
5,6.586345381526105,-0.5065924415303914,-0.01329238583371665,0.9788122068864412,1.3031697624205476,0.6184041187893471,-0.28419213565115115,-0.12026153292137146,-0.7873654575401395,-0.9703623512240255,-0.2183197833955403
5,6.666666666666667,-0.5290776094476908,-0.013055438809389011,0.9587692496448393,1.316172255191986,0.6203259772850549,-0.25543792517813113,-0.08753192328813827,-0.7840793627172665,-0.9624856941940652,-0.26359952848719964
5,6.746987951807229,-0.5530699065317628,-0.01432393417741194,0.9384476545478135,1.3288709192744894,0.6210446634833604,-0.22692295746071933,-0.055389193360241853,-0.7795458921865372,-0.9510332181391692,-0.308078135449821
5,6.827309236947791,-0.5785221143910109,-0.017391041187882657,0.9178514415394766,1.341260992579521,0.6205668944604192,-0.19870294064903907,-0.023850037781091175,-0.7738174789383306,-0.9360461838277935,-0.35134953180426876
5,6.907630522088353,-0.6053235267325343,-0.022568265575124105,0.8969844395450373,1.353337242137431,0.6189002141376763,-0.17083215994233256,0.007075054604905056,-0.7669407275530542,-0.9176361815550841,-0.3929960890669202
5,6.9879518072289155,-0.6332903139409163,-0.030170129265479195,0.8758501393024893,1.3650940430140541,0.6160528971644406,-0.14336334072885681,0.037381161448848295,-0.7589565995405338,-0.8959938839748617,-0.43260397347918417
5,7.068273092369478,-0.662160228303224,-0.04049449407901752,0.8544515621648382,1.3765255026363568,0.6120339077027145,-0.11634762844425646,0.06706835050115867,-0.7499007702496838,-0.8713935920654872,-0.46978260986339865
5,7.14859437751004,-0.6915937497432085,-0.05379991976149154,0.8327911663711959,1.387625625207346,0.6068529222048504,-0.08983470939945926,0.09614113549752941,-0.739804124279138,-0.8441914743303668,-0.5041868717672572
5,7.228915662650603,-0.7211832154211248,-0.07028255981820161,0.8108708111874194,1.398388502524043,0.6005204185531324,-0.06387308672927622,0.12460792625069542,-0.7286933441304093,-0.8148159405701219,-0.5355395118461558
5,7.309236947791165,-0.7504702645522593,-0.09005593556297588,0.7886917932812887,1.4088085101085936,0.5930478271681541,-0.038510510219382676,0.15248043412166748,-0.716591533229977,-0.7837497900188506,-0.563650531096258
5,7.389558232931726,-0.778970249956956,-0.11313707168875799,0.7662549592859604,1.4188804836971431,0.5844477349705008,-0.013794539986943764,0.17977300110369715,-0.7035188033883877,-0.7515054454032022,-0.5884300686330536
5,7.469879518072289,-0.8062005995949505,-0.13944166109985195,0.7435608860547183,1.4285998526802606,0.5747341320340367,0.010226794802070914,0.2065018349452728,-0.6894927535061208,-0.7185962534390766,-0.6098922328763585
5,7.550200803212851,-0.8317090546042287,-0.16878926036109895,0.720610109121844,1.437962714178693,0.563922693889322,0.0335042954271205,0.23268415013229427,-0.6745287753374447,-0.6855078985392309,-0.6281489739072694
5,7.6305220883534135,-0.8550977089874345,-0.2009174867599682,0.6974033735232832,1.446965842094724,0.5520310985220246,0.05598691154108515,0.25833723048404866,-0.6586401445551635,-0.6526739935419213,-0.6433951223206773
5,7.710843373493976,-0.8760398405432965,-0.23550248193034734,0.6739418808424329,1.455606636470435,0.5390793841130548,0.07762113577790508,0.28347743801766273,-0.6418378887508629,-0.6204588624298534,-0.6558874015671297
5,7.791164658634538,-0.894288249221272,-0.27218206360097097,0.6502275113543373,1.4638830266503688,0.5250903587565449,0.09835052465915703,0.3081191932991532,-0.624130460442755,-0.5891488141887626,-0.6659210272657998
5,7.871485943775101,-0.9096755606953756,-0.3105781268170272,0.6262630081161557,1.471793345460054,0.5100900760014935,0.11811538237045098,0.3322739436711792,-0.6055232765475318,-0.5589514670934523,-0.673807324465946
5,7.951807228915663,-0.9221082224615125,-0.35031576694855665,0.6020521178304832,1.4793361909005491,0.4941083886283212,0.13685263264055425,0.3559491250039225,-0.5860182078036497,-0.5300014090012138,-0.679854848788897
5,8.032128514056225,-0.9315564628725659,-0.39103778171791453,0.5775996895608426,1.4865102881844092,0.4771795894409345,0.15449589494315946,0.3791471106368994,-0.5656131123143543,-0.5023699267661101,-0.6843552890953
5,8.112449799196787,-0.9380424153201071,-0.4324143150775473,0.552911735737351,1.4933143600863095,0.4593431416206428,0.17097577838251615,0.4018641364765299,-0.5443015064469223,-0.4760765985144162,-0.6875743169443556
5,8.19277108433735,-0.9416281417983046,-0.474148161176538,0.5279954608445807,1.4997470090347225,0.44064449364758373,0.1862204078112718,0.42408919235073655,-0.5220724584138923,-0.45110100504459605,-0.689746797255564
5,8.273092369477911,-0.9424046983238253,-0.5159766371070016,0.5028592622724287,1.5058066110160102,0.4211359643397144,0.20015620169992443,0.4458028794021338,-0.4989107786120434,-0.42739340769045125,-0.6910753969968894
5,8.353413654618475,-0.9404828363533305,-0.5576710176349745,0.47751270601068074,1.5114912194520538,0.40087767176799927,0.2127089272602661,0.4669762493973765,-0.47479756906951376,-0.4048837908227258,-0.6917315600078313
5,8.433734939759036,-0.9359855230102764,-0.5990344240415195,0.4519664778893653,1.5167984766407272,0.37993846481612903,0.22380506303048597,0.487569663317137,-0.4497111831335742,-0.3834890830123547,-0.6918579324961189
5,8.514056224899598,-0.9290421989734731,-0.6398988756326573,0.42623230939669843,1.5217255308381048,0.3583967973510332,0.23337349979617647,0.5075317323918764,-0.42362863487337366,-0.3631186401661349,-0.6915715201282499
5,8.594377510040161,-0.9197845545174625,-0.6801220125734265,0.4003228761340347,1.526268958268851,0.33634146225216505,0.24134760418869358,0.5267984328751034,-0.39652748293134715,-0.3436782167438403,-0.6909670669527702
5,8.674698795180722,-0.9083435530397563,-0.7195838267214437,0.37425166679852007,1.530424691003118,0.3138720773514663,0.24766765275053998,0.5452925150095689,-0.3683881925190864,-0.32507270611979866,-0.6901203245131273
5,8.755020080321286,-0.8948474337787108,-0.7581835997461872,0.3480328214004892,1.5341879534199743,0.2910991901025292,0.25228361423318263,0.5629233530834611,-0.33919694769865194,-0.30720793080776854,-0.6890910202083175
5,8.835341365461847,-0.8794204552167413,-0.7958371515544961,0.3216809391642112,1.5375532116420723,0.2681438480485797,0.2551582128480242,0.579587402504614,-0.30894884153820595,-0.2899917345006634,-0.6879254313973941
5,8.91566265060241,-0.8621821806580108,-0.8324744365614667,0.2952108591779481,1.540514141564867,0.24513647493899193,0.2562701445784177,0.5951694340916671,-0.2776513126956063,-0.273334587550596,-0.6866585368862115
5,8.995983935742972,-0.8432471482750822,-0.8680374851659106,0.2686374201440595,1.5430636216222193,0.2222149065978026,0.2556172464715666,0.6095446967680395,-0.24532762653744616,-0.2571498752348191,-0.6853157563904289
5,9.076305220883533,-0.8227248041334484,-0.9024786645785781,0.24197520908283046,1.5451937559948674,0.19952148673692818,0.2532193441275648,0.6225821079635135,-0.21202012554676725,-0.24135399964982376,-0.6839143099970864
5,9.156626506024097,-0.8007196071130216,-0.9357592216769643,0.21523831216211559,1.546895932351133,0.17719920471354655,0.2491204392254646,0.6341484822760151,-0.17779291031663286,-0.22586639203865536,-0.682464239583
5,9.236947791164658,-0.777331238675191,-0.9678480664395609,0.18844008315610616,1.548160915502366,0.15538697699501003,0.24338986817595773,0.6441136827053876,-0.14273358031578837,-0.21060950418131252,-0.6809691369229741
5,9.317269076305221,-0.7526548691325671,-0.998720754905489,0.16159294587483017,1.5489789748041398,0.13421431918505478,0.23612208476566665,0.6523564282784562,-0.1069536826823572,-0.19550882420577387,-0.67942662198196
5,9.397590361445783,-0.7267814463738281,-1.0283586338329287,0.13470824578208732,1.5493400391165997,0.11379579887149315,0.22743480734603813,0.6587703440787385,-0.07058760012247027,-0.1804929423584905,-0.6778286125072385
5,9.477911646586346,-0.6997979838332322,-1.056748113814999,0.10779616270289943,1.5492338696401846,0.09422577556190491,0.21746543041851957,0.6632697233620737,-0.03378976428826564,-0.1654936777936454,-0.676161421955439
5,9.558232931726907,-0.6717878329263333,-1.0838800430860553,0.08086569148218004,1.5486502383680194,0.07557397819502198,0.20636580811361405,0.6657944287524176,0.0032697162670341368,-0.15044626550328588,-0.6744057196626116
5,9.638554216867469,-0.6428309317230223,-1.109749159810316,0.0539246912833159,1.54757909904095,0.05788242682149002,0.1942957396316095,0.6663134088635444,0.040410704662572614,-0.13528959524532766,-0.6725363835248155
5,9.718875502008032,-0.6130040266586324,-1.134353605990269,0.026979998064820036,1.5460107384986383,0.041164066261816096,0.18141567435246805,0.6648264533116057,0.07744946506713685,-0.1199664909796088,-0.6705222719279738
5,9.799196787148594,-0.5823808680327192,-1.1576944908105224,3.758948699625255e-05,1.5439358989661536,0.025403270382313232,0.1678792621934477,0.6613640282138058,0.11420526752640976,-0.10442402005039575,-0.6683259378754882
5,9.879518072289157,-0.5510323825340793,-1.1797754950361112,-0.02689721187795191,1.5413458656006411,0.01055814266422395,0.15382637791302797,0.6559852777761338,0.15050655553840492,-0.08861382602832624,-0.6659033040159624
5,9.959839357429718,-0.5190268275355483,-1.2006025108074097,-0.05381951252990479,1.5382325177162275,-0.00343566964946055,0.13937714789757683,0.6487744967665404,0.1861961579800019,-0.07249248705162634,-0.6632033127863964
5,10.040160642570282,-0.48642993210033386,-1.2201833128257735,-0.08072461398983166,1.5345883458093255,-0.016660068911338657,0.12462733380111819,0.6398365269670984,0.22113519481439686,-0.05602191196559389,-0.6601675615990666
5,10.120481927710843,-0.4533050288897762,-1.238527257603872,-0.10760778326541623,1.5304064392330623,-0.02920897934257569,0.10964522286365998,0.629291590124986,0.2552055252818213,-0.03916979862721784,-0.6567299297746712
5,10.200803212851406,-0.4197131795976729,-1.2556450073304417,-0.13446403724297917,1.5256804508953632,-0.04118263446104089,0.0944699855099928,0.6172700431722377,0.28831077359173807,-0.021910191870544334,-0.652816202666652
5,10.281124497991968,-0.385713294532799,-1.2715482742714581,-0.16128794716939354,1.52040454567067,-0.05268201765301368,0.07911131852522085,0.6039074513133628,0.3203761109692802,-0.004224191958156331,-0.6483437008937124
5,10.36144578313253,-0.3513622446853158,-1.2862495806614012,-0.18807346633577327,1.5145733385635194,-0.06380366375333835,0.0635501147006226,0.5893402528202923,0.3513470570599139,0.013899121954135264,-0.6432209296626542
5,10.441767068273093,-0.316714962442239,-1.2997620280777176,-0.214813781845926,1.5081818273464456,-0.07463489497889186,0.04773988467227214,0.5737021636344203,0.3811875935623923,0.0324614756326367,-0.6373472775033918
5,10.522088353413654,-0.2818245250667637,-1.3120990694644654,-0.24150118983766214,1.501225322721312,-0.08524944788430319,0.03160869598492792,0.5571213620518218,0.4098778675554319,0.05145380073690719,-0.6306128167972058
5,10.602409638554217,-0.24674221317114603,-1.3232742765280312,-0.2681269928521732,1.4936993772821139,-0.0957033608127052,0.015061472655079278,0.5397184138188122,0.437411720075781,0.07085415301721217,-0.6228982934849427
5,10.682730923694779,-0.21151753492080227,-1.3333010953934172,-0.2946814181774705,1.4855997128890928,-0.10603093899167461,-0.002017395991853778,0.5216048475947985,0.4637942219905283,0.09062504449514885,-0.6140754434943494
5,10.763052208835342,-0.17619820526994467,-1.3421925844121387,-0.32115355671634005,1.4769221445975438,-0.11624060040152286,-0.01976106350193922,0.5028822669762071,0.48903934516615294,0.11071009541160048,-0.6040078418496181
5,10.843373493975903,-0.14083006866445977,-1.3499611301480188,-0.34753132324528463,1.4676624981972268,-0.12631043447982232,-0.038316639462397724,0.4836418808877108,0.5131678511984136,0.13102994550185595,-0.5925525797852235
5,10.923694779116467,-0.10545695336173723,-1.3566181412046243,-0.373801440656197,1.4578165178231892,-0.1361833894334311,-0.0578406472785963,0.4639643435083751,0.5362054441382201,0.15147743994299057,-0.5795631734781882
5,11.004016064257028,-0.07012044641091719,-1.3621737250130785,-0.39994945280521454,1.4473797602367864,-0.14576216088653693,-0.0784930196347699,0.44391981214587367,0.5581812096195333,0.17191224795679516,-0.5648942252084705
5,11.08433734939759,-0.03485958146736368,-1.3666363601960676,-0.4259597725934098,1.4363474736254012,-0.15490411333012566,-0.10042900644786423,0.4235681527826479,0.5791263482784139,0.19215531460825158,-0.5484084552598829
5,11.164658634538153,0.0002895620937234996,-1.3700125865680628,-0.45181577344573914,1.4247144614775824,-0.1634169500685147,-0.1237883355772954,0.4029592465936219,0.5990732044019235,0.21198391482690862,-0.529986743734147
5,11.244979919678714,0.035294339139618824,-1.3723067453522042,-0.4774999325253998,1.4124749367333118,-0.1710563622399063,-0.14868111141414375,0.3821333747718166,0.6180545878801126,0.2311285808538707,-0.5095416678470758
5,11.325301204819278,0.07012607117230459,-1.3735208118647058,-0.5029940316457504,1.3996223780103945,-0.17752747208175154,-0.17517039840001983,0.361121683279673,0.6361033852713339,0.2492737492755244,-0.48703455301700244
5,11.405622489959839,0.10476058141796499,-1.3736543682230544,-0.5282794154112728,1.3861494076941516,-0.18249236148257694,-0.2032523558372132,0.3399467517377109,0.653252449817987,0.26606444373817395,-0.4624951334518703
5,11.485943775100402,0.13917865610517746,-1.3727047596943582,-0.553337294487128,1.3720477191427034,-0.18558600093341268,-0.23283621918876377,0.3186233085740067,0.6695347466370131,0.2811213307413563,-0.4360414868965938
5,11.566265060240964,0.17336633109136002,-1.3706674601623954,-0.5781490653304534,1.35730808387523,-0.18644199573019501,-0.2637281428607821,0.29715914204889593,0.684983705567967,0.2940655879203926,-0.40789618642001907
5,11.646586345381525,0.20731489148245147,-1.367536637208782,-0.602696599247129,1.341920465142259,-0.18472737091436223,-0.29562428556457354,0.27555624603111933,0.6996337017251658,0.30455283264792044,-0.3783932440940686
5,11.726907630522089,0.24102048540072793,-1.3633058596981873,-0.6269624399117899,1.3258742487587318,-0.18018226669728804,-0.3281184791231355,0.2538122043843517,0.7135205505493131,0.3123120168239984,-0.3479704604867214
5,11.80722891566265,0.27448329990161685,-1.357968842986338,-0.6509298481295106,1.309158576709937,-0.17265698833016796,-0.3607274230481796,0.23192175857615463,0.7266818844189991,0.3171817779819072,-0.317144195094418
5,11.887550200803213,0.3077063235019083,-1.3515200986483757,-0.6745826519786606,1.2917627413346908,-0.1621372251559375,-0.39293161290325335,0.209878433116107,0.7391572878262342,0.319135120516583,-0.2864683176092951
5,11.967871485943775,0.34069380586781217,-1.3439553639331319,-0.697904897825435,1.2736765796964886,-0.14875006441603394,-0.4242247864983766,0.18767603811089156,0.7509881155319984,0.3182851182627653,-0.25648454479697774
5,12.048192771084338,0.37344959102118325,-1.3352717343001865,-0.7208803414089872,1.2548908087997444,-0.1327486329322276,-0.4541612782528757,0.16530985541051355,0.7622169938657638,0.3148695279095183,-0.227674790112445
5,12.1285140562249,0.4059755196086371,-1.3254674946462375,-0.7434918513006384,1.2353972635845814,-0.11447957118046924,-0.4823913013577643,0.14277735826438717,0.7728870828417459,0.30921854460808357,-0.2004255504223248
5,12.208835341365461,0.4382700630055628,-1.3145417135053274,-0.7657208074132961,1.2151890316252567,-0.0943419986611508,-0.5086785367756724,0.12007840208957826,0.7830412264526763,0.301714340979306,-0.17501000779693196
5,12.289156626506024,0.47032728330843493,-1.302493705761203,-0.7875465639829736,1.1942605075641155,-0.0727473512124562,-0.5329000951306175,0.0972149238333244,0.7927211236468139,0.29275170805367057,-0.15158783031910775
5,12.369477911646586,0.5021361369259649,-1.2893224751009131,-0.8089460191621132,1.1726074067110417,-0.050086935669318815,-0.5550332502188989,0.07419026522023703,0.8019666184077483,0.2827065526852303,-0.13021829979897664
5,12.449799196787149,0.5336800791663837,-1.2750262254166655,-0.8298933046728191,1.1502267791853917,-0.026710194778585043,-0.5751350179642828,0.05100827167305025,0.8108151541956842,0.2719151486119703,-0.11088069000012638
5,12.53012048192771,0.5649368940119683,-1.2596019963762768,-0.8503595879587745,1.127117057923287,-0.002913363608498795,-0.5933200210361206,0.027672314836060544,0.8193013880350903,0.26066374271924486,-0.0934964285459785
5,12.610441767068274,0.5958786648876595,-1.24304544611692,-0.8703129687616764,1.1032781620769618,0.021063694470355256,-0.609740295163259,0.004184356560901346,0.8274569259137138,0.24918625284276036,-0.0779493467104952
5,12.690763052208835,0.6264718107947942,-1.225350781230327,-0.889718450537643,1.0787116664319105,0.04503522788692091,-0.6245688237992295,-0.019455867099118045,0.8353101271135377,0.23766727895504616,-0.06410218851589038
5,12.771084337349398,0.6566771284712172,-1.2065108223705223,-0.9085379711766091,1.053421039537176,0.06886436413724698,-0.6379871946965732,-0.04325149934697085,0.8428859262768607,0.22624797791511608,-0.05180894874693996
5,12.85140562248996,0.6864497989789858,-1.1865171910057486,-0.9267304839913135,1.027411948347507,0.09245671051145486,-0.6501769681517443,-0.06720903757124388,0.8502056320176834,0.21503301207211684,-0.04092342120769628
5,12.931726907630521,0.7157393328564907,-1.1653606060432242,-0.944252086785722,1.0006926244265653,0.11575393887896951,-0.6613140114781338,-0.09133862984343472,0.8572866742149778,0.20409744489369686,-0.031304681120183725
5,13.012048192771084,0.7444894407734262,-1.1430312855305815,-0.9610562029116696,0.9732742850600541,0.1387279837838206,-0.6715650074500588,-0.11565420045102734,0.8641422851944777,0.1934929788054503,-0.022820277273890098
5,13.092369477911646,0.7726378267581238,-1.1195194565039823,-0.9770938231389837,0.9451716010739172,0.1613761261591693,-0.6810854389920228,-0.14017341333221944,0.870781111389735,0.18325328355391005,-0.015347816967645572
5,13.17269076305221,0.800115909614884,-1.0948159841757736,-0.9923138207942495,0.9164032011137098,0.1837170164005059,-0.6900184930117055,-0.1649174802366949,0.8772067614430138,0.17339837501555463,-0.008775485369243061
5,13.25301204819277,0.8268484862106628,-1.0689131393443683,-1.0066633549378772,0.8869921992599907,0.2057875703676485,-0.6984944638862253,-0.18991081706823218,0.8834173045233782,0.1639381154277984,-0.003001900552774127
5,13.333333333333334,0.8527533591273554,-1.0418055297950732,-1.0200883772589164,0.8569667289796632,0.22764061352048956,-0.7066303514855357,-0.2151805485925376,0.8894047394754306,0.1548749532036091,0.0020644128255165113
5,13.413654618473895,0.8777409617930036,-1.0134912269903986,-1.0325342577120018,0.8263604615922688,0.24934312421680876,-0.7145294359147498,-0.24075585962220267,0.8951544617572799,0.14620603132439225,0.006505739555600791
5,13.493975903614459,0.9017140276392338,-0.9839731228309326,-1.0439465414094489,0.7952130818722234,0.27097491910487975,-0.7222806749508432,-0.26666719065262046,0.900644761248333,0.13792478531795588,0.010395954661220506
5,13.57429718875502,0.9245673667801767,-0.9532605515710001,-1.0542718446113,0.7635706875432178,0.29262762026241496,-0.7299578167754239,-0.29294527824446637,0.9058463898458236,0.13002213581317473,0.013801290957383916
5,13.654618473895582,0.9461878347294499,-0.9213712071099659,-1.0634588905698832,0.731486073927994,0.31440373867750193,-0.7376181573959044,-0.31962004563856555,0.91072224285983,0.12248736280149702,0.01678104771804769
5,13.734939759036145,0.9664546022814899,-0.888333373745452,-1.0714596762399433,0.6990188606601867,0.3364156998238704,-0.7453009055721035,-0.34671935725195363,0.9152272020391353,0.11530873138653691,0.019388216618234658
5,13.815261044176706,0.9852398628454969,-0.8541884654002954,-1.0782307487670473,0.6662354153660025,0.358784623356393,-0.7530251553214176,-0.37426766168296977,0.9193081893689632,0.10847392424812734,0.021670015986748278
5,13.89558232931727,1.0024101398460263,-0.8189938307882981,-1.0837345565900287,0.633208530811906,0.38163865410271613,-0.7607875131293074,-0.40228456104383564,0.9229044785694563,0.10197032368512209,0.023668334536244347
5,13.975903614457831,1.017828376536582,-0.7828257265829681,-1.0879408249252993,0.6000168178697907,0.40511063069105796,-0.7685594888584181,-0.4307833588828388,0.9259483047058078,0.095785176580498,0.025420092865788967
5,14.056224899598394,1.0313569952909525,-0.7457822847279176,-1.0908278912028022,0.5667437884437306,0.42933488001692843,-0.7762848399688564,-0.4597696527215981,0.9283657999636599,0.08990566861651937,0.02695753628938467
5,14.136546184738956,1.0428620895861918,-0.707986205708851,-1.0923839243599804,0.5334766199346969,0.45444295435078796,-0.7838771564486636,-0.489240048472917,0.9300782658605784,0.08431892889591742,0.028308476362240247
5,14.216867469879517,1.0522188452754868,-0.6695868030547518,-1.0926079450196498,0.5003046149538346,0.4805581969709377,-0.7912180827957949,-0.5191810804551801,0.9310037695689396,0.07901198322840512,0.029496501327773726
5,14.29718875502008,1.0593181638053437,-0.6307609262240157,-1.0915105639748444,0.467317396655438,0.5077891473076515,-0.7981566730336215,-0.549568419660116,0.9310590253747603,0.07397167252196493,0.030541177227440076
5,14.377510040160642,1.0640742689169804,-0.5917122243994666,-1.0891143647746613,0.43460290675063434,0.536221987121077,-0.804510439454266,-0.5803664436228091,0.9301614954202546,0.0691845523594129,0.03145826168284488
5,14.457831325301205,1.0664328299041848,-0.5526682247038585,-1.0854538733729686,0.40224529787211905,0.5659124762631329,-0.8100686428466248,-0.6115282227389648,0.9282316190883764,0.06463678994461544,0.03225995058998903
5,14.538152610441767,1.0663788586175704,-0.5138748290227979,-1.080575082561776,0.37032283041499464,0.5968781005844254,-0.8145982374456454,-0.6429959514760746,0.9251950616154343,0.06031407483585456,0.03295517443801527
5,14.61847389558233,1.0639433945970949,-0.4755881023850184,-1.074534528570053,0.3389058924669195,0.6290913962140898,-0.8178526075615783,-0.6747018215268146,0.9209848629287702,0.05620155928568264,0.03354995455090793
5,14.698795180722891,1.0592078727055398,-0.4380636415958788,-1.0673979487835898,0.30805525901827135,0.6624755347908169,-0.81958280792863,-0.7065693009432316,0.9155433687265166,0.05228384223046435,0.03404782177972152
5,14.779116465863453,1.0523051507211034,-0.40154430029042554,-1.059238578952646,0.27782069182538016,0.6969031742279346,-0.8195505207740008,-0.7385147532589502,0.9088238384191937,0.04854500726255792,0.03445029081985331
5,14.859437751004016,1.0434165116251903,-0.3662474979358972,-1.0501351723759318,0.2482399565215499,0.7321992489925333,-0.8175414792048546,-0.7704493071946117,0.9007916469045228,0.04496871895281949,0.034757373714680066
5,14.939759036144578,1.0327645235416094,-0.3323536192632527,-1.0401698399992592,0.21933830191385834,0.7681478147331591,-0.8133778183936128,-0.8022808732193036,0.8914250268121442,0.041538374943794004,0.03496810893086381
5,15.02008032128514,1.020602318451682,-0.29999698458826296,-1.0294258180948481,0.19112841180106477,0.8045023958213027,-0.8069278356678012,-0.8339161990942928,0.8807153312803344,0.038237302916155735,0.035081077174665944
5,15.100401606425702,1.0072004709447187,-0.26926052768884035,-1.0179852690327766,0.16361080702151845,0.8409986749114929,-0.7981119848582706,-0.8652628617574069,0.8686668304338457,0.035048984933971114,0.03509487509174786
5,15.180722891566266,0.992833039019875,-0.2401747096815714,-1.0059272116789557,0.13677464767195766,0.8773679919170534,-0.7869045436693074,-0.896231105857722,0.8552960844478891,0.03195728659974871,0.03500852123103295
5,15.261044176706827,0.9777643750180398,-0.2127205042522145,-0.9933256626323506,0.11059886542712705,0.9133500778531899,-0.7733310964527189,-0.9267354573672184,0.8406309594133896,0.028946667128338637,0.034821775864417516
5,15.34136546184739,0.962238032160632,-0.1868356887537404,-0.980248049468197,0.08505354414898599,0.9487037310624898,-0.7574625878960695,-0.9566960619440532,0.8247093676789898,0.0260023481891279,0.03453536482183457
5,15.421686746987952,0.9464685987233001,-0.16242330599815163,-0.9667539349109915,0.0601014634408815,0.9832146310530933,-0.739407085586919,-0.9860397193968049,0.8075778214833528,0.023110424531402142,0.03415110666083729
5,15.502008032128513,0.9306367329281708,-0.13936107174386642,-0.9528940681368611,0.03569972325099097,1.0167000360086813,-0.7193004890395557,-1.0147006065700175,0.7892898878123379,0.02025790577002534,0.03367194972009418
5,15.582329317269076,0.9148871962419617,-0.11751064671658812,-0.9387097586309776,0.011801376495093822,1.0490105754429746,-0.6972972858439517,-1.0426206991455251,0.7699046250799252,0.01743268609156529,0.03310193098552155
5,15.662650602409638,0.8993293622336657,-0.09672597942036973,-0.924232550565032,-0.011642990799412872,1.0800296610306985,-0.673562171087378,-1.0697499176942877,0.7494850700656104,0.014623444994954393,0.03244607124155115
5,15.742971887550201,0.8840395337293661,-0.07686025450126331,-0.9094841627363925,-0.03468377787666739,1.1096711758544155,-0.6482630175846186,-1.0960460339660996,0.7280968286508515,0.011819487118709632,0.03171022131169845
5,15.823293172690763,0.8690644008324331,-0.05777127485533555,-0.894476651056188,-0.057371017324634656,1.1378760974877178,-0.6215653887152841,-1.1214743797129603,0.7058068081439619,0.00901053244899638,0.03090087275129311
5,15.903614457831326,0.8544250633673184,-0.03932532512843945,-0.8792127471812404,-0.07975316994074486,1.1646086170812864,-0.5936285627339658,-1.146007402764582,0.6826821139031138,0.006186469497216593,0.03002494390003703
5,15.983935742971887,0.8401211767379588,-0.021399699003961988,-0.8636863275213053,-0.10187607111998058,1.1898521805868676,-0.5646028987350967,-1.169624113932695,0.6587891197192517,0.0033370841291729446,0.029089549139788236
5,16.06425702811245,0.8261349180573351,-0.0038841363602219944,-0.8478829705039411,-0.12378202335129374,1.213605741595944,-0.5346283071706399,-1.1923094647807193,0.6341927106149161,0.0004517756313806697,0.028101756267239934
5,16.14457831325301,0.8124345914240557,0.013318573142455173,-0.8317805657478309,-0.14550902167016522,1.2358803951311403,-0.5038335741048894,-1.2140536909174802,0.6089556886165114,-0.002480729889885962,0.02706833401608856
5,16.224899598393574,0.7989777847674808,0.030292584537065972,-0.8153499456533276,-0.16709009352350818,1.2566964706576105,-0.4723363069505925,-1.2348516493580377,0.5831383265621808,-0.0054726604137268105,0.02599548937485428
5,16.305220883534137,0.785714057297322,0.04710939164235331,-0.7985555171906821,-0.18855273119048782,1.2760810985110178,-0.44024330458853056,-1.254702172164654,0.5567980518088783,-0.008537466453004568,0.024888592327786813
5,16.3855421686747,0.7725871787704673,0.06382846397384878,-0.7813558788176107,-0.20991839330787,1.2940662241083796,-0.40765119498415187,-1.2736074526017438,0.5299892403973208,-0.01169007145949327,0.023751883920852764
5,16.46586345381526,0.7595369655554093,0.0804980088433295,-0.763704414099129,-0.2312020517703923,1.3106870226711567,-0.37464722166960457,-1.2915724747882944,0.5027631023443861,-0.014947099339143266,0.02258816225228177
5,16.546184738955823,0.746500769649547,0.0971557749798096,-0.7455498596579541,-0.25241176095852474,1.3259806578410462,-0.3413100937262676,-1.308604493383217,0.47516763984193955,-0.01832707444942299,0.02139843986304375
5,16.626506024096386,0.7334146786707766,0.11382984128461539,-0.7268368506223286,-0.27354822755107594,1.3399853269671553,-0.30771084063966997,-1.3247125663028407,0.44724766189499227,-0.02185058871276336,0.020181565011138762
5,16.70682730923695,0.7202144824675754,0.130539355229092,-0.7075064516302205,-0.2946043608957171,1.3527395393921484,-0.2739136339697217,-1.339907140847228,0.4190448409797619,-0.025540429382275923,0.018933798656585444
5,16.78714859437751,0.7068364565156542,0.14729520114972333,-0.6874966861842978,-0.3155647859579514,1.3642815801782426,-0.23997655309115606,-1.3541996916762802,0.3905977994845273,-0.029421658833319677,0.017648338414857415
5,16.867469879518072,0.6932180054855202,0.1641005896724387,-0.6667430817926219,-0.3364053030655023,1.3746491188067997,-0.2059522828417554,-1.3676024078647058,0.36194221582395036,-0.03352163463499303,0.016314780410869315
5,16.947791164658636,0.6792982038355582,0.18095156744196805,-0.6451792530381353,-0.35709228127805664,1.383878929013324,-0.17188873840329089,-1.3801279255675616,0.33311094208182646,-0.0378699542431859,0.014918510157553815
5,17.028112449799195,0.6650182635872312,0.19783745162442418,-0.622737549892419,-0.3775819754613041,1.3920066922710324,-0.13782961754071982,-1.3917891025259834,0.3041341268101881,-0.04249830343986158,0.01344001456741276
5,17.10843373493976,0.6503219532881503,0.214741197163944,-0.5993498044689297,-0.39781976090253723,1.3990668629232788,-0.10381488312062565,-1.4025988307099495,0.2750393382074407,-0.04744018103255032,0.011854108651779311
5,17.188755020080322,0.6351559866446955,0.23163970718493926,-0.5749482158408776,-0.417739284918956,1.4050925774889231,-0.0698811806753518,-1.412569883655485,0.24585168422252107,-0.052730464637256745,0.010129074186848393
5,17.269076305220885,0.6194703939917273,0.24850409828345651,-0.549466419878389,-0.43726154240127907,1.4101155945799508,-0.03606219644048868,-1.421714795496842,0.21659392731056282,-0.05840477319644795,0.0082257132477492
5,17.349397590361445,0.6032188848474891,0.2652999334433323,-0.5228407991584522,-0.45629389239299967,1.4141662549565375,-0.0023889614593512187,-1.4300457692939934,0.1872865926498668,-0.06449857135158199,0.006096327759152615
5,17.429718875502008,0.5863592050986599,0.2819874356176132,-0.4950120958781438,-0.474729047831475,1.4172734537954848,0.03110989276192086,-1.4375746128777622,0.1579480695209575,-0.0710459501382394,0.003683649930984459
5,17.51004016064257,0.5688534878177823,0.298521695077306,-0.46592739785944076,-0.4924440906352231,1.4194646193286844,0.0644079220391031,-1.4443127011400194,0.128594706481993,-0.07807800814700722,0.000919767036821909
5,17.59036144578313,0.5506685922743323,0.3148528833444967,-0.4355425720948469,-0.5092995914929382,1.420765693713468,0.09748069622433762,-1.4502709644330642,0.09924090194407491,-0.08562074945989001,-0.002274890019970154
5,17.670682730923694,0.5317764216788406,0.3309264857067513,-0.4038252185707979,-0.5251389496914366,1.4212011134725657,0.13030566088320245,-1.4554599033988191,0.06989919274305749,-0.09369241318179024,-0.0059923896415738104
5,17.751004016064257,0.5121542067835322,0.34668356320669186,-0.37075820497649453,-0.5397881130052752,1.4207937881521802,0.1628620305041073,-1.45988963112094,0.04058034450447262,-0.10230015883827889,-0.010337825209995665
5,17.83132530120482,0.49178473983449833,0.3620610532993637,-0.3363438139638656,-0.5530558904509352,1.419565077100281,0.19513071019600645,-1.4635699439322494,0.011293449036043231,-0.1114360590386652,-0.015429322080477318
5,17.91164658634538,0.4706565427420764,0.3769921161940565,-0.3006084804894834,-0.5647351275272432,1.417534765516427,0.2270942430848571,-1.4665104221643657,-0.017953964460872995,-0.12107240560465528,-0.02139726729079644
5,17.991967871485944,0.4487639546700042,0.39140653113070206,-0.26360800875466994,-0.5746050645092441,1.4147210422157934,0.25873678057863714,-1.4687205616417245,-0.04715579573742487,-0.13115642648940407,-0.02838245146266951
5,18.072289156626507,0.42610712881545243,0.405231143551609,-0.22543302973833124,-0.5824352274243416,1.4111404828619407,0.2900440722996891,-1.4702099353035871,-0.07630720703234252,-0.1416046466354753,-0.03653278139461304
5,18.152610441767067,0.4026919361958551,0.4183903603641947,-0.18621429040090376,-0.5879911829117207,1.4068080436758663,0.3210034716833989,-1.4709883817818623,-0.10540441201894464,-0.15229730768895586,-0.045998237116927396
5,18.23293172690763,0.37852978584722036,0.43080668632059943,-0.14612716825850725,-0.5910423908955786,1.4017370716482203,0.35160395199002503,-1.471066213765021,-0.13444440798783572,-0.163073475471913,-0.056923839427209515
5,18.313253012048193,0.3536373852004815,0.4424012904278766,-0.10539461492586098,-0.5913721808229988,1.3959393378056935,0.381836125838313,-1.470454433426464,-0.16342464051899766,-0.17372767465385058,-0.06944059492419236
5,18.393574297188756,0.3280364795728393,0.4530945874876831,-0.06428761023100998,-0.588789542504181,1.3894250997833966,0.41169225957564426,-1.46916493544936,-0.19234259430853187,-0.18400903367586638,-0.08365471025061388
5,18.473895582329316,0.3017536227441842,0.4628068176071073,-0.023122237183769684,-0.5831419807449938,1.382203198557507,0.4411662722360275,-1.467210671136322,-0.2211953120925195,-0.19362391298160034,-0.09963579700562072
5,18.55421686746988,0.274820037666213,0.47145860655671484,0.017747255549421852,-0.5743282115073948,1.374281191541668,0.47025370813019607,-1.464605741621606,-0.24997885635007266,-0.20224274313569743,-0.11740524682944257
5,18.634538152610443,0.2472716241505425,0.4789714940513473,0.057939515690336216,-0.5623091123379641,1.3656655205888597,0.498951672801129,-1.461365386667212,-0.27868774473337776,-0.2095112737625271,-0.13692630978113346
5,18.714859437751002,0.21914915658997916,0.48526842576255386,0.09706065980935938,-0.547115246876234,1.3563617093019327,0.52725872472209,-1.457505840664198,-0.30731440760934275,-0.2150656850370739,-0.15809749599906622
5,18.795180722891565,0.19049869044202683,0.49027421856916964,0.134720972652022,-0.5288495889661555,1.3463745804641225,0.5551747195241836,-1.453044040704439,-0.33584873013308514,-0.21855020285373306,-0.18075061899411166
5,18.87550200803213,0.1613721640820864,0.49391602478730373,0.1705517849989565,-0.5076847802412844,1.335708482260365,0.5827006092725021,-1.4479971925460016,-0.3642777466816898,-0.21963523879540708,-0.20465410713683074
5,18.955823293172692,0.13182814942367865,0.49612383660021114,0.20422043411793178,-0.4838552110055986,1.3243675120308485,0.6098382049267914,-1.4423822251646834,-0.39258554774874027,-0.21803387040777597,-0.22952128277266265
5,19.03614457831325,0.10193267498536959,0.49683108187595254,0.23544157565353388,-0.45764513617203195,1.3123557284924163,0.6365899144566077,-1.436215187578196,-0.4207534371257325,-0.2135147915531244,-0.25502242303479483
5,19.116465863453815,0.07176002565856182,0.49597536252866326,0.263983877410429,-0.4293746424486244,1.2996773469966034,0.6629584708870351,-1.4295106559194906,-0.4487603438732384,-0.20591059414610424,-0.2807988470938345
5,19.196787148594378,0.04139341398239139,0.49349937553018447,0.28967204743919805,-0.399385411639319,1.286336916267719,0.6889466636088336,-1.4222812199742094,-0.4765834560468558,-0.19512115771509958,-0.3064771714528422
5,19.277108433734938,0.01092542132124897,0.489352033686473,0.31238492981530475,-0.36802789782494455,1.272339477969621,0.7145570831642201,-1.4145371057908764,-0.5041990111398459,-0.18111272331529893,-0.33168220788590147
5,19.3574297188755,-0.019541880535818526,0.4834897737380654,0.3320508733357958,-0.3356509355450945,1.2576907117158889,0.7397918854317448,-1.4062859682520814,-0.5315831584854167,-0.16391373626378553,-0.356047565139298
5,19.437751004016064,-0.04989719591829185,0.4758780067005217,0.34864168080658786,-0.3025941382603804,1.2423970675737137,0.7646525770150097,-1.3975328607796897,-0.5587128055234931,-0.1436086916823205,-0.3792236399316568
5,19.518072289156628,-0.08002070250062251,0.4664926352342,0.36216626742777824,-0.2691829095157726,1.2264658861599356,0.7891398207157921,-1.3882803651775446,-0.5855663711671034,-0.12033108590954705,-0.4008831752671151
5,19.598393574297187,-0.10978519075853466,0.4553215409922095,0.37266483094358605,-0.23572556216846,1.209905503718423,0.8132532584844412,-1.378528847385948,-0.6121243912171402,-0.09425629651752687,-0.4207248460910493
5,19.67871485943775,-0.13905762507869565,0.44236593197501695,0.38020397968637776,-0.2025119081163896,1.1927253368565727,0.8369913496754485,-1.3682767967762253,-0.6383699462559539,-0.06559489468803002,-0.43847542727812067
5,19.759036144578314,-0.16770107287033614,0.42764144102477397,0.38487296968855755,-0.16981270627759582,1.17493593946065,0.8603512239440719,-1.35752120647597,-0.664288906815639,-0.03458662980290177,-0.45389105187561
5,19.839357429718877,-0.1955769185703962,0.41117887855870006,0.3867809881130804,-0.13787945954084457,1.1565490232105051,0.8833285506846079,-1.346257958258637,-0.6898700096088779,-0.0014951344945526926,-0.46675796009358445
5,19.919678714859437,-0.22254725543279544,0.393024566907779,0.3860552950731902,-0.10694418968229082,1.1375774332960862,0.9059174295957305,-1.3344821846939523,-0.7151047911674385,0.03339671175747122,-0.4768930156537791
5,20.0,-0.2484773329667991,0.3732402153647776,0.38283997184456386,-0.07721895185592413,1.118035072604618,0.9281103094363319,-1.3221885913372717,-0.7399874110999728,0.06979087985488877,-0.4841441618452115
6,0.0,-1.1879748535777066,-0.163765205242336,0.3868121304417752,-0.0757175596336862,-1.0688818171684547,0.6542464141314809,0.9081852898868792,-0.2057941383484638,0.9618592504175068,-0.2089695109069947
6,0.08032128514056225,-1.1722857669985032,-0.18584194782054242,0.3818184582766062,-0.10519494534471706,-1.0922040381145401,0.6383348092303268,0.9636331948990052,-0.18862509718724163,0.9190381519374313,-0.158672818877826
6,0.1606425702811245,-1.1562701651252423,-0.20734454073022315,0.38193959268423183,-0.13535426186001345,-1.115227927316805,0.6217224470886278,0.9333490689406087,-0.11529685007170112,0.9562094308172068,-0.1637267944266903
6,0.24096385542168675,-1.1399777623815546,-0.2282572103098024,0.3872601318339378,-0.16569618985061607,-1.137895652384894,0.6044232922628803,0.9425482219034835,-0.13184678489712515,0.9480650610290272,-0.07862310720533679
6,0.321285140562249,-1.1234535706683282,-0.24856660159017116,0.3978281272756201,-0.19568599438111223,-1.1601516203508093,0.5864532771871601,0.9590129803700137,-0.049662246789571804,0.9267640833735039,-0.0925384344263049
6,0.40160642570281124,-1.106736674064937,-0.2682622722201757,0.41364168691183073,-0.22476514823163646,-1.1819437533930635,0.5678299195448511,0.9126706860865788,-0.047669073940261444,0.9623680544595915,-0.02713342515277767
6,0.4819277108433735,-1.089859157938467,-0.28733721969925063,0.434656577406415,-0.2523520950399206,-1.2032243799170548,0.5485717491330749,0.9557962321946166,-0.008211337843075248,0.9026307282544906,-0.0006710965508285646
6,0.5622489959839357,-1.0728454635049214,-0.3057883117114124,0.46078007630511036,-0.277818473510126,-1.2239507167238233,0.5286977759902105,0.8972024349167799,0.04429534228171074,0.9388136690068551,0.010613666949617327
6,0.642570281124498,-1.055712412225117,-0.32361666576409914,0.49183046224209015,-0.3004767656932095,-1.2440850933723473,0.5082271500989716,0.9130547948589751,0.032753567100591026,0.8949122484963994,0.08311271425774577
6,0.7228915662650602,-1.0384699040159922,-0.34082811147476466,0.5274958815457259,-0.31960978305834753,-1.2635950883475684,0.4871789904534906,0.8924654359281324,0.112968120095026,0.882103674889703,0.06029078398459547
6,0.8032128514056225,-1.0211220234773357,-0.35743375981130415,0.5673301250965262,-0.3345144200465341,-1.2824536144861145,0.4655722570370823,0.8502526825066089,0.09310309338343019,0.885992830360316,0.13327282943732544
6,0.8835341365461847,-1.0036682643297712,-0.3734504298578005,0.6107631162704286,-0.3445194905108163,-1.3006388285220887,0.44342564050507693,0.8723205417593526,0.1454430909110283,0.8212234348220805,0.12910118895251094
6,0.963855421686747,-0.9861048054615585,-0.3889006229390667,0.6570851633009726,-0.34899906492522353,-1.3181337837019067,0.420757606451552,0.7975373374186527,0.1647302464826669,0.8496160884438414,0.1524118349300706
6,1.0441767068273093,-0.9684258928791943,-0.4038119712168888,0.7054293736434815,-0.34742716319152117,-1.33492590746132,0.3975867113884527,0.8180831546225712,0.15806162792628892,0.7798392720744635,0.19559079509366734
6,1.1244979919678715,-0.9506253173150744,-0.41821637957316055,0.7548081683354839,-0.33944973875476503,-1.3510064878485213,0.3739321593887571,0.7665562459809196,0.21784509218929132,0.7802673908471944,0.16588886674987605
6,1.2048192771084336,-0.9326977468160059,-0.4321491620195763,0.8041869503330425,-0.32490892753719675,-1.3663702854593909,0.3498143918325149,0.7401623052081753,0.17776356028493528,0.7547187767341809,0.22948013743932175
6,1.285140562248996,-0.9146395697862107,-0.4456482013959452,0.8525288600953079,-0.3038264041291662,-1.3810151784270686,0.32525550168706685,0.7409986273061426,0.2305425702961682,0.7021272608118305,0.19367653354187547
6,1.3654618473895583,-0.8964491510822745,-0.4587529543078478,0.8988138602016212,-0.27640588317703063,-1.3949416961274452,0.3002794427894027,0.6701418557377806,0.21172437305487024,0.7224351312703193,0.2231550216406043
6,1.4457831325301205,-0.8781267208334943,-0.47150320268870966,0.9420886895209729,-0.24304765116615953,-1.4081524248018413,0.27491213496616657,0.6975168251668611,0.2112347513038622,0.6466736309475029,0.22840396758483936
6,1.5261044176706826,-0.8596742618072344,-0.4839377142378063,0.981536436497984,-0.20431568767737404,-1.4206514305593194,0.24918156761989863,0.6318439555905319,0.23989493862493183,0.6669453002780391,0.19917689567034874
6,1.606425702811245,-0.8410955002561121,-0.49609318422896526,1.0165000413127396,-0.16086587787697007,-1.4324438840369071,0.2231178383101343,0.6332618992242067,0.19051359969393292,0.6237774437560737,0.24332762410186684
6,1.6867469879518073,-0.822395757265577,-0.5080036245964653,1.0464586609078947,-0.11340180265082729,-1.4435358931181606,0.19675296323658123,0.6192470295153948,0.2373391342858533,0.6002259599604491,0.1873133297248567
6,1.7670682730923695,-0.8035814590922781,-0.5197000169191582,1.071016894036593,-0.06266735717414773,-1.4539344011043407,0.17012041615020007,0.572148346398526,0.1896317251637138,0.6143506197615012,0.2226152327793906
6,1.8473895582329316,-0.7846594028638797,-0.531209879534385,1.0899186343444613,-0.009424826994158,-1.4636470055035147,0.14325452742463732,0.6058457601470323,0.20204766440779912,0.5525420138759027,0.1953325146961051
6,1.927710843373494,-0.7656361878092327,-0.5425565960735313,1.1030386048391962,0.04559212813780782,-1.472681696768603,0.11618996502465413,0.54295395677959,0.20102622823215302,0.5923253229590498,0.17974827467891488
6,2.0080321285140563,-0.7465180938533428,-0.5537588092732739,1.110338874664505,0.101704159971305,-1.48104667616993,0.0889613795711247,0.5743737174093473,0.1598629510602487,0.5428521779494216,0.20323031867059405
6,2.0883534136546187,-0.7273112218042193,-0.5648302428785937,1.1118345233189533,0.15827171844320384,-1.48875034955236,0.06160309896118904,0.5498278483249779,0.1991276278411445,0.5543991997126498,0.14582779763305515
6,2.1686746987951806,-0.7080214931959087,-0.5757799629595437,1.1075940791133299,0.2146786108073812,-1.4958014240628295,0.03414873979767117,0.5362598175731209,0.1394501596564962,0.5599690205722884,0.18750245269799412
6,2.248995983935743,-0.6886542673913459,-0.5866126943065759,1.097744423678972,0.27034279775591946,-1.5022089281329065,0.006630722955650297,0.569103617593407,0.16945089322836174,0.5240151542518741,0.14018828036664335
6,2.3293172690763053,-0.6692138226592788,-0.5973287698885222,1.082450054526754,0.32473001039343846,-1.5079820445376333,-0.020920152249571663,0.5205182226886157,0.14558056103314695,0.5742275899815432,0.14793835071150763
6,2.4096385542168672,-0.649703174386416,-0.6079238213769743,1.0618866569115972,0.37733840930155904,-1.5131298618043634,-0.0484749282975925,0.5740900334348782,0.12686613565910493,0.5268563458443055,0.15219420471390194
6,2.4899598393574296,-0.6301243163179661,-0.6183886949237686,1.0362434493598653,0.4276690683228988,-1.5176612162969527,-0.07600654153962023,0.5421363176603389,0.15637124150999426,0.5694057655947162,0.11035492663049455
6,2.570281124497992,-0.6104785148576997,-0.6287099062016229,1.0057467878636133,0.47521911074358614,-1.5215846796851262,-0.1034898626438161,0.5629242356852723,0.10169499061875267,0.563392170993942,0.15528566748309858
6,2.6506024096385543,-0.5907661520095688,-0.6388704569430684,0.9706684587640253,0.5194976424583793,-1.5249085861573433,-0.13090185928309697,0.5864358327429129,0.14812327443648426,0.5585704466599752,0.10215139933130016
6,2.7309236947791167,-0.5709860579990401,-0.648850449823772,0.9313127775905164,0.5600290991384866,-1.527640937848327,-0.15822184102369174,0.5599953325372895,0.11077841967186143,0.6073188857195628,0.13626477203711357
6,2.8112449799196786,-0.5511348542298387,-0.6586272632733409,0.8880172590131741,0.5963329854290597,-1.5297891874530432,-0.18543161805400002,0.6232208475404662,0.12271698910573275,0.5696859351292431,0.12500890679254667
6,2.891566265060241,-0.5312067399601133,-0.6681756405722055,0.8411840275951805,0.6279144311621558,-1.5313600509448935,-0.21251549800216055,0.5884128888306845,0.14119624778428225,0.6329698744791443,0.11158045962792622
6,2.9718875502008033,-0.5111936444457779,-0.6774682073564853,0.7913098441817318,0.654290701879101,-1.53235948769404,-0.2394601989447763,0.6375794055791836,0.10708005257729956,0.6146638823789058,0.15555765184485898
6,3.0522088353413652,-0.4910852236236856,-0.6864765899931183,0.7389831339732261,0.6750267443861718,-1.5327928553911752,-0.2662548341155664,0.6449558165653511,0.1656142934358067,0.6399391284762872,0.11209038628670379
6,3.1325301204819276,-0.47086833328545674,-0.6951726767753149,0.6848703101593264,0.6897445401457308,-1.5326651033735967,-0.29289102361063696,0.6435966637286765,0.12739879480752983,0.6750664627710543,0.1709203654326888
6,3.21285140562249,-0.45052631100772916,-0.7035294748599485,0.6297294721345441,0.6981265626214609,-1.5319809078608402,-0.31936299802403695,0.7009898185539897,0.17295442022058238,0.6517879281800388,0.1518114900419401
6,3.2931726907630523,-0.4300386710938457,-0.7115215463229201,0.5744313603114183,0.6999572266421886,-1.5307448057758315,-0.3456675358679979,0.6666613835872889,0.1823015127728628,0.7196907329709737,0.1749303427758646
6,3.3734939759036147,-0.4093814921949189,-0.7191254516013706,0.5199345959615519,0.6951861808577985,-1.52896145532872,-0.371803692176421,0.730113047482755,0.1810382241982067,0.6882953040793368,0.21470473872178492
6,3.4538152610441766,-0.3885281881796546,-0.7263206295665847,0.4672225700304768,0.6839542039339387,-1.5266360953181861,-0.39777241057902113,0.7145056296444591,0.24522262329022357,0.7334360838229101,0.19491621292144243
6,3.534136546184739,-0.3674501019351505,-0.733090519914263,0.41726139092956566,0.6665805855552964,-1.5237750966246741,-0.4235761230669062,0.7323130705008764,0.2186397266814929,0.7416507371293877,0.2714463307443785
6,3.6144578313253013,-0.34611684975982543,-0.739423293009734,0.3709815411200296,0.6435679452670746,-1.5203864152667097,-0.4492183033307738,0.76535216073247,0.2927013585903118,0.7301695631740407,0.2523722924831197
6,3.694779116465863,-0.3244968045624826,-0.7453118407878623,0.3292255435105338,0.6156223658920431,-1.5164798469625569,-0.47470287143694984,0.7303521884503583,0.29400652413130796,0.781398919564153,0.3103858222014599
6,3.7751004016064256,-0.30255813504449786,-0.7507532497862357,0.29266565671312295,0.5836228855214252,-1.512067112547363,-0.5000334029636324,0.7871778340646166,0.32758196457196814,0.7347817568141265,0.3395818026564739
6,3.855421686746988,-0.28027034280887203,-0.755748339329026,0.26176580622616247,0.5485383265407915,-1.5071618585772575,-0.5252122466611551,0.7433219196239659,0.38466431221187436,0.7823444755360074,0.3477579472375144
6,3.9357429718875503,-0.257605707223413,-0.7603014594734533,0.23680090830479616,0.5113650217056134,-1.5017795540975527,-0.5502397673828205,0.7685525572396638,0.37381778741330035,0.7540317957765118,0.42535841773735966
6,4.016064257028113,-0.23454022680614947,-0.7644201864264215,0.21786956426663143,0.4731040010617367,-1.4959371833278508,-0.5751138615264475,0.7634379472301365,0.4590080280903737,0.7491698986372382,0.407422018800758
6,4.096385542168675,-0.21105418253763536,-0.7681145129673709,0.20488486630200317,0.43472242834485497,-1.489652691152338,-0.5998297517664163,0.7284640345941426,0.4481129260786314,0.7673579727938324,0.48510891031030046
6,4.176706827309237,-0.18713284062742455,-0.7713955276114826,0.1975969611461371,0.3970898936664046,-1.4829442674336777,-0.6243799692178639,0.7624362346988808,0.5054014611342547,0.7100439122160891,0.4932841420286868
6,4.257028112449799,-0.16276755950625188,-0.774274106708592,0.19565767221146524,0.36094642688035733,-1.4758296655762801,-0.6487544784312914,0.695885433225176,0.5391298704082957,0.7470541196458961,0.52295228785123
6,4.337349397590361,-0.13795691180102732,-0.7767600583926112,0.19867155699369388,0.32692050723575866,-1.4683256962596485,-0.6729410043146241,0.7215189377057702,0.5413366294842801,0.6860921133612177,0.5814439259871965
6,4.417670682730924,-0.11270730474110113,-0.7788616167937233,0.20620724493676015,0.295549497739059,-1.4604478977140696,-0.6969255945612555,0.6787078201384502,0.6164631486716513,0.6882401373799663,0.5637745649442681
6,4.497991967871486,-0.08703298987934074,-0.7805848258243485,0.21780580452556855,0.26727382337580097,-1.4522102938020924,-0.7206933412397534,0.6512607038013841,0.5918673452249903,0.6701767753544868,0.64213699846331
6,4.578313253012048,-0.06095588954406854,-0.7819325085921432,0.23301308137272123,0.24243470569899697,-1.4436251750565112,-0.7442290848171673,0.6567171996315607,0.6587356794825326,0.6148507835963043,0.6249912082277805
6,4.658634538152611,-0.03450565757850703,-0.782903155139517,0.2514093576857271,0.22130280676736724,-1.434702958745743,-0.7675179583521698,0.582355797050112,0.6607113131984466,0.6354434615884178,0.6684069935258724
6,4.738955823293173,-0.007719781348960178,-0.7834902891971305,0.272605609922514,0.20411552558776358,-1.4254522107712562,-0.7905457782271407,0.6049465546158372,0.6745944503286152,0.5556198275818721,0.6953260915078919
6,4.8192771084337345,0.019356823584566578,-0.7836824348828568,0.2962211012990411,0.1910888993627488,-1.415879815771707,-0.8132993726807235,0.5344024473981432,0.7246044019286759,0.5658994434899632,0.6812885062721553
6,4.899598393574297,0.04667305372276659,-0.7834632491244855,0.32187643684437584,0.18241012760683495,-1.4059911782167231,-0.8357669162939066,0.5211485421435117,0.6916592163740263,0.516293145506077,0.7451608214375308
6,4.979919678714859,0.07417339669944495,-0.782811316972955,0.34920237072313354,0.17824297884878218,-1.395790328872154,-0.857938230437116,0.4977038671131097,0.7555548314393649,0.4747106943364742,0.706951737121924
6,5.0602409638554215,0.10179965903866889,-0.7816997542065702,0.3778332064744402,0.17875141332664493,-1.3852799443768735,-0.8798049490214923,0.43060185372054355,0.7263688191045894,0.4750452251432285,0.756384470796828
6,5.140562248995984,0.1294925097377983,-0.7800962321018803,0.4073736327952155,0.18411090686460715,-1.3744613931100476,-0.9013605340591163,0.44551359383695815,0.7500555575995164,0.3920816567400832,0.7472903016968729
6,5.220883534136546,0.15719321485845805,-0.7779637482879644,0.4373673475958209,0.19448855506465812,-1.363334887997498,-0.9226002329307519,0.36078228164014653,0.7656975086157607,0.40799204390308047,0.7403779175382972
6,5.301204819277109,0.18484592754588577,-0.7752618206092138,0.4672931063772983,0.21001458964377676,-1.3518997216603168,-0.9435210985260147,0.3637197657046099,0.731354929379507,0.3360409220325315,0.7774134001119446
6,5.381526104417671,0.2124002614871153,-0.7719474823444139,0.4965711120903072,0.23077403840129912,-1.340154477406277,-0.9641220957757878,0.3153490745073913,0.7795247540083324,0.31583402932147214,0.7257707857105696
6,5.461847389558233,0.23981332563076363,-0.7679759990488504,0.5245484971407951,0.2568040561192442,-1.328097174914795,-0.9844041794383056,0.26839031892214066,0.7246226852586324,0.2953450332211045,0.7709534371092789
6,5.542168674698795,0.26705072706707644,-0.7633018241783212,0.5504769324796033,0.2880598747382808,-1.315725435952371,-1.0043702340298064,0.27256906096759326,0.7526432051687681,0.22562871543810667,0.7269689783010774
6,5.622489959839357,0.29408676415484225,-0.7578801807959712,0.5735281927458861,0.324356533687472,-1.3030367833837366,-1.0240248754339776,0.19092916685368863,0.7299140782436074,0.24449265962932828,0.7276344442988674
6,5.7028112449799195,0.3209043929683136,-0.7516690029763334,0.592851320899141,0.36533746682379065,-1.290029109008619,-1.0433742111645854,0.2106517375629945,0.7001707313627464,0.16562165757817826,0.7295350159543795
6,5.783132530120482,0.34749508709656385,-0.7446304379125563,0.6076209044832631,0.4104832838276686,-1.2767011975094666,-1.062425633747935,0.1488547716950915,0.7223435000469849,0.17273043423455614,0.6742292877858359
6,5.863453815261044,0.3738580288426402,-0.736731493485653,0.6170599946432971,0.4591135786718287,-1.2630531494040569,-1.0811875756137612,0.13397737989383243,0.6527095601429309,0.13815774602429476,0.7060959302846531
6,5.943775100401607,0.3999982612283738,-0.7279441805679618,0.620486888844355,0.5103687672229781,-1.249086650453203,-1.0996691043390097,0.1299061675578308,0.6803692476531353,0.09869533282265114,0.6368752700308565
6,6.024096385542169,0.4259241874885171,-0.7182457756341075,0.6173985592756762,0.5632313305705323,-1.2348051419109423,-1.1178793216830356,0.07110643610339203,0.6257839631372321,0.12037595904336475,0.647109803609376
6,6.1044176706827304,0.45164537534988913,-0.7076193760328174,0.6075218612218082,0.6166079507569937,-1.2202139737822846,-1.1358266759793925,0.1071934212020645,0.6100840425406618,0.05385331600852994,0.6167540587145514
6,6.184738955823293,0.47717120066225965,-0.6960541202093787,0.5907986196886972,0.6694036030520162,-1.2053204985148505,-1.153518381734188,0.047478810433764625,0.606507726210202,0.08987186773013611,0.5736611726813456
6,6.265060240963855,0.5025099093756773,-0.6835445417136993,0.5673647754704362,0.72054854644306,-1.1901339644906561,-1.170960037558582,0.06978911755285269,0.5420231485985877,0.05047016209169736,0.5919328842306302
6,6.3453815261044175,0.5276674370475685,-0.6700893393148726,0.5375578732861503,0.7690314051211551,-1.1746651454694186,-1.1881553983555562,0.059352153846350106,0.5710058471840181,0.05008768128935712,0.5182074853652515
6,6.42570281124498,0.5526458497082334,-0.6556904734665477,0.5018994015925361,0.8139655959699076,-1.1589257899161456,-1.2051061955444675,0.03468167397352852,0.5030287761561164,0.06969886464185457,0.5438022968849874
6,6.506024096385542,0.5774421456775478,-0.6403531687225502,0.46102541322265206,0.8546304104584144,-1.1429280897295382,-1.2218119779093675,0.07764941978926862,0.5124362651065599,0.026811111040077735,0.49509847106694044
6,6.586345381526105,0.6020481231737838,-0.6240862545365466,0.4156244331701829,0.8904528153254467,-1.1266842929994303,-1.2382700920479928,0.028313381316195842,0.4915236771522503,0.08069835533927583,0.480379854106839
6,6.666666666666667,0.6264510345917227,-0.606901958199801,0.3664231311121956,0.9209811449794376,-1.110206420410589,-1.2544759001334322,0.07818099473901187,0.4518847594880417,0.039151259967667086,0.4885119538657514
6,6.746987951807229,0.6506340787100627,-0.5888149711633733,0.3141790470187079,0.9458919585745081,-1.093505973337234,-1.2704231940859223,0.05702470717215123,0.4824894011080753,0.07166814043632033,0.4308568055667101
6,6.827309236947791,0.6745760446183727,-0.5698416192074491,0.25964266804385555,0.9649961468336297,-1.0765935715237676,-1.2861046302508048,0.06434834753508054,0.4194742495986878,0.07802651132646725,0.47147585302593387
6,6.907630522088353,0.6982506695897749,-0.5500000740772023,0.20352019545349714,0.9782077781138713,-1.0594786189526124,-1.3015120261176445,0.09792775710284307,0.45553048911116417,0.0597799968065048,0.41777383296980897
6,6.9879518072289155,0.7216268149597902,-0.5293113198642437,0.14647594696823987,0.9855031944897187,-1.0421691437913037,-1.316636545265713,0.06103871953341157,0.42386988528875646,0.11302766232987015,0.4365747853514788
6,7.068273092369478,0.7446696773283918,-0.5077997670281846,0.0891537131613595,0.9869123484401536,-1.0246718325241555,-1.3314689003170932,0.12095791692589714,0.41814221045168837,0.0698905251085155,0.4342141084534333
6,7.14859437751004,0.7673421240397151,-0.485492780887922,0.03217462565748064,0.9825303997960838,-1.006992136309517,-1.3459996643876977,0.08590091827211886,0.4445530896914328,0.12157446834021077,0.4044089557881001
6,7.228915662650603,0.7896049921600993,-0.4624196707599809,-0.02388319843631538,0.9725092706355191,-0.9891342804486907,-1.3602196359299792,0.1168889863843254,0.39867939024284826,0.10652350034058929,0.4514506458115897
6,7.309236947791165,0.8114164970541742,-0.4386114469969829,-0.07848461889077939,0.9570294117161077,-0.9711011571897998,-1.3741200942205785,0.1280302093970983,0.4531416691089627,0.11013906962931425,0.40256046039248794
6,7.389558232931726,0.8327320514315266,-0.4141016369651252,-0.13111208972480576,0.9362892294674671,-0.9528942410684857,-1.3876928821667591,0.10499091756401946,0.4157427113278216,0.14628336179775328,0.44976257833659267
6,7.469879518072289,0.8535052908639669,-0.3889271449076903,-0.18125097510739477,0.9105235334065088,-0.9345136427973585,-1.400930406550548,0.1576232256256762,0.4435185246508657,0.10463610141511837,0.4358154934008606
6,7.550200803212851,0.8736897367167233,-0.3631279439117384,-0.2284035316298313,0.8800183964345482,-0.9159582875728297,-1.4138257125239513,0.1105369696687568,0.4587863669945969,0.1601351128171889,0.4381488930065422
6,7.6305220883534135,0.8932396504119828,-0.3367456093703465,-0.27210318425427393,0.8450997200597623,-0.8972260675868391,-1.4263727072179184,0.15419723762056314,0.437511423044444,0.12189236380857481,0.48050717348405686
6,7.710843373493976,0.9121096012340084,-0.30982208599424466,-0.31190253053989375,0.8061199261512412,-0.8783138583761007,-1.4385664224905805,0.13611115656191508,0.4977913155951442,0.14199563112007868,0.4444772667384385
6,7.791164658634538,0.9302538528915695,-0.2823996120563262,-0.3473555422041842,0.7634730267687997,-0.8592174693325053,-1.4504031755949447,0.1269505041156619,0.4603776052019058,0.14936865452946568,0.5089521556805644
6,7.871485943775101,0.9476267902302269,-0.2545212463923673,-0.378028541187175,0.7176225536042291,-0.8399316806356226,-1.461880612973196,0.1573602753368494,0.5143779541274637,0.11297315625572905,0.4844013516338706
6,7.951807228915663,0.9641844119105384,-0.2262306356580194,-0.4035311823294133,0.669104579728743,-0.8204504685311323,-1.4729977556714668,0.10307514909087766,0.5135498490515054,0.15672208985913766,0.516573962549238
6,8.032128514056225,0.9798855646501298,-0.1975704370199478,-0.4235283729573421,0.6185082450995,-0.8007673668916775,-1.4837551870721193,0.14610019883762548,0.5190975258752563,0.09830997636127263,0.5437198531173116
6,8.112449799196787,0.9946919105605487,-0.16858048617941232,-0.4377303073333684,0.5664733646288814,-0.7808758254065422,-1.4941553527720621,0.09773401920308603,0.570850904667973,0.12618020297628457,0.5254115696546217
6,8.19277108433735,1.0085671895269166,-0.1392970113674442,-0.4459012531443275,0.5137122606965052,-0.7607695344597899,-1.5042028019394535,0.09948681176268372,0.5381435868458051,0.09861678631452575,0.5916439657645894
6,8.273092369477911,1.0214770310350896,-0.10975296954744539,-0.44790029849551244,0.46101325375033664,-0.7404428192267389,-1.5139042361748003,0.09690702864169748,0.6044923970157463,0.06995905804547327,0.5581515549561643
6,8.353413654618475,1.0333899111153775,-0.07997838552113985,-0.44371165395872086,0.4092047662495534,-0.7198912432639404,-1.5232683595459762,0.04163110757062698,0.5839393681873759,0.08858187853666638,0.6101026106301873
6,8.433734939759036,1.0442783985645605,-0.049999686622323965,-0.4334365298236374,0.35912005660581786,-0.6991124337409242,-1.532305631335348,0.07098386451938789,0.6109432037334195,0.01728670048062231,0.6122420576184355
6,8.514056224899598,1.0541194677640013,-0.019838516784869416,-0.41728332284433123,0.31159496573375706,-0.6781069422068904,-1.5410279480547806,-0.002017824117123295,0.6389187704778435,0.04328862140435341,0.6103527286280513
6,8.594377510040161,1.0628938147191298,0.010488787598958806,-0.3955909875228772,0.2674632824973634,-0.6568789291661218,-1.5494481374135314,0.006776852002715503,0.6118157038868739,-0.017200750032837213,0.6596803634303376
6,8.674698795180722,1.070585122965097,0.04097055795924964,-0.3688502677100977,0.22751078554423637,-0.6354365687121755,-1.5575791262407594,-0.031116372804559134,0.6713100622021981,-0.03518191373825571,0.6177877205350778
6,8.755020080321286,1.0771802243691013,0.0715986724590639,-0.3376781946741992,0.19242206146856672,-0.6137921851443445,-1.565432764449717,-0.07823373874253282,0.6286621979123459,-0.04747610580801545,0.6727498326097436
6,8.835341365461847,1.0826699030688967,0.10236807490017974,-0.30277604463842095,0.1627707133788491,-0.591962114181959,-1.5730185092111002,-0.06955652281037589,0.6650565101389453,-0.1183752214381316,0.6428232107931294
6,8.91566265060241,1.0870492870659043,0.1332770241428318,-0.264924055555609,0.1390284131355776,-0.5699661518185377,-1.5803422696208764,-0.15266342247265224,0.6570713100993854,-0.09949565721909606,0.6509655222430859
6,8.995983935742972,1.0903173787354787,0.16432723773203958,-0.22499155828749448,0.12153873232583982,-0.5478264646017748,-1.5874056166754158,-0.13755116934446687,0.6343856731323959,-0.1799481865017335,0.6671539734851454
6,9.076305220883533,1.0924762752307349,0.19552314428097556,-0.18390657490112677,0.1104745577277439,-0.5255660049607072,-1.5942054092946483,-0.20136775532942705,0.6690976843586925,-0.18163594003946418,0.6191100229272403
6,9.156626506024097,1.093531074488156,0.22687034976723044,-0.14260009907115292,0.10583723207585607,-0.5032067137374128,-1.6007338073055957,-0.22804072064570924,0.6074714072653284,-0.2196835410338707,0.6605548181971849
6,9.236947791164658,1.0934906290964295,0.2583742072759875,-0.1019840601067385,0.10748699257103367,-0.4807679089295252,-1.6069787190835558,-0.2382515569989664,0.6411627776684903,-0.27248710306118945,0.5999547415680483
6,9.317269076305221,1.0923683412036524,0.29003891349582256,-0.06295598968490683,0.11514623319870254,-0.4582651315809977,-1.6129247430626354,-0.310853568565475,0.5951126821269507,-0.2602936513722627,0.6126269142411636
6,9.397590361445783,1.0901822848633125,0.32186669490859116,-0.026371584085695805,0.12837993271602657,-0.43570950672350767,-1.6185545116231232,-0.28780964978812174,0.5786004732260743,-0.3402915442659772,0.5897074107724356
6,9.477911646586346,1.086954710287725,0.3538563059700663,0.007013302136091174,0.14661307910781873,-0.4131075210146448,-1.6238501603315698,-0.36023613665880494,0.5798726575135182,-0.32062435475035655,0.5435081177401713
6,9.558232931726907,1.0827116691356915,0.3860007093866863,0.03656989662220808,0.16918884986690003,-0.39046115450832264,-1.628794568708262,-0.3565928964360611,0.5111185152743174,-0.3722275148135055,0.5624864941803629
6,9.638554216867469,1.077483107599489,0.4182848022410704,0.06178157498296315,0.19540899490928715,-0.3677684004120968,-1.6333721872689442,-0.37927349926473236,0.5358096777120919,-0.3922227829056132,0.4838687124064988
6,9.718875502008032,1.0713029332001953,0.45068402704530025,0.08223859941563982,0.22454060483489885,-0.34502413613016136,-1.6375694990222642,-0.423250690022747,0.46231321031129213,-0.3852667064629174,0.5000316568307768
6,9.799196787148594,1.0642083507095192,0.48316393824374965,0.09765858710080368,0.2558355608140463,-0.322221159623238,-1.6413752830198844,-0.3937603747463574,0.4576226551007307,-0.4458854034407182,0.44475312886136226
6,9.879518072289157,1.056238321912826,0.5156801300353028,0.1078878907963607,0.2885785748526673,-0.2993511059523719,-1.6447807917901067,-0.458143231707109,0.4279711155629431,-0.4066318750496961,0.4125509713391981
6,9.959839357429718,1.0474318643585832,0.5481782062203536,0.11286390591318636,0.3221193013450504,-0.2764050743644387,-1.647779776030638,-0.42374007568638045,0.36903708860813234,-0.4601506202209403,0.4084451798571057
6,10.040160642570282,1.0378268932187227,0.5805943102651331,0.11257876733311314,0.35586193820531925,-0.2533740412198588,-1.6503682756742593,-0.4539507358986438,0.3831562747727921,-0.4430808834333233,0.3307557524310195
6,10.120481927710843,1.0274595491210854,0.612856836186121,0.10707637087884707,0.3892451335849433,-0.23024923260845512,-1.652544245401432,-0.4610607503961985,0.29997005711239955,-0.4432259369952687,0.3504722185179727
6,10.200803212851406,1.0163634076526546,0.6448892612924073,0.09645896566941317,0.42174586242978485,-0.20702255997805008,-1.654307219674556,-0.4322384213394022,0.31099633989141257,-0.4735613920046054,0.27667575606095607
6,10.281124497991968,1.0045682306695434,0.6766132577306809,0.0808708275609749,0.4528896593390312,-0.18368703264997158,-1.6556582018513986,-0.4774096087523612,0.2587814423544812,-0.4243424168281754,0.2673738424272105
6,10.36144578313253,0.9920987803966357,0.7079513032135227,0.06047307395467031,0.4822342399337424,-0.16023698347782364,-1.6565997220718058,-0.4212160433536217,0.22339435934783688,-0.4711188275198508,0.2430198195767083
6,10.441767068273093,0.9789744110555065,0.7388288287914365,0.035445271345281054,0.5093359865951029,-0.13666810896830853,-1.657135853618197,-0.45514676455632314,0.22572326314170002,-0.42260480887614627,0.18324777508996298
6,10.522088353413654,0.9652094804808711,0.7691763698808544,0.006012171435288476,0.5337374164049657,-0.11297749655123213,-1.6572720573946653,-0.4261756569481331,0.1505498479639704,-0.4320684984167845,0.2038084231448802
6,10.602409638554217,0.9508139371935708,0.7989318721968705,-0.027541209661651158,0.5549827361287274,-0.0891638451830084,-1.657014917075887,-0.4059326720981609,0.17601071646850452,-0.4281762102507404,0.12708959228178976
6,10.682730923694779,0.9357935141619138,0.828042597866445,-0.06487934691870562,0.5726277762329598,-0.06522789723838954,-1.6563719704999478,-0.42484159908276964,0.11241429815690371,-0.380844670922039,0.1432872982436445
6,10.763052208835342,0.9201497885588046,0.8564659532942751,-0.10561954962740917,0.5862266625363843,-0.041172855747724835,-1.6553517041145298,-0.3599593700618561,0.1083507671398345,-0.4133980131218045,0.10430832114404055
6,10.843373493975903,0.9038807375359423,0.8841692747078791,-0.14930677877784726,0.5953252212426351,-0.017004591940631867,-1.6539635356347706,-0.39265763175915946,0.09930298496570615,-0.34491173505829337,0.07516605471855498
6,10.923694779116467,0.8869819463793037,0.9111292166648928,-0.19538829312141578,0.5994897520640877,0.007268347505614064,-1.652217556244328,-0.3351979409507419,0.048083007155758105,-0.36366405981274996,0.09351558035959291
6,11.004016064257028,0.869447931567668,0.9373313307899154,-0.24322349377335595,0.5983470684579478,0.031634742795278184,-1.6501239461777193,-0.32958457970216104,0.08409742014063595,-0.3282746008874186,0.030348126789223807
6,11.08433734939759,0.8512728985529213,0.9627696919287982,-0.29211061487081746,0.5915956627249311,0.056080569589753396,-1.6476922546738888,-0.32068093015611154,0.023187973931843964,-0.29456192311573576,0.07013892608831863
6,11.164658634538153,0.8324509671383957,0.9874459865485825,-0.34128794058951717,0.5790011847990464,0.0805888895015731,-1.6449308089395307,-0.26270446680334786,0.05266273143816737,-0.3090474492470938,0.025820906153738138
6,11.244979919678714,0.8129764542173584,1.0113679416181591,-0.389919959706668,0.5604207361932833,0.10514004560446179,-1.6418463043519829,-0.29084807653833555,0.03555149597629638,-0.23734846357680672,0.034506130564247874
6,11.325301204819278,0.7928446470132945,1.0345476226369479,-0.4371174062162584,0.535849067344389,0.12971230237891104,-1.638443429854316,-0.22000127690229593,0.019751654464751446,-0.26543826627364125,0.04829508540823236
6,11.405622489959839,0.7720528661035903,1.05700030719204,-0.4819902367002039,0.505433767004138,0.15428279191183378,-1.6347243465267602,-0.2344991922028592,0.060037809282234504,-0.20984622911235085,0.012252463048351397
6,11.485943775100402,0.7506011485550774,1.078743969197284,-0.5236790589770218,0.46945367228763907,0.17882844518575003,-1.6306880938544477,-0.20440339943621477,0.01445129741092467,-0.2013471353275811,0.06803915495860331
6,11.566265060240964,0.7284923215562338,1.0997987167540604,-0.5613545586875426,0.42831412424040066,0.20332676187282758,-1.6263302425337496,-0.17017289874332373,0.07123425942307099,-0.20029162599818534,0.026983142116220098
6,11.646586345381525,0.7057319067392817,1.1201857166012852,-0.5942389405253607,0.3825716040913443,0.22775651233172517,-1.621643005973466,-0.19397602947379064,0.0482974491618221,-0.14527344907184542,0.07058823611901677
6,11.726907630522089,0.6823284863422096,1.1399257870328292,-0.6216652901379173,0.3329315069732635,0.25209853682401956,-1.6166157472405618,-0.1296829539125914,0.06896249578124383,-0.18307877911571094,0.074795957453228
6,11.80722891566265,0.6582946400714128,1.1590383649939313,-0.643117068949088,0.2801974361631115,0.2763366508302827,-1.6112355776391192,-0.1672845978903744,0.10207687053442036,-0.12422962406222313,0.0699229059476591
6,11.887550200803213,0.6336477552266094,1.1775411903503368,-0.6582194097116559,0.22522787698133073,0.3004583764567863,-1.6054878314359584,-0.12768174245241884,0.07660383141251627,-0.14820497951931091,0.12611493269177773
6,11.967871485943775,0.6084100966937022,1.195450256466689,-0.6667334598275718,0.16893153018450563,0.32445523125670367,-1.5993564953965937,-0.12906330623000445,0.14394854469920218,-0.13706856189281955,0.09102616404620012
6,12.048192771084338,0.5826082377719819,1.2127793864470586,-0.6685850458852394,0.1122525233612886,0.3483225698759274,-1.5928247771083013,-0.14828438999453514,0.11324384906462609,-0.11406137176812461,0.15454901823533096
6,12.1285140562249,0.5562725509447798,1.229539248084307,-0.6638790016862123,0.05611354012858652,0.3720592347959729,-1.5858758978453322,-0.10692511181199588,0.15918585375544983,-0.15752767224253433,0.14103725587699173
6,12.208835341365461,0.529437263493681,1.2457364474979158,-0.6528630737903562,0.0013653219350527987,0.395667294930548,-1.5784939293627622,-0.16248701622073472,0.1707300265607262,-0.1097544684131278,0.16066213336907068
6,12.289156626506024,0.5021406523120352,1.2613734304623465,-0.6358850889871465,-0.051215976074852586,0.4191518504713083,-1.570664394534912,-0.12273292230169823,0.16243479672126715,-0.1626744914944884,0.19807214342615417
6,12.369477911646586,0.47442463120430495,1.2764491415832109,-0.6133869928625467,-0.1009200800465223,0.44252069765219215,-1.5623745667376374,-0.15963207806590102,0.21901227697941086,-0.14392625792803898,0.16783322822154176
6,12.449799196787149,0.4463334817642832,1.2909597399413282,-0.5859054287299782,-0.14712538503165573,0.4657837211614166,-1.5536136451018985,-0.16953772706897027,0.1788209077917317,-0.15667404712674113,0.23095838240049818
6,12.53012048192771,0.4179123200722674,1.3048986988794617,-0.5540372594399926,-0.1893262002003829,0.488952109783984,-1.5443730771493094,-0.15760887666593645,0.2336214766832199,-0.19521829375031216,0.1951791017870144
6,12.610441767068274,0.3892061764009744,1.318256535945679,-0.5183939782274346,-0.22712134731559494,0.5120376644978075,-1.5346470746200156,-0.21733163700488975,0.2147952994169502,-0.16551822566644736,0.22871658657298535
6,12.690763052208835,0.3602597667607266,1.331021000387384,-0.4795900730063426,-0.26018216362573277,0.5350523083787648,-1.5244330950224714,-0.18214802046877412,0.21942200770341222,-0.23357398166436474,0.234172250557412
6,12.771084337349398,0.3311173029334151,1.3431780653043857,-0.43825483486121986,-0.2882453345288129,0.5580076569100696,-1.5137320908171754,-0.2436191777029663,0.24905000046799225,-0.20725094727928906,0.2097493595736146
6,12.85140562248996,0.30182168836538026,1.3547132413351237,-0.39502422805862264,-0.3111271518698935,0.5809144055115864,-1.502548537554029,-0.23830452644489403,0.20319938707142893,-0.24940733937344037,0.25576306101737417
6,12.931726907630521,0.2724132109996011,1.3656123012898445,-0.3505114525235358,-0.3287181961748072,0.6037814253136451,-1.4908904587775624,-0.25428340939672917,0.2524888627943286,-0.2713997743929716,0.2015074908682001
6,13.012048192771084,0.242928592947205,1.3758611751186216,-0.3052958686200035,-0.3409523254728006,0.6266147581836651,-1.4787695827685954,-0.30242113420053457,0.20440350874579674,-0.2618263483103224,0.2394572243769809
6,13.092369477911646,0.2134008927033215,1.385445674745423,-0.25994218562594706,-0.34778766154164,0.6494167627923857,-1.466201467310633,-0.2750731688965055,0.2187953637006567,-0.3278023009732451,0.2097480904061964
6,13.17269076305221,0.18385991185593595,1.394351723754812,-0.21501581951146287,-0.34921767892569955,0.6721854694343848,-1.4532053070027355,-0.34544204044390747,0.21382797862925565,-0.2955875213349412,0.19424328354437068
6,13.25301204819277,0.1543323077442668,1.40256612072865,-0.1710715673597292,-0.34528333052996535,0.6949139987318377,-1.439803251357726,-0.3226413135100578,0.17001755551586414,-0.3555334256063084,0.21250290564318083
6,13.333333333333334,0.12484100863552469,1.4100771244080368,-0.12864061257072723,-0.33605996208470185,0.7175899047034435,-1.4260193372532486,-0.3602886366903439,0.20266571836396247,-0.3535016640778881,0.14933645656595493
6,13.413654618473895,0.0954044564052342,1.4168742861486938,-0.08824620980208296,-0.32164015978431076,0.7401946091153939,-1.411878280238123,-0.3843376439884761,0.13372639843251,-0.36301521173005996,0.18291775544123334
6,13.493975903614459,0.06603637241137313,1.4229478018642743,-0.0504321296226787,-0.3021471334075137,0.762703298281516,-1.3974042060910445,-0.36736363977506864,0.15382484806174432,-0.4109439012951325,0.12277868957254248
6,13.57429718875502,0.036746138067290435,1.4282880809810674,-0.015765747944873683,-0.27777002294410363,0.785085522389816,-1.382619227423205,-0.4297545455928905,0.11402101109641671,-0.37631136691933315,0.11808015828982794
6,13.654618473895582,0.0075392374627154006,1.4328859896697772,0.015183685418895428,-0.24878251937290194,0.8073064339985613,-1.3675417758191333,-0.3909402799240396,0.07977969473940698,-0.4390890769561232,0.10365861078285478
6,13.734939759036145,-0.02158285676429465,1.4367334871854065,0.041853956107035,-0.21554007897719116,0.8293283810943636,-1.3521848740438323,-0.43947653361355793,0.08799521442677531,-0.4101229468235367,0.04299625140884544
6,13.815261044176706,-0.05062322329934151,1.439824019252395,0.06367818872729832,-0.17849471701129907,0.8511126826213823,-1.336554821508595,-0.4310019259379711,0.010849208481957447,-0.4331657221113586,0.06437631078554575
6,13.89558232931727,-0.07958980301831083,1.4421525308147107,0.0800966565008172,-0.13824033762367907,0.8726216036560215,-1.320650671661418,-0.42365361520143996,0.03180967978310829,-0.44947484193707876,-0.015071201312717816
6,13.975903614457831,-0.10849502793907276,1.4437155196467573,0.09061649162826751,-0.09554083936127114,0.8938205189989858,-1.304464533375537,-0.46117127451961426,-0.03532938969847905,-0.414770708168557,-0.008380757211466054
6,14.056224899598394,-0.13735487143003228,1.4445116867592436,0.09487502472349392,-0.05130451865298815,0.9146800341070602,-1.2879824241839946,-0.4092195884746416,-0.05281534811623003,-0.46298059892587085,-0.05240939580602734
6,14.136546184738956,-0.16618782903774024,1.4445432023426474,0.09266434038428055,-0.006541744681591566,0.9351775736982042,-1.2711854390811348,-0.4538260245841942,-0.06958821864744388,-0.4078280604605413,-0.09722779993247416
6,14.216867469879517,-0.195014002271265,1.4438169686324245,0.08395006636893566,0.0376540954677462,0.9552980449735649,-1.254051250743126,-0.4095544289362484,-0.137338500378638,-0.4346796801349786,-0.09008131297840351
6,14.29718875502008,-0.22385395145714299,1.4423453457662994,0.06892054848856011,0.08014200614453584,0.9750335804273988,-1.2365559614637618,-0.4085675783988396,-0.11622178219978516,-0.41153259905996803,-0.16970960824728473
6,14.377510040160642,-0.25272690895425914,1.4401462833886898,0.04801520869655888,0.11982672991711676,0.9943827166223462,-1.218676118463153,-0.4098459124455036,-0.1929290542754932,-0.3798251039191336,-0.14836784056715616
6,14.457831325301205,-0.2816483382153875,1.4372432058886992,0.021876545273171216,0.15575458098709588,1.0133493968969216,-1.2003904523137208,-0.3525442889359794,-0.18471887625816538,-0.40103331501871764,-0.20788845830390448
6,14.538152610441767,-0.3106274513662247,1.4336648259565656,-0.008727831891116412,0.1871449953942866,1.0319418390683208,-1.1816809434062754,-0.38297460478018697,-0.2171307400079842,-0.3296119510307852,-0.22199813793658912
6,14.61847389558233,-0.3396653570375899,1.4294445776413751,-0.042948629124786794,0.21338999417354718,1.0501711489673389,-1.162533220618089,-0.31223174333392406,-0.2560146267191447,-0.35532541947103036,-0.22428672447768447
6,14.698795180722891,-0.36875406392398874,1.424619312345221,-0.07988928431560106,0.23407371849051714,1.0680497358693708,-1.1429366179085694,-0.32000403414473105,-0.2331152194763441,-0.29940235348504257,-0.28264119345082
6,14.779116465863453,-0.39787612240135695,1.419227252497535,-0.11867309671599827,0.24898227720232713,1.085589862808082,-1.1228842622092965,-0.28827803603498525,-0.29928039640098264,-0.28076260765573363,-0.2460448710895786
6,14.859437751004016,-0.4270046775575587,1.4133057181644046,-0.1585071354543063,0.2580611077051085,1.1028027391523076,-1.1023732085902265,-0.24190835267124366,-0.263505722280031,-0.2753825734691909,-0.3054878949992512
6,14.939759036144578,-0.45610413090161744,1.4068892420513657,-0.19869270914378956,0.2613521254199471,1.1196981784752633,-1.0814043351201745,-0.2575204624971928,-0.30280312462501946,-0.2073808759326553,-0.28403390772611337
6,15.02008032128514,-0.48513170496339497,1.400008268479352,-0.2386026097838351,0.2589642015899477,1.1362844824400717,-1.0599818757406074,-0.17997224837159145,-0.30444742742662906,-0.2325779193212414,-0.29454316690205784
6,15.100401606425702,-0.5140398489155401,1.3926882279730783,-0.2776743814701688,0.25106979879337227,1.1525681803939725,-1.0381128133124968,-0.20049615961785275,-0.28499831839653283,-0.16035779039040143,-0.3206468950574156
6,15.180722891566266,-0.5427789603503701,1.3849487250664947,-0.315419178722922,0.23788687344422238,1.168553570194864,-1.0158065729420662,-0.14694088783947584,-0.329108553002196,-0.163414543282086,-0.2779204725664496
6,15.261044176706827,-0.5712997930318565,1.3768029658426337,-0.35140987520259637,0.21964474632472378,1.1842424174632216,-0.9930751730497458,-0.12485246736764649,-0.2755121072536128,-0.13668028186111233,-0.3278604318639938
6,15.34136546184739,-0.599555349950931,1.3682577870861716,-0.3852437954208968,0.19657000928965132,1.199634075041085,-0.9699334917844339,-0.12590948831910062,-0.3167864551423666,-0.0889254413501464,-0.2781078494490172
6,15.421686746987952,-0.6275024493825307,1.3593143715074083,-0.4165156505859167,0.16890455307258917,1.2147258637910991,-0.9463992301653043,-0.059507937112611875,-0.28394641718670405,-0.11119982671002883,-0.29787327722798407
6,15.502008032128513,-0.6551031744986228,1.3499693128645416,-0.44482095036763986,0.13692485524932485,1.2295132749260118,-0.922492462597128,-0.0906281546749794,-0.27487656953667067,-0.038960995384759146,-0.28952513598006296
6,15.582329317269076,-0.682326110174263,1.3402155397554172,-0.46976535635774475,0.10093752630584865,1.2439896836256807,-0.8982351206473956,-0.027385132719701735,-0.290914253390868,-0.06451308437396024,-0.25200369202299683
6,15.662650602409638,-0.7091470058189357,1.3300429687607482,-0.4909520997725666,0.06127047556967321,1.2581458269776038,-0.8736508107621993,-0.03509171791728465,-0.2326983214943864,-0.02295500346880556,-0.2849643120738302
6,15.742971887550201,-0.7355487276053572,1.3194391704725748,-0.5079625978438959,0.01829040934276548,1.2719695535421451,-0.8487648695513236,-0.022476455583342894,-0.26993072752648106,-0.005981772509538068,-0.21903398273752955
6,15.823293172690763,-0.7615207645421181,1.3083902931780114,-0.5203651089706532,-0.027563446672130173,1.2854460336768527,-0.8236042044836591,0.01847711671404588,-0.2111089369000435,-0.0220372768781162,-0.2461137051221727
6,15.903614457831326,-0.7870587232975953,1.2968821677870153,-0.5277487711568977,-0.07576741626225904,1.298558153681917,-0.7981965415440168,-0.018329459277827354,-0.21610539532667167,0.034578800050414395,-0.20681281465406187
6,15.983935742971887,-0.8121640060095873,1.2849012263278794,-0.5297444140876167,-0.12572785348627125,1.3112866082258894,-0.7725691953425404,0.0404910131579567,-0.20273022980091748,-0.009869201286630215,-0.18387394769814486
6,16.06425702811245,-0.8368434119528813,1.2724350136564841,-0.5260221858537616,-0.1767837785387937,1.3236096447582155,-0.7467479187615849,0.002811673290375129,-0.15356390437121478,0.03644427975806329,-0.19533941198488536
6,16.14457831325301,-0.8611083672199209,1.2594724923638767,-0.516305333925183,-0.22818362605411807,1.3355029363633582,-0.7207561552120237,0.024563835962843995,-0.1817743468292733,0.017346928818912852,-0.12875836426845622
6,16.224899598393574,-0.8849738198083187,1.2460044907811416,-0.5004208102026383,-0.2790780171286384,1.3469400155503277,-0.6946145292698347,0.029868757704366217,-0.11156823802260588,0.008585856756273994,-0.16074370636005691
6,16.305220883534137,-0.9084571461899836,1.2320244646589729,-0.47834515362715285,-0.32855859163372503,1.357893268291343,-0.6683401541862671,-0.007323323889146407,-0.13330041976281973,0.03623235541495075,-0.10182529907615524
6,16.3855421686747,-0.931577376011268,1.2175293282226356,-0.45020804564547195,-0.37570526818809463,1.3683349893995234,-0.6419455964528429,0.03347122326719956,-0.09743448532815266,-0.020020791009971665,-0.10244397825353915
6,16.46586345381526,-0.954354588107216,1.2025199567828713,-0.4162869549533207,-0.41960135114525127,1.3782380745873772,-0.6154379453959588,-0.027986179024964246,-0.07222845942014032,0.020389647498134274,-0.09525220082151484
6,16.546184738955823,-0.9768091061811349,1.1870012825266436,-0.37703361773810745,-0.4593503574833942,1.3875764445915504,-0.5888185191237343,-0.0021302344899699916,-0.091761792708883,-0.03160348618232739,-0.047070613210625736
6,16.626506024096386,-0.9989603170096083,1.1709822355810287,-0.33309455300004126,-0.4941394500188386,1.3963255713801488,-0.5620833125715993,-0.033275858599240975,-0.03056995523336644,-0.030994842771247713,-0.08418951775721766
6,16.70682730923695,-1.0208253273489905,1.1544758527242704,-0.28527225824950475,-0.5233108723908078,1.4044633589384343,-0.535223792011648,-0.06185613629548427,-0.07166975943833487,-0.036509637044445264,-0.024271428883473077
6,16.78714859437751,-1.0424179318278706,1.137499485585429,-0.23446019531626425,-0.5463801751683309,1.4119711114092102,-0.508227544670163,-0.044616868375223086,-0.027533206107830104,-0.090476115889843,-0.05535855963909807
6,16.867469879518072,-1.0637480838012379,1.1200746747608088,-0.181613238730502,-0.5630259002677461,1.418834076586509,-0.4810787858699585,-0.11349578605046248,-0.03808365305079049,-0.05997696800429754,-0.03788633557230728
6,16.947791164658636,-1.0848216722437765,1.102226424436613,-0.12773205482927766,-0.5731073944959354,1.4250414008585228,-0.453759059054716,-0.08325917175544309,-0.051452228646283016,-0.1292285020300167,-0.023907742239672427
6,17.028112449799195,-1.1056402695660121,1.0839820310915784,-0.07380795091649123,-0.5766870012392992,1.4305857937049478,-0.4262483878737466,-0.13831781076610145,-0.016866994497026763,-0.11281976245633424,-0.0641796474814992
6,17.10843373493976,-1.1262007748236964,1.0653699710483926,-0.02075421034506229,-0.5740006996868732,1.435463401136006,-0.3985267365153519,-0.14526814754721967,-0.07327164934920746,-0.14324026842001952,-0.019570885496953645
6,17.188755020080322,-1.146495335444588,1.0464191638111835,0.030615398077763065,-0.5653985183984055,1.4396739841305704,-0.37057529945882545,-0.14733422648931915,-0.032741243489140474,-0.17645982027441717,-0.0777041024648055
6,17.269076305220885,-1.166511883829992,1.0271584470094388,0.07957293801971543,-0.5513151412059827,1.4432210448354728,-0.34237738515741767,-0.2022062608926677,-0.07841076530587957,-0.15407583813251938,-0.05505515534015277
6,17.349397590361445,-1.1862352007329744,1.0076159265809186,0.12548258681631688,-0.5322664748465855,1.4461115781073404,-0.31391908488016523,-0.16597410450479932,-0.08314657132775571,-0.2193848596858751,-0.07828379552640607
6,17.429718875502008,-1.2056480235392457,0.9878180516391554,0.1678256356050379,-0.5088232231007644,1.4483554766095648,-0.28519014620334515,-0.22706540024427713,-0.08116065151020571,-0.18346768843107145,-0.11264403082483354
6,17.51004016064257,-1.2247317547770427,0.9677887302670182,0.20619746088690677,-0.48156144994806965,1.4499649874669074,-0.25618521695963525,-0.20492743990383197,-0.13962076904745604,-0.22650325367293128,-0.09042129431185095
6,17.59036144578313,-1.243466862067418,0.9475489285813532,0.2402718342266464,-0.45103637433771077,1.4509544730982966,-0.22690510499280891,-0.2205351206978026,-0.10823970375938478,-0.22722432455971467,-0.16136774549144273
6,17.670682730923694,-1.261833349772019,0.9271167931932922,0.2697761348828677,-0.4177912363661868,1.4513402759957856,-0.19735763334733375,-0.24625153196124538,-0.17695411685592632,-0.21303152914538143,-0.1350138066238393
6,17.751004016064257,-1.2798115182529597,0.9065079402951536,0.2944958636864102,-0.38236353854465066,1.4511402808326495,-0.1675580145484544,-0.20779978180954467,-0.1688633413248973,-0.258024844456548,-0.18772304587714544
6,17.83132530120482,-1.297382820340596,0.8857354646658688,0.3142769685724033,-0.34526699856148557,1.4503729463586335,-0.13752905069862037,-0.26011126265480855,-0.19679137460454832,-0.20715583193562487,-0.20614804080120888
6,17.91164658634538,-1.3145303619616693,0.8648096357659327,0.32900175035792106,-0.3069766091896096,1.4490560641947312,-0.10730142665200332,-0.2113561402488204,-0.24271870257509057,-0.25217131234215434,-0.20781289734922345
6,17.991967871485944,-1.3312389045048885,0.8437376726981637,0.33856143852574777,-0.26794477099450315,1.4472056699546216,-0.07691386029439923,-0.23578982119399391,-0.22406227788700903,-0.2187383827814785,-0.27481676352224654
6,18.072289156626507,-1.3474946593755288,0.8225238792730659,0.3428572911755074,-0.22863146303762183,1.4448351973590872,-0.046412621298352996,-0.22594503385656023,-0.29985294458047407,-0.21425279530249727,-0.2476268503566112
6,18.152610441767067,-1.3632852788744028,0.8011700471804257,0.3418210289585736,-0.18951448716542038,1.4419546020678022,-0.01585016385377035,-0.19173971860357886,-0.2784715633581688,-0.22875063354838573,-0.3173338328030601
6,18.23293172690763,-1.378600198522702,0.7796757324159368,0.3354210340914284,-0.15108228545627592,1.4385691675774614,0.014716889725987536,-0.2235610286000555,-0.3289851208847531,-0.1718289745461242,-0.31432521580088923
6,18.313253012048193,-1.39343104804015,0.7580381513220968,0.32365210281150364,-0.1138429665554278,1.4346782000555063,0.04522992685500373,-0.15649355134226917,-0.3515399148989038,-0.20840570348458282,-0.337885196722763
6,18.393574297188756,-1.4077718115473183,0.7362519124703037,0.30654407619213764,-0.07835686565490825,1.430274206917741,0.07563051286688127,-0.18321746159872254,-0.3476096372322298,-0.14582900996382972,-0.38591592245004097
6,18.473895582329316,-1.4216187630062904,0.7143089703086535,0.2842051977029745,-0.04525547640821288,1.4253429243939473,0.10586272060762976,-0.13788609832757293,-0.41353147810292396,-0.1500432607630499,-0.36138473640513996
6,18.55421686746988,-1.4349704824024638,0.6921990050692778,0.25686619318320175,-0.015220165599574889,1.4198640396115418,0.13587574942568745,-0.11268903212527731,-0.3808549708730546,-0.12907071826699312,-0.4319996180223288
6,18.634538152610443,-1.4478282492870551,0.6699100889362694,0.22489228504773354,0.011052183685132142,1.4138121462406135,0.1656265227297478,-0.11549989015683226,-0.4411844584626988,-0.07537629184445131,-0.4054043368884432
6,18.714859437751002,-1.4601967092966313,0.6474293485071245,0.18878634274856265,0.03286253823823923,1.4071577809536187,0.19508154644516604,-0.041561092279569854,-0.43253708058620105,-0.09418632212597104,-0.44283635260432164
6,18.795180722891565,-1.4720844099716388,0.6247436102226036,0.149218656315926,0.04952768944552122,1.3998688139934166,0.22421756200931114,-0.0636402604442339,-0.4400864831646719,-0.013362799893460819,-0.45840237851275645
6,18.87550200803213,-1.4835039240415138,0.601840271769432,0.1070525737200472,0.06044673308042604,1.3919123723239777,0.2530211318767901,0.009082524537568977,-0.47852531189083486,-0.024543546540071133,-0.4367828248358058
6,18.955823293172692,-1.4944715612061552,0.578708640308842,0.06330798529191824,0.06518625331091324,1.3832570224077785,0.28148770026715664,0.020141515716082737,-0.43608727679784387,0.027765037790386016,-0.4892953170890607
6,19.03614457831325,-1.5050068705056225,0.5553416755506336,0.019082546919243538,0.06351538691313478,1.373874526069861,0.30962046832443163,0.045814339047738774,-0.4890802139428411,0.06623545846878871,-0.4393973168453519
6,19.116465863453815,-1.5151319743273084,0.5317376923992055,-0.02450160801536812,0.05539882750696474,1.3637407184719215,0.33742887446735303,0.10938619912713056,-0.44624034466622053,0.06650666474363365,-0.4783250497072959
6,19.196787148594378,-1.524870534547438,0.5079015842349769,-0.06633211559156046,0.04100618275394207,1.3528356898495406,0.3649264748438194,0.09254739347002708,-0.45954051004703267,0.14581956681944033,-0.4542937317856989
6,19.277108433734938,-1.5342461945376695,0.48384539316220837,-0.10537513133516578,0.02072260511549718,1.3411438075280682,0.39212847876592044,0.17349846132075522,-0.4598304485534629,0.12497905702402162,-0.4368660284901564
6,19.3574297188755,-1.5432805985581686,0.459588311449747,-0.14075480464473905,-0.004898052733287111,1.3286539380716127,0.41904964297575925,0.1626112342262899,-0.4146180030484044,0.19277023090501472,-0.4591218986438078
6,19.437751004016064,-1.5519914356302,0.4351561915817271,-0.17177430611980754,-0.03521583221530065,1.3153595779448524,0.44570305387558845,0.20584669428145566,-0.44959373126754154,0.20255946952370982,-0.39604968197446616
6,19.518072289156628,-1.5603909951477533,0.4105804436352101,-0.1978876784269416,-0.06955104824135205,1.301258444855497,0.4720995761396819,0.24087443639150613,-0.3828331769515505,0.2161457923277022,-0.4302957945819825
6,19.598393574297187,-1.5684854367545857,0.3858962391918209,-0.21868676048242705,-0.10719246943618102,1.286351585414766,0.4982473734771691,0.22752776351105963,-0.4024066961116132,0.27329284831119705,-0.37454444712118884
6,19.67871485943775,-1.5762746705899926,0.361140191139027,-0.2339090497774489,-0.14742031040970666,1.2706426002401305,0.5241511203928763,0.29663565850222734,-0.36867588418274766,0.24290546162509424,-0.3691951169394421
6,19.759036144578314,-1.5837526483929996,0.33634796007546547,-0.2434200666370718,-0.18954798739933865,1.2541376056269222,0.5498112134211522,0.2632343865496886,-0.33489061305820306,0.30980072285347177,-0.3617205730390694
6,19.839357429718877,-1.5909080570683303,0.31155227616787984,-0.24716590488005274,-0.23293634481861972,1.2368457472861913,0.5752236190390464,0.3137340360183593,-0.350283919246205,0.287494178643843,-0.30355563114209483
6,19.919678714859437,-1.5977254920554829,0.2867815778610877,-0.24514285666098332,-0.27696990231232926,1.21877953215441,0.6003804220726437,0.3128925141616655,-0.278356841644865,0.31119630240040214,-0.33183525597653
6,20.0,-1.6041870177127946,0.2620591798767858,-0.23740375387202536,-0.32103825350378673,1.1999545287959108,0.6252704862980024,0.30625006561728996,-0.3056498290590259,0.33538617717163033,-0.2606415836119685
7,0.0,0.8423272785533057,0.5185356712647912,0.8431158774332771,0.874618011485329,0.22217463767633955,-0.6043036511993358,-0.9712388805801013,-0.3925048593537456,-0.9363789130828208,-0.3963451721970388
7,0.08032128514056225,0.8636819029855495,0.5380986509434525,0.7929307150276912,0.8834677385732113,0.24178734101080293,-0.5910316042953425,-0.9445735107133508,-0.4321722359044905,-0.9538264483106927,-0.3983625493168317
7,0.1606425702811245,0.8838330654561769,0.5647608963607464,0.7433348998388096,0.8845950573010383,0.26096786688381873,-0.577531292935395,-0.9300402608624012,-0.42539326111591125,-0.9580955713164044,-0.4464313996104789
7,0.24096385542168675,0.9010610159527882,0.5983178974795889,0.6960313964419644,0.8781638276334107,0.27973781723141805,-0.5637772195027245,-0.9533659449206812,-0.44719640419003415,-0.9234642847054898,-0.46550810142024157
7,0.321285140562249,0.91360627377423,0.6380564939759487,0.6527538468165351,0.864856239582256,0.298130865589553,-0.5497442563004358,-0.9352708742133075,-0.49384878799124754,-0.9292201119670104,-0.459319689266522
7,0.40160642570281124,0.9198972989338396,0.6827293582882846,0.6150442312510306,0.8459007682460694,0.31618985069153754,-0.5354148294180128,-0.9083930370964826,-0.493058176894882,-0.9427383437799252,-0.5001571202214594
7,0.4819277108433735,0.9187815070831044,0.7306599696221107,0.5840266936600981,0.8229675514587698,0.3339650131335959,-0.5207811224777495,-0.9280067796537008,-0.5017719666539783,-0.9087664342230969,-0.5310744319491532
7,0.5622489959839357,0.9096716578858336,0.7799564771066347,0.5602667016103733,0.797950979456886,0.3515067015502803,-0.5058459853632652,-0.9208193195290864,-0.5503635553532589,-0.9006257415174003,-0.5216979158469972
7,0.642570281124498,0.8925561475704085,0.8287579812081962,0.5437647134999257,0.772720068631896,0.36886219005151566,-0.49062370071397554,-0.8855437303958168,-0.5595236239535482,-0.9196393207260315,-0.551330725172569
7,0.7228915662650602,0.8678897536261879,0.8754259329088028,0.5340661239766027,0.7489222445868973,0.3860716688402319,-0.4751351908066523,-0.8964664778421598,-0.5572521571472278,-0.8915610686008614,-0.5919608295418208
7,0.8032128514056225,0.8364302252356364,0.918636842696493,0.5304254430257656,0.727886955722006,0.40316447203637307,-0.4594066336763216,-0.9002505458483387,-0.6022314685530425,-0.8697695944494342,-0.5848856961891351
7,0.8835341365461847,0.7990839794784151,0.9573839556512217,0.531958945676571,0.710622527794135,0.4201597443727071,-0.4434655145155776,-0.8619269802819907,-0.6232368383296261,-0.8892756892456996,-0.6013041306001529
7,0.963855421686747,0.7567981777055857,0.9909219050179778,0.5377512377942174,0.6978693810162485,0.4370638988713159,-0.4273368997770552,-0.86062623551105,-0.6139796715196707,-0.8709870788600669,-0.6474747147375008
7,1.0441767068273093,0.7105070353928825,1.0186923601750646,0.546908314726123,0.6901745424586311,0.453871676690952,-0.4110426149161215,-0.8731248823007972,-0.6502745940322695,-0.8381621445091574,-0.6475496936853048
7,1.1244979919678715,0.661123132839779,1.0402552382148325,0.5585639883109353,0.6879599768433473,0.4705669437218651,-0.39459697828045526,-0.8374354845061194,-0.6825577302830991,-0.8528185803664573,-0.6510605064946257
7,1.2048192771084336,0.6095623325875068,1.0552401593427239,0.5718542168113849,0.6915702178820258,0.48712235179534136,-0.37800604180038466,-0.8224477733238935,-0.671452010455986,-0.8460911278703372,-0.6973523249683783
7,1.285140562248996,0.5567889719722218,1.0633272162621121,0.5858695110216412,0.7012920989752849,0.5035030736746301,-0.36126556363883755,-0.8394738886229638,-0.6954660940888769,-0.8066876680455272,-0.7078876575096815
7,1.3654618473895583,0.5038697669023857,1.0642623630450914,0.5995976750688127,0.7173382238822726,0.5196681573137052,-0.3443583735149154,-0.8113255343677983,-0.7361482834551181,-0.8118100649171035,-0.7010939299573302
7,1.4457831325301205,0.4520211968452223,1.057914467073717,0.6118734534066377,0.7397906187495269,0.5355749878234458,-0.327255139824414,-0.7835253238228183,-0.7285368350941358,-0.8159443142524856,-0.7419131109046938
7,1.5261044176706826,0.4026262234046336,1.0443738725915317,0.6213565628289933,0.7685037708853927,0.5511849272970403,-0.30991299221339536,-0.7997628139276972,-0.7388779758865157,-0.7754048996029682,-0.7640866753770131
7,1.606425702811245,0.35719231451215444,1.0240785497406928,0.6265702117431899,0.802980572584493,0.5664671743571468,-0.29227818007279693,-0.7823640012242873,-0.7833547591139535,-0.7678656993882019,-0.7514261831384356
7,1.6867469879518073,0.317225286598952,0.9979304505916207,0.6260248709830402,0.8422611759736673,0.5814050205839806,-0.2742902791753447,-0.7448163443980315,-0.7837998049476871,-0.7798388337679392,-0.7821015424422573
7,1.7670682730923695,0.2840236197084303,0.9673396098913942,0.6184236381022167,0.8848831717856729,0.5959975633152507,-0.25588650672642266,-0.7548638384161162,-0.7815730306529128,-0.7435809827097798,-0.8147632442977326
7,1.8473895582329316,0.2584478865480965,0.9341420389084318,0.6028972226300767,0.9289680742895657,0.6102594135495141,-0.23700946332648984,-0.7491585988314842,-0.8244120704464227,-0.7224459238962009,-0.801688579425086
7,1.927710843373494,0.24075467514098026,0.9003865688481989,0.5791750911470556,0.9724371519461623,0.6242183260997488,-0.21761144601419397,-0.706597731445683,-0.8358349269986737,-0.7375503609420991,-0.8193773477814952
7,2.0080321285140563,0.2305711676473352,0.8680577240805557,0.5476176525361034,1.0132872528443657,0.6379082889299279,-0.19765818440177957,-0.7060794325989402,-0.8244227555298105,-0.7100176765144232,-0.8592640369933322
7,2.0883534136546187,0.22701428759658057,0.838839431178108,0.5091027129733868,1.0498256383857345,0.6513645720047189,-0.17713066041795553,-0.7106610243457004,-0.8603628084825974,-0.676820548228983,-0.85117160066329
7,2.1686746987951806,0.22888958263885517,0.8139898080623925,0.46482890945212374,1.0807917474204967,0.6646176842114508,-0.15602303349015492,-0.6686787076839842,-0.8834210697235007,-0.689657468618443,-0.8553374522692336
7,2.248995983935743,0.23488866912603423,0.7943348345950586,0.4161204602671704,1.1053609092223002,0.677688683650874,-0.1343420081128737,-0.6551484778959027,-0.8677497378676251,-0.6735493351481731,-0.8976039978368591
7,2.3293172690763053,0.24372970959773477,0.7803404621950191,0.36428608517756816,1.1230716488105963,0.6905873687946369,-0.11210395115435363,-0.6665636050388573,-0.8926047519416773,-0.6320395585310795,-0.8987034079095837
7,2.4096385542168672,0.25422942645027224,0.7722113631128251,0.3105465055254253,1.1337255250528062,0.7033092414493103,-0.08933263814006988,-0.630539343041558,-0.9254784492483036,-0.6375458303834467,-0.8911258007772566
7,2.4899598393574296,0.2653194226262239,0.7699825999467941,0.2560182986024098,1.1372963279813018,0.7158353203385354,-0.06605829212465968,-0.6039081919340742,-0.9110186506845047,-0.6332648496330918,-0.9302019851189298
7,2.570281124497992,0.27602542439217226,0.7735850379392057,0.2017331632540166,1.1338646899180362,0.7281316757539736,-0.04231465377872229,-0.6172578913880555,-0.922451049259325,-0.5886323720121037,-0.942684024819193
7,2.6506024096385543,0.2854291371836826,0.7828790750753033,0.14867632137758544,1.1235835708412858,0.7401488912724057,-0.018137988063635417,-0.5912739663911646,-0.96119856730376,-0.5829803834425059,-0.9271260905491912
7,2.7309236947791167,0.292624168187814,0.7976574998945333,0.09782932799756085,1.106675524482322,0.7518239390223369,0.006435475189513972,-0.5537766897044324,-0.9529567489495873,-0.588500745503276,-0.9578117506167797
7,2.8112449799196786,0.29667754669568597,0.8176163208654927,0.05020647444943566,1.0834593825779641,0.7630809078667042,0.031372876284894616,-0.5636164789593321,-0.950969599454774,-0.5463484500524904,-0.9814789802735755
7,2.891566265060241,0.2966102683934723,0.8422978403254571,0.0068725630635831795,1.0544055241293937,0.7738342580122949,0.05664714484203074,-0.5496628601763631,-0.9903271022583753,-0.5276542292929844,-0.9630234070385041
7,2.9718875502008033,0.2914103603618217,0.8710129234149853,-0.031074715746392926,1.0202116254271922,0.7839932953632406,0.08224145569864279,-0.5054267906124428,-0.9919360530985651,-0.5389021493662232,-0.9815299514422523
7,3.0522088353413652,0.2800964995276462,0.9027601715521087,-0.06257206926274328,0.9818810166376238,0.7934668761179737,0.10815157954123922,-0.506807635447462,-0.9789132447426252,-0.5041836709354113,-1.0138795229883433
7,3.1325301204819276,0.261838941017283,0.9361767842422253,-0.08671573413734025,0.9407724294538004,0.8021706592133387,0.13438712545111656,-0.5044138843718485,-1.0133353264767513,-0.47287998172142953,-0.9980010126703877
7,3.21285140562249,0.2361218598452612,0.969560633249625,-0.10292766081557747,0.8985783870989313,0.81003259044586,0.16097116722146612,-0.458691996565972,-1.026398244755816,-0.4845347929095682,-1.002711942814203
7,3.2931726907630523,0.20290125841584286,1.0009927291259568,-0.11111350577701463,0.857205438351471,0.8169975830910432,0.187935765071748,-0.4481361343785662,-1.0066864645994134,-0.46064920135130183,-1.0394474679497594
7,3.3734939759036147,0.16269118979590969,1.028547127917233,-0.1117485409927173,0.8185677133823817,0.823030085331898,0.21531715379802724,-0.45451368452038543,-1.0314346159353691,-0.4194590496147015,-1.0309973791622709
7,3.4538152610441766,0.11653404010758228,1.0505257100584937,-0.10584477414484442,0.7843534159576101,0.8281125044735862,0.24314942153734717,-0.412758281632799,-1.055237956368623,-0.4260434888035213,-1.0227905911848254
7,3.534136546184739,0.06586237186699223,1.0656406492997492,-0.09480938251374757,0.7558445539984308,0.8322429411021438,0.2714587328709248,-0.38901498181628763,-1.034313255842315,-0.41428094863909665,-1.0586306803267873
7,3.6144578313253013,0.012307794393414144,1.0730941758899242,-0.08025248070713013,0.7338370745982167,0.8354307578650073,0.3002600552978181,-0.39968939814892657,-1.0463211910521844,-0.36779667340236066,-1.0608701147337716
7,3.694779116465863,-0.04247567899705795,1.0725592706641425,-0.06380865513863217,0.7186604710828189,0.8376921846924397,0.3295539023036535,-0.36660259206448775,-1.0778979301671412,-0.36480525849225814,-1.042875713883471
7,3.7751004016064256,-0.09693543145060624,1.064100160637247,-0.04701416578435046,0.710259404649031,0.8390472701099547,0.35932532719183474,-0.33094374524664866,-1.0612233447903154,-0.36415392762834575,-1.072461547687795
7,3.855421686746988,-0.1496839284137349,1.048074313087156,-0.03124385278076486,0.7082925892306321,0.8395161737329934,0.3895432348915523,-0.3406190104276461,-1.0595750278581249,-0.3179693821108439,-1.086335109351214
7,3.9357429718875503,-0.19951632344962156,1.025046188784524,-0.017692914145106063,0.712222425360674,0.8391172412390708,0.42015958000978243,-0.3192206940647431,-1.0941776433853487,-0.3026873095795968,-1.063250550769629
7,4.016064257028113,-0.2454019619818804,0.9957235145281043,-0.0073860798113196,0.7213809583716138,0.8378649027931852,0.4511102612641877,-0.2751248846530768,-1.0861021981536574,-0.309951976346905,-1.0821125360102444
7,4.096385542168675,-0.286463661397214,0.9609179498787139,-0.0011961448581890523,0.7350101005474345,0.8357675015631043,0.48231553612934996,-0.2786009422797525,-1.07218874281777,-0.26950675302794463,-1.1060548437377251
7,4.176706827309237,-0.3219571867582738,0.9215279789950204,0.00013686060322473976,0.7522800866787009,0.8328263701499654,0.513682232267988,-0.2695646529727647,-1.10421554689856,-0.24144139102214804,-1.083274751043147
7,4.257028112449799,-0.3512580157299726,0.8785379649896328,-0.00400621511791225,0.7722878722294408,0.8290340446602631,0.5451073806681299,-0.22198348115564412,-1.1071961129293422,-0.2517863326567303,-1.0887371049578576
7,4.337349397590361,-0.37386140104113197,0.8330293451166633,-0.01412084576480777,0.7940433299785125,0.8243738722940438,0.5764824214771168,-0.21510204806948402,-1.0845178955186208,-0.2212895774186159,-1.1190372010536684
7,4.417670682730924,-0.3894022201565712,0.7861944232162448,-0.030558957259483703,0.8164512499056453,0.8188203168860967,0.6076996979966319,-0.21660898469114392,-1.1086519962390482,-0.1822501547788942,-1.101693374879471
7,4.497991967871486,-0.3976941703558807,0.739341063731001,-0.05348847452292158,0.8383004279806326,0.8123397241801851,0.638658571159594,-0.1710290476674412,-1.1228525476221667,-0.19012803163393768,-1.0934475152490566
7,4.578313253012048,-0.39878496486418696,0.6938760259783335,-0.08283819571300409,0.8582763486374332,0.8048933251612418,0.6692714785848457,-0.15148968878847568,-1.0964124047172865,-0.17178047579557165,-1.1250114484833205
7,4.658634538152611,-0.39301350214450687,0.6512537017759437,-0.11824205922282534,0.8750071112408937,0.7964403189923958,0.6994690321112895,-0.15961466148460116,-1.1086873523164071,-0.1255700961404587,-1.1170424928117155
7,4.738955823293173,-0.38104742303270217,0.6128906270207473,-0.15900109515661198,0.8871459477140269,0.7869419947225036,0.7292019924178673,-0.12106565592149003,-1.131991430111252,-0.125827820611696,-1.0972471370413854
7,4.8192771084337345,-0.3638841498375565,0.5800574061784977,-0.20408420620343753,0.893478051547252,0.7763659670833283,0.7584417170199466,-0.08893187248755503,-1.107374897579074,-0.11946573855477587,-1.1246022771666182
7,4.899598393574297,-0.3428053836456963,0.5537707507361608,-0.2521739418768264,0.8930262101827467,0.7646888585320678,0.7871778238564583,-0.09847423286254463,-1.1059504828030247,-0.07123530014699643,-1.1280243019723388
7,4.979919678714859,-0.3192954865304906,0.534712070018829,-0.30174876236636655,0.8851328762734719,0.7518988309183962,0.8154143583329966,-0.07066651049464925,-1.134362902938958,-0.06018807152688589,-1.1008964016863374
7,5.0602409638554215,-0.2949450070164044,0.523182376801452,-0.3511829218031777,0.8695043212949467,0.7379963888423102,0.8431659787951521,-0.028454225674252192,-1.1166433931587303,-0.06341423434847253,-1.1192092837328191
7,5.140562248995984,-0.27135610331625304,0.5190928254796681,-0.39884321409232315,0.8462202742389849,0.7229946271821073,0.8704531565170605,-0.034020745512479,-1.1020932347159358,-0.01877456426104903,-1.133673021519776
7,5.220883534136546,-0.25006155191924306,0.521981309230766,-0.44317571930713795,0.8157203964161189,0.7069197025883589,0.8972982404144519,-0.01870485905180257,-1.1304068624477968,0.005022427689827811,-1.1045930836135396
7,5.301204819277109,-0.23245389331901214,0.5310448070229535,-0.4827821442508864,0.7787743600549453,0.689810391707649,0.9237212633342137,0.029072610322584486,-1.1230632547996784,-0.0036469644603324015,-1.1104771756124325
7,5.381526104417671,-0.21972053318257184,0.545189749455708,-0.5164883715738751,0.7364386091835431,0.6717182559216083,0.9497353100761432,0.03206796161243826,-1.0981477117891796,0.03242268722240255,-1.1332159569262132
7,5.461847389558233,-0.21278855687351558,0.5631007595483429,-0.5434038306021931,0.6899950825632925,0.6527067739525925,0.9753426701189507,0.035512751331790667,-1.1208375543139315,0.06797286219132806,-1.1076009579166537
7,5.542168674698795,-0.21228398538564866,0.583326127946957,-0.5629606507340458,0.640872744017191,0.6328491491092211,1.0005307033330313,0.08331942679306968,-1.1250314064557787,0.05907606021740615,-1.0996981688414
7,5.622489959839357,-0.21851645380551346,0.604371918739935,-0.5749256608055355,0.5905614990247147,0.6122252988789755,1.0252695770739282,0.09791102445300037,-1.094162101758744,0.08330579127907545,-1.1260408930798327
7,5.7028112449799195,-0.231491027999735,0.6247858821879532,-0.5793827104481191,0.5405307113729214,0.590916701362156,1.049512214715762,0.0924760379496931,-1.1064801301332117,0.1274809991360073,-1.108348678143426
7,5.783132530120482,-0.25093839304676135,0.64322049376803,-0.5766929873980858,0.4921671095608189,0.5690011729634127,1.073196357514704,0.1348920452669498,-1.120916427604575,0.12373816221448682,-1.0876675332389802
7,5.863453815261044,-0.2763544128355507,0.6584704333006031,-0.5674486889598815,0.44673467384756277,0.5465478208237776,1.0962498427108085,0.16202221207006917,-1.0894209020707213,0.1352330689015873,-1.1120340477882569
7,5.943775100401607,-0.30703652614279875,0.6694886127039773,-0.5524285621223196,0.40535198592874977,0.5236128513246066,1.1185967952177969,0.15248863007358213,-1.088411562616271,0.18336360686693265,-1.1050258312342558
7,6.024096385542169,-0.3421140638850138,0.6753931867608987,-0.532562209044638,0.3689803837217517,0.5002379560625193,1.1401644285737933,0.18519050994235467,-1.1096852496323717,0.18924780692478135,-1.0748527494240738
7,6.1044176706827304,-0.3805747027556778,0.6754712975873111,-0.5089014411873827,0.3384127326403056,0.476449953461115,1.1608892625731553,0.2234481802034314,-1.0828710951387233,0.18957801027851792,-1.0919021976620518
7,6.184738955823293,-0.42128804965659344,0.6691849109757929,-0.48259353919902603,0.3142623815089085,0.45226241846307086,1.1807210301979048,0.21537718924533467,-1.0679907667795088,0.23624198114721767,-1.0961775559031022
7,6.265060240963855,-0.4630306683430448,0.6561792740311511,-0.45485760331783504,0.2969511475522433,0.4276784450108105,1.1996253398606345,0.23585443130230058,-1.0912685600737468,0.25435539534777274,-1.061487201370287
7,6.3453815261044175,-0.5045100599233682,0.6362919530689869,-0.4269611140995743,0.28669487373589203,0.40269325285385904,1.217584099401408,0.28163487579356977,-1.0734221873058127,0.24714304537551754,-1.0671487389004795
7,6.42570281124498,-0.5443870972284632,0.609566836287225,-0.4001991476597189,0.2834877444236889,0.3772974761060168,1.2345946708276418,0.28020171623332063,-1.04663060942834,0.2870870525488481,-1.0810186421102215
7,6.506024096385542,-0.5813007196697679,0.5762747456317128,-0.3758751878471041,0.28707757681205415,0.35147974238027374,1.2506687547887498,0.28813531849984925,-1.066535369279299,0.31756084663675255,-1.047485707953224
7,6.586345381526105,-0.6139007947273373,0.5369439329859673,-0.355272152295494,0.29693201080839465,0.3252293541224643,1.2658302946840219,0.3362414466622554,-1.0600406818424413,0.3077021462381156,-1.0396655566359487
7,6.666666666666667,-0.6409042139668036,0.4923963431578922,-0.3396052778904628,0.3122019557783528,0.2985395477753453,1.280113821080193,0.34518880133192453,-1.0253353532656688,0.33678114275000065,-1.0593767667507752
7,6.746987951807229,-0.6611828136088211,0.4437712136696317,-0.3299439348896187,0.33169628514779687,0.27141057197484364,1.293562213679947,0.3424878844304252,-1.0368558975315871,0.37722829209317493,-1.0321738149657955
7,6.827309236947791,-0.6738798767219459,0.3925126880451834,-0.32710393159230644,0.3538990468808531,0.2438537528762223,1.3062235096201507,0.3871424204620989,-1.0416121766314568,0.3699876349759348,-1.011023067914738
7,6.907630522088353,-0.6785319679817692,0.34029594336883234,-0.3315364873646599,0.3770503493515689,0.21589493680916697,1.318147165869952,0.40814014323324255,-1.004143366845813,0.3860333753040234,-1.0313500917445484
7,6.9879518072289155,-0.6751514550300984,0.28889058708238113,-0.3432493052968793,0.3992921807322562,0.1875764541664401,1.32937857553934,0.3986971113542659,-1.0034938578391892,0.43212719480627515,-1.014067485514795
7,7.068273092369478,-0.664235314783874,0.23999250599807984,-0.36179799603567625,0.41885008696800985,0.158956989356441,1.339953649452889,0.43479062336840607,-1.0168871304985316,0.4322856980947064,-0.9819091119204539
7,7.14859437751004,-0.6466915334152314,0.19507131571718592,-0.3863543776694525,0.4341942676751289,0.13010760527981488,1.3498943404492114,0.4672669966180224,-0.9819899040110485,0.4356713091868499,-0.997170019830485
7,7.228915662650603,-0.6237107372223344,0.15527758385537435,-0.4158225714229497,0.44413990539355724,0.10110558173142657,1.3592061263893649,0.45633771829308184,-0.9674087486169411,0.48209000862077867,-0.9912148670213631
7,7.309236947791165,-0.5966299704251228,0.12141857050121693,-0.44896477346232155,0.4478738407984009,0.07202693565408524,1.3678791700460382,0.48046951681272754,-0.9849383338032092,0.4930982914206347,-0.9522332475424548
7,7.389558232931726,-0.5668198087079418,0.09398581363103606,-0.48450129705788103,0.44492323355466423,0.04293931447876509,1.3758916122064908,0.5217199090041801,-0.9572705991565974,0.48666188228288065,-0.9575300602356016
7,7.469879518072289,-0.5356116487761812,0.07320977919092818,-0.5211742677277579,0.43509804258391527,0.01389751136318646,1.3832146394473204,0.5148572092462984,-0.9295102940393584,0.5280311958944574,-0.9620121671828138
7,7.550200803212851,-0.5042615091413063,0.059114926087301276,-0.557779313485289,0.4184282801905551,-0.015059089766887343,1.3898178998384731,0.5258682866225819,-0.9457777908349826,0.5512316257709037,-0.9215833152813556
7,7.6305220883534135,-0.4739385960591431,0.05156575355897105,-0.5931719026396819,0.3951123618831909,-0.043906503517044476,1.3956735380352638,0.5714272671004116,-0.9285269629832115,0.5395897351154604,-0.9138246904942225
7,7.710843373493976,-0.44573318189927474,0.05029590839622912,-0.6262606856942088,0.3654834786843838,-0.07263454903703234,1.4007595262289259,0.5732725853229007,-0.8907644629562093,0.5713558313076171,-0.9257744503533379
7,7.791164658634538,-0.4206707640138932,0.05491534919841099,-0.6559932975434529,0.32999507541953743,-0.10124493623773922,1.40506130973675,0.572323445583671,-0.9005195335864874,0.6055855522114167,-0.8894522007682196
7,7.871485943775101,-0.39972613040193594,0.06489821669070266,-0.6813436521011761,0.289230075272144,-0.12974849928589655,1.408572574768043,0.616687317268859,-0.89477874078102,0.5941309645201525,-0.867922125949879
7,7.951807228915663,-0.3838279306066792,0.07954677939246492,-0.701312909358652,0.2439302702112856,-0.1581628908723801,1.4112958960293018,0.6299778186675496,-0.8519634903254052,0.613325912170164,-0.8828094553076564
7,8.032128514056225,-0.37383597436616595,0.09794053900930347,-0.7149548988946763,0.19504124858977864,-0.18651004003655566,1.4132426627096415,0.6202423530732336,-0.8510302880651515,0.6550585602241668,-0.8551941622435814
7,8.112449799196787,-0.37048402936796754,0.11888754785250974,-0.721442216196597,0.1437577854511973,-0.214812989785893,1.4144335333324485,0.6578595918027861,-0.8554882552514685,0.6488796435476735,-0.8215906113846948
7,8.19277108433735,-0.37428053106703174,0.14090189391287042,-0.7201749935368165,0.09154023264026129,-0.24309264781126302,1.4148984640853557,0.6828824640443879,-0.8132720858454822,0.6546657083707254,-0.8340685047930133
7,8.273092369477911,-0.3853824049551629,0.1622471062370793,-0.7109165371250521,0.040072541686992924,-0.27136327173091185,1.4146758877541792,0.6689620742611379,-0.7992017625576556,0.6987001395499911,-0.8177937731206029
7,8.353413654618475,-0.40348673326009715,0.18106342023729793,-0.6939150080801327,-0.008861401519770993,-0.2996280407122399,1.4138110393060286,0.6953571160615972,-0.810248254688714,0.7016726659908744,-0.7757648033348482
7,8.433734939759036,-0.4277884514444139,0.19556505230160176,-0.6699517742968109,-0.05356729459269282,-0.3278755332462169,1.4123519170764367,0.7300067903670575,-0.773783213507565,0.695608968620386,-0.7805664612777862
7,8.514056224899598,-0.45704205768717526,0.20425442587927883,-0.6402835768509683,-0.09263989402931751,-0.3560780517824655,1.410344168987963,0.7172020421361373,-0.7462407855148906,0.7362016441844741,-0.7757179153230396
7,8.594377510040161,-0.48971310434571796,0.20607707873807815,-0.6064882488482465,-0.12510705341098466,-0.3841938227218754,1.4078256613849418,0.7299897913002112,-0.7586442619513798,0.7504053846156318,-0.7301514247606615
7,8.674698795180722,-0.5241624532324413,0.20047779010304362,-0.5702694574047207,-0.1504736976005681,-0.4121718617001063,1.4048220945662528,0.7703123777819056,-0.7316695725859634,0.7362913945553659,-0.7231566144827708
7,8.755020080321286,-0.5588075330678283,0.1873613577850413,-0.5332859867970698,-0.16867626969461474,-0.4399587146208689,1.4013458045554823,0.7637073014605607,-0.6926394007140824,0.7683449330252088,-0.7273914919318335
7,8.835341365461847,-0.5922229119642834,0.16699520304182663,-0.4970374373556691,-0.17998563671102857,-0.46750524417225986,1.3973968170541162,0.7630718448324234,-0.7007366332973376,0.7936937486597909,-0.6836697500875842
7,8.91566265060241,-0.6231806746953156,0.1399002943760468,-0.4628147443121307,-0.18489784457269975,-0.4947711518106014,1.3929660748671824,0.8039668966847432,-0.6850747752253374,0.7767996741333058,-0.6628937494452005
7,8.995983935742972,-0.6506471283341515,0.10675539883677429,-0.4316982714959469,-0.18404524428153693,-0.5217277399704539,1.388039524588634,0.8073460097526699,-0.6386725458918396,0.7967271300478836,-0.6720771332520404
7,9.076305220883533,-0.6737525196684023,0.0683308054440357,-0.40458194809923465,-0.17813452581708175,-0.5483582903264516,1.382601410852018,0.7958536174954673,-0.6375961072176589,0.8308391405986226,-0.6352015832613216
7,9.156626506024097,-0.6917537488256722,0.02545380942680368,-0.38221181942082877,-0.16791694081228284,-0.5746570043917024,1.3766373152966243,0.8318807495920381,-0.6329010869561426,0.8167418230461664,-0.6012730969550122
7,9.236947791164658,-0.7039990481970195,-0.02099802462250798,-0.3652196802631803,-0.1541896086224689,-0.6006276751429556,1.3701359118257197,0.8468504751336864,-0.5846321764146876,0.8229959284694701,-0.6103161021660651
7,9.317269076305221,-0.7099067441129675,-0.0700771092865369,-0.3541449117372231,-0.1378181225214763,-0.6262815755093696,1.3630901116061083,0.8288245775183722,-0.5712354556017799,0.861508653841189,-0.5839594241963247
7,9.397590361445783,-0.7089690036590875,-0.12073101511294632,-0.3494347692458813,-0.11977982585287178,-0.651635804481505,1.355498210834498,0.8551279433109185,-0.5750203632393123,0.8549116340755571,-0.5399670066293766
7,9.477911646586346,-0.7007870148262583,-0.17176263448335333,-0.35140916714700915,-0.10121026461423267,-0.6767114341799467,1.3473644071247937,0.8807218243017984,-0.5306612117713482,0.8481857918514176,-0.5437302962558686
7,9.558232931726907,-0.68514645805557,-0.22180538240265324,-0.360192531424409,-0.08343310397835531,-0.7015311272992931,1.3386998604527212,0.8613549793887558,-0.5040213025037461,0.8855151373905179,-0.5294400715679761
7,9.638554216867469,-0.6621233917323915,-0.2693414231301994,-0.3756141544021553,-0.06795092748507658,-0.7261167494111337,1.3295233943511466,0.8745492380414874,-0.5120124285775792,0.8893050575041958,-0.48021861515829994
7,9.718875502008032,-0.6321963673716995,-0.312783136956332,-0.39710394694254797,-0.05636448364488765,-0.7504857930130016,1.3198614744669943,0.907399683544948,-0.4763696500954874,0.8723864237823035,-0.4743442037702948
7,9.799196787148594,-0.5963207114358076,-0.35062717077411354,-0.42363120075791105,-0.0502192036112691,-0.7746477916750785,1.3097474755895826,0.8917859830674164,-0.43781140091641607,0.9028137208013834,-0.4710897002877907
7,9.879518072289157,-0.555914099211567,-0.3816488335149129,-0.45372545775818984,-0.05080537952737136,-0.7986013170944465,1.2992186951223663,0.8906650317727851,-0.4446175474907252,0.9175758422914209,-0.4221469345893643
7,9.959839357429718,-0.5127383010894113,-0.4050759744733111,-0.4856025165150102,-0.058971100873075284,-0.8223322817048748,1.2883122094253276,0.9257486045299661,-0.42049702772331216,0.8949244947793326,-0.4037681063556361
7,10.040160642570282,-0.4687010899162884,-0.4206826068560643,-0.5173630110872118,-0.0750182350934088,-0.8458154751620389,1.277060119829277,0.9180484609918972,-0.37328136780813953,0.9138311151736428,-0.40807791007167193
7,10.120481927710843,-0.425642863173299,-0.42877022905191103,-0.54719921698442,-0.09870612705692103,-0.8690182493632327,1.2654853966998036,0.9039657315285978,-0.3734408117391749,0.937894597992355,-0.3645682288518042
7,10.200803212851406,-0.3851712808065227,-0.4300619995119998,-0.5735548624332633,-0.12934915859022278,-0.8919057999915881,1.253600453958967,0.9356972270979471,-0.3612208092609575,0.9149347161334282,-0.3329684865957942
7,10.281124497991968,-0.34856979096342455,-0.4255543675891671,-0.5952042699388466,-0.16596169058318713,-0.9144465152465865,1.2414076342879943,0.9384401760430268,-0.31010744565775816,0.9197804001058322,-0.3397841304578886
7,10.36144578313253,-0.31678346134082164,-0.4163720439301114,-0.6112597697510799,-0.20739998230917875,-0.9366153081135373,1.2289016724525776,0.9150876723114041,-0.2993616025927773,0.9495708668940361,-0.3057680436205171
7,10.441767068273093,-0.2904551609014549,-0.4036607326092073,-0.6211296531103191,-0.25247513981553116,-0.9583955902903796,1.21607299200441,0.9383571335847103,-0.29716773422757997,0.9316232707174447,-0.26276938535209843
7,10.522088353413654,-0.2699855541250892,-0.3885212064782621,-0.6244516990819782,-0.30002070463380553,-0.9797793017575357,1.2029102784858532,0.9518763308715739,-0.2477327350196793,0.9223402240930305,-0.26663563235411397
7,10.602409638554217,-0.255598831217877,-0.3719882803221863,-0.6210284779380159,-0.3489188162798722,-1.0007658595870057,1.189402962358018,0.9244607480248938,-0.2240138677899768,0.952932420718005,-0.24448199796599013
7,10.682730923694779,-0.24739051870306847,-0.3550438486370437,-0.6107751542176413,-0.398094251905446,-1.0213611168311485,1.1755425885336974,0.9354707099608852,-0.2281942889792775,0.9440560797909728,-0.19421019901193937
7,10.763052208835342,-0.24535462220786106,-0.33864818646578504,-0.5936926537959059,-0.44648504471686845,-1.0415756691872955,1.1613236907521258,0.9577012012579796,-0.1858262884789452,0.9229217439330829,-0.19036417109053674
7,10.843373493975903,-0.24938160703258344,-0.32378463605524915,-0.5698706568830868,-0.493007083372162,-1.061423708979326,1.1467447564642788,0.9318237725201741,-0.14965655330639008,0.9488522003748217,-0.18029648373048734
7,10.923694779116467,-0.25922214579996117,-0.3114952482992178,-0.5395206914322579,-0.5365229711415882,-1.0809217771016701,1.1318085274870981,0.9287020557780307,-0.15543984961161866,0.950962558555858,-0.12835045843468335
7,11.004016064257028,-0.27442736910223675,-0.30289459098288346,-0.5030407052680071,-0.5758342400196323,-1.1000870917145604,1.1165228261490543,0.95547799118521,-0.12424170569515397,0.9220771748995926,-0.11355228945139444
7,11.08433734939759,-0.294268763637582,-0.29914509713667026,-0.4610954908677325,-0.6097154655158971,-1.118936112281577,1.1009010442909808,0.93598545773094,-0.07853376973738395,0.9383149090559492,-0.11350671190103905
7,11.164658634538153,-0.317666762421766,-0.30137187728650133,-0.41469310672634513,-0.6370012617494895,-1.1374821072591446,1.084962029781805,0.9190792646422579,-0.08081470856264944,0.9507627117649955,-0.06577418218317453
7,11.244979919678714,-0.3431642802231848,-0.31052450665186765,-0.3652206617862882,-0.656730369094893,-1.155732793328291,1.0687296441982042,0.9448875261005839,-0.0626826170380879,0.9192302092371762,-0.03879215141336441
7,11.325301204819278,-0.36897523676981453,-0.32720486878855987,-0.3144008740343533,-0.6683159238889449,-1.1736883640534421,1.0522304917477163,0.9349376382623199,-0.01203774424578782,0.9221268365952858,-0.04467195482443246
7,11.405622489959839,-0.39313096838041,-0.35151292156174435,-0.2641571158572765,-0.6716928288763966,-1.1913401786251705,1.0354908778904452,0.9067785700536651,-0.006209145801945558,0.9418496928091877,-0.006075981650368308
7,11.485943775100402,-0.41369503005954694,-0.38297377018519857,-0.21640272278714887,-0.6673843734505651,-1.2086719211530126,1.0185332641646825,0.9258918971015415,-0.0003602014445378965,0.9128777768981624,0.03218508091561101
7,11.566265060240964,-0.4289891055662185,-0.4205749859761018,-0.17281686612606875,-0.6564504218678162,-1.2256621849510454,1.0013729956821829,0.9264827573181088,0.04986575748651804,0.9009853993252195,0.025786654675208326
7,11.646586345381525,-0.43776463480801747,-0.46291076783743346,-0.1346737283624918,-0.6403355517738899,-1.24228828385856,0.9840173447945056,0.891473029157979,0.06701785104741738,0.9232536178710855,0.052211123769391646
7,11.726907630522089,-0.439271589374587,-0.5083797680102555,-0.10276597260763143,-0.6206630213407011,-1.258530225010213,0.9664659733997994,0.8992273586157337,0.06379233483161652,0.9013404283766936,0.09878448111953264
7,11.80722891566265,-0.4332293586928376,-0.5553728736087858,-0.07743168861853415,-0.5990411610890848,-1.2743728978076476,0.9487130342858593,0.9091778334101712,0.10832310623884,0.875856111708841,0.09737789417316335
7,11.887550200803213,-0.41972861305333836,-0.602408883399313,-0.05864548439262398,-0.5769300267013389,-1.2898073560971703,0.9307499839233062,0.8728771599377676,0.13776275861832418,0.8953042936053592,0.11082616755901398
7,11.967871485943775,-0.399109786906714,-0.648196747238134,-0.046134490255702265,-0.5555766552917167,-1.3048305498080794,0.912567544328349,0.8666241131549753,0.1302192710076041,0.8834507138155148,0.1609865871938905
7,12.048192771084338,-0.3718571943557505,-0.6916391138765019,-0.03948341056604814,-0.5360169339777912,-1.3194442383221383,0.8941576721418414,0.8827938107965283,0.16461115115828728,0.847991032447403,0.16888722455415767
7,12.1285140562249,-0.3385239633786842,-0.7317968558547497,-0.03820226477788614,-0.5191145932041149,-1.3336542038296622,0.8755144734034274,0.8507945942817635,0.2046644356963126,0.8595858377044632,0.17073253995911747
7,12.208835341365461,-0.29969831782674444,-0.7678363942735105,-0.04176076108589182,-0.5056153536187986,-1.3474688480086516,0.8566346460728366,0.8303018845983215,0.19806492070672255,0.8586260423229611,0.21875218111274297
7,12.289156626506024,-0.25600446270444316,-0.7989812482791223,-0.04958385612404417,-0.49620368963622163,-1.3608984332630514,0.8375181307278616,0.8480688079045343,0.21948548784817903,0.8184179441869999,0.23818131933929623
7,12.369477911646586,-0.2081326958184243,-0.8244760528646549,-0.06101748307594762,-0.4915391190891686,-1.3739543230755267,0.8181679923324964,0.8248088978839345,0.2661502246156612,0.8182956040859596,0.2316969550056582
7,12.449799196787149,-0.15689281651164416,-0.843578796309076,-0.07527689465899656,-0.4922703131725097,-1.3866478266927458,0.798590861281891,0.7921944023969798,0.2652947959665344,0.8266231354664026,0.2719634522331521
7,12.53012048192771,-0.10327522396571487,-0.8555890494656659,-0.09137981790010888,-0.49901244734365824,-1.3989895644552777,0.7787970924710046,0.806241987474995,0.2731235433538257,0.7874026188461016,0.30268086098448654
7,12.610441767068274,-0.04850741878545481,-0.8599203667631359,-0.10809221201502349,-0.5122763366995812,-1.4109879497690654,0.7588004124173968,0.7940755219164952,0.3209040782739757,0.7735120586530437,0.2924922127713369
7,12.690763052208835,0.0059245045215141675,-0.8562212009874492,-0.12390805927849108,-0.5323562481333489,-1.4226478168144123,0.7386177227230822,0.7533269476886169,0.3292957137688188,0.7873044238827674,0.32066401262888955
7,12.771084337349398,0.05831956084047555,-0.8445226372406117,-0.1370942579830629,-0.5591825457187275,-1.4339693105104905,0.7182674683197099,0.7585913387841987,0.3253298974872246,0.7541526688688738,0.3601078171523976
7,12.85140562248996,0.10689252903274069,-0.8253770168000583,-0.1458309118695523,-0.5921859143350766,-1.4449467534656575,0.6977676657042655,0.757289974051741,0.3683791714237709,0.7265951622507233,0.3514160940070913
7,12.931726907630521,0.14999051918187942,-0.7999227841466114,-0.1484316292922345,-0.6302330277724689,-1.4555693522200432,0.6771335621400427,0.7134826268875893,0.3876596060755291,0.7405278354428039,0.3653626437035013
7,13.012048192771084,0.1863370444305321,-0.7698209489488542,-0.14359730769553664,-0.6716831989665955,-1.4658226771937473,0.6563750915670437,0.7061440476819205,0.3758804878269368,0.7169388927768275,0.40924856852146196
7,13.092369477911646,0.21522271518258954,-0.7370594837921185,-0.1306135330486035,-0.7145818807508704,-1.475691146198443,0.6354962326995909,0.7130335055611345,0.4092105150989006,0.6780484585033194,0.4069346167444894
7,13.17269076305221,0.23656621393233507,-0.7036767274214538,-0.10941329636036447,-0.7569272878245906,-1.485161038231121,0.614495250760815,0.6715266829855308,0.43890852349605824,0.6864814376736171,0.4072002409891635
7,13.25301204819277,0.2508274152256289,-0.6715074828756022,-0.08049525407219182,-0.7969184841765384,-1.494221979996546,0.5933663366171654,0.6499621683752428,0.4247266891169593,0.6739276504678641,0.4503329413180076
7,13.333333333333334,0.2588313343437582,-0.642025967960299,-0.04474262052438733,-0.8331085947736955,-1.5028680027307717,0.5721020600840251,0.6606933649447465,0.4450873160594593,0.6280859239666531,0.45794518659050126
7,13.413654618473895,0.26157308538995894,-0.6163049148484853,-0.0032268180875344287,-0.8644388375946434,-1.5110973001710064,0.5506948529208575,0.6263634505810227,0.4825591544878033,0.6263875822875572,0.447489745034459
7,13.493975903614459,0.26006941572333964,-0.5950683593046805,0.04294499238665591,-0.8901887124695486,-1.5189111972857903,0.5291386956025745,0.5916598439004213,0.47157703031789955,0.6242369452753719,0.4845413458537464
7,13.57429718875502,0.25527873003189194,-0.5787808949155391,0.09271778165423439,-0.9098841017620795,-1.5263136765289909,0.5074297709259303,0.6011631900150785,0.4778466978430388,0.577153974827785,0.5033885279086403
7,13.654618473895582,0.24807675404738638,-0.5677421063336298,0.1451131570783267,-0.9232047988506094,-1.5333101557991258,0.4855665768413265,0.5775105321513938,0.5185655485296295,0.5626097125220176,0.48681477981327426
7,13.734939759036145,0.23928045508634288,-0.5621618580014192,0.1992134651186377,-0.929913422762556,-1.5399069921711723,0.46355045034710707,0.5332138072568611,0.5153427000688988,0.5681992647093294,0.5131821303479609
7,13.815261044176706,0.22969362678673166,-0.5622016947039324,0.25411847298432505,-0.9298115270845849,-1.5461110921595633,0.44138512601485674,0.5365695891648508,0.5086399361758882,0.5257294032236537,0.5419881595977638
7,13.89558232931727,0.22016454348723005,-0.567989020660759,0.30888978158267233,-0.9227313472222122,-1.5519289959508336,0.41907695368849585,0.52493285216443,0.5470143506069385,0.49794181871649873,0.5246290635875289
7,13.975903614457831,0.21164802878114464,-0.5795915211147024,0.36249600631827344,-0.9085604998460824,-1.5573667990418671,0.3966349210785586,0.4762508150829087,0.5541980754674353,0.506971948859537,0.537319024414783
7,14.056224899598394,0.20524905793789047,-0.5969547837735492,0.41376800962395754,-0.8873055491833215,-1.56242915682033,0.374070098405155,0.4695146064289791,0.5376964111351117,0.47389748282949906,0.5724938234165957
7,14.136546184738956,0.20223852626126754,-0.6198060353438983,0.4613890695491199,-0.8591934861267223,-1.5671184696799683,0.3513957161757718,0.4687188871929758,0.5681747195476278,0.43477198667660205,0.5594290857472131
7,14.216867469879517,0.2040085299493909,-0.6475284049307998,0.5039409776140579,-0.8247962313998572,-1.5714343878159525,0.3286259478315103,0.4214415779036997,0.5860351404724584,0.442043302348802,0.5576635480266804
7,14.29718875502008,0.2119426475126214,-0.6790488762873528,0.5400320261812216,-0.7851500901370374,-1.5753726853783367,0.3057746665323065,0.4023136030224802,0.56440174558527,0.42108440866201247,0.5940225543068051
7,14.377510040160642,0.22720504522563165,-0.7127903556481024,0.568509540138202,-0.7418066265706684,-1.5789256719361935,0.2828540413976934,0.4088215392372533,0.5825868251447778,0.37438954733510577,0.5891561156762912
7,14.457831325301205,0.2504853483090446,-0.7467518103646948,0.5887063142654116,-0.6967559985608077,-1.5820828330582342,0.25987238426455583,0.3681623868525797,0.6090429490207412,0.37472878363119705,0.5745924756401978
7,14.538152610441767,0.28180231822904817,-0.7787416653967456,0.6006317976247375,-0.6521996528433173,-1.5848322148255907,0.23683366313755114,0.33640296396515246,0.5876555213269044,0.365995135006653,0.6064521337755998
7,14.61847389558233,0.320463010954493,-0.8066976075615822,0.6050035514066262,-0.6102274720918386,-1.587162854474603,0.2137373511122408,0.3450237818669332,0.591280333159962,0.3166725102465503,0.6119073953812098
7,14.698795180722891,0.3652060174497767,-0.8289761736675991,0.6030932622488951,-0.5725291748022658,-1.5890658214833435,0.19057945762178158,0.31474108065578205,0.6224471635003443,0.3060254611288887,0.58847872734773
7,14.779116465863453,0.4144651602752151,-0.8444999954200078,0.5964604413571709,-0.5402409747272322,-1.5905353587119158,0.16735474647148094,0.27241605982846645,0.6065027751566261,0.307193697251063,0.6108834485191237
7,14.859437751004016,0.46663101619701597,-0.8527396574098892,0.5866845560946697,-0.5139568212024556,-1.5915689171867689,0.14405784342002337,0.27756361476701447,0.5959473180189498,0.2606897301280678,0.6266913171733615
7,14.939759036144578,0.5202301330041934,-0.8535890664031636,0.5751892105339809,-0.4938507701423294,-1.5921661802946765,0.12068490500173062,0.25954628879288033,0.6268849506958635,0.2372005479636197,0.5998699808478889
7,15.02008032128514,0.573999009515882,-0.8472071404038998,0.5631716637780536,-0.47982699599815704,-1.5923289582940043,0.09723428122818069,0.21091387595508443,0.6203348197377577,0.2442444090449822,0.6094650354361081
7,15.100401606425702,0.6268757402388968,-0.8338862136877527,0.5516131345668355,-0.47165194355563933,-1.5920600186863265,0.07370642054859376,0.2078798489848753,0.5984145960439853,0.20569129489571578,0.6334171406508029
7,15.180722891566266,0.6779497398514511,-0.8139657437318479,0.5413379819988952,-0.46903812139417644,-1.5913627061884101,0.050104526588965644,0.20190020275269815,0.6239023282083512,0.17017478158536253,0.6089970103286975
7,15.261044176706827,0.7263931805842261,-0.7877924927531554,0.5330827641523254,-0.4716810506900935,-1.590240850051677,0.02643389536798999,0.15261594232871786,0.6285387830724339,0.17814896298640473,0.6045008650028147
7,15.34136546184739,0.7713963578980652,-0.7557230709222391,0.5275665082317187,-0.47925981452512106,-1.5886978049180336,0.002702045851648603,0.1384078634425518,0.5998425980408887,0.1513270753456956,0.632438241554813
7,15.421686746987952,0.8121159792178132,-0.7181578807763637,0.5255469271003816,-0.49139810563578523,-1.586736751618801,-0.021081202106538643,0.1420647779870786,0.6152944182700141,0.10700906731352543,0.615342770248664
7,15.502008032128513,0.8476457386927215,-0.6756070009741142,0.5278498218004523,-0.5075999158158297,-1.58435991564144,-0.04490453520341124,0.09799335097813873,0.6303662701239339,0.11087100417012573,0.5977451818694121
7,15.582329317269076,0.8770267481297833,-0.6287786778539286,0.5353661805061735,-0.527160422459054,-1.5815679263032953,-0.06875479491546536,0.07179979401481722,0.600360236442421,0.09737520365251924,0.6243336587860179
7,15.662650602409638,0.8993107170733915,-0.5786769231531446,0.5489895768829506,-0.549065784532095,-1.5783597974648775,-0.09261805429968445,0.08088095495153988,0.6026885859813333,0.04917854855699209,0.6176721760035813
7,15.742971887550201,0.9136954364545276,-0.5266795283406405,0.5694850532569106,-0.5719202751520764,-1.5747316773516802,-0.11648056388278998,0.04689192717117916,0.6250368599514408,0.044659260469059506,0.590043507424057
7,15.823293172690763,0.9197243682590855,-0.47454157492136195,0.5972940971776179,-0.5939428888599142,-1.5706772301280352,-0.14032948787790425,0.0101504941276333,0.5990184291343947,0.04350827056369446,0.6097955225247768
7,15.903614457831326,0.917500792336541,-0.4242776764207656,0.6323184109791237,-0.6130925787261685,-1.5661878727607825,-0.16415497662687079,0.019341058332397403,0.5872347877153062,-0.002972388887284535,0.6142904440584896
7,15.983935742971887,0.9078265481187026,-0.3779068674048613,0.6737827991132422,-0.6273317025810836,-1.56125334818971,-0.1879504368325258,-0.0017141182584676099,0.6119435706590666,-0.018641880783772338,0.5812454361593961
7,16.06425702811245,0.892165107184182,-0.3371289096209346,0.7202642569619404,-0.6349550473575226,-1.5558639149051188,-0.21171294956024206,-0.045671647261775625,0.594132369620289,-0.010893801979232424,0.5896645369184027
7,16.14457831325301,0.8724164282911174,-0.30306639481170766,0.7699089983755744,-0.6348569322549386,-1.5500109508395785,-0.2354428422832974,-0.041819517012421405,0.5696953031551883,-0.05049495881469624,0.6036708661947477
7,16.224899598393574,0.8505917061844153,-0.2761751383622446,0.8207500534586593,-0.626619833261558,-1.5436882102238372,-0.25914153840276766,-0.049626162756662866,0.5912418494980749,-0.0780273866625794,0.5706946605284886
7,16.305220883534137,0.8285238928185938,-0.25633833677744927,0.8709856412989969,-0.6104194498718689,-1.5368922349337848,-0.2828108660185459,-0.096094900019464,0.58421017352835,-0.06652239916434623,0.5653584791395064
7,16.3855421686747,0.8077101741930764,-0.24305964350376874,0.9191353946599446,-0.5868276521007306,-1.5296213319230745,-0.3064512984050099,-0.10192401639418694,0.5509564746056013,-0.09530022053576412,0.5853821194039011
7,16.46586345381526,0.7892844056749089,-0.2356571308696261,0.9640645242597549,-0.5566096378075284,-1.5218759318604453,-0.3300611124559529,-0.0985079949795555,0.5644046414487102,-0.13296500309466627,0.5579232396843901
7,16.546184738955823,0.774078094541261,-0.23340549833750932,1.0049240128125652,-0.520579684646424,-1.5136573854525726,-0.3536366909657851,-0.14204078660327799,0.5686324442693611,-0.12330393529798038,0.5389894296803496
7,16.626506024096386,0.7627160439019316,-0.23560501441108378,1.0410601011484941,-0.4795246986439364,-1.5049675962079394,-0.37717151094776163,-0.15973853998620952,0.5319947321119785,-0.13907000885628015,0.5603064918907951
7,16.70682730923695,0.755705526070985,-0.24159539767892416,1.0719245922678227,-0.43418723053336505,-1.4958092465257586,-0.4006570042692139,-0.14893828075450236,0.5338148694247417,-0.18288259105855073,0.5426247630567539
7,16.78714859437751,0.7535093041241445,-0.25072952598621323,1.0970080508609426,-0.3852905478551614,-1.4861845627711183,-0.4240824557405878,-0.18432959808280822,0.5474472741171723,-0.18000319413116353,0.5126552554647824
7,16.867469879518072,0.7565866901645864,-0.2623164298342654,1.1158001402387931,-0.3335895287956086,-1.4760959441587123,-0.4474347249017081,-0.21353098333840667,0.5132703169445347,-0.18275990290626276,0.5300703665870401
7,16.947791164658636,0.7653995104115559,-0.27555181817180135,1.1277850713757342,-0.279941025222511,-1.4655452122723076,-0.47069942349913757,-0.20033572583106482,0.5018869902126304,-0.2273036436839204,0.5243052766808123
7,17.028112449799195,0.7803779751059644,-0.2894397890961523,1.1324814521087998,-0.22537786382550368,-1.4545328743043524,-0.4938602462406675,-0.223704499923951,0.5209945057519753,-0.23462205298646296,0.4876833934103409
7,17.10843373493976,0.8018308816418525,-0.3027290152622819,1.1295319257961483,-0.17117028929847294,-1.4430585321718308,-0.5169001021426765,-0.2616541492845935,0.49435263939791124,-0.22665012598157816,0.4964467673055123
7,17.188755020080322,0.8298074145405224,-0.31389731696444323,1.1188476997874541,-0.11884289786358765,-1.4311193113142677,-0.5398020625341219,-0.25134168565181103,0.47039068233935677,-0.26619411736190013,0.5021515950227878
7,17.269076305220885,0.8639290137564899,-0.3212198649637802,1.1007809851721075,-0.07010435164244311,-1.4187103667645655,-0.5625495803680752,-0.26095936830509786,0.48967602509725244,-0.2850402638589359,0.46419777187703765
7,17.349397590361445,0.903250107356759,-0.32295626725317633,1.076267089016165,-0.026666921088438364,-1.405824998246121,-0.5851287783766209,-0.30313059179666113,0.4738779149225811,-0.2705616063301429,0.46087405179564606
7,17.429718875502008,0.9462362334852605,-0.317629751094362,1.0468521255085306,0.010026573717181898,-1.3924546372717064,-0.6075283892463307,-0.30036757741771775,0.44003816183374916,-0.3002661443043684,0.4750934047897528
7,17.51004016064257,0.9909111427684488,-0.3043066046499636,1.014543035163664,0.039073749543814706,-1.378591172871568,-0.6297402643951431,-0.297107360844092,0.45388326726106115,-0.32975564421645365,0.44108985224022196
7,17.59036144578313,1.0351488024014721,-0.2827546938861835,0.9815133816051156,0.06025940325294122,-1.364227088516408,-0.6517594107402517,-0.33818297170573375,0.4499411387287375,-0.31425212378444756,0.424313562644748
7,17.670682730923694,1.0769919109126689,-0.2534069782171043,0.9497780391586969,0.07401512594429328,-1.3493568510258749,-0.6735816509923962,-0.3462264014262153,0.41065380678317254,-0.33118669761927705,0.44231969648202546
7,17.751004016064257,1.1148696510285048,-0.2171723870524974,0.9209654860939701,0.08122530817609208,-1.3339776974159423,-0.6952034600853436,-0.33343223876577954,0.4144145980822625,-0.3684252009407555,0.41673594087947735
7,17.83132530120482,1.1476659419715016,-0.1751968075422721,0.8962454402349098,0.08299015803577914,-1.3180884354586215,-0.7166200642738848,-0.3682750349761229,0.4211006491764762,-0.3575479117716691,0.38772606460389214
7,17.91164658634538,1.1746636549603773,-0.1286675868143475,0.8763773044772168,0.0804358506438808,-1.3016904286770004,-0.7378244373070322,-0.38822824076900136,0.3819073339248786,-0.36112228999159324,0.4041488395526102
7,17.991967871485944,1.1954329375911705,-0.07870376278464239,0.8618208073406806,0.07460745035988042,-1.2847862650759028,-0.7588079040160773,-0.3708969202292438,0.37295534099869637,-0.40157055962670635,0.3899488754421325
7,18.072289156626507,1.20971735539434,-0.026321977435300348,0.852850340346267,0.06644321438842496,-1.2673794427917255,-0.779558605650273,-0.39533045905729525,0.3870991296677685,-0.3998577938915881,0.3523382390293697
7,18.152610441767067,1.2173455772813646,0.027542530700280277,0.849641469058651,0.056798756211696534,-1.2494749565759646,-0.8000626735874897,-0.425756965842235,0.35356777954440055,-0.39175512392181805,0.36215360713110234
7,18.23293172690763,1.2181823633859408,0.08198531546930124,0.852324153237235,0.04650157956183039,-1.2310775978850748,-0.8203040464112538,-0.40946063634362406,0.3316910549756128,-0.4299682823944776,0.36012609640449905
7,18.313253012048193,1.2121172941718814,0.13607046602642417,0.8609932560551194,0.036419219037850066,-1.2121930002038537,-0.8402639552690504,-0.4210009261506462,0.3486470277492292,-0.4399166238724992,0.3191272424555367
7,18.393574297188756,1.1990949426349282,0.18876803623205735,0.8756800665440654,0.027522295820234254,-1.1928266762836461,-0.8599225910766229,-0.45818486763597466,0.3251671825548216,-0.42376346525937125,0.31846507646949984
7,18.473895582329316,1.1791869774213601,0.23891067830063967,0.8962837362233583,0.020933469846381596,-1.172983080517824,-0.8792579686317837,-0.44803040609870565,0.2924764873551153,-0.45445722702818603,0.3269373331296369
7,18.55421686746988,1.1527008831996317,0.2851883069383617,0.9224624588915725,0.0179349434664688,-1.1526663859273758,-0.898247364419302,-0.4464024991656925,0.3068907600399352,-0.4760944569981335,0.288233353974526
7,18.634538152610443,1.1203106408222172,0.32620965729522633,0.9535090006012449,0.019907775722392974,-1.131878301486461,-0.9168682899946524,-0.4851126119035277,0.29573495989998716,-0.4568287280334721,0.275015897077036
7,18.714859437751002,1.0831631398269443,0.3606514238629202,0.9882480850746995,0.028185406474468183,-1.1106189007671288,-0.9350982957178405,-0.48483559291896644,0.2561727509062972,-0.4759567312155464,0.29008871447414464
7,18.795180722891565,1.0428990937250657,0.38747989430554647,1.0250205804236412,0.043827153089551735,-1.0888865581169118,-0.952917730942913,-0.47211142093264774,0.2629281199388413,-0.5069216950991441,0.258682563608963
7,18.87550200803213,1.0015340406119333,0.4061843851864305,1.0618095578441207,0.06738075250670758,-1.066677582382342,-0.9703090980225807,-0.5067088477211948,0.2637689442967811,-0.4899571683525137,0.2329750160326506
7,18.955823293172692,0.9612019709018583,0.4169174770378089,1.0964971631913647,0.0987338515094922,-1.0439890277408095,-0.9872577578531705,-0.5180975860468677,0.22234913423056044,-0.49561252030554187,0.24925729507529748
7,19.03614457831325,0.9238515606256278,0.4204674657961525,1.1271697818727828,0.1371309446881279,-1.020818259837359,-1.0037521606614324,-0.4984517682014737,0.2175877403524698,-0.5317513144595745,0.2285660098246709
7,19.116465863453815,0.8910112706307773,0.41807572377787167,1.152348415602777,0.18135066702622096,-0.9971648374988462,-1.0197811373046972,-0.5241094158506046,0.22767669800920623,-0.5220854328841001,0.19267804849138687
7,19.196787148594378,0.8636995383373173,0.4111852504606704,1.1710713731683955,0.22995065074730575,-0.9730315078909273,-1.0353345101518536,-0.5467712405506825,0.189710089426168,-0.5149681630640993,0.20448851951769845
7,19.277108433734938,0.8424719064797597,0.4012268921917764,1.1828428096385704,0.2814816589803739,-0.9484228631951184,-1.050400785390937,-0.5257251022008581,0.17178722159916596,-0.5511667507223516,0.19590501261960983
7,19.3574297188755,0.8275386310726024,0.3894945919486793,1.1875073094485213,0.3346151075366232,-0.9233472171739181,-1.0649663803452007,-0.5393074315580569,0.18669392544811972,-0.5523912917891468,0.15416275541176808
7,19.437751004016064,0.8188938504234985,0.3771092644839454,1.1851183848227747,0.3881811643619062,-0.8978148119080067,-1.0790165184144147,-0.5706310412217409,0.15694641726312655,-0.5355663821165232,0.1567796723054269
7,19.518072289156628,0.8164140497270341,0.3650472244825805,1.1758378664902438,0.4411472699385049,-0.8718379607038814,-1.0925330767927588,-0.5538415204209094,0.12683800611131385,-0.5665724350924828,0.15950057626035014
7,19.598393574297187,0.819912231626873,0.3541967998502069,1.1598789434413777,0.492564154242593,-0.8454317595954727,-1.105496502422891,-0.5543336589090255,0.14130190964333225,-0.5800257565637474,0.11743363868675027
7,19.67871485943775,0.8291511884927615,0.34542384612524546,1.1374948906349944,0.5415046691638948,-0.8186117917462172,-1.117885096771534,-0.5898402135602842,0.12302190080751695,-0.5581940738212502,0.10793468067486887
7,19.759036144578314,0.8438146872592757,0.3396289133906449,1.1090059699552506,0.5870117018209448,-0.7913958509637901,-1.129674622575626,-0.5819139990726525,0.08402747303519534,-0.5795108071780788,0.11900653432883362
7,19.839357429718877,0.8634463420361332,0.33777847945391,1.0748616937256912,0.6280682207359476,-0.7638020779124656,-1.1408403989430789,-0.5705498107834086,0.09282700306365348,-0.6039561470659457,0.08216669568956077
7,19.919678714859437,0.8873642063374518,0.34089892619357326,1.0357283292243549,0.6636087512159045,-0.7358481367749578,-1.1513553863998498,-0.6047189294109828,0.08699226705978176,-0.5825254693758616,0.059855441930583196
7,20.0,0.9145680438637173,0.35001138440749213,0.992581759695783,0.6925866673177942,-0.7075519709107132,-1.161192511288935,-0.6083349092359628,0.04398198751541753,-0.5912629234128205,0.0746124720482233
