sim_id,time,x1,y1,x2,y2,x3,y3,x4,y4
0,0.0,0.3099324415576602,0.10705866706316552,0.676546394554851,-1.0502494158947162,-0.5405779603655063,-0.36383414006728915,-0.4459008757470048,1.3070248888988398
0,0.08032128514056225,0.30099510567924015,0.12003300595474627,0.6953305267329777,-1.0367843520382074,-0.5307948539445724,-0.38361871288164257,-0.4655307784676454,1.3003700589651037
0,0.1606425702811245,0.2917536243949191,0.1326895222853146,0.713771587660255,-1.022901416781936,-0.5204559363111672,-0.40314841703712245,-0.48506927574400693,1.2933603115337435
0,0.24096385542168675,0.28222274107529527,0.1450137565204426,0.7318624072117232,-1.0086082041226943,-0.5095728424283184,-0.42240222856867704,-0.5045123058587,1.2859966761709285
0,0.321285140562249,0.2724183448652554,0.15699237616576683,0.7495959030694842,-0.9939123273411433,-0.49815850586055116,-0.44136025825914504,-0.5238557420741884,1.2782802094345216
0,0.40160642570281124,0.26235733160107044,0.16861329111591564,0.7669650682415838,-0.9788214339265675,-0.48622701673490015,-0.4600038550708874,-0.5430953831077541,1.2702119978815394
0,0.4819277108433735,0.2520574537476528,0.1798657491029047,0.7839629599970205,-0.963343220983968,-0.4737934695078279,-0.4783156891389337,-0.5622269442368453,1.2617931610199973
0,0.5622489959839357,0.24153716255816243,0.19074041027881644,0.8005826903004353,-0.9474854510178976,-0.4608738037545608,-0.49627981346256816,-0.5812460491040368,1.2530248542016498
0,0.642570281124498,0.23081544576546342,0.20122940049046384,0.8168174178149927,-0.9312559680190116,-0.4474846413321117,-0.5138817039346978,-0.6001482222483444,1.2439082714632457
0,0.7228915662650602,0.21991166389587066,0.21132634340124384,0.8326603415653471,-0.9146627137244243,-0.4336431230255682,-0.5311082779943546,-0.6189288824356495,1.234444648317535
0,0.8032128514056225,0.20884538828679444,0.22102637205837178,0.8481046963221611,-0.8977137439758759,-0.41936674780976857,-0.5479478925895016,-0.637583336799187,1.2246352645070058
0,0.8835341365461847,0.19763624358792034,0.23032612099190988,0.8631437497612982,-0.8804172451003749,-0.404673217561922,-0.5643903226280382,-0.6561067757872964,1.2144814467365035
0,0.963855421686747,0.1863037570824071,0.239223700264533,0.8777708014829939,-0.8627815501602347,-0.38958028959209834,-0.5804267214964319,-0.6744942689733023,1.203984571392134
0,1.0441767068273093,0.1748672170760176,0.24771865322464257,0.8919791838976069,-0.844815155043461,-0.37410563930071977,-0.5960495654459369,-0.6927407616729044,1.1931460672647556
0,1.1244979919678715,0.16334554186927006,0.2558118999129436,0.9057622650622208,-0.8265267342219703,-0.3582667345365391,-0.611252583986325,-0.7108410723949514,1.1819674182953517
0,1.2048192771084336,0.15175716070572734,0.2635056682080624,0.9191134534804264,-0.8079251560938937,-0.3420807230943135,-0.6260306784702184,-0.72878989109184,1.1704501663560498
0,1.285140562248996,0.14011990766555088,0.2708034148740505,0.9320262048445891,-0.7890194978533905,-0.3255643343616049,-0.6403798310969384,-0.7465817781485348,1.1585959140762787
0,1.3654618473895583,0.12845092883690656,0.27770973862476495,0.944494030801197,-0.7698190596627612,-0.30873379551383284,-0.6542970066996919,-0.7642111641242707,1.1464063277376886
0,1.4457831325301205,0.1167666031609919,0.2842302873201733,0.9565105096630762,-0.7503333781086929,-0.2916047626637856,-0.667780049446458,-0.7816723501602826,1.133883140234978
0,1.5261044176706826,0.10508247668124074,0.29037166121844693,0.96806929908897,-0.7305722387539626,-0.2741922667456946,-0.6808275765868761,-0.798959509024516,1.121028154122392
0,1.606425702811245,0.09341320979280038,0.2961413140969649,0.9791641507145719,-0.7105456876242539,-0.25651067375986464,-0.6934388712346129,-0.8160666867475076,1.107843244761902
0,1.6867469879518073,0.08177253711818648,0.301547453899406,0.9897889266029928,-0.6902640416151243,-0.23857365895506477,-0.7056137758284177,-0.8329878047661147,1.0943303635441362
0,1.7670682730923695,0.07017323893091126,0.30659894428968754,0.9999376175577417,-0.6697378975187698,-0.22039419393433576,-0.7173525880006579,-0.8497166625543173,1.0804915412297402
0,1.8473895582329316,0.05862712345104131,0.31130520838276654,1.0096043631453704,-0.6489781396312692,-0.2019845459330729,-0.7286559601323821,-0.8662469406633387,1.066328891380885
0,1.927710843373494,0.047145018963485344,0.31567613565797487,1.0187834733525032,-0.6279959457595168,-0.1833562881922535,-0.7395248037882002,-0.8825722041237348,1.0518446138897426
0,2.0080321285140563,0.03573677464270828,0.31972199284829783,1.027469451782965,-0.6068027914329657,-0.16452032027143745,-0.7499602000441418,-0.8986859061542356,1.0370409986288103
0,2.0883534136546187,0.024411269243541523,0.32345333951095284,1.035657020208522,-0.5854104522608743,-0.14548689732493778,-0.7599633164182378,-0.9145813921271259,1.02192042916816
0,2.1686746987951806,0.013176426417928204,0.3268809486866617,1.0433411443726595,-0.5638310041996109,-0.12626566704996436,-0.7695353310929411,-0.9302519037406236,1.0064853866058912
0,2.248995983935743,0.0020392357647192744,0.3300157329810666,1.0505170608423022,-0.5420768216285737,-0.10686571325531101,-0.778677364839848,-0.9456905833517107,0.9907384534873558
0,2.3293172690763053,-0.008994221342634029,0.33286867627816125,1.0571803047226258,-0.5201605730993313,-0.0872956049489022,-0.7873904209725973,-0.9608904784310895,0.974682317793768
0,2.4096385542168672,-0.019918742082090758,0.33545077108987237,1.0633267380189586,-0.4980952146173186,-0.06756344984154558,-0.7956753334996335,-0.9758445460953221,0.9583197770270803
0,2.4899598393574296,-0.03072996947899085,0.33777296152976133,1.068952578409518,-0.47589398034213665,-0.04767695124957702,-0.80353272356973,-0.9905456576809499,0.941653742382106
0,2.570281124497992,-0.041424357316214765,0.3398460918439342,1.0740544281679718,-0.4535703706440516,-0.02764346751218799,-0.8109629641504262,-1.0049866033395687,0.9246872429505444
0,2.6506024096385543,-0.05199913348538096,0.34168086023343136,1.078629302976721,-0.4311381373929154,-0.007470072881216101,-0.8179661528710097,-1.0191600966101237,0.9074234300304945
0,2.7309236947791167,-0.06245226223950963,0.3432877777852147,1.0826746603202422,-0.40861126647495305,0.012836380870971706,-0.8245420928084317,-1.033058778951704,0.8898655814981709
0,2.8112449799196786,-0.07278240593518817,0.344677132265786,1.0861884271802327,-0.3860039574584539,0.03326920297036039,-0.8306902810253234,-1.0466752242154047,0.8720171062179921
0,2.891566265060241,-0.08298888667213816,0.3458589564507643,1.0891690266987442,-0.3633306004557092,0.053821803007718355,-0.8364099045152293,-1.0600019430343244,0.853881548520175
0,2.9718875502008033,-0.09307164822709535,0.3468430006483348,1.0916154034701562,-0.3406057502459326,0.07448763186537645,-0.8416998431930205,-1.0730313871084374,0.8354625927906192
0,3.0522088353413652,-0.10303121858664308,0.34763870917004386,1.0935270471503187,-0.3178440976525559,0.09526012481938848,-0.8465586796053317,-1.085755953383064,0.8167640680878446
0,3.1325301204819276,-0.11286867333403872,0.3482552004353027,1.0949040140654436,-0.29506043830841794,0.11613264737718912,-0.8509847149142488,-1.0981679881085942,0.797789952787365
0,3.21285140562249,-0.12258560014158545,0.3487012503002737,1.0957469464569116,-0.2722696390371245,0.13709844444130648,-0.8549759906399667,-1.110259790756633,0.7785443793768185
0,3.2931726907630523,-0.13218406448670733,0.34898527839406024,1.096057089068686,-0.2494866019512898,0.15815059322000957,-0.8585303157308576,-1.1220236178019882,0.7590316392880883
0,3.3734939759036147,-0.14166657676702474,0.34911533712940407,1.0958363027733597,-0.22672622650967167,0.17928196035068877,-0.8616452984318879,-1.1334516863570239,0.7392561878121564
0,3.4538152610441766,-0.15103606086481286,0.34909910310637493,1.0950870749516055,-0.20400336986422674,0.20048516356929558,-0.86431838236709,-1.1445361776560883,0.7192226491249425
0,3.534136546184739,-0.1602958242320861,0.3489438706307736,1.0938125263579201,-0.1813328057917655,0.22175253826198477,-0.8665468862745588,-1.1552692403878189,0.6989358214355513
0,3.6144578313253013,-0.1694495296023279,0.34865654710561195,1.0920164142869206,-0.15872918243113177,0.24307610919128297,-0.868328046881406,-1.165642993875876,0.6784006822069263
0,3.694779116465863,-0.17850116825812928,0.3482436500351751,1.0897031318185988,-0.13620697940319176,0.2644475675445915,-0.8696590641910508,-1.1756495311050614,0.6576223935590679
0,3.7751004016064256,-0.18745503491117615,0.3477113054212267,1.0868777030254941,-0.11378046457931536,0.28585825348456895,-0.8705371486501069,-1.1852809215988873,0.6366063078081963
0,3.855421686746988,-0.1963157041821548,0.3470652473329031,1.0835457740427594,-0.09146365095099415,0.3072991442896582,-0.8709595695555457,-1.194529214150263,0.6153579731736376
0,3.9357429718875503,-0.2050880086317041,0.34631081844877926,1.079713599969017,-0.06927025408064945,0.32876084807417055,-0.8709237040575527,-1.2033864394114835,0.5938831396894236
0,4.016064257028113,-0.2137770183133958,0.3454529713765486,1.0753880276008003,-0.047213650570548424,0.35023360306378537,-0.8704270861462473,-1.21184461235119,0.5721877653402478
0,4.096385542168675,-0.22238802184486609,0.34449627057488774,1.0705764740937413,-0.02530683793854551,0.37170728233871364,-0.8694674550569569,-1.2198957345875892,0.5502780224206153
0,4.176706827309237,-0.23092650888931243,0.3434448947044292,1.0652869016625763,-0.0035623964568154975,0.39317140383558247,-0.8680428024394397,-1.2275317966088468,0.5281603041918265
0,4.257028112449799,-0.23939815403009218,0.3423026392463559,1.0595277885174688,0.018007546694466983,0.41461514540815725,-0.8661514177781672,-1.234744779895534,0.5058412318373449
0,4.337349397590361,-0.24780880197597976,0.3410729192446014,1.0533080962770158,0.03939135053219062,0.4360273646603241,-0.863791931527447,-1.2415266589613603,0.4833276617506558
0,4.417670682730924,-0.25616445401540044,0.3397587720131586,1.0466372341578876,0.06057789023570964,0.457396623190576,-0.8609633554613276,-1.2478694033330633,0.4606266932124603
0,4.497991967871486,-0.26447125565094104,0.33836285966698454,1.039525020268992,0.08155658362308285,0.47871121487439383,-0.8576651197858187,-1.253764979492445,0.4377456764957522
0,4.578313253012048,-0.2727354853771903,0.3368874713739975,1.0319816404250677,0.10231741392271532,0.4999591977617763,-0.8538971066952854,-1.2592053528096536,0.41469222139857354
0,4.658634538152611,-0.2809635444717446,0.3353345251577936,1.0240176048692275,0.12285094846777511,0.5211284291002239,-0.8496596799395261,-1.2641824894977072,0.39147420631395835
0,4.738955823293173,-0.28916194775049286,0.3337055691416257,1.0156437033703134,0.1431483532147144,0.5422066030085374,-0.8449537102040426,-1.2686883586283582,0.3680997878477035
0,4.8192771084337345,-0.29733731519258444,0.3320017821364412,1.0068709591727574,0.16320140290433366,0.5631812902678311,-0.8397805960718335,-1.2727149342480042,0.34457741103105954
0,4.899598393574297,-0.3054963643374904,0.33022397342928395,0.9977105822717766,0.1830024868097807,0.5840399797135551,-0.8341422804362919,-1.2762541976478412,0.32091582019722786
0,4.979919678714859,-0.31364590335127546,0.32837258161648475,0.9881739224812294,0.20254461003029678,0.6047701207142552,-0.8280412622463058,-1.279298139844209,0.29712407059952495
0,5.0602409638554215,-0.3217928246654465,0.3264476724654086,0.9782724228235931,0.2218213904089534,0.6253591661716168,-0.8214806036487707,-1.2818387643297633,0.27321154077440946
0,5.140562248995984,-0.3299440990617133,0.32444893563597815,0.968017573681857,0.24082705114959554,0.6457946155515769,-0.8144639325321615,-1.2838680901717205,0.24918794574658865
0,5.220883534136546,-0.33810677007784756,0.32237568012004814,0.9574208681393439,0.25955640929121004,0.6660640574820597,-0.8069954405638632,-1.2853781555435557,0.22506335115260592
0,5.301204819277109,-0.34628794860028467,0.3202268283548177,0.94649375896841,0.27800486025561433,0.686155211409704,-0.7990798769276892,-1.286361021777829,0.20084818831725837
0,5.381526104417671,-0.35449480748503176,0.31800090890204047,0.9352476176462554,0.2961683587078019,0.7060559678888775,-0.790722537964537,-1.2868087780501007,0.17655327035469578
0,5.461847389558233,-0.3627345760487572,0.3156960475397973,0.9236936957013313,0.3140433960403708,0.7257544271675409,-0.781929252956338,-1.2867135468201147,0.15218980937617083
0,5.542168674698795,-0.3710145342590156,0.31330995665942535,0.9118430887079308,0.33162697479600417,0.7452389357091117,-0.7727063663284325,-1.2860674901580267,0.12776943487300402
0,5.622489959839357,-0.37934200638915466,0.3108399230408352,0.8997067032551378,0.34891658037468537,0.7644981202411938,-0.7630607167004767,-1.284862817107177,0.10330421328495717
0,5.7028112449799195,-0.38772435395773225,0.3082827936904706,0.8872952269727701,0.3659101504045623,0.7835209192488158,-0.7529996129813403,-1.2830917922638538,0.07880666888630847
0,5.783132530120482,-0.39616896769487886,0.3056349597982067,0.8746191018337512,0.3826060421645831,0.8022966116179141,-0.7425308079641733,-1.2807467457567865,0.0542898060013846
0,5.863453815261044,-0.40468325826211293,0.3028923387310913,0.861688500846993,0.39900299843909365,0.8208148422578411,-0.7316624697766542,-1.277820084842721,0.029767132606470237
0,5.943775100401607,-0.41327464543293313,0.3000503539939622,0.8485133081614094,0.4151001121968273,0.8390656446355913,-0.7204031515457334,-1.2743043073640672,0.0052526853549449415
0,6.024096385542169,-0.421950545443589,0.297103913063669,0.8351031025595325,0.4308967904908806,0.8570394602062168,-0.7087617596198755,-1.2701920173221601,-0.01923894393467315
0,6.1044176706827304,-0.4307183561244483,0.29404738315259704,0.8214671443703918,0.44639271793559415,0.8747271546182351,-0.6967475207580545,-1.2654759428641784,-0.04369258033013581
0,6.184738955823293,-0.4395854394114912,0.29087456488710695,0.807614365681125,0.4615878201114224,0.8921200307588062,-0.6843699486067766,-1.2601489570284399,-0.068092436391752
0,6.265060240963855,-0.4485591008742443,0.2875786638491531,0.793553363692761,0.4764822272530694,0.9092098387612342,-0.6716388097543043,-1.2542041015797507,-0.09242208134791759
0,6.3453815261044175,-0.4576465657405231,0.28415226011694766,0.7792923971145698,0.4910762385157159,0.9259887829791271,-0.6585640897127576,-1.2476346143531738,-0.11666440891990539
0,6.42570281124498,-0.46685495091742335,0.28058727588149046,0.7648393853895988,0.505370287107117,0.942449526075179,-0.6451559590851949,-1.2404339605473547,-0.14080160390341168
0,6.506024096385542,-0.4761912325085248,0.2768749412610501,0.7502019105218838,0.5193649065450977,0.958585190401957,-0.6314247401555807,-1.2325958684153162,-0.16481510765056606
0,6.586345381526105,-0.48566220821323663,0.27300575853018155,0.7353872212977396,0.5330606982708258,0.9743893567923091,-0.6173808741478239,-1.2241143698768122,-0.1886855826531826
0,6.666666666666667,-0.49527445392432856,0.26896946507456554,0.7204022396497977,0.5464583008044837,0.989856060924109,-0.6030348893467871,-1.2149838466495784,-0.21239287653226158
0,6.746987951807229,-0.5050342739695561,0.2647549953543557,0.7052535688763899,0.559558360628374,1.0049797875114401,-0.5883973702297645,-1.205199082418274,-0.23591598575296488
0,6.827309236947791,-0.514947644202092,0.2603504423770857,0.6899475034706404,0.5723615049288239,1.0197554624578162,-0.573478927771596,-1.194755321726365,-0.259233019534313
0,6.907630522088353,-0.5250201472059166,0.2557430192465697,0.6744900402739991,0.5848683163127949,1.0341784431862384,-0.5582901710306195,-1.1836483362543213,-0.28232116452874445
0,6.9879518072289155,-0.5352568989394667,0.2509190214441022,0.6588868906811074,0.5970793095864686,1.0482445073717663,-0.5428416800990937,-1.1718744991134074,-0.30515665093147626
0,7.068273092369478,-0.545662466018418,0.24586379067974434,0.6431434936279863,0.6089949106629584,1.0619498402532204,-0.5271439804980181,-1.1594308678627891,-0.32771472084468384
0,7.14859437751004,-0.5562407727951563,0.24056168142291984,0.6272650290962558,0.6206154376319294,1.0752910207026976,-0.5112075190602435,-1.1463152770037977,-0.349969599994605
0,7.228915662650603,-0.5669949976987295,0.23499603115622464,0.6112564318839797,0.6319410840241336,1.0882650062986756,-0.49504264132548637,-1.1325264404839268,-0.3718944738548712
0,7.309236947791165,-0.5779274580448965,0.22914913587744817,0.5951224053985636,0.6429719042662914,1.1008691175441694,-0.47865957046797497,-1.1180640648978373,-0.3934614696757642
0,7.389558232931726,-0.5890394827780786,0.22300223252384016,0.5788674352403023,0.6537078013133685,1.1131010214194537,-0.46206838775467896,-1.102928973881678,-0.4146416460825293
0,7.469879518072289,-0.6003312728083442,0.21653549008647746,0.5624958023981015,0.6641485164412249,1.1249587144565731,-0.4452790145213481,-1.087123244046331,-0.43540499200635374
0,7.550200803212851,-0.611801748704606,0.20972801156664092,0.5460115958582741,0.6742936211586122,1.136440505490328,-0.42830119565104086,-1.0706503526439966,-0.4557204370742118
0,7.6305220883534135,-0.6234483857895265,0.20255784951853884,0.5294187244476316,0.6841425111736248,1.1475449982148362,-0.41114448452956026,-1.053515336872942,-0.47555587616260286
0,7.710843373493976,-0.635267037043958,0.19500203739328714,0.5127209278282634,0.6936944023901783,1.1582710737420872,-0.393818229449167,-1.0357249645263933,-0.4948782103342979
0,7.791164658634538,-0.6472517446982671,0.18703664000757983,0.4959217865027812,0.7029483288415431,1.168617873262544,-0.376331561432529,-1.0172879150670586,-0.5136534074165935
0,7.871485943775101,-0.6593945417973797,0.17863682609405165,0.47902473078831653,0.7119031425082071,1.178584780954796,-0.35869338345079793,-0.9982149699457333,-0.5318465851514602
0,7.951807228915663,-0.6716852457907849,0.16977696633529085,0.4620330487130756,0.7205575149327136,1.1881714072637686,-0.34091236101032324,-0.97851921018606,-0.5494221202576807
0,8.032128514056225,-0.6841112468163765,0.1604307602796764,0.44494989284282344,0.7289099405489803,1.1973775726631397,-0.3229969140903339,-0.9582162186895874,-0.5663437867383224
0,8.112449799196787,-0.6966572942102665,0.15057139546532694,0.4277782860800795,0.7369587416370253,1.206203292011535,-0.30495521041932494,-0.9373242838813485,-0.582574926683027
0,8.19277108433735,-0.7093052856666295,0.14017174193850712,0.41052112651651523,0.7447020748027395,1.2146487596012805,-0.286795160087501,-0.9158646004511667,-0.5980786566537453
0,8.273092369477911,-0.7220340645090313,0.12920458495934617,0.3931811914545942,0.7521379388730443,1.222714334992671,-0.2685244114996668,-0.8938614619382346,-0.6128181123327231
0,8.353413654618475,-0.7348192314750058,0.1176428980908607,0.3757611407557004,0.7592641840860944,1.2304005297161562,-0.25015034868421304,-0.8713424389968514,-0.6267567334927415
0,8.433734939759036,-0.7476329784962573,0.10546015800612413,0.3582635197008689,0.766078522443187,1.2377079949170746,-0.23168008998017237,-0.8483385361216865,-0.6398585904691384
0,8.514056224899598,-0.7604439526595961,0.09263070112848622,0.3406907615986114,0.7725785390827498,1.2446375100020715,-0.21312048814059997,-0.8248843189410872,-0.6520887520706355
0,8.594377510040161,-0.7732171596644002,0.07913012084907355,0.32304519037281604,0.7787617045051131,1.2511899723385587,-0.19447813188583524,-0.8010180030469749,-0.6634136934683508
0,8.674698795180722,-0.7859139161898666,0.06493570221595678,0.3053290234110416,0.7846253874755115,1.2573663880383976,-0.17575934895647669,-0.7767814952595731,-0.6738017407349911
0,8.755020080321286,-0.7984918610872759,0.05002688898766636,0.2875443749402539,0.7901668684050903,1.2631678638449104,-0.15697021070667447,-0.752220377697889,-0.6832235466860818
0,8.835341365461847,-0.8109050345152405,0.03438577560725503,0.269693260236863,0.7953833530094524,1.2685956001154102,-0.13811653829440476,-0.7273838258370331,-0.6916525903223023
0,8.91566265060241,-0.8231040340224465,0.017997614365545082,0.25177760090907586,0.8002719860027088,1.2736508848816919,-0.11920391048878844,-0.7023244517683216,-0.699065689879465
0,8.995983935742972,-0.8350362541855931,0.0008513255577314999,0.23379923153930665,0.8048298646060364,1.2783350889353264,-0.10023767313593121,-0.6770980662890402,-0.7054435170278363
0,9.076305220883533,-0.846646215067218,-0.0170600037007272,0.2157599078726435,0.809054051615571,1.282649661874155,-0.0812229502718223,-0.6517633546795809,-0.710771097643021
0,9.156626506024097,-0.8578759808764377,-0.03573864815738916,0.19766131678713184,0.8129415878018829,1.2865961290054384,-0.06216465689123335,-0.6263814649161329,-0.7150382827532599
0,9.236947791164658,-0.8686656682176245,-0.055181818034190415,0.1795050880925753,0.8164895033874827,1.2901760890045657,-0.043067513284243034,-0.6010155088795167,-0.7182401720690489
0,9.317269076305221,-0.8789540375699756,-0.0753812953173971,0.16129280831132617,0.8196948283989979,1.293391212176649,-0.023936060895120903,-0.5757299829180001,-0.7203774721864795
0,9.397590361445783,-0.8886791596179904,-0.09632315028186204,0.14302603631647579,0.8225546016936393,1.2962432391939944,-0.004774679521489648,-0.5505901158924803,-0.7214567718902873
0,9.477911646586346,-0.8977791403505396,-0.11798755346839507,0.12470632098124018,0.8250658784927898,1.2987339801022142,0.014412394224872036,-0.5256611607329154,-0.7214907192492666
0,9.558232931726907,-0.9061928905055385,-0.14034869703120775,0.10633522038699819,0.8272257363211446,1.3008653134917472,0.03362104754054029,-0.5010076433732076,-0.7204980868304769
0,9.638554216867469,-0.9138609151091763,-0.16337483377297735,0.08791432270434453,0.8290312792573938,1.3026391856120836,0.05284727127303905,-0.47669259320725266,-0.7185037167574554
0,9.718875502008032,-0.9207261021515931,-0.18702843969895175,0.0694452682865335,0.8304796405025358,1.3040576093127019,0.0720871393573708,-0.45277677544764333,-0.7155383401609547
0,9.799196787148594,-0.9267344865829648,-0.21126649972904893,0.050929772604930104,0.8315679833724412,1.3051226627044048,0.09133678818216087,-0.4293179487263712,-0.7116382718255531
0,9.879518072289157,-0.9318359601766011,-0.23604090901907293,0.03236965022662988,0.8322935005477446,1.3058364873077564,0.11059239611978637,-0.4063701773577859,-0.7068449876484579
0,9.959839357429718,-0.9359849138960726,-0.26129898221486536,0.013766838692098386,0.8326534121366999,1.3062012858003507,0.12985016375171843,-0.38398321059637713,-0.7012045936735527
0,10.040160642570282,-0.9391407863152377,-0.28698405258713383,-0.004876577475208865,0.8326449624479872,1.3062193191912876,0.14910629502575148,-0.36220195540084194,-0.6947672048866046
0,10.120481927710843,-0.9412685048197384,-0.3130361426031984,-0.023558343082981603,0.8322654157819672,1.3058929034464704,0.16835697970552482,-0.3410660555437508,-0.6875862528842934
0,10.200803212851406,-0.9423388102524262,-0.3393926839414101,-0.04227600928474205,0.8315120515846169,1.305224405619517,0.1875983774175107,-0.32060958608234946,-0.6797177450607175
0,10.281124497991968,-0.9423284579865194,-0.36598926434959156,-0.06102691153006254,0.830382159108579,1.3042162395421941,0.20682660360617675,-0.3008608700256127,-0.671219498365164
0,10.36144578313253,-0.9412202979278094,-0.39276037695265426,-0.07980814862124663,0.8288730320545424,1.3028708611625563,0.22603771750649826,-0.2818424146135007,-0.6621503726083859
0,10.441767068273093,-0.9390032362408175,-0.4196401517360788,-0.09861656312071493,0.8269819633175503,1.3011907636562514,0.24522771238132263,-0.2635709642947193,-0.6525695239627936
0,10.522088353413654,-0.9356720898087623,-0.4465630483661588,-0.11744872313808875,0.8247062402068713,1.2991784724184356,0.26439250803431935,-0.24605765947158498,-0.6425356998750317
0,10.602409638554217,-0.9312273455599762,-0.47346449528345197,-0.13630090564840494,0.8220431403680816,1.2968365400857682,0.28352794565343764,-0.22930828887738755,-0.6321065907380671
0,10.682730923694779,-0.9256748398470399,-0.5002814625860199,-0.15516908141393562,0.8189899286379283,1.2941675417276717,0.30262978495832543,-0.21332362046669645,-0.6213382510102338
0,10.763052208835342,-0.9190253750834955,-0.5269529583716551,-0.17404890128707207,0.8155438550307682,1.2911740702731187,0.321693703475449,-0.1980997939025517,-0.6102846001345621
0,10.843373493975903,-0.91129428948817,-0.5534204463516778,-0.19293568415210977,0.8117021540271198,1.2878587323481154,0.34071529788854205,-0.18362875870783635,-0.598997005563984
0,10.923694779116467,-0.9025009973310377,-0.5796281808675172,-0.21182440616256348,0.8074620452630835,1.2842241445362668,0.35969008720577395,-0.1698987410426661,-0.58752395160134
0,11.004016064257028,-0.892668513767923,-0.6055234638581608,-0.230709691492135,0.8028207357880413,1.280272930201577,0.3786135175721006,-0.15689472494151965,-0.5759107895019808
0,11.08433734939759,-0.8818229787590878,-0.6310568250777365,-0.24958580422061827,0.7977754238659971,1.2760077168333357,0.397480968459008,-0.14459893385363004,-0.5641995672472682
0,11.164658634538153,-0.8699931906881794,-0.6561821338705667,-0.2684466414769233,0.792323304426788,1.2714311339849396,0.4162877600064004,-0.13299130181983737,-0.5524289305626213
0,11.244979919678714,-0.8572101593348331,-0.680856648908297,-0.28728572767147353,0.7864615761452398,1.266545811779693,0.43502916126813385,-0.1220499247733869,-0.5406340885050764
0,11.325301204819278,-0.8435066851084548,-0.7050410143240742,-0.3060962097662688,0.7801874501511407,1.2613543799681863,0.4537003991207012,-0.11175148509346326,-0.5288468349477675
0,11.405622489959839,-0.8289169695893073,-0.7286992106485947,-0.32487085353630724,0.7734981603438956,1.2558594675063095,0.4722966676116507,-0.10207164438069538,-0.5170956173069512
0,11.485943775100402,-0.8134762608349154,-0.7517984683226763,-0.34360204070948364,0.7663909752395643,1.2500637025856371,0.49081313754656375,-0.09298540104123842,-0.5054056444634513
0,11.566265060240964,-0.7972205347359068,-0.7743091522970781,-0.3622817670310194,0.758863211329642,1.2439697130872194,0.5092449661239016,-0.08446741132029371,-0.49379902515646495
0,11.646586345381525,-0.7801862130319469,-0.7962046243411484,-0.3809016411632132,0.7509122478497621,1.2375801273760711,0.5275873064640098,-0.07649227318091148,-0.482294929972623
0,11.726907630522089,-0.7624099168579671,-0.8174610899900988,-0.3994528844789662,0.7425355429143721,1.2308975753991827,0.5458353168830588,-0.0690347740622497,-0.4709097698073316
0,11.80722891566265,-0.7439282547782462,-0.8380574350768665,-0.417926331671886,0.7337306508850115,1.2239246899939857,0.5639841698171391,-0.06207010354385403,-0.45965738562528374
0,11.887550200803213,-0.7247776426782915,-0.8579750572738077,-0.43631243227862665,0.7244952409272223,1.2166641083807177,0.5820290602881092,-0.05557403342380035,-0.44854924394152346
0,11.967871485943775,-0.7049941533420111,-0.8771976961603333,-0.4546012530888064,0.7148271166278723,1.2091184737640641,0.5999652138547316,-0.04952306733324746,-0.4375946343222704
0,12.048192771084338,-0.684613392752378,-0.8957112652430975,-0.47278248151153357,0.7047242365914281,1.2012904370115969,0.61778789398987,-0.04389456274768622,-0.4268008653382003
0,12.1285140562249,-0.6636704005546655,-0.9135036882295487,-0.4908454299098728,0.6941847358903318,1.1931826583520393,0.6354924088615245,-0.038666827887502045,-0.4161734565223074
0,12.208835341365461,-0.6421995716773772,-0.9305647416387728,-0.5087790409777152,0.683206948278599,1.1847978090729103,0.6530741174907199,-0.03381919641781881,-0.4057163241305458
0,12.289156626506024,-0.6202345966129191,-0.9468859049867441,-0.5265718941864684,0.6717894290414644,1.176138573176669,0.6705284352897662,-0.02933208237728193,-0.39543195934448633
0,12.369477911646586,-0.5978084176296132,-0.9624602195715338,-0.5442122133739038,0.6599309783801076,1.1672076489873755,0.6878508389780101,-0.025187017983859097,-0.3853215977865837
0,12.449799196787149,-0.574953198815196,-0.9772821562899038,-0.5616878754999962,0.6476306651933482,1.1580077506740427,0.7050368709012409,-0.02136667635885097,-0.37538537980468484
0,12.53012048192771,-0.5517003075781818,-0.9913474928654192,-0.5789864206398323,0.6348878511535885,1.1485416096969887,0.7220821427654626,-0.017854881478974995,-0.3656225010536312
0,12.610441767068274,-0.5280803058546809,-1.0046532004273478,-0.5960950632415037,0.621702214937711,1.138811976157475,0.7389823388205503,-0.014636607061290892,-0.356031353330913
0,12.690763052208835,-0.5041229492524553,-1.0171973393129197,-0.61300070469091,0.6080737764922522,1.1288216200533883,0.7557332185218648,-0.011697966110023668,-0.346609655701197
0,12.771084337349398,-0.4798571924767142,-1.0289789637945423,-0.6296899472289029,0.5940029212150792,1.1185733324544582,0.7723306186952908,-0.00902619274884168,-0.3373545761158273
0,12.85140562248996,-0.4553112000941259,-1.0399980352685465,-0.646149109216991,0.5794904238904441,1.1080699265703071,0.7887704552616183,-0.006609617259191012,-0.32826284388351573
0,12.931726907630521,-0.4305123610869385,-1.0502553435320594,-0.6623642417949169,0.5645374722854292,1.0973142387518207,0.8050487245330288,-0.004437635869966049,-0.3193308532863981
0,13.012048192771084,-0.40548730648058473,-1.0597524355584733,-0.6783211469221946,0.549145690250526,1.086309129413153,0.821161504131841,-0.002500676010374653,-0.3105547588238933
0,13.092369477911646,-0.38026192922402147,-1.06849155129487,-0.6940053968014805,0.5333171601875722,1.075057483879685,0.8371049535710737,-0.0007901578541834806,-0.3019305624637756
0,13.17269076305221,-0.35486140545996403,-1.0764755659084806,-0.7094023546690497,0.5170544447861687,1.0635622131922386,0.8528753145142083,0.000701546936774581,-0.29345419339189616
0,13.25301204819277,-0.32931021669099025,-1.0837079379334726,-0.7244971969346721,0.5003606078780849,1.0518262548667137,0.8684689107578246,0.001981158758948203,-0.2851215807024366
0,13.333333333333334,-0.3036321726199838,-1.090192662859943,-0.739274936625203,0.48323923425010235,1.0398525735941875,0.8838821479890309,0.0030545356509991107,-0.27692871937919017
0,13.413654618473895,-0.2778504338204374,-1.0959342316218639,-0.7537204480840842,0.4656944483678294,1.0276441619371304,0.8991115133090212,0.003926719967390976,-0.26887173005498677
0,13.493975903614459,-0.2519875342845618,-1.1009375935287917,-0.7678184928740083,0.4477309318281142,1.015204040994744,0.9141535745835316,0.0046019861638258615,-0.2609469128828543
0,13.57429718875502,-0.22606540349657,-1.1052081232181856,-0.7815537468106744,0.4293539394441839,1.0025352610552427,0.9290049796398673,0.0050838892520014105,-0.25315079586586564
0,13.654618473895582,-0.20010538778184095,-1.1087515911841794,-0.7949108280274912,0.41056931388995643,0.9896409022518784,0.943662455322399,0.0053753135574535595,-0.24548017802817612
0,13.734939759036145,-0.17412827089403918,-1.111574137525241,-0.8078743260078874,0.3913834987565372,0.9765240752149582,0.9581228064496767,0.005478521686968121,-0.23793216768097306
0,13.815261044176706,-0.14815429371278238,-1.1136822485817348,-0.8204288314671226,0.3718035499496152,0.9631879217281129,0.9723829146899282,0.005395203451791828,-0.23050421605780883
0,13.89558232931727,-0.12220317291891841,-1.1150827361043405,-0.8325589669588399,0.35183714537654126,0.9496356154018674,0.9864397373630147,0.00512652447589058,-0.22319414663521564
0,13.975903614457831,-0.09629411868718536,-1.115782718697703,-0.8442494181118608,0.331492592808194,0.9358703623563533,1.0002903062052295,0.00467317444269243,-0.2160001803157206
0,14.056224899598394,-0.07044585133871203,-1.1157896052698455,-0.8554849653516367,0.3107788358860921,0.921895401920236,1.013931726105268,0.00403541477011246,-0.20892095672151464
0,14.136546184738956,-0.04467661692812591,-1.115111080231291,-0.8662505159530437,0.2897054582569842,0.9077140073503838,1.0273611738177382,0.003213125530785696,-0.20195555184343159
0,14.216867469879517,-0.019004201846578694,-1.113755090266847,-0.8765311363417349,0.26828268572354835,0.8933294865619503,1.040575896694486,0.0022058516263628995,-0.19510349215118736
0,14.29718875502008,0.00655405361071261,-1.1117298324649998,-0.8863120844357664,0.24652138648234603,0.8787451828782475,1.0535732114199707,0.00101284794680591,-0.1883647654373168
0,14.377510040160642,0.031981242643830496,-1.1090437436416025,-0.8955788419124403,0.22443306940547625,0.8639644757933643,1.0663505027743747,-0.00036687652475447807,-0.1817398285382482
0,14.457831325301205,0.057260880280783924,-1.105705490714257,-0.9043171462613888,0.20202988036394426,0.8489907817453378,1.0789052224387243,-0.0019345157647327948,-0.17522961208841142
0,14.538152610441767,0.0823768926132858,-1.1017239619877832,-0.9125130224487964,0.1793245966632649,0.8338275548974013,1.091234887840968,-0.0036914250618906037,-0.16883552251644954
0,14.61847389558233,0.10731360689076083,-1.0971082592265695,-0.9201528140529817,0.15633061962444736,0.8184782879232126,1.1033370810522447,-0.005639080760991761,-0.16255944145012255
0,14.698795180722891,0.1320557424106274,-1.0918676904282298,-0.9272232137785927,0.13306196530567324,0.8029465127896971,1.1152094477571834,-0.0077790414217318166,-0.15640372263462662
0,14.779116465863453,0.15658840218776537,-1.0860117631877324,-0.9337112931363191,0.10953325354315553,0.7872358015345052,1.1268496962783232,-0.010112910585951785,-0.1503711866337461
0,14.859437751004016,0.18089706533843958,-1.0795501785807338,-0.9396045312177039,0.08575969531917627,0.7713497670308996,1.1382555966780052,-0.01264230115163547,-0.14446511341644735
0,14.939759036144578,0.2049675801434559,-1.0724928254947281,-0.9448908424382408,0.061757078570000734,0.7552920637355353,1.1494249799389358,-0.015368801440750562,-0.13868923301420824
0,15.02008032128514,0.2287861577476546,-1.0648497753435895,-0.9495586031045208,0.037541752598203096,0.7390663884101056,1.1603557372167361,-0.01829394305323965,-0.13304771447134986
0,15.100401606425702,0.2523393664544746,-1.0566312771085205,-0.9535966767494211,0.013130611153934699,0.7226764808128127,1.1710458191773023,-0.021419170517866397,-0.12754515322271648
0,15.180722891566266,0.2756141265810777,-1.0478477526626986,-0.9569944381573442,-0.01145892568198479,0.7061261243537232,1.1814932354219057,-0.024745812777456924,-0.12218655707722226
0,15.261044176706827,0.29859770583501577,-1.0385097923324023,-0.9597417959591643,-0.0362089305965861,0.6894191467029865,1.1916960539868682,-0.0282750565788381,-0.11697733105788011
0,15.34136546184739,0.3212777151819757,-1.028628150656386,-0.96182921379425,-0.06110098905030105,0.6725594203492465,1.2016524009307383,-0.032007921736972256,-0.11192326122405154
0,15.421686746987952,0.3436421051791665,-1.018213742309258,-0.9632477300084814,-0.08611622003248667,0.6555508631034799,1.2113604600073924,-0.035945238274164855,-0.1070304976656477
0,15.502008032128513,0.36567916273543,-1.0072776381621436,-0.9639889758216905,-0.11123529733451867,0.6383974385345226,1.2208184724130475,-0.040087625448262144,-0.10230553691638525
0,15.582329317269076,0.3873775082693625,-0.9958310614494021,-0.9640451919516262,-0.1364384711747123,0.621103156329162,1.2300247366036354,-0.04443547264689852,-0.09775520397952096
0,15.662650602409638,0.4087260932691344,-0.9838853840044475,-0.9634092438645411,-0.16170559021341643,0.6036720725895297,1.2389776082070123,-0.048988921994123025,-0.09338663398914836
0,15.742971887550201,0.42971419820130075,-0.9714521225595713,-0.9620746354899639,-0.1870161235147268,0.5861082900378498,1.2476754999872202,-0.05374785274918659,-0.08920725391292252
0,15.823293172690763,0.4503314307498697,-0.9585429350768253,-0.96003552154454,-0.21234918243089634,0.5684159581308037,1.2561168818753536,-0.058711867336133164,-0.08522476436763238
0,15.903614457831326,0.4705677243871436,-0.945169617081104,-0.9572867185634601,-0.23768354229577254,0.5505992730865434,1.264300281063247,-0.0638802789102266,-0.08144712168637085
0,15.983935742971887,0.4904133372577666,-0.9313440979747734,-0.9538237147418729,-0.2629976637812824,0.5326624778194481,1.2722242821527925,-0.06925210033534152,-0.07788252039673699
0,16.06425702811245,0.509858851334974,-0.9170784373233838,-0.9496426786284895,-0.2882697136886906,0.5146098617660666,1.2798875273449992,-0.07482603447255097,-0.07453937633292511
0,16.14457831325301,0.5288951718104656,-0.9023848211005806,-0.9447404667216266,-0.3134775849574969,0.4964457605870441,1.2872887166537,-0.08060046567588317,-0.07142631059562259
0,16.224899598393574,0.5475135267834508,-0.8872755578229329,-0.9391146303775401,-0.3385989161603347,0.4781745557868173,1.2944266081661429,-0.08657345219272795,-0.0685521341828755
0,16.305220883534137,0.5657054671888936,-0.8717630745877131,-0.9327634220528878,-0.3636111101567021,0.4598006742214598,1.301300018321832,-0.09274271935746556,-0.06592583357741717
0,16.3855421686747,0.5834628668961899,-0.8558599130115504,-0.9256858008875692,-0.38849135162951204,0.44132858746685527,1.3079078221836822,-0.09910565347547588,-0.06355655754262017
0,16.46586345381526,0.6007779230360076,-0.8395787250070316,-0.9178814380614829,-0.4132166237819259,0.4227628110853389,1.3142489537172666,-0.10565929605986384,-0.06145360492830959
0,16.546184738955823,0.6176431565136372,-0.8229322683924457,-0.9093507220420105,-0.43776372402264163,0.4041079037735513,1.3203224060544214,-0.11240033824517837,-0.059626413639334214
0,16.626506024096386,0.6340514126710619,-0.8059334023194209,-0.9000947638897188,-0.462109278582063,0.3853684663838842,1.3261272317289075,-0.11932511516522745,-0.05808455082742379
0,16.70682730923695,0.6499958620735024,-0.7885950824977422,-0.8901154028258685,-0.48622975604693947,0.3665491408166992,1.3316625428713407,-0.12642960006433304,-0.056837704326659175
0,16.78714859437751,0.6654700014614566,-0.7709303561680595,-0.8794152124680844,-0.5101014800622712,0.3476546088077846,1.3369275113561931,-0.13370939780115682,-0.055895675125862625
0,16.867469879518072,0.6804676547592381,-0.7529523568423834,-0.8679975077345178,-0.5337006409611347,0.3286895905737893,1.3419213688780254,-0.1411597375985095,-0.055268371074507404
0,16.947791164658636,0.6949829741615478,-0.7346742987685979,-0.8558663527830215,-0.5570033065852131,0.30965884333656934,1.3466434069493793,-0.14877546471509548,-0.0549658015955686
0,17.028112449799195,0.7090104412787458,-0.7161094710977866,-0.8430265702421244,-0.5799854324209929,0.29056715972408037,1.351092976802376,-0.15655103076070187,-0.0549980732835968
0,17.10843373493976,0.7225448682968547,-0.6972712317438096,-0.8294837519418191,-0.6026228711667556,0.2714193660427062,1.3552694891803516,-0.16448048239774207,-0.05537538626978666
0,17.188755020080322,0.7355813990938463,-0.6781730009310812,-0.8152442713168677,-0.6248913818163996,0.2522203204120867,1.3591724140062797,-0.17255744818906565,-0.056108031258799075
0,17.269076305220885,0.748115510347014,-0.6588282543849798,-0.8003152978647238,-0.6467666387021368,0.23297491077997814,1.3628012799088896,-0.18077512326226858,-0.05720638682177285
0,17.349397590361445,0.7601430125599381,-0.6392505161705879,-0.7847048138148962,-0.6682242406402198,0.21368805280331132,1.3661556735937421,-0.18912625154835333,-0.058680916782934085
0,17.429718875502008,0.771660050958316,-0.6194533511758028,-0.7684216331778755,-0.689239720422643,0.1943646875898225,1.3692352390458467,-0.1976031053702632,-0.060542167447400305
0,17.51004016064257,0.7826631062594765,-0.5994503572110707,-0.7514754234667103,-0.7097885551487331,0.17500977930813366,1.3720396765455984,-0.2061974621009002,-0.06280076418579451
0,17.59036144578313,0.7931489952526247,-0.5792551567337639,-0.7338767302189981,-0.7298461777028675,0.15562831265630248,1.3745687414875396,-0.21490057768992937,-0.06546740705090807
0,17.670682730923694,0.8031148711572257,-0.558881388192002,-0.7156370044783625,-0.7493879898358411,0.13622529018681787,1.3768222429881483,-0.22370315686568126,-0.068552864960305
0,17.751004016064257,0.8125582237426897,-0.5383426969771034,-0.6967686333924463,-0.7683893774360007,0.11680572948797666,1.378800042266953,-0.2325953198382203,-0.07206796785384861
0,17.83132530120482,0.8214768791424814,-0.5176527260061906,-0.6772849739615003,-0.7868257284225625,0.09737466021081637,1.3805020507964207,-0.24156656539179747,-0.076023596367667
0,17.91164658634538,0.8298689993541615,-0.4968251059242714,-0.6572003900010785,-0.8046724539895982,0.07793712094270006,1.3819282282048697,-0.25060573029578315,-0.08043066829099958
0,17.991967871485944,0.8377330813784426,-0.4758734449460528,-0.6365302922754799,-0.8219050138212913,0.058498155919503574,1.383078579928898,-0.25970094502246654,-0.08530012116155371
0,18.072289156626507,0.8450679559534381,-0.4548113183614529,-0.6152911816916521,-0.838498945943425,0.03906281156915786,1.3839531546131516,-0.26883958583094414,-0.09064289030827355
0,18.152610441767067,0.8518727858889715,-0.4336522576946673,-0.5935006953614966,-0.8544299021728823,0.019636132888521993,1.3845520412445167,-0.2780082234159975,-0.09646988137696717
0,18.23293172690763,0.8581470639321036,-0.41240973957604105,-0.5711776552474522,-0.8696736897882147,0.0002231596395916996,1.3848753660349142,-0.2871925683242438,-0.10279193667065872
0,18.313253012048193,0.8638906101690261,-0.39109717432719804,-0.5483421189523464,-0.8842063204496502,-0.019171077632569172,1.3849232890466325,-0.29637741358411096,-0.10961979426978401
0,18.393574297188756,0.8691035689313067,-0.36972789430601627,-0.5250154321164406,-0.8980040672104316,-0.03854156176685885,1.3846960005740407,-0.3055465750480075,-0.11696403905759253
0,18.473895582329316,0.8737864051878677,-0.3483151420540363,-0.5012202817121466,-0.91104353051503,-0.05788329334125434,1.3841937172954006,-0.31468283013446674,-0.12483504472633407
0,18.55421686746988,0.8779399004304796,-0.32687205826395593,-0.47698074929441847,-0.9233017142353999,-0.07719129521072474,1.3834166782052253,-0.3237678559253362,-0.1332429057058691
0,18.634538152610443,0.8815651480287557,-0.3054116696477887,-0.4523223631966018,-0.934756112495929,-0.09646061723252819,1.3823651403605275,-0.33278216759962576,-0.14219735821680923
0,18.714859437751002,0.8846635480757887,-0.2839468767244495,-0.42727214827177756,-0.9453848082784179,-0.11568634116613184,1.381039374459852,-0.3417050586378795,-0.15170768945698418
0,18.795180722891565,0.8872368017237501,-0.26249044161894264,-0.4018586717601329,-0.955166584438209,-0.1348635857448402,1.37943966029954,-0.3505145442187772,-0.16178263424238784
0,18.87550200803213,0.8892869050390161,-0.24105497590005476,-0.37611208335983276,-0.9640810478611586,-0.15398751189776566,1.3775662821384118,-0.3591873097814177,-0.17243025837719783
0,18.955823293172692,0.8908161424005371,-0.21965292854665328,-0.35006414758166515,-0.9721087671345431,-0.1730533281058017,1.3754195240245823,-0.3676986667130703,-0.18365782834338548
0,19.03614457831325,0.8918270794807623,-0.19829657410131024,-0.3237482660434488,-0.9792314239377911,-0.19205629586299333,1.3729996651337186,-0.37602251757432037,-0.19547166709461683
0,19.116465863453815,0.8923225558580139,-0.1769980010835723,-0.29719948719736555,-0.9854319780401969,-0.21099173520756542,1.3703069751772445,-0.3841313334530831,-0.20787699605347498
0,19.196787148594378,0.892305677315492,-0.15576910076917794,-0.2704545008950975,-0.9906948453204549,-0.22985503028612386,1.367341709949229,-0.39199614613427086,-0.2208777638595958
0,19.277108433734938,0.8917798078955717,-0.13462155635549378,-0.24355161462176794,-0.9950060879488587,-0.248641634888088,1.364104107067147,-0.3995865583857159,-0.23447646276279394
0,19.3574297188755,0.8907485617844277,-0.11356683266914758,-0.2165307087960535,-0.9983536150995205,-0.2673470779027861,1.3605943819919266,-0.4068707750855882,-0.24867393422325795
0,19.437751004016064,0.8892157951071675,-0.0926161664200536,-0.18943316772595337,-1.0007273921787034,-0.2859669686168909,1.3568127243829757,-0.41381565876432336,-0.263469165784218
0,19.518072289156628,0.8871855977343228,-0.0717805571827025,-0.16230178386918626,-1.0021196557170955,-0.3044970017861727,1.3527592948788922,-0.42038681207896395,-0.27885908197909365
0,19.598393574297187,0.8846622851830633,-0.05107075908419593,-0.1351806321275471,-1.0025251304693574,-0.3229329623816815,1.3484342223529655,-0.42654869067383505,-0.29483833279941146
0,19.67871485943775,0.8816503907233197,-0.030497273351595744,-0.10811491234524022,-1.0019412445358566,-0.3412707299217949,1.343837601722955,-0.43226474845628504,-0.311399083835502
0,19.759036144578314,0.8781546577861248,-0.010070341761786353,-0.08115075805044261,-1.000368337555625,-0.35950628228776693,1.3389694923669753,-0.4374976174479156,-0.3285308130495636
0,19.839357429718877,0.8741800327704627,0.010200058955951528,-0.05433501038207954,-0.9978098564277453,-0.37763569891362103,1.3338299171906167,-0.4422093234747624,-0.3462201197188225
0,19.919678714859437,0.8697316583664685,0.03030422159592988,-0.027714957684239584,-0.9942725325168821,-0.39565516325188244,1.3284188624061304,-0.4463615374303465,-0.3644505514851775
0,20.0,0.8648148674436382,0.05023271198561126,-0.0013380406406346135,-0.9897665336342972,-0.4135609643963394,1.322736278005553,-0.4499158624066642,-0.38320245635686634
1,0.0,0.8089998127438317,-0.21679386483832028,0.4279582007110424,0.10555423647050677,-0.0677536671282992,0.9847089687913142,-1.1692043463265749,-0.8734693404235009
1,0.08032128514056225,0.8294544819146571,-0.1854554894302404,0.41973389870519057,0.0972878614010388,-0.09069021538806482,0.9762159320230912,-1.1584981652317827,-0.8880483039938899
1,0.1606425702811245,0.8475958241447188,-0.1524351384200721,0.4133127869120743,0.08762713790404479,-0.11334713072018349,0.9672820432884315,-1.1475614803366094,-0.9024740427724047
1,0.24096385542168675,0.8632535885723599,-0.11791315409079223,0.4088421839093246,0.07674570991980076,-0.13569619720046516,0.9579158571133285,-1.136399575281219,-0.9167484129423376
1,0.321285140562249,0.8762654184739783,-0.08208861480737961,0.40646373002465275,0.06483644963771165,-0.15771078800222826,0.9481248915156515,-1.1250183604964026,-0.9308727263459842
1,0.40160642570281124,0.8864793676304441,-0.04518136743347934,0.4063110157352326,0.05211348487131523,-0.17936605249531953,0.9379155242486616,-1.113424330870357,-0.9448476416864979
1,0.4819277108433735,0.893757299963916,-0.007433737249699979,0.40850626324295947,0.03881387135950398,-0.20063906571024706,0.9272929179489292,-1.1016244974966283,-0.9586730520587335
1,0.5622489959839357,0.8979791661871014,0.03088830778134862,0.41315606332290306,0.02519868829994187,-0.22150894243850575,0.9162609789055525,-1.0896262870714986,-0.9723479749868434
1,0.642570281124498,0.8990481105046703,0.06949478187036498,0.42034621275817213,0.011553318924759779,-0.24195691933242422,0.9048223530479577,-1.077437403930418,-0.9858704538430827
1,0.7228915662650602,0.8968963090621233,0.10807236181055202,0.43013575260366776,-0.0018133414108542456,-0.26196640924843284,0.8929784615152326,-1.065065652417358,-0.9992374819149308
1,0.8032128514056225,0.8914913714401942,0.1462864070139012,0.44255038245282813,-0.014571022357150347,-0.2815230325967113,0.8807295773487572,-1.0525187212963107,-1.0124449620055085
1,0.8835341365461847,0.8828430405713563,0.18378461056903014,0.4575755270039049,-0.026371840326788624,-0.3006146304402457,0.8680749444166725,-1.0398039371350154,-1.0254877146589143
1,0.963855421686747,0.8710098015059244,0.22020255264698457,0.47514946132738234,-0.03685594601041252,-0.3192312633032591,0.8550129396779707,-1.026927999530047,-1.038359546314543
1,1.0441767068273093,0.8561048571425725,0.25517135769494004,0.49515705769601326,-0.045659253369194755,-0.3373651979976149,0.8415412801839981,-1.0138967168409703,-1.0510533845097436
1,1.1244979919678715,0.8383007694243194,0.28832751046117594,0.5174248784242701,-0.05242330616669948,-0.3550108822531376,0.8276572763620321,-1.0007147655954514,-1.0635614806565088
1,1.2048192771084336,0.8178319357628474,0.31932464313702424,0.5417184666782706,-0.056807103252850474,-0.3721649038349419,0.8133581325994853,-0.9873854986061756,-1.0758756724836593
1,1.285140562248996,0.7949940337003156,0.3478467652274762,0.567742718909722,-0.05850037042988412,-0.3888259275913113,0.7986412944167306,-0.973910825018726,-1.0879876892143232
1,1.3654618473895583,0.7701396893549176,0.37362201121941857,0.5951460915233882,-0.057237374597740254,-0.40499460137441895,0.7835048380458196,-0.9602911795038863,-1.0998894746674983
1,1.4457831325301205,0.7436699574344215,0.3964356118028953,0.6235290514967824,-0.05281000616850887,-0.4206734208246417,0.7679478930357208,-0.9465255881065618,-1.1115734986701076
1,1.5261044176706826,0.7160217386122776,0.41614057575003044,0.6524566322962595,-0.04507863082789606,-0.43586654450678425,0.7519710819907264,-0.9326118264017522,-1.1230330269128612
1,1.606425702811245,0.6876519219507904,0.4326646195744936,0.6814742871620724,-0.03397925026595311,-0.45057955520074305,0.7355769549064252,-0.9185466539121192,-1.134262324214966
1,1.6867469879518073,0.6590196704031162,0.44601226071049627,0.7101255992932742,-0.019525875760601087,-0.46481916998661527,0.7187703903391283,-0.9043260997097746,-1.145256775289024
1,1.7670682730923695,0.6305686810752148,0.45626165760750487,0.737969998608018,-0.0018076725491031898,-0.47859291006391746,0.7015589335291248,-0.8899457696193149,-1.156012918587527
1,1.8473895582329316,0.6027113115148987,0.46355658606585176,0.7645985837042358,0.019018770216978786,-0.4919087490707651,0.6839530438687351,-0.8754011461483688,-1.1665284001515661
1,1.927710843373494,0.5758161330301594,0.4680946670966417,0.7896464889195748,0.042740965745145666,-0.5047747644855712,0.6659662303286259,-0.8606878574641625,-1.1768018631704136
1,2.0080321285140563,0.5501998556233391,0.47011344585984954,0.8128008622245255,0.06910428405500757,-0.5171988181000357,0.6476150640809885,-0.8458018997478286,-1.186832793995846
1,2.0883534136546187,0.5261238330466138,0.4698760235061163,0.8338042621766748,0.09782625409091092,-0.5291882893097688,0.6289190684680427,-0.8307398059135196,-1.1966213460650703
1,2.1686746987951806,0.5037947052856907,0.4676577420677869,0.8524539341488385,0.12860992076353417,-0.5407498780942751,0.609900497883758,-0.8154987613402539,-1.2061681607150792
1,2.248995983935743,0.4833682875075557,0.46373498289755266,0.8685978711263169,0.16115519104370915,-0.5518894859400989,0.5905840253281035,-0.8000766726937735,-1.2154741992693656
1,2.3293172690763053,0.4649556242971014,0.45837664093212727,0.8821287480292059,0.19516759130241967,-0.5626121733272443,0.5709963633278075,-0.7844721989990628,-1.2245405955623545
1,2.4096385542168672,0.4486301534763433,0.451838380595092,0.8929767858867376,0.23036430855724838,-0.5729221843781724,0.551165844100741,-0.7686847549849082,-1.2333685332530817
1,2.4899598393574296,0.43443509665793967,0.4443594514477085,0.9011024227498605,0.26647771410255405,-0.5828230232949562,0.531121982907274,-0.7527144961128438,-1.2419591484575367
1,2.570281124497992,0.4223904276395396,0.43616164814091396,0.9064894298606576,0.3032567628371629,-0.5923175643596275,0.510895044641749,-0.7365622931405695,-1.250313455619826
1,2.6506024096385543,0.41249900382689536,0.42744993186930497,0.9091388752416627,0.34046673239546077,-0.6014081768751248,0.4905156287386052,-0.7202297021934331,-1.2584322930033713
1,2.7309236947791167,0.40475164101709155,0.41841424285781537,0.9090641417933183,0.37788775807066244,-0.6100968484153393,0.4700142826070358,-0.7037189343950705,-1.266316283535514
1,2.8112449799196786,0.3991310531240455,0.409232099205223,0.9062870671780849,0.41531255814112383,-0.6183852928757693,0.44942114929447063,-0.6870328274263613,-1.273965806640818
1,2.891566265060241,0.3956146678272192,0.4000716553090947,0.9008351859949516,0.45254367004052887,-0.6262750338953721,0.4287656516514365,-0.6701748199267987,-1.2813809770010602
1,2.9718875502008033,0.39417637444954196,0.3910949730796418,0.8927400122175226,0.4893904409673774,-0.6337674581725941,0.4080762125839586,-0.6531489284944707,-1.288561626630978
1,3.0522088353413652,0.39478727474571546,0.38246132178630654,0.8820362883444798,0.525665956143857,-0.6408638370094742,0.3873800092936371,-0.6359597260807212,-1.295507287223801
1,3.1325301204819276,0.3974155013168343,0.3743303674094048,0.8687621360870103,0.5611840445552649,-0.6475653176073713,0.36670275834163396,-0.6186123197964732,-1.3022171703063041
1,3.21285140562249,0.40202515191675803,0.36686513574156865,0.8529600618161367,0.5957564797438233,-0.6538728882429934,0.3460685278888935,-0.6011123254899016,-1.3086901433742857
1,3.2931726907630523,0.40857436919850454,0.360234636948355,0.8346787901403101,0.6291904905685264,-0.6597873234300052,0.32549957335414714,-0.5834658359088096,-1.314924700871029
1,3.3734939759036147,0.417012581051242,0.35461602382037055,0.8139759143867842,0.6612867129402217,-0.6653091166013332,0.30501619291356963,-0.5656793788366935,-1.3209189296741624
1,3.4538152610441766,0.42727691386985367,0.3501961238249235,0.7909213562891028,0.6918377462234021,-0.6704384088163772,0.284636599667203,-0.5477598613425797,-1.3266704697155287
1,3.534136546184739,0.43928780694694963,0.3471721395490654,0.7656016119668478,0.7206275240495752,-0.6751749226101923,0.26437680791397405,-0.5297144963036057,-1.3321764715126148
1,3.6144578313253013,0.4529438996723717,0.3457512587942585,0.7381247185302535,0.7474317631193474,-0.6795179104191884,0.24425053182219122,-0.5115507077834371,-1.3374335537357975
1,3.694779116465863,0.4681163426245627,0.3461488641043445,0.7086257973080389,0.7720198053871352,-0.6834661270912789,0.2242690959262248,-0.493276012841323,-1.3424377654177047
1,3.7751004016064256,0.4846428074993552,0.3485849983845833,0.6772729073833578,0.7941582021146261,-0.6870178358108328,0.204441358383812,-0.4748978790718808,-1.3471845588830218
1,3.855421686746988,0.5023216405007043,0.3532787511455727,0.6442727754674473,0.8136163796761683,-0.6901708562095601,0.1847736498526854,-0.4564235597585918,-1.3516687806744268
1,3.9357429718875503,0.520906810703714,0.3604403124589009,0.6098757636592456,0.8301746426475285,-0.6929226624129746,0.16526973321626337,-0.4378599119499854,-1.3558846883226932
1,4.016064257028113,0.5401045202338791,0.37026063024432104,0.574379223494675,0.8436345779801403,-0.6952705368911213,0.145930792058948,-0.41921320683743307,-1.3598260002834097
1,4.096385542168675,0.5595725102095767,0.3828989309868997,0.5381282188980488,0.8538315948147422,-0.6972117831077157,0.12675545855692083,-0.40048894599991025,-1.3634859843585634
1,4.176706827309237,0.5789231355453388,0.39846881864788175,0.501512560636074,0.8606488738300703,-0.6987439956041737,0.10773989367705426,-0.38169170057723945,-1.366857586155007
1,4.257028112449799,0.5977310939210616,0.4170242035102457,0.46495927866536113,0.8640314566366101,-0.6998653804124394,0.08887793365756977,-0.36282499217398373,-1.3699335938044261
1,4.337349397590361,0.6155462122894612,0.4385468089875813,0.42892013253702943,0.8639987043829871,-0.7005751115742241,0.07016131554037197,-0.3438912332522667,-1.372706828910941
1,4.417670682730924,0.6319109099825628,0.46293728710074805,0.39385453237381374,0.8606530702325946,-0.7008737020313668,0.05157999048346286,-0.32489174032501006,-1.3751703478168062
1,4.497991967871486,0.6463809996256756,0.4900118554866835,0.3602091862965441,0.8541832518849513,-0.7007633603892366,0.03312252590373757,-0.30582682553298335,-1.377317633275373
1,4.578313253012048,0.6585475828786561,0.519505745582201,0.32839668048229587,0.8448604232347463,-0.700248300909803,0.014776587165206745,-0.2866959624511495,-1.3791427559821545
1,4.658634538152611,0.6680572725255942,0.5510836800825375,0.2987757138047191,0.8330273313151497,-0.6993349742586324,-0.0034705226799020255,-0.26749801207168117,-1.3806404887177859
1,4.738955823293173,0.6746280295889141,0.5843563277702606,0.2716356495060497,0.8190813322701274,-0.6980321916680385,-0.021631297350011926,-0.24823148742692536,-1.3818063626903765
1,4.8192771084337345,0.678058641425001,0.6189005793711395,0.2471873159089418,0.8034535609032254,-0.6963511257330947,-0.0397174758473369,-0.22889483160084842,-1.3826366644270285
1,4.899598393574297,0.6782310281862095,0.6542808903814513,0.22556084106031402,0.7865870357999287,-0.6943051842149618,-0.05773954609864604,-0.20948668503156198,-1.3831283800827345
1,4.979919678714859,0.6751058588610298,0.6900689970124406,0.20681003139537785,0.7689164434299809,-0.6919097674646062,-0.07570634003792986,-0.19000612279180185,-1.383279100404492
1,5.0602409638554215,0.6687129732834052,0.7258599357844134,0.19092180817356802,0.7508517123114736,-0.6891819316968616,-0.09362474542316117,-0.17045284976011205,-1.3830869026727264
1,5.140562248995984,0.6591386376553756,0.7612832540480219,0.177828699023251,0.7327665179352078,-0.6861399877719842,-0.11149954626504306,-0.15082734890664296,-1.382550225718187
1,5.220883534136546,0.64651168730877,0.7960092298708362,0.16742236410063446,0.7149919104484879,-0.6828030671026393,-0.1293333889637051,-0.13113098430676554,-1.3816677513556193
1,5.301204819277109,0.6309902444102422,0.8297506719733726,0.15956650415112317,0.6978144894388458,-0.6791906840321205,-0.14712685985516963,-0.11136606452924525,-1.3804383015570494
1,5.381526104417671,0.6127501606682692,0.8622612710422243,0.15410803167092227,0.6814781367266727,-0.675322318079584,-0.16487865136430344,-0.09153587425960777,-1.378860756404594
1,5.461847389558233,0.5919757834113885,0.8933316052821589,0.15088593123212204,0.6661881793559828,-0.6712170323658205,-0.18258579043331716,-0.07164468227769032,-1.376933994204825
1,5.542168674698795,0.5688532009873167,0.9227838119577549,0.14973766938140218,0.6521169433731838,-0.6668931372788258,-0.20024390293803726,-0.05169773308989331,-1.374656852392902
1,5.622489959839357,0.5435658247095578,0.9504657428829899,0.15050330576704826,0.6394098540739933,-0.6623679024556329,-0.2178474908493745,-0.031701228020973374,-1.3720281061076092
1,5.7028112449799195,0.5162920057603938,0.9762451953537277,0.15302760982193683,0.6281914686046224,-0.6576573156891076,-0.23539020357586196,-0.01166229989322333,-1.3690464603824886
1,5.783132530120482,0.4872043303357388,1.000004608461697,0.15716053814410785,0.6185710334114695,-0.6527758846922893,-0.252865090286044,0.008411016212442377,-1.3657105515871228
1,5.863453815261044,0.45647024959971805,1.02163645800377,0.16275641172190483,0.6106473210225235,-0.6477364763684301,-0.2702648252059967,0.02850981504680702,-1.3620189538202971
1,5.943775100401607,0.4242537468712374,1.0410394788878334,0.16967208500459327,0.6045126098642892,-0.6425501881446579,-0.28758190247914206,0.04862435626882713,-1.357970186272981
1,6.024096385542169,0.3907178012771325,1.0581157853935665,0.17776434162725904,0.6002557335026368,-0.6372262465096344,-0.3048088008835538,0.06874410360524266,-1.35356271801265
1,6.1044176706827304,0.35602745633822414,1.0727689376774454,0.1868867026903755,0.5979641510275544,-0.6317719289847893,-0.32193812151735585,0.08885776995618935,-1.3487949671876445
1,6.184738955823293,0.320353336064218,1.0849030071761026,0.1968858000278082,0.597724988598361,-0.6261925069684654,-0.33896270349398633,0.10895337087643885,-1.3436652922804777
1,6.265060240963855,0.28387546227270616,1.094422713036241,0.20759745669942414,0.5996249846780185,-0.6204912082187531,-0.355875723884554,0.1290182892466224,-1.3381719738297062
1,6.3453815261044175,0.24678721242828228,1.101234727439626,0.218842632446863,0.6037492472259884,-0.6146691989714813,-0.37267078865828307,0.1490393540963357,-1.332313186007332
1,6.42570281124498,0.20929921489237785,1.1052502672616549,0.23042343562562717,0.6101787127373199,-0.6087255869227101,-0.3893420213309201,0.16900293640470468,-1.3260869586680555
1,6.506024096385542,0.17164290729849627,1.1063890916801973,0.24211947594986935,0.618986195686976,-0.6026574474051559,-0.405884155410579,0.18889506415678992,-1.3194911319565952
1,6.586345381526105,0.13407338981672062,1.1045849928910831,0.25368492849245033,0.6302309499694783,-0.5964598761923341,-0.42229263558266833,0.20870155788316275,-1.312523307277894
1,6.666666666666667,0.09687109724884925,1.099792782875496,0.26484678983748444,0.6439517481658105,-0.5901260733008641,-0.4385637308060202,0.22840818621453,-1.3051808002352874
1,6.746987951807229,0.06034171614044147,1.0919966273103754,0.27530490818158254,0.660158635565499,-0.5836474629139374,-0.4546946600580925,0.24800083859191285,-1.2974606028177829
1,6.827309236947791,0.024813720552550694,1.081219346318674,0.2847344251147297,0.6788237453669402,-0.5770138549091564,-0.4706837283696385,0.2674657092418754,-1.2893593633159766
1,6.907630522088353,-0.009367059976420573,1.0675320018326202,0.29279123000470586,0.6998718579378687,-0.5702136531057209,-0.4865304670434149,0.2867894830774351,-1.280873392727075
1,6.9879518072289155,-0.04184623973601846,1.05106275840047,0.29912084287290397,0.7231717148209248,-0.5632341139560756,-0.5022357678449519,0.30595951081918965,-1.2719987053764439
1,7.068273092369478,-0.07227307269205001,1.03200371599982,0.30337077120305544,0.7485293797631497,-0.5560616565615295,-0.5178019969140996,0.3249639580505235,-1.2627310988488714
1,7.14859437751004,-0.10031552383481675,1.0106142787249788,0.30520583224775305,0.7756850663596107,-0.5486822204090464,-0.5332330709326742,0.34379191199610964,-1.2530662741519165
1,7.228915662650603,-0.12567703867090804,0.9872197604593393,0.30432526856487707,0.804314707980772,-0.5410816612092227,-0.5485344766101581,0.36243343131525324,-1.2429999918299546
1,7.309236947791165,-0.1481132241029466,0.9622044135250597,0.30047986384847336,0.8340370566931106,-0.5332461682689666,-0.5637132157512152,0.3808795285234393,-1.2325282544669565
1,7.389558232931726,-0.16744629404119368,0.9359988757774177,0.2934868926464176,0.8644262887947659,-0.5251626801393172,-0.5787776626913419,0.39912208153409284,-1.221647501880843
1,7.469879518072289,-0.1835751983811723,0.9090630149154584,0.2832407896647848,0.8950291171587971,-0.5168192704485868,-0.5937373286174935,0.4171536791649739,-1.2103548034567633
1,7.550200803212851,-0.19647991926484007,0.8818660431574106,0.2697179799311502,0.9253845273489778,-0.5082054743856879,-0.6086025374591005,0.43496741371937714,-1.1986480330472893
1,7.6305220883534135,-0.20621937083128494,0.854866313744513,0.25297526016384125,0.9550437305001425,-0.49931252942206905,-0.6233840287207386,0.4525566400895122,-1.1865260155239186
1,7.710843373493976,-0.21292342940016593,0.8284932177040856,0.23314221662589063,0.9835879333930422,-0.4901335112114094,-0.6380925117543171,0.46991472398568424,-1.1739886393428123
1,7.791164658634538,-0.21678055774898392,0.8031330836812797,0.21040911300164128,1.0106420532212188,-0.48066335672772004,-0.6527382018036031,0.4870348014750622,-1.1610369350988967
1,7.871485943775101,-0.21802299827021188,0.7791201306240085,0.18501220837651366,1.0358833630832,-0.47089877851390827,-0.6673303692007873,0.503909568407606,-1.147673124506423
1,7.951807228915663,-0.21691157412470974,0.7567325962722741,0.1572185466300582,1.0590449804709037,-0.46083808526024855,-0.6818769298193108,0.5205311127548996,-1.1339006469238684
1,8.032128514056225,-0.21372178034665593,0.7361933996045498,0.12731191548490006,1.0799148697152376,-0.45048093194838784,-0.6963840982491216,0.5368907968101432,-1.1197241710706674
1,8.112449799196787,-0.2087322896942524,0.7176742356953154,0.09558112622793506,1.098331479444875,-0.43982802709755964,-0.7108561166627417,0.5529791905638765,-1.1051495984774502
1,8.19277108433735,-0.20221639541735215,0.7013018490881964,0.062311166961220917,1.114177277990449,-0.4288808248470558,-0.7252950640496534,0.5687860533031865,-1.0901840630289936
1,8.273092369477911,-0.19443641928998268,0.6871653263485487,0.027777288248176844,1.12737134545948,-0.4176412265631716,-0.7397007433845559,0.5843003576049771,-1.0748359284234743
1,8.353413654618475,-0.18564077501501697,0.6753234783539199,-0.0077582619494482585,1.1378619440276365,-0.40611131147548885,-0.754070639383555,0.5995103484399535,-1.0591147829980032
1,8.433734939759036,-0.17606320542925566,0.6658116579624508,-0.04404731454189681,1.145619708211658,-0.39429310968241515,-0.768399936705895,0.614403629653567,-1.0430314294682153
1,8.514056224899598,-0.1659236644354675,0.6586476112378142,-0.08085518120022396,1.1506318422598651,-0.3821884247459126,-0.7826815876553143,0.6289672703816036,-1.0265978658423667
1,8.594377510040161,-0.1554303510969796,0.6538361577476018,-0.11795886590856289,1.1528975143084965,-0.3697987076347274,-0.7969064189875324,0.6431879246402695,-1.0098272530685677
1,8.674698795180722,-0.1447824762809182,0.6513726314418911,-0.15514450255442636,1.1524245023087267,-0.3571249794320487,-0.8110632689072262,0.6570519582673928,-0.9927338648433932
1,8.755020080321286,-0.13417342871347118,0.651245091099627,-0.19220435270786027,1.1492270712471846,-0.34416779695536287,-0.8251391470665761,0.6705455783766939,-0.9753330152802373
1,8.835341365461847,-0.12379407757828917,0.6534353473631783,-0.22893363058935917,1.143325025730525,-0.3309272534343965,-0.8391194122247118,0.6836549616020444,-0.957640960868993
1,8.91566265060241,-0.11383600355985636,0.6579188609664969,-0.2651273696696529,1.1347438769155418,-0.31740300528228194,-0.8529879637105264,0.6963663785117907,-0.9396747741715135
1,8.995983935742972,-0.10449447702520732,0.6646635623949388,-0.3005775199141097,1.1235160697324797,-0.3035943158437825,-0.8667274440376946,0.7086663127830989,-0.9214521880897253
1,9.076305220883533,-0.09597100560381287,0.6736276361755067,-0.33507046181242883,1.1096832258583549,-0.28950010754439287,-0.880319450795598,0.720541574960634,-0.9029914112382649
1,9.156626506024097,-0.08847525487968919,0.6847563160423202,-0.3683851419405478,1.093299357337884,-0.27511901506349534,-0.8937447563860049,0.7319794118837317,-0.8843109169942005
1,9.236947791164658,-0.08222611054570335,0.6979777595874029,-0.40029206959801517,1.074434985846173,-0.26044943388094827,-0.906983534299068,0.7429676140246663,-0.8654292111345091
1,9.317269076305221,-0.07745160817236374,0.7131981230666287,-0.4305534549815933,1.0531820530270226,-0.24548956076364012,-0.9200155905241083,0.7534946239175966,-0.8463645855695441
1,9.397590361445783,-0.07438741948932774,0.7302960461436474,-0.458924804513119,1.0296594205833214,-0.23023742533287384,-0.9328205983573649,0.7635496493353201,-0.8271348683696053
1,9.477911646586346,-0.07327357426795154,0.7491168859318676,-0.4851582957341944,1.004018631288896,-0.21469091470441604,-0.9453783343651625,0.7731227847065614,-0.8077571828556022
1,9.558232931726907,-0.07434913697185896,0.769467204436994,-0.509008210177929,0.9764494386589416,-0.19884779606944242,-0.957668912508182,0.7822051432192298,-0.7882477305877549
1,9.638554216867469,-0.07784467829596699,0.7911101929740129,-0.5302385770301609,0.9471844336741181,-0.1827057447381732,-0.969673012447302,0.7907890000643004,-0.7686216142008302
1,9.718875502008032,-0.08397260400558151,0.8137628727037711,-0.5486329532211796,0.916501939735696,-0.1662623871719458,-0.9813720967860468,0.7988679443987062,-0.7488927156534215
1,9.799196787148594,-0.09291573285253223,0.8370959837074216,-0.5640059319134493,0.8847262699620433,-0.14951536943071633,-0.9927486105435668,0.8064370341966972,-0.7290736431258991
1,9.879518072289157,-0.10481492180380635,0.860737397416343,-0.5762155622236012,0.8522245125273101,-0.13246246078451934,-1.003786154676935,0.8134929448119262,-0.7091757552667192
1,9.959839357429718,-0.11975694588657668,0.8842796034829714,-0.5851754540791333,0.8193992857438983,-0.115101699614574,-1.0144696243460727,0.8200340995802834,-0.6892092648807983
1,10.040160642570282,-0.13776413799428142,0.9072913168578659,-0.5908650478185653,0.7866774016602179,-0.09743158413556166,-1.0247853023475304,0.8260607699484077,-0.6691834161705545
1,10.120481927710843,-0.15878735208581238,0.929332586086863,-0.5933364776275011,0.7544950346077364,-0.07945130423838426,-1.0347208992915717,0.8315751339516971,-0.6491067214030288
1,10.200803212851406,-0.18270354271321998,0.9499720933329813,-0.5927167388299776,0.7232806776347158,-0.06116100385100805,-1.0442655350395413,0.8365812853942048,-0.6289872359281572
1,10.281124497991968,-0.2093186507674187,0.9688048173311642,-0.5892044836595299,0.6934376895421719,-0.042562056835394546,-1.0534096607428678,0.8410851912623425,-0.6088328461304695
1,10.36144578313253,-0.23837566981957697,0.985468036106859,-0.5830615955265706,0.6653284349136824,-0.02365733512549447,-1.0621449268371288,0.8450946004716412,-0.5886515441834138
1,10.441767068273093,-0.26956693059462816,0.9996538912438093,-0.5746005349687128,0.6392617839692543,-0.0044514464513580685,-1.0704640088334056,0.8486189120146981,-0.5684516663796593
1,10.522088353413654,-0.3025490235484114,1.0111173175466424,-0.5641690686736676,0.6154851680777179,0.015049078773332971,-1.0783604078966096,0.8516690134487452,-0.5482420777277519
1,10.602409638554217,-0.3369585068554757,1.0196789476858574,-0.5521342612244301,0.5941815916729329,0.034835666656106073,-1.085828246319147,0.8542571014237987,-0.5280322930396444
1,10.682730923694779,-0.37242667135506796,1.0252233700874593,-0.5388674763459728,0.5754712402980773,0.054897653284926115,-1.092862077970326,0.8563964944161135,-0.5078325324152118
1,10.763052208835342,-0.4085920504583865,1.027693698233262,-0.5247317076101722,0.5594167482780458,0.07522231313433111,-1.0994567309103955,0.8581014449342266,-0.48765371560091336
1,10.843373493975903,-0.44510991979879755,1.027083700602839,-0.510071991722319,0.5460308979669241,0.09579495655440895,-1.1056071941296108,0.8593869549667065,-0.4675074044401534
1,10.923694779116467,-0.48165858190533095,1.02342875533053,-0.4952090992945826,0.5352855039705611,0.11659908583795277,-1.1113085540934498,0.8602685953619597,-0.4474057052076424
1,11.004016064257028,-0.5179426519295057,1.0167967110518352,-0.48043627238275316,0.5271204127167046,0.1376165968256388,-1.116555980409866,0.8607623274866191,-0.4273611433586748
1,11.08433734939759,-0.5536938322137401,1.0072794497668673,-0.46601850475193607,0.5214518273656867,0.15882801251336615,-1.1213447547144706,0.8608843244523088,-0.4073865224180846
1,11.164658634538153,-0.5886697672327281,0.9949856524657412,-0.45219375782563964,0.5181794575431838,0.18021273607151717,-1.125670333045861,0.8606507889868494,-0.38749477696306506
1,11.244979919678714,-0.6226515743812586,0.9800350118396273,-0.4391755039976921,0.5171922455357534,0.2017493125309566,-1.129528430066012,0.8600777658479931,-0.36769882730936976
1,11.325301204819278,-0.6554405703420568,0.9625539506506855,-0.42715606812096824,0.5183726033415242,0.22341569057040095,-1.1329151130435067,0.859180947892623,-0.3480114409487044
1,11.405622489959839,-0.6868546165682236,0.9426727870227799,-0.41631033789525546,0.5215992106534415,0.24518947797279608,-1.1358268944258358,0.8579754764906815,-0.3284451032503867
1,11.485943775100402,-0.716724408901563,0.9205242272432137,-0.40679951588566365,0.5267484839776043,0.2670481861691156,-1.138260813610005,0.8564757386181099,-0.30901189761081443
1,11.566265060240964,-0.7448899562902505,0.8962430490199261,-0.3987746690116598,0.5336948449784312,0.2889694607842408,-1.1402145007917555,0.8546951645176684,-0.2897233932066034
1,11.646586345381525,-0.7711974387530945,0.8699668417614548,-0.3923798887652517,0.5423099134496543,0.31093129621451204,-1.14168621828628,0.852646031303833,-0.2705905369248305
1,11.726907630522089,-0.7954966061045525,0.8418376860504718,-0.3877549061389973,0.5524607360648164,0.332912233083351,-1.1426748771646627,0.8503392791601976,-0.2516235449506269
1,11.80722891566265,-0.8176388743523612,0.8120046646993311,-0.3850370115566641,0.5640071537365399,0.3548915379606235,-1.1431800293853724,0.8477843479484006,-0.23283178905049984
1,11.887550200803213,-0.8374762913192135,0.7806270968723817,-0.3843621167257038,0.5767984136455739,0.37684936507471606,-1.1432018376673454,0.8449890429702002,-0.21422367285061159
1,11.967871485943775,-0.8548615687242764,0.7478783625368836,-0.38586477049915185,0.5906691591777583,0.3987668998856466,-1.1427410271878247,0.8419594393377805,-0.19580649452681853
1,12.048192771084338,-0.8696494054483782,0.7139501318507022,-0.38967691358663437,0.6054349872047166,0.42062648434337724,-1.141798824726874,0.8386998346916341,-0.17758629432854617
1,12.1285140562249,-0.8816993395463849,0.6790567268562979,-0.3959251435747143,0.6208878535873705,0.4424117233868624,-1.1403768921486899,0.8352127597342355,-0.1595676882949801
1,12.208835341365461,-0.8908803468908782,0.6434392212467545,-0.40472627971882863,0.6367917340193964,0.46410757173247025,-1.1384772620161077,0.8314990548772354,-0.14175369325004458
1,12.289156626506024,-0.8970773253722664,0.607368738251776,-0.4161810928646408,0.6528790978121678,0.4857003992269596,-1.136102283621695,0.8275580190099462,-0.12414555244225028
1,12.369477911646586,-0.9001994432466927,0.5711482583354283,-0.430366221439184,0.6688489047354875,0.5071780320529725,-1.1332545875790347,0.8233876326329029,-0.1067425754918825
1,12.449799196787149,-0.9001900682931038,0.5351121439659833,-0.44732455004754273,0.6843669422079887,0.5285297659622714,-1.1299370762028227,0.8189848523783738,-0.08954200997115067
1,12.53012048192771,-0.897037638504728,0.4996225821746083,-0.46705467554079794,0.6990693267712504,0.5497463467484901,-1.1261529449409495,0.8143459672970346,-0.07253896400491067
1,12.610441767068274,-0.8907864242145653,0.4650623141543583,-0.4895004884339835,0.7125698218782387,0.5708199126555631,-1.1219057370575993,0.8094669999929843,-0.05572639897499941
1,12.690763052208835,-0.8815457573593508,0.4318234025371364,-0.5145422651150233,0.7244712349295132,0.5917438939028427,-1.117199429581892,0.80434412857153,-0.0390952078847594
1,12.771084337349398,-0.8694960970783199,0.4002923980366243,-0.5419908692484049,0.7343805340010693,0.6125128663001477,-1.1120385437144993,0.7989741000265755,-0.02263438832319604
1,12.85140562248996,-0.8548903972340393,0.3708330002236504,-0.5715865655873567,0.7419265773303022,0.6331223594739541,-1.1064282680585458,0.7933546033474403,-0.006331309495408612
1,12.931726907630521,-0.8380497311030038,0.3437680161921924,-0.6030034665451482,0.7467786255577977,0.6535686251326762,-1.1003745793505142,0.7874845725154743,0.009827937600522318
1,13.012048192771084,-0.8193529705600114,0.31936284758685396,-0.6358598019385235,0.7486633685093302,0.6738483766750248,-1.0938843437849493,0.7813643958235085,0.025858127688763145
1,13.092369477911646,-0.7992213480061506,0.29781272939618686,-0.6697331865671153,0.7473781999529502,0.6939585167893343,-1.0869653833494262,0.7749960177839301,0.04177445400028697
1,13.17269076305221,-0.778099660897167,0.2792354070510403,-0.7041791441182348,0.7427990121598919,0.7138958733815899,-1.079626495835252,0.7683829316338104,0.057592076624317735
1,13.25301204819277,-0.7564364486058397,0.26367001863056716,-0.7387505879704017,0.7348817104532419,0.7336569647931889,-1.071877423599302,0.7615300717830512,0.07332569451549098
1,13.333333333333334,-0.7346655091063223,0.2510818953845335,-0.7730159279530394,0.7236577143954915,0.7532378126804455,-1.0637287732483818,0.754443624378915,0.08898916346835473
1,13.413654618473895,-0.7131906771137153,0.24137207783312,-0.8065739176053502,0.7092246430485076,0.7726338150915588,-1.0551918947598078,0.7471307796275053,0.1045951738781781
1,13.493975903614459,-0.6923750063255901,0.23438982838046146,-0.8390641293709552,0.6917339103494087,0.7918396851042063,-1.0462787325960103,0.7395994505923373,0.12015499386613816
1,13.57429718875502,-0.6725346639379732,0.2299463015941617,-0.8701727702182322,0.6713770853726511,0.8108494527579927,-1.037001662900928,0.7318579813982115,0.13567827593411336
1,13.654618473895582,-0.653937143571266,0.2278277858612245,-0.8996342417015964,0.6483726236463567,0.8296565218070903,-1.027373329793175,0.7239148634657705,0.1511729202855919
1,13.734939759036145,-0.6368029552169989,0.22780737666580048,-0.9272292868376237,0.622954128956268,0.8482537687380046,-1.0174064910376261,0.7157784733166165,0.16664498541555586
1,13.815261044176706,-0.6213097718768522,0.22965443260614743,-0.9527807381419399,0.5953608111722913,0.866633669764304,-1.0071138797955734,0.7074568402544865,0.18209863601713264
1,13.89558232931727,-0.6075980391747628,0.23314159443985555,-0.9761478504988592,0.5658303718771681,0.8847884419028719,-0.9965080856653394,0.6989574477707486,0.1975361193483136
1,13.975903614457831,-0.5957772105858582,0.23804945156700186,-0.9972200443410617,0.5345942406272277,0.9027101860983232,-0.9856014552920858,0.690287068828595,0.2129577630978541
1,14.056224899598394,-0.5859319738998792,0.24416912349170405,-1.0159106817607075,0.5018748972079443,0.920391023054391,-0.9744060108104007,0.6814516326061941,0.2283619901107501
1,14.136546184738956,-0.5781280347761272,0.2513030976148554,-1.0321512989848665,0.4678849379661906,0.9378232153520784,-0.9629333831846973,0.6724561184089137,0.2437453476036491
1,14.216867469879517,-0.5724171867544225,0.25926467116962365,-1.0458865568844584,0.43282753534402424,0.9549992721759317,-0.9511947570980788,0.6633044714629478,0.2591025505844287
1,14.29718875502008,-0.5688415151250847,0.26787630621125186,-1.0570700549068968,0.39689797693895634,0.971912035297665,-0.9392008241039378,0.6539995347343149,0.2744265409537274
1,14.377510040160642,-0.5674366546089741,0.2769671559108129,-1.065661083181978,0.36028602009448873,0.9885547467812071,-0.9269617412139615,0.6445429910097431,0.28970856520865784
1,14.457831325301205,-0.5682340552780073,0.2863699670377163,-1.0716223547869128,0.3231788508684692,1.0049211001982543,-0.9144870926958796,0.6349353098666641,0.304938274789692
1,14.538152610441767,-0.5712622171602433,0.29591752613996974,-1.0749187560164983,0.2857644735569571,1.0210052780271974,-0.9017858535947871,0.6251756951495426,0.32010385389785806
1,14.61847389558233,-0.5765468407731831,0.3054387975555843,-1.0755171676181934,0.2482353766670921,1.0368019784476408,-0.8888663542516011,0.6152620299437341,0.3351921800289226
1,14.698795180722891,-0.5841098188081725,0.31475490858120425,-1.0733874341979188,0.21079231491344688,1.05230643500248,-0.8757362459169243,0.6051908180036101,0.3501890224222709
1,14.779116465863453,-0.5939669735415757,0.32367517269489626,-1.0685045821337702,0.1736480127745862,1.0675144326384576,-0.8624024684304812,0.5949571230368869,0.3650792829609965
1,14.859437751004016,-0.6061244384164686,0.3319934079904573,-1.0608523952489697,0.13703053131811108,1.0824223234682755,-0.8488712219018514,0.5845545101971613,0.3798472825932807
1,14.939759036144578,-0.6205736061504911,0.33948490317354496,-1.0504284363990204,0.10118594834483968,1.0970270452053386,-0.8351479453762461,0.5739749973441713,0.3944770938578593
1,15.02008032128514,-0.637284638130517,0.3459044986913758,-1.037250533259837,0.06637989148183637,1.111326144544579,-0.8212373065912446,0.5632090268457735,0.40895291641802994
1,15.100401606425702,-0.6561986714732883,0.3509863659560513,-1.021364606626015,0.032897354482371126,1.1253178067165723,-0.8071432080268948,0.5522454713827294,0.42325948758847004
1,15.180722891566266,-0.6772190832229171,0.3544461489738574,-1.0028534964138895,0.0010401525335630643,1.1390008909356217,-0.7928688153409325,0.5410716887011833,0.4373825138335097
1,15.261044176706827,-0.7002024768865996,0.35598612629004805,-0.9818461324175125,-0.028878614265009327,1.152374969451438,-0.7784166146915942,0.5296736398526726,0.4513091026665533
1,15.34136546184739,-0.7249504112407844,0.3553038960320774,-0.9585260366472829,-0.05654355923038555,1.1654403654601064,-0.7637885049838239,0.5180360824279591,0.46502816818212966
1,15.421686746987952,-0.7512032222730581,0.35210472661778436,-0.933137804536197,-0.08164957623345284,1.1781981824879049,-0.7489859293223902,0.5061428443213485,0.47853077893805646
1,15.502008032128513,-0.7786374763442567,0.3461171344549433,-0.905990014081582,-0.10391750342725024,1.1906503155287458,-0.7340100465908096,0.49397717489709164,0.4918104155631142
1,15.582329317269076,-0.806868495984697,0.3371105085894733,-0.8774530970427056,-0.12311167814100756,1.202799432932078,-0.7188619390579223,0.481522160095323,0.5048631086094543
1,15.662650602409638,-0.8354589103369209,0.32491286023126076,-0.8479511861414678,-0.13905744995368766,1.2146489186369813,-0.7035428457053824,0.4687611778414058,0.517687435427807
1,15.742971887550201,-0.8639332937971842,0.30942627062709566,-0.817947836071823,-0.1516562336175668,1.2262027674584295,-0.6880544046388911,0.45567836241057624,0.5302843676293602
1,15.823293172690763,-0.8917978254530025,0.2906375854143549,-0.7879266495535007,-0.1608956786280544,1.2374654318550538,-0.6723988830353579,0.4422590431514479,0.5426569762490552
1,15.903614457831326,-0.9185628219923658,0.2686224788262763,-0.7583689295679186,-0.1668531245627581,1.248441626142558,-0.656579371222267,0.4284901254177251,0.5548100169587464
1,15.983935742971887,-0.9437653249754201,0.24354211234587264,-0.7297311663484048,-0.1696916224376605,1.25913610190552,-0.6405999198202379,0.4143603894183036,0.5667494299120235
1,16.06425702811245,-0.9669888757534802,0.21563292574143073,-0.7024252325311845,-0.16964911548758477,1.2695534144004237,-0.624465605256628,0.3998606938842398,0.5784817950027797
1,16.14457831325301,-0.987878249915321,0.1851912803694718,-0.676803536583953,-0.16702254566953392,1.2796977022839657,-0.6081825184624275,0.38498408421530717,0.5900137837624874
1,16.224899598393574,-1.0061479613136919,0.15255533729416787,-0.6531503552833536,-0.16214929895678132,1.2895725013870303,-0.5917576815578738,0.36972581521001413,0.6013516432204852
1,16.305220883534137,-1.0215845204215865,0.11808664736187166,-0.6316793935957818,-0.155388479575832,1.299180607911435,-0.5751989060242108,0.3540833061059326,0.6125007382381689
1,16.3855421686747,-1.0340433626237449,0.08215349453188228,-0.612536685138701,-0.14710405168551774,1.3085239988709652,-0.5585146111996389,0.33805604889147944,0.623465168353272
1,16.46586345381526,-1.0434419103203016,0.04511732015083271,-0.5958073899385631,-0.13765116240827088,1.3176038097455187,-0.5417136235261852,0.3216454905133449,0.6342474657836211
1,16.546184738955823,-1.0497503692543244,0.007322803310822572,-0.5815249001593575,-0.12736620186792758,1.3264203627482583,-0.5248049751803661,0.30485490666542264,0.644848373737469
1,16.626506024096386,-1.0529816891162624,-0.03090844633877486,-0.5696808261902582,-0.11656053620931718,1.3349732348244612,-0.5077977166865897,0.2876892804820583,0.6552666992346795
1,16.70682730923695,-1.053181783095313,-0.06928103123569652,-0.5602347643315504,-0.10551744751112208,1.3432613526839121,-0.4907007531218007,0.27015519474295036,0.6654992318686171
1,16.78714859437751,-1.0504207263117809,-0.10752638656346696,-0.5531231179544231,-0.09449162365609974,1.3512831024624603,-0.4735227086726763,0.2522607418037427,0.6755407188922408
1,16.867469879518072,-1.044785323144933,-0.1454015556225941,-0.548266571939514,-0.08371051111515118,1.359036443346275,-0.45627182029325475,0.2340154517381711,0.685383887030998
1,16.947791164658636,-1.0363731822952216,-0.18268673247019723,-0.5455760709937975,-0.07337691130753864,1.3665190169776658,-0.43895585836779594,0.2154302363113524,0.6950195021455297
1,17.028112449799195,-1.0252882776193257,-0.21918207117918345,-0.5449573136113584,-0.06367231691909428,1.373728247111862,-0.4215820705125549,0.1965173441188212,0.7044364586108304
1,17.10843373493976,-1.0116378803266666,-0.254704144393668,-0.5463138668947005,-0.05476060305710037,1.380661426435432,-0.4041571439153255,0.17729032078593399,0.7136218913660916
1,17.188755020080322,-0.9955307147802489,-0.28908232498833314,-0.5495490416325498,-0.046791797843370744,1.3873157894772017,-0.3866871814794023,0.15776396693559597,0.7225613043111038
1,17.269076305220885,-0.9770761874714982,-0.3221552842590884,-0.5545666707204592,-0.03990573799647927,1.3936885720861303,-0.3691776874493307,0.13795428610582589,0.7312387097048961
1,17.349397590361445,-0.9563845591852583,-0.35376774208853434,-0.5612709143096205,-0.0342354730961395,1.399777059051309,-0.35163355879957264,0.11787841444356877,0.7396367739842444
1,17.429718875502008,-0.9335679561997636,-0.38376757378315585,-0.5695651901432678,-0.0299103131988474,1.405578622168415,-0.3340590794479722,0.09755452417461523,0.7477369664299733
1,17.51004016064257,-0.9087421430854883,-0.4120033684181332,-0.5793503017832697,-0.027058424587212145,1.4110907515115372,-0.31645791516014793,0.07700169335721996,0.7555197081654912
1,17.59036144578313,-0.8820289979576474,-0.4383225427577561,-0.590521820487484,-0.025808869676971352,1.416311082924699,-0.2988331078591858,0.056239735520431475,0.7629645202939112
1,17.670682730923694,-0.8535596365943593,-0.4625701386822354,-0.6029667727613659,-0.026292963859963277,1.4212374248664108,-0.28118706892472095,0.035288984489313266,0.7700501714669176
1,17.751004016064257,-0.8234781179711061,-0.48458846595177923,-0.6165597019662508,-0.028644788883414804,1.4258677877488533,-0.2635215719990247,0.01417003218850232,0.7767548268342165
1,17.83132530120482,-0.7919456249869543,-0.5042177891383002,-0.6311582143880287,-0.03300066600931049,1.4302004188041062,-0.24583774684223375,-0.0070965794291245,0.7830562019898423
1,17.91164658634538,-0.7591449451171949,-0.5212982875346788,-0.6465981931884708,-0.039497362531314036,1.4342338452354588,-0.2281360769185904,-0.028490706929794014,0.788931726984581
1,17.991967871485944,-0.7252849737635624,-0.5356735248701646,-0.6626889701384338,-0.048268796886810135,1.4379669278846992,-0.21041640464418848,-0.04999298398270419,0.794358726401161
1,18.072289156626507,-0.6906048315759644,-0.5471956322095572,-0.6792088811380008,-0.059441039775920766,1.4413989267442482,-0.1926779495188455,-0.07158521403028414,0.7993146215043214
1,18.152610441767067,-0.6553770395426433,-0.5557323098770459,-0.6959017829951217,-0.07312550377835467,1.4445295782290215,-0.17491934554851607,-0.09325075569125739,0.8037771592039146
1,18.23293172690763,-0.6199090612717608,-0.5611755724247955,-0.712475245722406,-0.08941039216256935,1.4473591820815046,-0.15713870518005246,-0.11497487508733893,0.8077246697674152
1,18.313253012048193,-0.5845424461086778,-0.5634518871028206,-0.7286012101579386,-0.10835074674067202,1.4498886930883055,-0.13933371703129618,-0.13674503682169042,0.8111363508747865
1,18.393574297188756,-0.5496488472427574,-0.5625330085032189,-0.7439198564171645,-0.12995777808597672,1.4521198095867525,-0.12150178354052724,-0.1585511059268319,0.8139925701297206
1,18.473895582329316,-0.5156224026373805,-0.558446445530628,-0.7580472073369585,-0.15418852504740233,1.4540550474340896,-0.10364020183955037,-0.1803854374597519,0.8162751724175785
1,18.55421686746988,-0.4828683770794246,-0.5512842059869903,-0.7705865695653427,-0.1809371812778894,1.4556977854341653,-0.08574638639701455,-0.20224283878939928,0.8179677736618919
1,18.634538152610443,-0.4517885471147106,-0.5412083664548997,-0.7811433189574625,-0.2100295281291172,1.4570522670742232,-0.06781812548484648,-0.22412040100205144,0.819056020068861
1,18.714859437751002,-0.422764451109028,-0.5284522081627363,-0.789341884807489,-0.24122172848646153,1.4581235448828616,-0.04985385602069101,-0.2460172089663459,0.8195277926698866
1,18.795180722891565,-0.39614017735763063,-0.5133161775619617,-0.7948432295830733,-0.2742042295441757,1.4589173582736583,-0.03185293431603156,-0.2679339513329556,0.8193733414221668
1,18.87550200803213,-0.37220661888515433,-0.49615868844758787,-0.7973608636517714,-0.3086107765047951,1.4594399435313492,-0.013815875520743799,-0.2898724609944247,0.8185853404731246
1,18.955823293172692,-0.35118901094073396,-0.47738261375751984,-0.7966735532986496,-0.34403171745344124,1.4596977842580572,0.004255466140268529,-0.3118352200186749,0.8171588650706904
1,19.03614457831325,-0.33323905368882745,-0.45741898624373833,-0.7926334048452869,-0.3800301127471822,1.4596973204898795,0.022357799931535062,-0.33382486195576655,0.8150912990593834
1,19.116465863453815,-0.3184321746184453,-0.4367097702854494,-0.7851687691166269,-0.4161588165967178,1.459444642265288,0.04048639850428252,-0.35584369853021713,0.8123821883778825
1,19.196787148594378,-0.3067696996376672,-0.4156915089091509,-0.7742822078037567,-0.451976747744363,1.4589451969350125,0.058635197593327054,-0.37789328949359,0.8090330590601846
1,19.277108433734938,-0.298185064194427,-0.39478126838732186,-0.7600444080708977,-0.48706293552865054,1.4582035378617355,0.0767969852446712,-0.399974065596412,0.805047218671299
1,19.3574297188755,-0.2925528520408257,-0.37436573340026535,-0.7425852764668202,-0.5210274837083991,1.457223136091989,0.09496365983338498,-0.4220850075843444,0.8004295572752776
1,19.437751004016064,-0.28969937212719304,-0.3547937354456637,-0.7220835161044543,-0.5535191544413632,1.4560062673593372,0.11312652955607824,-0.44422337912769094,0.7951863603309466
1,19.518072289156628,-0.289413638728637,-0.33637203363637896,-0.6987558285712365,-0.5842297321294126,1.4545539767637898,0.131276624434886,-0.46638450946391735,0.7893251413309036
1,19.598393574297187,-0.2914578865840437,-0.3193638754885523,-0.6728466063732783,-0.6128956170716443,1.4528661145163897,0.14940499454828654,-0.48856162155906874,0.7828544980119079
1,19.67871485943775,-0.2955770408272443,-0.30398973746776864,-0.644618686140952,-0.6392972292640189,1.4509414296329701,0.16750297409014978,-0.510745702664775,0.7757839926416357
1,19.759036144578314,-0.30150682254396793,-0.2904296351600297,-0.6143454662511155,-0.6632568176554303,1.4487777050487467,0.18556239815076855,-0.5329254162536646,0.7681240546646892
1,19.839357429718877,-0.3089803585478868,-0.27882645894184666,-0.5823045028562054,-0.6846352099720309,1.446371917031294,0.20357576654544737,-0.5550870556272032,0.759885902368428
1,19.919678714859437,-0.3177333009251154,-0.2692898815903947,-0.5487725617446965,-0.7033279531108264,1.4437204034683297,0.22153635522212384,-0.5772145407985196,0.7510814794790951
1,20.0,-0.3275075377079843,-0.2619004796275524,-0.5140220306934802,-0.7192612027450815,1.4408190286762217,0.23943828044476442,-0.5992894602747587,0.7417234019278675
2,0.0,-1.4838694078796266,0.0331213629081097,0.6011916227918818,0.13598623686982883,1.152654218918639,-0.05892941327572731,-0.269976433830894,-0.11017818650221123
2,0.08032128514056225,-1.4848357094783242,0.011787125301772068,0.5903134559547015,0.13503176040731113,1.1588626413376921,-0.024398871459339114,-0.2643403878140694,-0.12242001424974423
2,0.1606425702811245,-1.485549366669243,-0.00952045348277894,0.5804904890255679,0.1340245641787286,1.1632626475362737,0.01027668989247714,-0.25820376989259847,-0.13478080058842715
2,0.24096385542168675,-1.4860127734178397,-0.030794100807702417,0.5716640593035917,0.13303442928147027,1.165904629622898,0.04500287705414538,-0.2515559155086497,-0.14724320552791334
2,0.321285140562249,-1.4862282598864025,-0.05202661059963809,0.5637756400601212,0.13211963303081375,1.1668384664832088,0.07969555849175688,-0.24438584665692728,-0.15978858092293222
2,0.40160642570281124,-1.4861980985714145,-0.07321086084197403,0.5567679843269406,0.13132856446285365,1.1661125622685926,0.11427934725298475,-0.23668244802411853,-0.17239705087386428
2,0.4819277108433735,-1.4859245097130824,-0.09433982860847229,0.5505859402922605,0.13070121526747971,1.1637732110674004,0.1486861927355092,-0.2284346416465781,-0.18504757939451677
2,0.5622489959839357,-1.4854096656893356,-0.11540660320931229,0.5451770101148103,0.13027052871035127,1.15986421436053,0.1828541014982429,-0.2196315587860044,-0.197718026999282
2,0.642570281124498,-1.4846556942427296,-0.13640439791407355,0.5404917117966731,0.13006360354716165,1.1544266907603573,0.21672599253238714,-0.21026270831430052,-0.2103851981654752
2,0.7228915662650602,-1.4836646804916094,-0.157326560616123,0.5364837924930479,0.13010275913156918,1.1474990293944523,0.25024868331031724,-0.20031814139589055,-0.22302488182576344
2,0.8032128514056225,-1.4824386677474042,-0.17816658370730754,0.5331103313436165,0.13040647331961241,1.1391169489406234,0.28337199751915526,-0.1897886125368355,-0.23561188713146008
2,0.8835341365461847,-1.4809796572105216,-0.19891811335162618,0.5303317612992638,0.13099020751210672,1.1293136331961635,0.31604798260272116,-0.17866573728490573,-0.24812007676320164
2,0.963855421686747,-1.479289606648633,-0.21957495827829712,0.5281118321890631,0.1318671342047131,1.118119921399158,0.34823022412500215,-0.16694214693958814,-0.2605224000514181
2,1.0441767068273093,-1.4773704281781572,-0.24013109815836467,0.5264175312791957,0.1330487822837596,1.1055645374973921,0.3798732439860604,-0.15461164059843044,-0.2727909281114552
2,1.1244979919678715,-1.4752239852779663,-0.2605806915874168,0.5252189728633634,0.13454561456716133,1.091674347208565,0.4109319701480193,-0.14166933479396224,-0.28489689312776373
2,1.2048192771084336,-1.4728520891623744,-0.2809180836642154,0.524489264460764,0.1363675509385904,1.0764746354955528,0.4413612665381561,-0.1281118107939425,-0.29681073381253087
2,1.285140562248996,-1.4702564946331818,-0.30113781313347954,0.5242043540324778,0.13852444911493114,1.0599894000293832,0.4711155129518351,-0.1139372594286793,-0.3085021489332865
2,1.3654618473895583,-1.4674388955189057,-0.32123461904860734,0.5243428600198368,0.14102655371237172,1.0422416585574374,0.5001482259738791,-0.09914562305836848,-0.3199401606376433
2,1.4457831325301205,-1.464400919791938,-0.34120344690469034,0.5248858837169029,0.14388492286973542,1.0232537700644833,0.5284117131410279,-0.08373873398944792,-0.33109318910607277
2,1.5261044176706826,-1.4611441244363341,-0.3610394541952607,0.5258168015667045,0.1471118403071915,1.0030477712214252,0.555856753704123,-0.0677204483517953,-0.3419291398160535
2,1.606425702811245,-1.4576699901188073,-0.3807380153555569,0.5271210331914705,0.1507212192907421,0.9816457310588679,0.5824323004621448,-0.05109677413153092,-0.3524155043973296
2,1.6867469879518073,-1.4539799156912108,-0.40029472607029026,0.5287857792102926,0.1547290035262624,0.9590701281883561,0.6080851982686958,-0.03387599170743762,-0.3625194757246674
2,1.7670682730923695,-1.4500752125370775,-0.4197054069467572,0.5307997213678667,0.15915356848078818,0.9353442561515923,0.6327599159008045,-0.016068764982381294,-0.3722080774348349
2,1.8473895582329316,-1.4459570987375598,-0.43896610657946866,0.5331526754354434,0.16401612482423233,0.9104926640623154,0.6563982894320178,0.0023117592398010645,-0.3814483076767811
2,1.927710843373494,-1.4416266930414954,-0.458073104069998,0.5358351862193043,0.16934112383311284,0.884541640828097,0.6789392764211077,0.021249865994094175,-0.3902072961842223
2,2.0080321285140563,-1.4370850085874778,-0.4770229111004486,0.5388380517023584,0.17515666230215476,0.8575197530665871,0.7003187221162167,0.040727203818532676,-0.39845247331792244
2,2.0883534136546187,-1.4323329463062684,-0.4958122737050467,0.542151761090314,0.1814948811940664,0.8294584488248429,0.720469141551065,0.06072273639111188,-0.4061517490400842
2,2.1686746987951806,-1.4273712879693798,-0.5144381739348785,0.5457658306619135,0.18839234935142588,0.8003927403152326,0.739319523529307,0.08121271699223409,-0.4132736989458539
2,2.248995983935743,-1.4222006888217726,-0.5328978316627734,0.5496680184128497,0.19589041864714596,0.7703619813899122,0.756795166950876,0.10217068901901089,-0.41978775393524814
2,2.3293172690763053,-1.4168216697741138,-0.551188706832795,0.553843397300232,0.20403553155483525,0.7394107568287627,0.7728175645679168,0.1235675156451195,-0.42566438928995687
2,2.4096385542168672,-1.4112346091695023,-0.5693085025182972,0.558273265665245,0.2128794549067116,0.70758990185409,0.7873043558983533,0.14537144165016763,-0.4308753082867674
2,2.4899598393574296,-1.4054397342053513,-0.5872551692090446,0.5629338733664441,0.22247940493531682,0.674957670576543,0.8001693791560512,0.16754819026236445,-0.435393614882323
2,2.570281124497992,-1.3994371121856262,-0.6050269107994684,0.5677949437281871,0.2328980181607204,0.6415810709092187,0.8113228623132648,0.19006109754822087,-0.43919396967451646
2,2.6506024096385543,-1.3932266419019694,-0.6226221927909386,0.5728179755869275,0.2442031090618565,0.6075373796837431,0.8206718067133257,0.21287128663129912,-0.4422527229842433
2,2.7309236947791167,-1.3868080456274092,-0.6400397532367122,0.5779543183079281,0.2564671411602942,0.5729158439685653,0.8281206312459702,0.2359378833509161,-0.4445480191695519
2,2.8112449799196786,-1.3801808624240675,-0.6572786169398055,0.5831430268990776,0.2697663211821978,0.537819561147765,0.83357216246613,0.2592182743772253,-0.44605986670852205
2,2.891566265060241,-1.3733444437500073,-0.6743381133399475,0.5883085271323802,0.28417920884930375,0.5023675087247864,0.8369290739865007,0.2826684078928412,-0.44677016949585674
2,2.9718875502008033,-1.3662979526902765,-0.6912178983672623,0.5933581539302893,0.29978472021654656,0.4666966630222037,0.8380958945481003,0.3062431357377841,-0.4466627163973842
2,3.0522088353413652,-1.3590403685216,-0.7079179802696292,0.5981796732961328,0.316659393792689,0.43096410083448117,0.8369817146009326,0.32989659439098645,-0.4457231281239921
2,3.1325301204819276,-1.3515704987324417,-0.724438748996093,0.602638959720782,0.33487379213020624,0.3953489188267305,0.8335037199597471,0.35358262018492964,-0.44393876309386004
2,3.21285140562249,-1.3438870010079504,-0.7407810080944028,0.6065780762012153,0.3544879366782314,0.3600537331270485,0.8275916585888686,0.37725519167968713,-0.44129858717269693
2,3.2931726907630523,-1.3359884179751915,-0.7569460072463716,0.6098140897545546,0.37554572998365054,0.32530543907516546,0.8191932925525395,0.40086888914547186,-0.4377930152898182
2,3.3734939759036147,-1.3278732275695055,-0.7729354724762659,0.6121390360516493,0.398068418123486,0.29135483376601085,0.8082807907057478,0.42437935775184565,-0.4334137363529673
2,3.4538152610441766,-1.3195399115684128,-0.7887516297994558,0.6133215064287818,0.42204729599246377,0.25847464760457667,0.7948578691999281,0.44774375753505447,-0.42815353539293566
2,3.534136546184739,-1.3109870439569082,-0.8043972167380542,0.6131103375173792,0.4474360565732504,0.2269555264527456,0.778967288472364,0.4709211799867837,-0.42200612830755974
2,3.6144578313253013,-1.3022133991623681,-0.8198754749033685,0.6112408010775982,0.4741434159594295,0.19709958930061416,0.7606980835880983,0.49387300878415613,-0.4149660246441589
2,3.694779116465863,-1.293218077721136,-0.8351901161826788,0.6074434955775857,0.5020268723358161,0.1692113805555817,0.7401916751593919,0.5165632015879686,-0.4070284313125286
2,3.7751004016064256,-1.2840006436678562,-0.8503452552430045,0.60145580609154,0.5308886100733438,0.14358636605180652,0.7176458515871709,0.5389584715245098,-0.3981892064175096
2,3.855421686746988,-1.274561264203841,-0.8653453027524002,0.5930353653623961,0.560474575793226,0.1204975470462358,0.6933155931381905,0.5610283517952094,-0.38844486617901575
2,3.9357429718875503,-1.2649008386086862,-0.8801948170128086,0.5819744722116978,0.5904775517259168,0.10018123217291808,0.667509907171817,0.5827451342240706,-0.3777926418849246
2,4.016064257028113,-1.255021100853673,-0.8948983167851619,0.5681140351537589,0.6205446260121601,0.08282338316354798,0.6405842684014745,0.6040836825363662,-0.36623057762847216
2,4.096385542168675,-1.2449246798957476,-0.9094600642732124,0.5513554267077692,0.6502888430989258,0.06854812168495286,0.6129288768696154,0.6250211315030259,-0.3537576556953283
2,4.176706827309237,-1.2346151039915874,-0.923883833567484,0.531668762928153,0.6793041486408553,0.05740984810504651,0.5849536197388889,0.645536492958388,-0.3403739348122597
2,4.257028112449799,-1.2240967407077323,-0.9381726847873536,0.5090965663425987,0.707182182311213,0.04938997758466451,0.5570711903518029,0.6656101967804694,-0.32608068787566163
2,4.337349397590361,-1.2133746719452743,-0.9523287663750317,0.48375244119602384,0.7335291745500481,0.04439863299660672,0.5296801212019171,0.6852235977526442,-0.31088052937693306
2,4.417670682730924,-1.2024545119894106,-0.9663531664524451,0.45581512364220245,0.7579812603119861,0.042280908840928014,0.5031494337386487,0.7043584795062805,-0.29477752759818937
2,4.497991967871486,-1.1913421842695153,-0.9802458290295958,0.42551886975855735,0.7802168765962256,0.04282673275393606,0.47780625379348607,0.7229965817570225,-0.27777730136011536
2,4.578313253012048,-1.180043677792811,-0.994005542886287,0.3931415059622825,0.7999654730210849,0.04578299998931315,0.4539271749251133,0.7411191718412157,-0.25988710505991064
2,4.658634538152611,-1.168564805889029,-1.0076300020190538,0.3589915256237312,0.8170123510682634,0.05086660551550162,0.4317335584431028,0.7587066747497965,-0.24111590749231177
2,4.738955823293173,-1.156910987991989,-1.0211159282682232,0.32339544612812027,0.831199941159313,0.057777171726975184,0.4113904575806948,0.7757383701368936,-0.22147447047178387
2,4.8192771084337345,-1.14508707042379,-1.0344592407154027,0.28668632263649624,0.8424261450469585,0.06620858746850461,0.3930085276550316,0.7921921603187897,-0.20097543198658677
2,4.899598393574297,-1.1330971958164504,-1.0476552533533756,0.24919396239301347,0.850640508095586,0.07585882308136559,0.37664814183867773,0.8080444103420715,-0.17963339658088745
2,4.979919678714859,-1.1209447242597927,-1.0606988824230759,0.21123706860822605,0.8558389772932982,0.08643779619867747,0.362324938386671,0.8232698594528894,-0.15746503325689243
2,5.0602409638554215,-1.108632203620814,-1.0735848470816423,0.17311730587106144,0.8580579008180821,0.09767329531744569,0.3500161251195821,0.8378416024323071,-0.1344891788560212
2,5.140562248995984,-1.0961613823815617,-1.0863078508385537,0.13511512768242592,0.8573677855937651,0.10931511609469913,0.3396670082620656,0.8517311386044366,-0.11072694301727633
2,5.220883534136546,-1.0835332560096889,-1.0988627355306593,0.09748712674823512,0.8538671863392681,0.1211376434961699,0.3311973586718947,0.8649084857652837,-0.08620180948050282
2,5.301204819277109,-1.0707481371324958,-1.1112446037952999,0.06046464292967209,0.8476769757604594,0.13294113900563082,0.32450735583649154,0.8773423551971927,-0.06093972780165037
2,5.381526104417671,-1.0578057402930947,-1.123448909441031,0.024253366086379777,0.8389351440738043,0.1445519910630415,0.3194829547833662,0.8890003831436731,-0.03496918941613906
2,5.461847389558233,-1.044705273349277,-1.1354715177767474,-0.010966300704140605,0.8277922042773698,0.15582216190624754,0.3160005957467865,0.89984941214717,-0.00832128224740844
2,5.542168674698795,-1.0314455292724256,-1.147308739527627,-0.045038326693708816,0.8144072236870679,0.16662804116021102,0.3139312346262202,0.9098558148059235,0.018970281214339288
2,5.622489959839357,-1.0180249738465421,-1.1589573428383437,-0.07782976030034339,0.7989444667289278,0.17686888328102224,0.31314370959441945,0.9189858508658633,0.046869166514996875
2,5.7028112449799195,-1.0044418263820538,-1.1704145480516004,-0.10922919887487936,0.7815706103178781,0.18646497773819465,0.3135074841191053,0.9272060475187385,0.07533645361461751
2,5.783132530120482,-0.9906941318883326,-1.181678009662323,-0.13914513429028505,0.7624524768439281,0.19535567381538865,0.3148948240132112,0.9344835923632286,0.10433070880518418
2,5.863453815261044,-0.9767798241931217,-1.1927457893599507,-0.1675042594486402,0.7417552237077435,0.2034973555959303,0.3171824728342437,0.9407867280458314,0.13380809281796413
2,5.943775100401607,-0.962696780215265,-1.2036163233948103,-0.19424979895817054,0.7196409245758103,0.2108614410732663,0.3202528944278003,0.9460851381001691,0.16372250439120023
2,6.024096385542169,-0.948442866075911,-1.2142883868514107,-0.2193399068399356,0.696267479793489,0.2174324588051287,0.32399514959051035,0.9503503141107178,0.19402575746741216
2,6.1044176706827304,-0.9340159759938282,-1.2247610567817317,-0.24274615845625439,0.671787797513746,0.22320623902442308,0.32830547016929706,0.9535558954256593,0.2246677890986895
2,6.184738955823293,-0.9194140650081423,-1.2350336756004097,-0.2644521510787726,0.6463491928165381,0.22818824200980867,0.3330875886436294,0.9556779740771062,0.25559689414024306
2,6.265060240963855,-0.9046351765814661,-1.2451058157027999,-0.28445221780093993,0.6200929598313749,0.232392035407359,0.3382528737026313,0.9566953589750469,0.2867599821687944
2,6.3453815261044175,-0.8896774660478937,-1.2549772458990092,-0.30275025288295493,0.5931540784360152,0.2358379237320589,0.34372031609917686,0.9565897951987895,0.3181028513638181
2,6.42570281124498,-0.8745392207685341,-1.2646478999949502,-0.31935864192512614,0.5656610247968724,0.23855172695385088,0.34941640136444774,0.9553461357398092,0.34957047383363093
2,6.506024096385542,-0.8592188777234444,-1.2741178476528012,-0.33429728785454305,0.5377356613484863,0.2405637009636236,0.35527489961469394,0.9529524646143637,0.3811072866896219
2,6.586345381526105,-0.843715039129342,-1.2833872675284823,-0.3475927224978107,0.5094931873705582,0.24190758987700237,0.36123659697911364,0.9494001717501501,0.4126574831788113
2,6.666666666666667,-0.8280264865581234,-1.2924564226003112,-0.3592772935686442,0.48104213662707596,0.24261979893760063,0.36724898744224094,0.9446839811891667,0.4441652985309953
2,6.746987951807229,-0.8121521939029502,-1.3013256375508737,-0.36938841759170793,0.4524844119520192,0.24273867617545705,0.3732659401431954,0.9388019353192009,0.47557528545566
2,6.827309236947791,-0.7960913394425081,-1.3099952780447957,-0.3779678903879555,0.4239153499286781,0.24230389115479656,0.379247353325846,0.9317553386756666,0.5068325747902725
2,6.907630522088353,-0.7798433171734175,-1.3184657317405764,-0.38506124822916743,0.3954238111989592,0.2413558999550526,0.3851588030864292,0.9235486654475321,0.5378831174551892
2,6.9879518072289155,-0.7634077475005355,-1.3267373908863707,-0.3907171740862274,0.36709229320836345,0.23993548622474092,0.3909711932161755,0.9141894353620218,0.5686739044618327
2,7.068273092369478,-0.746784487324101,-1.3348106363679615,-0.3949869447722018,0.33899706343760205,0.23808336925393575,0.39666041044838835,0.9036880628423667,0.5991531624819725
2,7.14859437751004,-0.7299736395176867,-1.3426858230994783,-0.3979239160011387,0.31120831170481883,0.23583987109068752,0.4022069882185325,0.8920576844281376,0.6292705231761281
2,7.228915662650603,-0.712975561755613,-1.3503632666737453,-0.3995830433221353,0.2837903203101385,0.23324463564491638,0.4075957812276545,0.8793139694328317,0.6589771651359536
2,7.309236947791165,-0.6957908746263939,-1.3578432312138753,-0.4000204376559814,0.2568016508618504,0.23033639363610028,0.41281565241402046,0.8654749186462746,0.6882259279380057
2,7.389558232931726,-0.67842046895586,-1.3651259183890778,-0.3992929547617356,0.23029534652654546,0.22715276811327725,0.4178591734764418,0.8505606556043179,0.7169713983860919
2,7.469879518072289,-0.6608655122549454,-1.3722114575766067,-0.39745781830586724,0.20431914822638061,0.22373011593369302,0.4227223398353567,0.8345932146271192,0.7451699695148708
2,7.550200803212851,-0.6431274542025508,-1.3790998971796045,-0.394572276209846,0.1789157228669959,0.22010340089441746,0.42740430104504884,0.8175963295179791,0.7727798732675609
2,7.6305220883534135,-0.6252080310885191,-1.385791197101006,-0.39069329033584754,0.1541229019403186,0.21630609518881044,0.431907106890706,0.799595226235556,0.7997611882699827
2,7.710843373493976,-0.6071092691380422,-1.3922852224015962,-0.38587725916024523,0.12997392816890185,0.21237010570720774,0.436235470025227,0.7806164225910796,0.8260758242074688
2,7.791164658634538,-0.5888334866577896,-1.3985817381756065,-0.38017977292001265,0.10649770783782067,0.20832572200553198,0.4403965458250698,0.7606875375722699,0.8516874845127174
2,7.871485943775101,-0.5703832949582857,-1.4046804056504945,-0.37365540086586213,0.08371906680435037,0.20420158346558054,0.4443997295030276,0.7398371123585666,0.8765616093431177
2,7.951807228915663,-0.551761598019347,-1.4105807795501026,-0.3663575094786628,0.061659007545512054,0.20002466257572651,0.448256471381552,0.7180944449222828,0.9006653006230396
2,8.032128514056225,-0.5329715908845015,-1.4162823067193238,-0.35833811072044514,0.04033496523082215,0.19582026201559344,0.45198011034980606,0.6954894395893529,0.9239672311386968
2,8.112449799196787,-0.5140167567892192,-1.4217843260305012,-0.34964773867762866,0.01976106045054771,0.1916120226488327,0.4555857261897471,0.6720524728180148,0.9464375393902078
2,8.19277108433735,-0.49490086303910136,-1.4270860695366754,-0.34033535331058556,-5.1653040951185614e-05,0.18742194035583454,0.45909001049389325,0.6478142759938521,0.9680477120837346
2,8.273092369477911,-0.47562795567540656,-1.4321866648629802,-0.3304482692532947,-0.01909494757169579,0.18327038885919092,0.4625111566905751,0.6228058360695101,0.9887704557441022
2,8.353413654618475,-0.4562023529790598,-1.437085138786595,-0.3200321077863587,-0.0373631892056549,0.17917614614972754,0.46586876905244823,0.5970583146156907,1.0085795589398028
2,8.433734939759036,-0.4366286378735286,-1.4417804219384045,-0.30913076998680195,-0.0548531150087395,0.17515642207347742,0.46918379050150016,0.5706029857868526,1.027449746445645
2,8.514056224899598,-0.41691164930358177,-1.4462713545513268,-0.29778642885805723,-0.07156362098562966,0.17122688443174588,0.4724784490818252,0.5434711937298927,1.0453565264551323
2,8.594377510040161,-0.39705647267059696,-1.4505566931517595,-0.2860395383570416,-0.08749556136370724,0.16740168106708375,0.4757762226449981,0.5156943299605546,1.0622760318704698
2,8.674698795180722,-0.37706842942141405,-1.4546351180882071,-0.2739288570530865,-0.10265155977779186,0.16369345506261665,0.479101821413396,0.4873038314118836,1.0781848564526042
2,8.755020080321286,-0.35695306587815384,-1.4585052417522328,-0.2614914844942147,-0.11703583245153859,0.16011335046307215,0.482481187516882,0.45833119990929627,1.0930598866868906
2,8.835341365461847,-0.3367161414153368,-1.4621656173585997,-0.2487629080838854,-0.1306540234776114,0.15667100530538106,0.4859415108865781,0.4288080441938413,1.1068781299496342
2,8.91566265060241,-0.31636361608056496,-1.465614748121027,-0.23577705859320383,-0.14351305190292613,0.15337452884932445,0.48951126034519876,0.3987661458244444,1.1196165396787556
2,8.995983935742972,-0.2959016377594326,-1.4688510966585966,-0.22256637241613003,-0.15562097020127735,0.1502304594601664,0.49322022864399656,0.36823755071539627,1.1312518382158787
2,9.076305220883533,-0.275336528978623,-1.4718730944547807,-0.20916185884673769,-0.1669868334851604,0.14724369935125195,0.49709958976281327,0.33725468847410844,1.141760338177129
2,9.156626506024097,-0.2546747734390838,-1.4746791511894248,-0.19559317070947188,-0.17762057866477388,0.14441742189185805,0.501181966453999,0.30585052225669745,1.1511177634002008
2,9.236947791164658,-0.23392300236566108,-1.4772676637608242,-0.1818886767928718,-0.18753291260519941,0.14175294670588706,0.5055015054957245,0.27405873245264584,1.1592990708703004
2,9.317269076305221,-0.21308798074320573,-1.4796370248069877,-0.16807553469405612,-0.1967352081261743,0.13924957728600543,0.5100939572488936,0.2419139381512565,1.1662782756842698
2,9.397590361445783,-0.1921765935073207,-1.4817856305457706,-0.15417976267971778,-0.20523940663671186,0.13690439507113558,0.5149967554145101,0.20945196111590286,1.1720282817679737
2,9.477911646586346,-0.17119583173831604,-1.4837118877506568,-0.14022630931254065,-0.21305792602481427,0.13471200331165686,0.5202490915698229,0.1767101377391998,1.1765207222056495
2,9.558232931726907,-0.15015277889053447,-1.4854142196865154,-0.12623911962866205,-0.22020357231929213,0.13266421324825492,0.5258919775345695,0.14372768527094157,1.1797258144712395
2,9.638554216867469,-0.1290545970711401,-1.4868910708401248,-0.1122411966866956,-0.22668945357305353,0.13074966441733024,0.5319682866944979,0.11054612934050538,1.1816122377186817
2,9.718875502008032,-0.10790851335597318,-1.4881409102918781,-0.09825465733744282,-0.23252889433095514,0.12895337026295062,0.5385227628451312,0.07720980043046538,1.1821470417777034
2,9.799196787148594,-0.08672180610195791,-1.489162233593377,-0.08430078106264396,-0.23773534901861518,0.12725617983854629,0.545601981986173,0.04376640732605573,1.1812956006258204
2,9.879518072289157,-0.06550179117954984,-1.4899535630393654,-0.07040005070740282,-0.24232231257338416,0.12563414642712323,0.5532542484813381,0.010267695459829487,1.179021627131413
2,9.959839357429718,-0.04425580800890001,-1.4905134462552243,-0.05657218390071246,-0.24630322669886065,0.12405779467492963,0.5615294021791671,-0.02322980276531724,1.1752872707749193
2,10.040160642570282,-0.02299120523609803,-1.490840453064191,-0.042836153921415016,-0.24969138023884535,0.12249127972860453,0.5704785072559503,-0.0566639205710919,1.1700533260470876
2,10.120481927710843,-0.0017153258308690161,-1.4909331706569529,-0.02921019871491308,-0.25249980234165215,0.12089143543673592,0.5801533866017219,-0.08996591089095392,1.1632795863968846
2,10.200803212851406,0.01956450866849945,-1.4907901971629776,-0.01571181675914985,-0.25474114741513065,0.11920671472581672,0.5906059579260741,-0.1230594066351664,1.1549253866520357
2,10.281124497991968,0.040841015098510035,-1.490410133823474,-0.0023577484931940097,-0.2564275712840017,0.1173760346307179,0.6018873194779754,-0.15585930123603403,1.1449503856295018
2,10.36144578313253,0.062106967194396956,-1.489791576095949,0.010836057885755604,-0.25757059853410574,0.11532755238480606,0.6140465251947385,-0.18827057746495873,1.1333156494353178
2,10.441767068273093,0.0833552161285635,-1.4889331041842195,0.02385449723626397,-0.2581809818015693,0.11297741866306514,0.6271289826585367,-0.22018713202789286,1.1199851033272537
2,10.522088353413654,0.10457871352016085,-1.4878332736890263,0.036683375514487915,-0.25826855465880827,0.11022858071648232,0.6411744044015661,-0.2514906697511312,1.1049274239462696
2,10.602409638554217,0.1257705373478709,-1.4864906073135535,0.04930949506044201,-0.2578420808658862,0.10696974258882858,0.6562142470853681,-0.2820497749971414,1.088118441094073
2,10.682730923694779,0.1469239211052101,-1.4849035888312236,0.061720756280856964,-0.25690910402187545,0.10307463153126328,0.6722685880748936,-0.3117193089173304,1.0695441047782068
2,10.763052208835342,0.16803228636102752,-1.4830706608062316,0.07390627367129833,-0.2554758029381682,0.09840176730214795,0.6893424214174384,-0.3403403273344738,1.049204042326963
2,10.843373493975903,0.1890892785749588,-1.4809902278318232,0.0858565025270219,-0.2535468593875402,0.09279497895602892,0.7074214093490445,-0.3677407600580095,1.0271156778703205
2,10.923694779116467,0.21008880556134105,-1.478660667258751,0.09756337075782305,-0.2511253460252925,0.08608495239283666,0.7264672093428743,-0.39373712871200084,1.003318803941171
2,11.004016064257028,0.2310250773831608,-1.4760803494529116,0.10902040794017594,-0.24821264296227785,0.07809210759706067,0.7464126109928982,-0.4181375929203974,0.9778803814222928
2,11.08433734939759,0.2518926456916274,-1.4732476694737215,0.12022286134497437,-0.2448083916405285,0.06863107606626602,0.7671568578697578,-0.44074658310286785,0.950899203244494
2,11.164658634538153,0.27268643969502643,-1.4701610915779542,0.13116778637693902,-0.24091049382137278,0.05751695635404374,0.7885616828687588,-0.46137118242600916,0.92250990253057
2,11.244979919678714,0.2934017951396945,-1.4668192070748387,0.14185409707259639,-0.23651516168386713,0.04457334906617137,0.8104487196531676,-0.4798292412784622,0.8928856491055399
2,11.325301204819278,0.31403447212403207,-1.463220804720232,0.15228256151529318,-0.23161702193399733,0.029641909497075222,0.8325990254602167,-0.4959589431364004,0.8622388011940144
2,11.405622489959839,0.3345806574488651,-1.4593649511325888,0.16245572769941835,-0.22620927277269046,0.012592826107504729,0.854755406125017,-0.5096292112557882,0.8308188177802641
2,11.485943775100402,0.3550369477764617,-1.4552510767964362,0.1723777680113477,-0.22028388772314267,-0.006664706955377332,0.8766280304954301,-0.520750008832432,0.7989069340241507
2,11.566265060240964,0.37540031123931417,-1.4508790614418037,0.18205423510179825,-0.21383185552544867,-0.028173218833357543,0.897903440683265,-0.5292813275077548,0.7668074762839892
2,11.646586345381525,0.3956680273119487,-1.4462493113426613,0.1914917286521405,-0.20684344112011724,-0.051920174696890434,0.9182565510046443,-0.5352395812671987,0.7348362014581361
2,11.726907630522089,0.41583760740057263,-1.4413628207889797,0.20069747982792754,-0.19930845046326257,-0.07783478827495162,0.9373646699822238,-0.5387002989535484,0.70330660127002
2,11.80722891566265,0.4359067013776524,-1.4362212108983985,0.2096788686772888,-0.19121648141807954,-0.10578911643435973,0.9549221401965449,-0.5397964536205815,0.6725155521199347
2,11.887550200803213,0.45587299741551707,-1.4308267410672821,0.21844289576839207,-0.1825571454936385,-0.13560349269754468,0.9706539767064452,-0.5387124004863643,0.6427299098544773
2,11.967871485943775,0.4757341236250942,-1.4251822912779613,0.22699563381440635,-0.17332024935747312,-0.16705568347436317,0.9843270014257491,-0.5356740739651373,0.614175539209687
2,12.048192771084338,0.4954875597773875,-1.419291316852093,0.2353416865598712,-0.16349593094587084,-0.19989260196894215,0.9957573909761314,-0.5309366443683167,0.5870298568218342
2,12.1285140562249,0.5151305658774993,-1.413157780032728,0.24348367972871574,-0.15307475090078596,-0.23384312951951514,1.0048141490744136,-0.5247711160866999,0.5614183818591021
2,12.208835341365461,0.5346601319522389,-1.406786064876975,0.2514218044952801,-0.14204774550724678,-0.2686306039741462,1.0114186522495028,-0.5174513324733729,0.5374151581347205
2,12.289156626506024,0.5540729506563016,-1.4001808827492663,0.2591534275027486,-0.13040645108757304,-0.30398381017143106,1.0155409209606467,-0.5092425679876191,0.5150464128761941
2,12.369477911646586,0.5733654117495999,-1.3933471754572386,0.26667277465301004,-0.11814291192275933,-0.33964572601263787,1.017193567429631,-0.500392460389972,0.49429651995036866
2,12.449799196787149,0.592533615543315,-1.3862900219285208,0.2739706892602433,-0.1052496841449522,-0.37537972116904555,1.0164244445810204,-0.4911245836345128,0.4751152614924544
2,12.53012048192771,0.6115734012755183,-1.3790145527543363,0.28103446022437517,-0.09171984707310579,-0.4109732833477939,1.0133089168674239,-0.48163457815209954,0.4574254829600202
2,12.610441767068274,0.6304803859846613,-1.3715258751973793,0.2878477118622854,-0.07754703161018434,-0.4462395986012566,1.0079424643752306,-0.4720884992456901,0.44113044243233474
2,12.690763052208835,0.6492500096918267,-1.363829009771607,0.29439034521300256,-0.0627254732018735,-0.4810174456872886,1.0004340897791353,-0.46262290921754035,0.42612039319434714
2,12.771084337349398,0.6678775833225524,-1.35592883828886,0.30063851972196987,-0.04725009464718661,-0.5151698877718635,0.9909007738185057,-0.4533462152726587,0.4122781591175426
2,12.85140562248996,0.6863583366090099,-1.347830062464639,0.30656466466531873,-0.031116622205727924,-0.5485822037932423,0.9794630494571316,-0.44434079748108624,0.39948363521323726
2,12.931726907630521,0.7046874640472404,-1.339537171746795,0.31213751093334957,-0.014321737168325948,-0.5811594235935579,0.9662416428564585,-0.4356655513870317,0.38761726605866437
2,13.012048192771084,0.7228601677148758,-1.3310544188007774,0.3173221352065759,0.0031367361690858853,-0.6128237384107081,0.9513550596006797,-0.42735856451074344,0.37656262303101357
2,13.092369477911646,0.7408716963653067,-1.3223858011738665,0.3220800106850249,0.021259605380532086,-0.6435119781188708,0.9349179619235461,-0.41943972893146075,0.36620823386978996
2,13.17269076305221,0.7587173806600871,-1.3135350477758905,0.32636906037034363,0.040046047196964564,-0.6731732733660575,0.917040178203535,-0.4119131676643734,0.3564488223753926
2,13.25301204819277,0.776392664700027,-1.3045056090318958,0.330143710834282,0.05949330662368715,-0.7017669674271962,0.8978261976753934,-0.40476940810711276,0.3471861047328172
2,13.333333333333334,0.7938931342132535,-1.295300649816434,0.3333549463870928,0.07959635684183256,-0.7292608040050927,0.8773750222863023,-0.39798727659525335,0.3383292706883008
2,13.413654618473895,0.8112145418481769,-1.2859230444944836,0.3359503653232569,0.10034751847481795,-0.7556293905778816,0.8557802702179087,-0.39153551659355207,0.3297952558017587
2,13.493975903614459,0.8283528300544187,-1.2763753736116419,0.3378742417459018,0.12173603623438226,-0.7808529212327888,0.8331304469872236,-0.3853741505675317,0.321508890390038
2,13.57429718875502,0.8453041520289045,-1.2666599219597485,0.33906759833597744,0.1437476104588787,-0.8049161338975948,0.8095093191724921,-0.37945561646728704,0.3134029923283797
2,13.654618473895582,0.8620648911631795,-1.2567786778933474,0.3394682972953221,0.1663638807026384,-0.8278074729979893,0.7849963420717969,-0.37372571546051214,0.30541845511891386
2,13.734939759036145,0.8786316793864044,-1.2467333339080875,0.33901115883277044,0.18956185828574332,-0.8495184278514228,0.7596671054762002,-0.368124410367752,0.297504370146146
2,13.815261044176706,0.8950014147444998,-1.236525288600937,0.33762811890259514,0.21331330479707414,-0.8700430181811144,0.7335937719594685,-0.36258651546598036,0.2896182118443961
2,13.89558232931727,0.9111712784957705,-1.226155650223143,0.3352484404796515,0.23758405408690395,-0.889377400312512,0.7068454899429993,-0.35704231866291,0.2817261061932415
2,13.975903614457831,0.9271387519555719,-1.2156252421304972,0.33179899573334687,0.26233327634000414,-0.907519570145439,0.6794887694841201,-0.35141817754347976,0.27380319630637473
2,14.056224899598394,0.9429016332611736,-1.2049346105181997,0.32720463981007847,0.287512684731507,-0.9244691416960986,0.6515878130821354,-0.3456371313751534,0.2658341127045594
2,14.136546184738956,0.9584580541651566,-1.1940840349091661,0.32138870057114693,0.31306568828794745,-0.940227182510583,0.6232047969982926,-0.3396195722257205,0.2578135496229283
2,14.216867469879517,0.973806496896952,-1.1830735419625318,0.3142736125733152,0.3389264989830517,-0.9547960896479062,0.5944001007950876,-0.33328401982236106,0.24974694218439428
2,14.29718875502008,0.9889458110314708,-1.1719029232643874,0.30578172727756786,0.3650192073445665,-0.9681794922452196,0.5652324845643374,-0.32654804606381904,0.24165123135548544
2,14.377510040160642,1.0038752301964797,-1.1605717578615575,0.29583633455581426,0.39125684969528296,-0.9803821685306076,0.5357592147427068,-0.3193293962216863,0.23355569342357002
2,14.457831325301205,1.0185943882868727,-1.1490794404079494,0.28436293239913196,0.41754050108128715,-0.9914099672991477,0.5060361404605882,-0.31154735338685713,0.225502798866076
2,14.538152610441767,1.03310333463956,-1.137425215882298,0.27129078106823834,0.4437584417713758,-1.0012697258768672,0.4761177234423359,-0.30312438983093126,0.21754905066858832
2,14.61847389558233,1.0474025473852322,-1.1256082218967394,0.25655477320220915,0.4697854624776351,-1.0099691783052465,0.44605702565033956,-0.2939881422821949,0.20976573376876673
2,14.698795180722891,1.0614929438400627,-1.113627539627805,0.24009764152281565,0.495482391454296,-1.017516849833339,0.4159056598581035,-0.2840737355295396,0.20223948831540756
2,14.779116465863453,1.0753758864032923,-1.101482254319319,0.22187250831659566,0.520695945677661,-1.0239219358964562,0.38571370958003204,-0.273326458823432,0.1950725990616279
2,14.859437751004016,1.089053182012412,-1.0891715260821149,0.20184575362569598,0.545259026384399,-1.0291941656713013,0.3555296262143582,-0.2617047699668069,0.18838287348335955
2,14.939759036144578,1.1025270727002232,-1.0766946713075711,0.18000014288205843,0.568991589457276,-1.0333436527074393,0.32540011241990535,-0.24918356287484253,0.18230296943039187
2,15.02008032128514,1.1158002143486543,-1.0640512543577465,0.1563381083255705,0.5917022214294736,-1.0363807370563929,0.29537000203691555,-0.23575758561783203,0.17697903089135938
2,15.100401606425702,1.1288756404558276,-1.0512411882338346,0.13088502386362766,0.6131905375563773,-1.0383158246280548,0.2654821479982773,-0.22144483969140033,0.17256850267918208
2,15.180722891566266,1.1417567075705535,-1.0382648416724838,0.10369225981266263,0.6332504790392032,-1.0391592310194577,0.23577733007960197,-0.20628973636375839,0.16923703255368078
2,15.261044176706827,1.1544470193202028,-1.0251231485719392,0.07483975687133192,0.6516745246570862,-1.0389210374804214,0.20629419440545005,-0.1903657387111138,0.16715442950940493
2,15.34136546184739,1.166950326792682,-1.0118177139215832,0.04443782977677543,0.668258747922188,-1.037610966256356,0.177069235710037,-0.17377719031310188,0.16648973028936018
2,15.421686746987952,1.1792704043674032,-0.9983509087049585,0.01262791791170699,0.682808545920408,-1.035238282160352,0.14813683146715734,-0.1566600401187584,0.16740553131739513
2,15.502008032128513,1.1914109022547992,-0.9847259448338388,-0.02041795697017601,0.6951447625420104,-1.0318117255447394,0.11952933419859021,-0.1391812197398841,0.17005184809324028
2,15.582329317269076,1.2033751797142382,-0.9709469204345282,-0.05449917657416318,0.7051098388659416,-1.0273394802138966,0.09127722448024934,-0.1215365229261789,0.17455985708833946
2,15.662650602409638,1.2151661260016509,-0.9570188260524474,-0.0893899781861908,0.7125735686078472,-1.021829178348282,0.06340932326992897,-0.10394696946717863,0.18103593417467315
2,15.742971887550201,1.2267859792539868,-0.9429475040006957,-0.12484425657730988,0.7174380388105567,-1.015287942453089,0.03595305740339076,-0.08665378022358836,0.18955640778675026
2,15.823293172690763,1.238236155984504,-0.928739556072894,-0.16060145608879306,0.7196413908144563,-1.0077224636228739,0.00893476858424062,-0.06991223627283759,0.2001633966741993
2,15.903614457831326,1.2495171053215353,-0.9144021991125201,-0.19639318637310094,0.7191601456919487,-0.9991391146615564,-0.017619946433534962,-0.053984804286878414,0.21286199985410834
2,15.983935742971887,1.2606282018732016,-0.8999430732024847,-0.231950147541244,0.7160099819244814,-0.9895440958315408,-0.04368587946016894,-0.039133958500417176,0.22761897073817436
2,16.06425702811245,1.2715676889704732,-0.8853700123752138,-0.26700894952689075,0.7102449943016466,-0.9789436116525222,-0.06923785279635006,-0.025615127791060698,0.24436287086991945
2,16.14457831325301,1.2823326803063257,-0.870690792270794,-0.3013184657347503,0.701955581511563,-0.9673440767337511,-0.09425037239734943,-0.013670137837824786,0.2629855831565827
2,16.224899598393574,1.2929192224907042,-0.8559128724272105,-0.33464546583255234,0.6912651991667557,-0.9547523489339529,-0.11869730549309776,-0.0035214077241997183,0.2833449787535549
2,16.305220883534137,1.3033224155181022,-0.841043151601909,-0.3667793546833802,0.6783262354793522,-0.9411759880571281,-0.14255159047322138,0.004632927222405701,0.30526850659578036
2,16.3855421686747,1.313536582399989,-0.8260877535221234,-0.3975359449080202,0.6633152647485115,-0.9266235375698122,-0.16578498604089303,0.010622900077842914,0.32855747481450714
2,16.46586345381526,1.3235554747871983,-0.8110518570676418,-0.42676024994431605,0.646427902168073,-0.9111048270815714,-0.1883678636039444,0.014309602238688742,0.3529918185035157
2,16.546184738955823,1.333372498719473,-0.7959395802017143,-0.45432831607067703,0.6278734382142556,-0.8946312919295453,-0.21026904469547256,0.01558710928074871,0.3783351866829336
2,16.626506024096386,1.3429809438069606,-0.7807539215016743,-0.4801481259221864,0.6078694011748305,-0.8772163058821159,-0.2314556843101829,0.014383487997341009,0.40434020463702897
2,16.70682730923695,1.3523742003355606,-0.7654967577418533,-0.5041596063141282,0.5866361787451756,-0.8588755224865637,-0.25189320031053075,0.010660928465130809,0.4307537793072107
2,16.78714859437751,1.3615459514927872,-0.7501688914396771,-0.5263337734238848,0.5643918245038329,-0.8396272196833132,-0.27154524909117234,0.004415041614410359,0.4573223160270189
2,16.867469879518072,1.370490331619334,-0.7347701389397243,-0.5466710590369577,0.5413471819247057,-0.8194926421080285,-0.2903737481006662,-0.004326630474348048,0.48379670511568706
2,16.947791164658636,1.3792020455087215,-0.7192994477656384,-0.5651988841078286,0.5177014641661944,-0.7984963354688415,-0.308338946184293,-0.015506825932051889,0.509936929783739
2,17.028112449799195,1.3876764476791223,-0.7037550316115303,-0.5819685760144325,0.4936384229044759,-0.7766664671267813,-0.3253995431967985,-0.02904140453790898,0.5355161519038549
2,17.10843373493976,1.3959095838811524,-0.6881345121436884,-0.5970517612614626,0.4693232237511463,-0.7540351276034984,-0.34151286019047333,-0.044822695016191905,0.5603241485830172
2,17.188755020080322,1.4038981995472521,-0.6724350584894284,-0.6105363939129274,0.4449001128886087,-0.7306386080803439,-0.356635061103233,-0.06272319755398147,0.5841700067040546
2,17.269076305220885,1.4116397213684444,-0.6566535174507677,-0.6225225965149662,0.4204909156743653,-0.7065176495223819,-0.37072142623445087,-0.08259947533109659,0.6068840280108553
2,17.349397590361445,1.4191322188555835,-0.6407865297892182,-0.6331184941025824,0.3961943623627872,-0.6817176601285195,-0.38372667608451727,-0.10429606462448196,0.6283188435109502
2,17.429718875502008,1.4263743525778136,-0.624830630085106,-0.6424362057072827,0.3720861877961831,-0.6562888982864618,-0.3956053431335214,-0.12764924858406967,0.6483497854224464
2,17.51004016064257,1.433365315140512,-0.6087823294858656,-0.6505881306094328,0.34821991493140986,-0.6302866192137766,-0.4063121876676327,-0.15249056531730282,0.6668746022220905
2,17.59036144578313,1.4401047700555738,-0.5926381821270132,-0.6576836337747585,0.3246282083596576,-0.6037711842752239,-0.41580265184316584,-0.17864995200559158,0.6838126256105235
2,17.670682730923694,1.4465927925034614,-0.576394836962636,-0.6638261936069796,0.3013246688019432,-0.5768081325276863,-0.4240333458173239,-0.20595846636879594,0.6991035139780186
2,17.751004016064257,1.4528298149228722,-0.5600490773680684,-0.6691110400894065,0.2783059410723473,-0.5494682148543041,-0.4309625588448971,-0.2342505599791616,0.71270569514062
2,17.83132530120482,1.4588165793772458,-0.5435978512078292,-0.6736232818574553,0.25555401792314025,-0.5218273914148972,-0.43655078770943617,-0.26336590610489324,0.724594620994127
2,17.91164658634538,1.464554097764862,-0.5270382940886965,-0.6774364952209307,0.233038637006404,-0.49396679363520546,-0.44076127544470345,-0.2931508089087258,0.7347609325269979
2,17.991967871485944,1.4700436202401315,-0.5103677484099397,-0.6806117317454288,0.2107196883648233,-0.46597265255314,-0.4435605540885497,-0.3234592359415628,0.743208614133668
2,18.072289156626507,1.4752866116907961,-0.4935837806752825,-0.6831968953269197,0.18854957052394236,-0.4379361950090985,-0.44491898532287794,-0.3541535213547778,0.7499531954742199
2,18.152610441767067,1.480284735662647,-0.4766841992076607,-0.68522643279246,0.16647545092878985,-0.40995350977928424,-0.4448112949439963,-0.38510479309090284,0.755020043222869
2,18.23293172690763,1.485039844805938,-0.4596670741454578,-0.6867212841866113,0.14444140413728096,-0.3821253859363953,-0.443217098564277,-0.41619317468293193,0.7584427685724556
2,18.313253012048193,1.489553976693526,-0.4425307613403896,-0.6876890460247328,0.12239041444460905,-0.3545571244636188,-0.4401214165255357,-0.44730780620517474,0.7602617634213179
2,18.393574297188756,1.493829353617261,-0.42527393142605713,-0.6881243021410403,0.10026624024456518,-0.3273583251056984,-0.43551517922176064,-0.4783467263705226,0.7605228704032544
2,18.473895582329316,1.497868384811057,-0.40789560506418615,-0.6880090869553925,0.07801514584730229,-0.3006426488026716,-0.4293957249612341,-0.5092166490529929,0.7592761841781198
2,18.55421686746988,1.5016736693559487,-0.3903951950308842,-0.6873134514726934,0.055587512355205655,-0.2745275553968853,-0.4217672950870297,-0.5398326624863704,0.7565749777627099
2,18.634538152610443,1.505247997853049,-0.37277255545298976,-0.6859961100378613,0.03293934338819972,-0.24913401456046508,-0.412641533083314,-0.5701178732547231,0.7524747451481058
2,18.714859437751002,1.5085943507661708,-0.3550280380960242,-0.684005152776543,0.01003368439178692,-0.22458618542117087,-0.40203799671273804,-0.6000030125684572,0.747032350416977
2,18.795180722891565,1.5117158911196449,-0.33716255505883547,-0.6812788137503258,-0.013158022711752308,-0.20101105881017914,-0.38998469612162756,-0.6294260185591402,0.7403052738922171
2,18.87550200803213,1.5146159491513211,-0.3191776467256219,-0.6777462965566275,-0.03665462801556445,-0.1785380486905092,-0.3765186706734594,-0.6583316039041844,0.7323509454146474
2,18.955823293172692,1.5172979963280406,-0.30107555301910993,-0.6733286619699881,-0.06046398097786146,-0.1572985172420957,-0.36168662283814873,-0.686670817115957,0.7232261568351218
2,19.03614457831325,1.5197656061721063,-0.282859285226105,-0.6679397952140896,-0.08458163387364462,-0.13742520818670936,-0.3455456269460448,-0.7144006027713076,0.7129865460457961
2,19.116465863453815,1.522022399458751,-0.2645326947090597,-0.6614874802256663,-0.10898951999876258,-0.11905155414190058,-0.32816393151435386,-0.7414833650911842,0.701686146222178
2,19.196787148594378,1.524071971688933,-0.2461005337821488,-0.65387462129546,-0.13365458953683676,-0.10231081211167833,-0.3096218717242468,-0.7678865382817948,0.6893769950432341
2,19.277108433734938,1.5259178013918941,-0.22756850296941766,-0.6450006675823071,-0.1585273944346518,-0.08733496743025372,-0.29001290230266175,-0.7935821663793334,0.6761087997067329
2,19.3574297188755,1.5275631388088382,-0.2089432779169793,-0.6347633132100167,-0.18354062861340814,-0.07425333060799151,-0.2694447479588196,-0.8185464949908301,0.661928654489209
2,19.437751004016064,1.5290108759591503,-0.19023250843638065,-0.6230605614878223,-0.2086076519970565,-0.06319073736784833,-0.24804064839114717,-0.8427595771034797,0.6468808088245861
2,19.518072289156628,1.5302634009992813,-0.17144478184540946,-0.6097932560197533,-0.23362106109750663,-0.05426525000862815,-0.22594064192702923,-0.8662048949708998,0.6310064848699471
2,19.598393574297187,1.5313224421289877,-0.15258954308696068,-0.594868187320422,-0.2584514151481518,-0.04758525484403207,-0.20330278650789635,-0.8888689999645336,0.6143437447430106
2,19.67871485943775,1.532188908979377,-0.13367696533853646,-0.5782018744123422,-0.28294628614246226,-0.04324586254273617,-0.18030415740970274,-0.9107411720242987,0.5969274088907033
2,19.759036144578314,1.5328627421519432,-0.11471776724150111,-0.5597250878471072,-0.3069298713208836,-0.041324554318028485,-0.15714138971680078,-0.9318130999868075,0.5787890282791874
2,19.839357429718877,1.5333427840260203,-0.09572297657969972,-0.5393881124900534,-0.3302034777621032,-0.0418760881632764,-0.1340304599955195,-0.9520785833726905,0.5599569143373244
2,19.919678714859437,1.5336266855287162,-0.07670364527241948,-0.5171666365242183,-0.3525472479010682,-0.04492679370468906,-0.11120533825149878,-0.9715332552998086,0.5404562314249884
2,20.0,1.5337108637234074,-0.05767052654742243,-0.49306799464456186,-0.3737235146321831,-0.050468544287118305,-0.08891511582210818,-0.990174324791727,0.5203091570017158
3,0.0,-0.5720955845771305,-0.2127459779667486,-0.4722753801059128,1.000227633873372,1.0342304737914414,-1.1093340277110735,0.010140490891601985,0.3218523718044499
3,0.08032128514056225,-0.5538069380456276,-0.23110321338166862,-0.4991190853622098,0.9887832968659125,1.047447911476434,-1.0960778750938946,0.00547811193140349,0.3383977916096509
3,0.1606425702811245,-0.535025511089732,-0.24848431121939676,-0.525625873550335,0.9762581802761319,1.0604844172488068,-1.0826309872737319,0.00016696739125975427,0.3548571182169967
3,0.24096385542168675,-0.5158191528649309,-0.2648836767935531,-0.5517472211311263,0.962651823888811,1.0733385487212357,-1.0689932866262821,-0.0057721747251788386,0.3712251395310242
3,0.321285140562249,-0.4962541416240568,-0.28030087708451645,-0.5774325228722632,0.9479654678556189,1.0860088901177476,-1.0551648292994977,-0.01232222562142797,0.3875002385283954
3,0.40160642570281124,-0.4763946698057656,-0.29474023468697397,-0.6026290367961747,0.932202346523627,1.0984940272768462,-1.0411458081280283,-0.019470320674905922,0.4036836962913753
3,0.4819277108433735,-0.4563024080494371,-0.3082103755267643,-0.6272818566624857,0.9153680194061866,1.1107925245799815,-1.0269365528898022,-0.027208259868058873,0.41977890901037984
3,0.5622489959839357,-0.4360361497310977,-0.3207237464753357,-0.6513339194767338,0.8974707406532524,1.1229029041053784,-1.0125375280703175,-0.03553283489754714,0.4357905338924009
3,0.642570281124498,-0.4156515347525503,-0.33229611777951673,-0.674726056828542,0.8785218674135045,1.1348236272397905,-0.9979493283257251,-0.044446035658698285,0.4517235786917374
3,0.7228915662650602,-0.39520084899896746,-0.342946083595602,-0.6973971002892925,0.8585363059851797,1.1465530789197411,-0.983172671851068,-0.05395512963148125,0.46758244946149036
3,0.8032128514056225,-0.37473289378070207,-0.3526945720971947,-0.7192840525532478,0.8375329928156078,1.1580895546519034,-0.9682083918682683,-0.0640726083179535,0.4833699711498554
3,0.8835341365461847,-0.35429291855225836,-0.3615643745647267,-0.7403223371646078,0.8155354047766645,1.1694312504052815,-0.9530574264682211,-0.0748159946884153,0.49908639625628337
3,0.963855421686747,-0.3339226092977676,-0.3695797009171057,-0.7604461404631554,0.7925720900579787,1.1805762554633927,-0.9377208070520172,-0.0862075057024698,0.5147284179111441
3,1.0441767068273093,-0.31366012492816775,-0.3767657672301125,-0.779588859635242,0.7686772069660528,1.191522548260671,-0.9221996456494826,-0.0982735636972614,0.5302882059135422
3,1.1244979919678715,-0.2935401739077574,-0.3831484191692241,-0.7976836700577161,0.7438910536146139,1.2022679952318807,-0.9064951214128182,-0.11104415126640718,0.5457524869674283
3,1.2048192771084336,-0.27359412389961946,-0.38875379377111585,-0.8146642231440958,0.7182605665610124,1.2128103526558565,-0.8906084666211472,-0.1245520056121413,0.5611016938312507
3,1.285140562248996,-0.2538501377568513,-0.3936080207596557,-0.8304654826185218,0.6918397608095893,1.2231472714280769,-0.8745409525721579,-0.13883165105270376,0.5763092125222246
3,1.3654618473895583,-0.23433332987780636,-0.3977369636433127,-0.8450247017596957,0.664690079108915,1.2332763046659256,-0.8582938757721753,-0.1539182730284235,0.591340760306573
3,1.4457831325301205,-0.21506593777528374,-0.4011660000095345,-0.8582825369342517,0.6368806138224736,1.243194917979818,-0.8418685448754715,-0.16984644327028245,0.6061539310625322
3,1.5261044176706826,-0.19606750447401544,-0.4039198398145429,-0.8701842833335102,0.60848816172156,1.2529005021784547,-0.8252662688511269,-0.1866487143709287,0.6206979469441096
3,1.606425702811245,-0.17735506811443372,-0.4060223800105761,-0.8806812076179873,0.579597071628857,1.2623903880968055,-0.8084883468711745,-0.20435411236438433,0.6349136552528937
3,1.6867469879518073,-0.1589433558414627,-0.4074965934754112,-0.889731939558093,0.5502988472348452,1.2716618631500005,-0.7915360604077467,-0.22298656775044476,0.6487338066483127
3,1.7670682730923695,-0.14084497969630394,-0.408364449934286,-0.8973038716786362,0.5206914739342265,1.2807121891316038,-0.7744106679964938,-0.24256333775666342,0.6620836439965532
3,1.8473895582329316,-0.1230706327093148,-0.40864686632016717,-0.9033745038596699,0.49087844934938824,1.2895386206892594,-0.7571134030627326,-0.26309348412027456,0.6748818200335114
3,1.927710843373494,-0.10562928372505899,-0.408363683789214,-0.9079326600852659,0.4609675121321895,1.2981384238479197,-0.7396454751053777,-0.28457648003759467,0.6870416467624021
3,2.0080321285140563,-0.08852837013526342,-0.4075336686184793,-0.9109794992225145,0.43106908492778084,1.306508893912924,-0.7220080744313219,-0.307001024555146,0.6984726581220202
3,2.0883534136546187,-0.07177398725255622,-0.40617453374443907,-0.9125292422832271,0.40129446588276013,1.3146473720644312,-0.7042023804448911,-0.3303441425286478,0.7090824483065701
3,2.1686746987951806,-0.055371073788902936,-0.4043029779422708,-0.9126095463363436,0.3717538293636466,1.3225512600034441,-0.6862295733628343,-0.3545706398781974,0.7187787219414585
3,2.248995983935743,-0.03932359258115561,-0.40193473937418894,-0.9112614708801148,0.34255411572919015,1.3302180320695536,-0.6680908490398841,-0.37963296860828305,0.7274714726848829
3,2.3293172690763053,-0.023634705741370263,-0.3990846602953271,-0.9085390047620596,0.31379690593260307,1.337645244379045,-0.6497874364305575,-0.4054715338756148,0.7350751907932812
3,2.4096385542168672,-0.008306943223156844,-0.3957667597055745,-0.904508149774301,0.2855763858840824,1.344830540687644,-0.6313206170645072,-0.43201544769018574,0.7415109908859991
3,2.4899598393574296,0.006657636056507148,-0.3919943110088531,-0.8992455873386382,0.2579775057718064,1.35177165486497,-0.6126917458313935,-0.45918370358283883,0.7467085510684403
3,2.570281124497992,0.021257291543770148,-0.38777992178003307,-0.8928369844061458,0.23107443032187128,1.3584664100398445,-0.5939022723445313,-0.4868867171774686,0.750607763802693
3,2.6506024096385543,0.0354904580435141,-0.38313561323025647,-0.8853750202002432,0.20492935419921776,1.3649127147099143,-0.5749537620873971,-0.5150281525531849,0.7531600211184357
3,2.7309236947791167,0.04935561318618343,-0.378072897158419,-0.876957232895591,0.17959173539297768,1.3711085562200636,-0.5558479166925218,-0.5435069365106558,0.754329078457963
3,2.8112449799196786,0.0628511562454454,-0.3726028487840596,-0.8676837949431633,0.15509796638334364,1.3770519921782032,-0.5365865927407865,-0.5722193534804851,0.7540914751415024
3,2.891566265060241,0.07597529911348992,-0.3667361739970833,-0.857655323024182,0.13147147467517778,1.3827411404540115,-0.5171718186238351,-0.6010611165433193,0.7524365179457406
3,2.9718875502008033,0.0887259695706772,-0.3604832704778963,-0.8469708208828935,0.10872321637413196,1.3881741684301345,-0.4976058091648404,-0.6299293171179179,0.7493658632686048
3,3.0522088353413652,0.1011007271223801,-0.35385428206983827,-0.8357258333883252,0.08685250595463699,1.393349282172634,-0.47789097783939416,-0.6587241759066889,0.7448927539545954
3,3.1325301204819276,0.11309669117553807,-0.34685914645937993,-0.8240108694067146,0.06584811034769673,1.3982647161441197,-0.45802994657124946,-0.6873505379129429,0.7390409826829326
3,3.21285140562249,0.12471048086795344,-0.3395076365289844,-0.8119101284280363,0.045689529325659936,1.4029187239663456,-0.43802555322169506,-0.7157190764062624,0.7318436604250195
3,3.2931726907630523,0.13593816587488308,-0.3318093958744417,-0.799500541550236,0.02634838472687851,1.4073095706771352,-0.41788085695484317,-0.7437471950017822,0.7233418681024063
3,3.3734939759036147,0.14677522693038092,-0.32377396932075336,-0.7868511198169539,0.007789847148991332,1.4114355267620782,-0.3975991417603914,-0.7713596338755052,0.7135832639321533
3,3.4538152610441766,0.1572165250694822,-0.3154108292726977,-0.7740225849489439,-0.010025960489905384,1.4152948642096772,-0.3771839183947423,-0.7984888043302155,0.7026207081573453
3,3.534136546184739,0.1672562777912427,-0.3067293989591725,-0.761067250719901,-0.02714263105603451,1.4188858546086789,-0.35663892509822337,-0.8250748816800207,0.6905109551134302
3,3.6144578313253013,0.1768880410165047,-0.2977390735245912,-0.7480291127538176,-0.04360624771629058,1.4222067693518154,-0.33596812734462417,-0.8510656976145027,0.6773134485855059
3,3.694779116465863,0.18610469520103878,-0.2884492400440653,-0.7349441054181003,-0.059464287255336215,1.4252558818432426,-0.3151757169151485,-0.8764164716261811,0.6630892442145498
3,3.7751004016064256,0.19489843418729896,-0.27886929745053035,-0.7218404845520574,-0.07476466347287565,1.4280314715773215,-0.2942661105382228,-0.901089421212563,0.6479000714616289
3,3.855421686746988,0.20326075549631575,-0.26900867738505296,-0.7087392977607874,-0.0895549126509434,1.4305318299224643,-0.2732439482916597,-0.9250532876579928,0.6318075383276561
3,3.9357429718875503,0.21118245084987639,-0.2588768669549527,-0.695654909060394,-0.10388151608789956,1.4327552674055186,-0.2521140919299168,-0.9482828091950013,0.6148724749727691
3,4.016064257028113,0.2186535958671073,-0.24848343434263392,-0.6825955500386853,-0.11778934977941541,1.4347001222752165,-0.23088162326311762,-0.9707581681036387,0.5971544073851669
3,4.096385542168675,0.22566353808695583,-0.23783805824472493,-0.669563874924608,-0.13132124800998027,1.436364770121823,-0.20955184267367022,-0.9924644332841709,0.5787111489283754
3,4.176706827309237,0.23220088264470637,-0.22695056212341172,-0.656557502358933,-0.1445176659439818,1.4377476343232574,-0.18813026782844547,-1.013391014609031,0.5595984958958389
3,4.257028112449799,0.23825347512347955,-0.21583095426316468,-0.6435695313588516,-0.15741642578421955,1.4388471970906531,-0.16662263261987934,-1.0335311408552814,0.5398700126672634
3,4.337349397590361,0.24380838133931432,-0.20448947472073023,-0.6305890228972936,-0.1700525312218558,1.4396620108908547,-0.14503488634301093,-1.0528813693328758,0.5195768922855969
3,4.417670682730924,0.24885186399989676,-0.19293665028014664,-0.6176014420025495,-0.18245803583638742,1.440190710026225,-0.1233731931025413,-1.0714411320235726,0.49876787921907534
3,4.497991967871486,0.25336935648342906,-0.18118335870031838,-0.604589057949374,-0.1946619520517719,1.4404320221505986,-0.10164393142049487,-1.0892123206846538,0.47748924217258515
3,4.578313253012048,0.2573454341257247,-0.16924090352581345,-0.5915313023672729,-0.20669018884104864,1.4403847795063234,-0.07985369401385631,-1.106198911264775,0.45578478638071845
3,4.658634538152611,0.2607637838234444,-0.15712110101902704,-0.578405086617072,-0.2185655073507577,1.4400479296538988,-0.05800928768649247,-1.1224066268602713,0.4336958960562772
3,4.738955823293173,0.26360717290998303,-0.1448363807917904,-0.5651850811279974,-0.23030748515841404,1.439420545472579,-0.03611773327596279,-1.137842637254565,0.4112615992261671
3,4.8192771084337345,0.2658574188498575,-0.13239990196076384,-0.5518439604385578,-0.24193248083846308,1.4385018341755709,-0.014186265581678011,-1.152515292586871,0.38851864838090483
3,4.899598393574297,0.26749536145936714,-0.11982568675380775,-0.5383526183409169,-0.2534535916832804,1.4372911451021784,0.007777666817289079,-1.1664338882206289,0.3655016116197989
3,4.979919678714859,0.2685008400965931,-0.10712877369061921,-0.5246803581990898,-0.2648805982005391,1.4357879760011585,0.029766401958422208,-1.1796084578986619,0.3422429699327359
3,5.0602409638554215,0.2688526787455439,-0.09432539261659484,-0.510795064148518,-0.27621988978984574,1.4339919775163845,0.05177206523818957,-1.1920495921134104,0.3187732171682509
3,5.140562248995984,0.2685286826949683,-0.08143316391559335,-0.4966633594577308,-0.2874743667414769,1.4319029555597005,0.07378657065178357,-1.2037682787969382,0.29512096000528665
3,5.220883534136546,0.2675056513459975,-0.06847132428080413,-0.48225075901910625,-0.298643314263463,1.429520871236683,0.0958016227096267,-1.2147757635635743,0.2713130158346405
3,5.301204819277109,0.2657594127712629,-0.05546098146536488,-0.4675218237215282,-0.3097222447746399,1.4268458379637767,0.11780871927098702,-1.2250834270135116,0.24737450696901783
3,5.381526104417671,0.2632648867957056,-0.04242540000154062,-0.4524403254270659,-0.3207027055679693,1.4238781154066595,0.13979915554475514,-1.2347026767752995,0.22332895002475456
3,5.461847389558233,0.2599961848637491,-0.02939031962218586,-0.4369694324362929,-0.33157204960142617,1.4206180998512554,0.16176402959398795,-1.2436448522787118,0.1991983396296238
3,5.542168674698795,0.25592675645381774,-0.016384307161036827,-0.42107192661596177,-0.3423131684321374,1.417066310634255,0.1836942497078145,-1.251921140472111,0.1750032258853594
3,5.622489959839357,0.25102959379998824,-0.0034391417488845444,-0.4047104650429956,-0.3529041875650915,1.4132233722475744,0.20558054411420756,-1.259542501004567,0.15076278519976827
3,5.7028112449799195,0.2452775084162226,0.009409768940097436,-0.3878479006021223,-0.36331812676308944,1.4090899917964648,0.22741347353357305,-1.266519599610565,0.12649488428941885
3,5.783132530120482,0.23864349504501592,0.022122946033899846,-0.3704476778605969,-0.37352253048061457,1.4046669315405083,0.24918344717615565,-1.2728627487249273,0.10221613727055892
3,5.863453815261044,0.23110120050286292,0.0346563785065176,-0.3524743222335101,-0.3834790772363949,1.3999549763388142,0.2708807428507585,-1.2785818546081669,0.07794195587911865
3,5.943775100401607,0.22262551642113054,0.04696105677799751,-0.3338940418756084,-0.3931431816571204,1.3949548959716491,0.29249553191389605,-1.283686370517171,0.05368659296522703
3,6.024096385542169,0.213193315761124,0.058982519629846276,-0.31467546251651834,-0.4024636089863062,1.3896674024792777,0.3140179098349187,-1.2881852557238833,0.029463179521541434
3,6.1044176706827304,0.2027843522979295,0.07066044091298795,-0.29479051482966573,-0.41138212967683574,1.3840931029497994,0.33543793314855685,-1.2920869404180633,0.005283755615290979
3,6.184738955823293,0.19138234024613224,0.08192829123899303,-0.2742154918234695,-0.41983325056677356,1.3782324484117485,0.35674566356163173,-1.2953992968344115,-0.018840704233851126
3,6.265060240963855,0.1789762256267932,0.09271312056604895,-0.2529322884251942,-0.4277440698691502,1.3720856799324468,0.37793121983855205,-1.2981296171340457,-0.04290027053545065
3,6.3453815261044175,0.16556165215464283,0.10293551850417014,-0.23092982670486117,-0.4350343141974333,1.3656527733872565,0.3989848379258709,-1.3002845988370382,-0.06688604223260762
3,6.42570281124498,0.15114261025978415,0.11250982016508224,-0.2082056562917687,-0.44161662679709557,1.3589333848163485,0.41989693945814854,-1.301870338784364,-0.09079013282613499
3,6.506024096385542,0.13573323811339072,0.12134463430067012,-0.1847677001229505,-0.4473971849555172,1.3519267987489805,0.4406582083577323,-1.3028923367394207,-0.11460565770288506
3,6.586345381526105,0.11935971749469852,0.12934377486301743,-0.1606360899758116,-0.45227672876017483,1.3446318822855896,0.46125967467674556,-1.3033555098044767,-0.13832672077958816
3,6.666666666666667,0.10206217482572238,0.13640767406641172,-0.13584500408816874,-0.4561520799669016,1.33704704802232,0.48169280410763177,-1.303264218759874,-0.16194839820714188
3,6.746987951807229,0.08389646214047145,0.14243534040160827,-0.11044438399357434,-0.45891821467422644,1.329170229072158,0.5019495907756263,-1.3026223072190553,-0.18546671650300797
3,6.827309236947791,0.06493565659318841,0.14732689535819904,-0.08450137182176301,-0.46047092326221567,1.3209988693444359,0.5220226500493848,-1.301433154115861,-0.208878622145368
3,6.907630522088353,0.04527108639393419,0.15098667586555406,-0.05810127878688587,-0.46071004356538015,1.3125299318158403,0.5419053072267903,-1.2996997394228886,-0.23218193952696414
3,6.9879518072289155,0.025012675986069623,0.1533268249005828,-0.03134788055459309,-0.4595431879796305,1.3037599267893196,0.5615916772459105,-1.2974247222207962,-0.2553753141668627
3,7.068273092369478,0.004288411582642565,0.15427121483004616,-0.004362843331300978,-0.4568898066048338,1.294684961047966,0.5810767301094804,-1.2946105292993075,-0.27845813833469274
3,7.14859437751004,-0.016757233653877414,0.1537594668980397,0.022715877736232334,-0.45268534647607417,1.2853008072967225,0.600356336661403,-1.2912594513790774,-0.3014304570833684
3,7.228915662650603,-0.03796599733870493,0.15175075815874242,0.0497367486587781,-0.44688519441578545,1.2756029917671716,0.6194272898432917,-1.2873737430872445,-0.3242928535862483
3,7.309236947791165,-0.05916962336302782,0.14822706360809826,0.0765384491496699,-0.4394680469662384,1.2655868961685657,0.6382872976083508,-1.2829557219552072,-0.3470463142502104
3,7.389558232931726,-0.08019459912546804,0.14319548128395773,0.10295459160590148,-0.43043835077420733,1.255247868755312,0.6569349452953301,-1.2780078612357453,-0.3696920758050803
3,7.469879518072289,-0.10086754701119377,0.1366893426354045,0.12881908002593212,-0.41982751153754644,1.24458133832573,0.6753696272758426,-1.272532871340468,-0.39223145837370055
3,7.550200803212851,-0.121020877525273,0.12876791911596175,0.15397171824646355,-0.40769367874740386,1.2335829245515442,0.693591449951447,-1.2665337652727344,-0.41466569032000467
3,7.6305220883534135,-0.1404982537496687,0.11951468409978049,0.17826361989817177,-0.39412006244859593,1.2222485384015287,0.7116011102844799,-1.2600139045500314,-0.4369957319356642
3,7.710843373493976,-0.15915942534429095,0.10903425288932699,0.20156198164019928,-0.3792119029399647,1.2105744673866123,0.7293997558368456,-1.2529770236825202,-0.4592221057862075
3,7.791164658634538,-0.1768840627498992,0.09744827082805357,0.22375385394152783,-0.36309236282201884,1.1985574418855915,0.7469888334275891,-1.2454272330772196,-0.4813447414336237
3,7.871485943775101,-0.19357434712515387,0.08489062348465645,0.24474866855655839,-0.3458977159514718,1.1861946805861507,0.7643699339489582,-1.237369002017555,-0.5033628414821428
3,7.951807228915663,-0.20915622196298914,0.07150238840985557,0.2644794319362441,-0.3277722546680368,1.1734839149294463,0.7815446405211397,-1.228807124902701,-0.5252747742629584
3,8.032128514056225,-0.223579359869866,0.057426928972225816,0.2829026408251642,-0.3088633185979377,1.1604233940263624,0.7985143862255007,-1.2197466749816603,-0.5470779965997887
3,8.112449799196787,-0.23681601852997705,0.04280546297967349,0.2999970961400479,-0.289316781363081,1.1470118727435996,0.8152803262689295,-1.2101929503536701,-0.568769007885522
3,8.19277108433735,-0.2488590370797442,0.02777333924662157,0.31576186759541064,-0.2692732324376339,1.133248586420943,0.8318432277995683,-1.2001514169366092,-0.5903433346085558
3,8.273092369477911,-0.25971925605065893,0.012457145586366871,0.3302136927547079,-0.2488649818876517,1.1191332159521772,0.848203379082321,-1.1896276526562262,-0.6117955427810362
3,8.353413654618475,-0.26942263482449774,-0.0030273264968328703,0.3433840841743404,-0.22821391740737926,1.1046658468797603,0.8643605182621034,-1.178627296229603,-0.6331192743578912
3,8.433734939759036,-0.27800730356309306,-0.018576314355442755,0.35531638079937783,-0.2074301635166421,1.0898469257565873,0.8803137808886159,-1.1671560029928718,-0.6543073030165311
3,8.514056224899598,-0.28552073337679346,-0.034098619232255566,0.3660629261072155,-0.18661144096376753,1.0746772164817044,0.8960616645449812,-1.1552194092121264,-0.6753516043489581
3,8.594377510040161,-0.2920171517781421,-0.04951557560917711,0.37568249848170976,-0.1658429971630854,1.0591577586944716,0.9116020084171066,-1.142823105398039,-0.6962434356448443
3,8.674698795180722,-0.2975552781012622,-0.06476059319384253,0.38423806685278955,-0.14519797137526316,1.0432898297098305,0.9269319854443951,-1.1299726184613577,-0.7169734208752896
3,8.755020080321286,-0.30219641020030347,-0.07977840065362977,0.39179490123035804,-0.12473806689117391,1.0270749109333457,0.9420481046396372,-1.1166734019634,-0.7375316370948335
3,8.835341365461847,-0.3060028616097209,-0.09452410336532466,0.39841903575931253,-0.104514418757103,1.0105146592503695,0.956946221308728,-1.102930833399961,-0.7579076991863003
3,8.91566265060241,-0.3090367265793563,-0.10896214621427706,0.40417606031765496,-0.08456856630957947,0.9936108835381141,0.9716215531089554,-1.0887502172764127,-0.7780908405850989
3,8.995983935742972,-0.31135893753053256,-0.12306525099751248,0.40913020403479944,-0.06493346086624424,0.9763655262004013,0.9860687001523442,-1.0741367927046679,-0.7980699882885877
3,9.076305220883533,-0.31302857394931816,-0.1368133785016028,0.41334366876667794,-0.04563445808041287,0.9587806494535065,1.0002816676234445,-1.0590957442708662,-0.8178338310414289
3,9.156626506024097,-0.3141023806361534,-0.15019274903358656,0.4168761697419197,-0.026690260564696255,0.9408584260074216,1.0142538896678677,-1.0436322151131876,-0.8373708800695848
3,9.236947791164658,-0.3146344555383089,-0.16319494163327739,0.4197846430786472,-0.008113789764454891,0.9226011337335405,1.027978253539166,-1.0277513212738787,-0.8566695221414335
3,9.317269076305221,-0.3146760715598048,-0.1758160823641014,0.42212308420177064,0.010087024153679063,0.9040111539105626,1.0414471232113907,-1.0114581665525282,-0.8757180650009682
3,9.397590361445783,-0.31427560144087796,-0.18805612484411993,0.42394248607718804,0.027908538440496573,0.8850909726660825,1.0546523618535542,-0.9947578573023924,-0.8945047754499307
3,9.477911646586346,-0.3134785198484665,-0.19991822108881224,0.42529085132276445,0.04535077886741688,0.8658431852683605,1.067585352714587,-0.9776555167426583,-0.9130179104931916
3,9.558232931726907,-0.31232746151958396,-0.21140817769303338,0.42621325704758023,0.06241690162782319,0.8462705029804548,1.080237018094734,-0.9601562985084507,-0.9312457420295238
3,9.638554216867469,-0.3108623184624516,-0.22253399045871733,0.4267519555097485,0.07911272990561734,0.8263757622429346,1.0925978361842674,-0.9422653992902312,-0.9491765756311674
3,9.718875502008032,-0.30912036287333094,-0.23330544969977435,0.4269464973691058,0.09544635802463197,0.8061619360113352,1.1046578556339257,-0.92398807050711,-0.9667987639587832
3,9.799196787148594,-0.3071363854536894,-0.24373380829136054,0.42683386735956347,0.11142781584020847,0.7856321471371875,1.1164067077871151,-0.9053296290430615,-0.984100715335963
3,9.879518072289157,-0.3049428412823457,-0.253831504690122,0.42644862468631956,0.12706878612289202,0.7647896837356672,1.1278336165599114,-0.8862954671396409,-1.0010708979926815
3,9.959839357429718,-0.3025699974045509,-0.2636119336298651,0.4258230424517907,0.14238236807949384,0.7436380165369542,1.138927406001334,-0.8668910615841938,-1.0176978404509625
3,10.040160642570282,-0.3000460778571195,-0.2730892578819808,0.42498724195491017,0.15738288075187418,0.7221808182765727,1.1496765056014022,-0.8471219823743632,-1.0339701284712954
3,10.120481927710843,-0.29739740307745033,-0.28227825507214854,0.42396931891760414,0.17208570057502331,0.7004219852223365,1.1600689534530824,-0.82699390106249,-1.049876398955957
3,10.200803212851406,-0.29464852158940097,-0.2911941942708409,0.4227954596079801,0.18650712802164102,0.6783656609839104,1.1700923974062396,-0.8065125990024893,-1.0654053311570397
3,10.281124497991968,-0.2918223325416398,-0.2998527377489211,0.42149004548369595,0.200664278864519,0.6560162627985794,1.1797340943832417,-0.7856839757406353,-1.0805456354988399
3,10.36144578313253,-0.28894019823163763,-0.3082698638570476,0.4200757455046975,0.21457499609306865,0.6333785105201595,1.1889809080644727,-0.7645140577932192,-1.0952860403004936
3,10.441767068273093,-0.2860220460949873,-0.3164618075839093,0.41857359558068086,0.22825777904740135,0.6104574585852577,1.197819305187234,-0.7430090080709509,-1.1096152766507257
3,10.522088353413654,-0.2830864599666738,-0.32444501578369284,0.41700306491377903,0.24173172670582796,0.5872585312516552,1.2062353507517871,-0.7211751361987602,-1.123522061673922
3,10.602409638554217,-0.28015076053590166,-0.33223611456464897,0.4153821090855328,0.25501649249531366,0.5637875614561729,1.2142147024713505,-0.699018910005804,-1.1369950804020152
3,10.682730923694779,-0.277231075129918,-0.33985188662057497,0.4137272099257299,0.26813224821653664,0.5400508336418449,1.2217426048701123,-0.6765469684376566,-1.150022966466074
3,10.763052208835342,-0.27434239696074914,-0.3473092566609973,0.4120534021784275,0.2810996549818704,0.5160551309505604,1.228803883495625,-0.6537661361682386,-1.162594281816498
3,10.843373493975903,-0.2714986341045417,-0.3546252833372198,0.4103742871063763,0.29393983921562816,0.4918077871646368,1.235382939795986,-0.6306834401664712,-1.1746974956743943
3,10.923694779116467,-0.2687126484042072,-0.3618171562973507,0.40870203308224845,0.30667437194073566,0.46731674382140936,1.241463747298958,-0.6073061284994502,-1.1863209629423428
3,11.004016064257028,-0.26599628459804137,-0.36890219718377226,0.4070473633409596,0.31932524964461123,0.44259061288566504,1.2470298498369279,-0.5836416916285828,-1.1974529022977667
3,11.08433734939759,-0.26336038989602845,-0.37589786353651233,0.4054195309913229,0.3319148750892004,0.41763874537589346,1.252064362676835,-0.5596978864711876,-1.2080813742295229
3,11.164658634538153,-0.2608148242678987,-0.3828217546997967,0.4038262814687933,0.3444660364429376,0.39247130628523064,1.2565499775493523,-0.5354827634861249,-1.2181942592924928
3,11.244979919678714,-0.25836846169425215,-0.38969161893995236,0.40227380264953205,0.3570018831130797,0.3670993560827256,1.2604689727030565,-0.5110046970380053,-1.2277792368761837
3,11.325301204819278,-0.2560291825789187,-0.3965253609955091,0.4007666628413945,0.36954589656933773,0.34153493902725107,1.2638032292905517,-0.4862724192897266,-1.2368237648643803
3,11.405622489959839,-0.25380385761327123,-0.4033410494396605,0.39930773710704487,0.38212185444133145,0.31579117835577797,1.2665342555298353,-0.46129505784955144,-1.2453150605315062
3,11.485943775100402,-0.2516983232944857,-0.4101569231460126,0.397898122353483,0.3947537860017857,0.28988237832600217,1.268643220294047,-0.43608217738499927,-1.2532400831498198
3,11.566265060240964,-0.2497173493944735,-0.41699139632069543,0.3965370419712966,0.4074659171360135,0.26382413281921585,1.2701109979286822,-0.41064382539603883,-1.2605855187440003
3,11.646586345381525,-0.24786459863914478,-0.4238630614211961,0.39522174089559436,0.4202826026947538,0.23763344003844386,1.27091822629151,-0.38499058229489325,-1.2673377675650677
3,11.726907630522089,-0.24614257893818856,-0.43079068937495796,0.3939473723687455,0.43322824406377664,0.2113288224791145,1.2710453801730943,-0.3591336159096712,-1.273482934861913
3,11.80722891566265,-0.24455258853223313,-0.4377932264929517,0.39270687801956833,0.4463271897062715,0.1849304509948657,1.270472862372077,-0.3330847404822007,-1.2790068255853966
3,11.887550200803213,-0.24309465449621379,-0.4448897873635988,0.3914908632934049,0.4596036162879412,0.15846027135175983,1.2691811148417191,-0.3068564801489508,-1.2838949437660614
3,11.967871485943775,-0.2417674650745695,-0.45209964317792783,0.39028747082473353,0.4730813881383299,0.131942131141211,1.2671507523054,-0.2804621368913749,-1.288132497265802
3,12.048192771084338,-0.2405682964733521,-0.4594422046034964,0.38908225490107057,0.486783892650074,0.10540190431905344,1.2643627207542063,-0.25391586274677197,-1.2917044088007836
3,12.1285140562249,-0.23949293474729083,-0.46693699860362803,0.3878580608254137,0.5007338495724483,0.078867610042453,1.260798483067525,-0.2272327361205761,-1.2945953340363452
3,12.208835341365461,-0.23853559358185572,-0.47460363833241015,0.38659491373021043,0.5149530923063641,0.05236952168434232,1.25644023372596,-0.20042884183269727,-1.2967896876999139
3,12.289156626506024,-0.23768882888475523,-0.4824617852501516,0.3852699221723932,0.5294623197802686,0.025940261161136013,1.2512711441405742,-0.17352135444877403,-1.2982716786706914
3,12.369477911646586,-0.23694345106717585,-0.490531102730714,0.383857202331495,0.5442808181510098,-0.00038512680442043604,1.2452756395571511,-0.14652862445989873,-1.2990253549774469
3,12.449799196787149,-0.2362884363567682,-0.4988312000113032,0.3823278300137159,0.5594261524315614,-0.026569127234734348,1.2384397073507238,-0.11947026642221331,-1.299034659770982
3,12.53012048192771,-0.23571083816959146,-0.5073815657502307,0.3806498274222769,0.5749138290855251,-0.052571740790666746,1.2307512358890238,-0.09236724846201869,-1.2982834992243182
3,12.610441767068274,-0.2351957000516659,-0.5162014900835703,0.37878819296247057,0.5907569322057298,-0.0783505108597051,1.2222003812663151,-0.06524198205109963,-1.2967558233884744
3,12.690763052208835,-0.23472597158625355,-0.5253099742421563,0.3767049819525849,0.6069657372522943,-0.10386059931227234,1.212779957978041,-0.03811841105405901,-1.294435720988179
3,12.771084337349398,-0.234282428942295,-0.5347256266642129,0.37435944663324033,0.6235473084450252,-0.12905491896553598,1.202485847327207,-0.011022098725409282,-1.2913075291080194
3,12.85140562248996,-0.23384360171809587,-0.544466544594234,0.37170824283459947,0.6405050875979615,-0.1538843297892709,1.1913174156974968,0.016019688672767346,-1.2873559587012244
3,12.931726907630521,-0.2333857079544236,-0.5545501801053389,0.36870571022154003,0.6578384846782951,-0.17829790552820557,1.1792779322049145,0.042977903261089204,-1.2825662367778707
3,13.012048192771084,-0.23288259919382387,-0.5649931895369069,0.36530423077558277,0.6755424819988751,-0.20224327517406882,1.166374973639292,0.06982164359230998,-1.2769242661012603
3,13.092369477911646,-0.23230571771098119,-0.5758112653178341,0.36145466879384675,0.6936072665856401,-0.2256670424747647,1.1526208018228987,0.09651809139189921,-1.2704168030907046
3,13.17269076305221,-0.23162406804781333,-0.5870189492000166,0.3571068920500782,0.7120179061453611,-0.2485152830671759,1.1380326976559092,0.1230324590649109,-1.2630316546012534
3,13.25301204819277,-0.23080420523080855,-0.5986294259933773,0.3522103709000331,0.7307540857660161,-0.2707341161116805,1.1226332343089467,0.14932795044245584,-1.2547578940815853
3,13.333333333333334,-0.22981024214150475,-0.6106542970015078,0.3467148474247072,0.7497899219233692,-0.2922703426398359,1.1064504726066333,0.1753657373566334,-1.2455860975284947
3,13.413654618473895,-0.2286038788706048,-0.6231033325244283,0.34057106340990634,0.7690938708780979,-0.3130721397764937,1.0895180610121822,0.20110495523719224,-1.2355085993658517
3,13.493975903614459,-0.22714445700900093,-0.63598420302516,0.3337315306038557,0.788628745382698,-0.33308979462848626,1.0718752258799988,0.22650272103363162,-1.2245197682375368
3,13.57429718875502,-0.2253890423256618,-0.6493021889506045,0.326151323545537,0.808351851957233,-0.35227645874606195,1.0535666392240421,0.2515141775261866,-1.2126163022306704
3,13.654618473895582,-0.22329253946826952,-0.6630598696531745,0.3177888709021317,0.8282152552412093,-0.37058889964590364,1.0346421571300801,0.2760925682120414,-1.1997975427181147
3,13.734939759036145,-0.22080784304910428,-0.6772567926765038,0.3086067201521983,0.8481661729238694,-0.3879882251543811,1.01515642487887,0.3001893480512874,-1.1860658051262354
3,13.815261044176706,-0.21788602955352634,-0.6918891254347886,0.298572248066527,0.8681474963971665,-0.4044405537417221,0.9951683534306489,0.3237543352287217,-1.1714267243930263
3,13.89558232931727,-0.21447659544130593,-0.706949292810024,0.2876582912462484,0.8880984286629656,-0.4199176062044496,0.9747404755194535,0.34673591039950724,-1.1558896113723949
3,13.975903614457831,-0.21052774640820865,-0.722425605196863,0.27584367200528753,0.907955221863044,-0.4343971947443302,0.9539381990381843,0.3690812691472514,-1.139467815704365
3,14.056224899598394,-0.20598674377809412,-0.7383018841366198,0.263113600257338,0.9276519947875078,-0.44786359124381975,0.9328289774484156,0.3907367347645762,-1.1221790880993034
3,14.136546184738956,-0.20080031319503164,-0.7545570941037105,0.2494599362569302,0.9471216037973809,-0.4603077603896643,0.9114814241277429,0.4116481373277661,-1.104045933821413
3,14.216867469879517,-0.19491512052524163,-0.771164991883105,0.23488130592418038,0.9662965388276239,-0.47172745013122297,0.8899643994882274,0.43176126473228427,-1.0850959464327459
3,14.29718875502008,-0.18827831840949655,-0.7880938070667792,0.21938306734243168,0.985109815142139,-0.4821271386630044,0.8683461008701363,0.4510223897300694,-1.065362108945496
3,14.377510040160642,-0.18083816556407825,-0.8053059705296486,0.2029771342910654,1.003495832446082,-0.49151784418469613,0.8466931844147968,0.46937887545770923,-1.0448830463312304
3,14.457831325301205,-0.17254471752335615,-0.8227579089856333,0.18568166836005628,1.0213911752092033,-0.49991680903688157,0.8250699460135881,0.48677985820018166,-1.0237032122371583
3,14.538152610441767,-0.16335058463564112,-0.8403999266755717,0.16752065723122672,1.0387353324022242,-0.5073470756191317,0.8035375841104242,0.5031770030235464,-1.0018729898370766
3,14.61847389558233,-0.1532117476878888,-0.8581761945034694,0.148523399784295,1.055471320094102,-0.5138369742068148,0.7821535619496933,0.5185253221104089,-0.979448687540326
3,14.698795180722891,-0.14208841755221133,-0.8760248689668813,0.1287239220553552,1.0715461956583598,-0.519419545900978,0.7609710814315886,0.5327840413978346,-0.9564924081230676
3,14.779116465863453,-0.1299459182888402,-0.8938783587373209,0.10816034753134085,1.0869114585342667,-0.5241319230839256,0.7400386744948474,0.5459174938414253,-0.9330717742917933
3,14.859437751004016,-0.11675556831890319,-0.9116637551017686,0.08687424540057499,1.1015233375755134,-0.5280146897155485,0.7193999126171756,0.557896012633877,-0.9092594950909202
3,14.939759036144578,-0.10249552834466209,-0.9293034350997254,0.0649099776113792,1.11534296999959,-0.5311112408552511,0.699093229874374,0.5686967915885343,-0.8851327647742383
3,15.02008032128514,-0.0871515812610087,-0.9467158404582017,0.042314063284536345,1.1283364801980844,-0.533467158476876,0.6791518514152902,0.5783046764533487,-0.8607724911551728
3,15.100401606425702,-0.0707178063341683,-0.9638164245571108,0.019134574893583195,1.1404749697458918,-0.5351296165101498,0.6596038159264216,0.5867128479507352,-0.8362623611152024
3,15.180722891566266,-0.05319711045894085,-0.9805187499712799,-0.004579422828655366,1.1517344312688709,-0.5361468247161177,0.6404720790257293,0.5939233580037143,-0.8116877603233204
3,15.261044176706827,-0.03460158212741596,-0.9967357093316915,-0.02877838380614077,1.1620955993433804,-0.5365675177267665,0.6217746837804026,0.5999474836603235,-0.7871345737920914
3,15.34136546184739,-0.01495263987258176,-1.012380831891306,-0.0534127373594549,1.1715437514237852,-0.5364404924017531,0.6035249845075165,0.6048058696337901,-0.7626879040399956
3,15.421686746987952,0.005719044561289965,-1.0273696305859532,-0.0784332894413258,1.1800684709503635,-0.535814194285509,0.5857319107457706,0.6085284391655452,-0.7384307511101806
3,15.502008032128513,0.027373856618361996,-1.0416209387990172,-0.10379156940095387,1.1876633834630044,-0.5347363519570764,0.5684002595157158,0.6111540647396687,-0.7144427041797028
3,15.582329317269076,0.049963779141447666,-1.0550581837967394,-0.12944012505452718,1.1943258751476318,-0.5332536565789643,0.5515310053998597,0.6127300024920441,-0.6907986967507517
3,15.662650602409638,0.07343314512959143,-1.0676105490989567,-0.1553327689943198,1.200056801304665,-0.5314114843091561,0.5351216199582859,0.6133111081738847,-0.6675678721639937
3,15.742971887550201,0.0977195752020516,-1.079213977937341,-0.18142478129511902,1.2048601914004404,-0.5292536569855142,0.5191663929456285,0.6129588630785818,-0.6448126064087274
3,15.823293172690763,0.12275506052051736,-1.0898119845020864,-0.2076730722602903,1.2087429553679374,-0.5268222384044173,0.5036567499688984,0.6117402501441906,-0.6225877208347492
3,15.903614457831326,0.14846714791165322,-1.0993562471073788,-0.23403631044763518,1.2117145950960158,-0.5241573621083092,0.48858156204646175,0.6097265246442913,-0.6009399100350983
3,15.983935742971887,0.1747801757258298,-1.1078069729994373,-0.2604750189324853,1.2137869237856558,-0.5212970886168793,0.4739274441385233,0.6069919318235348,-0.5799073949247415
3,16.06425702811245,0.2016165151270426,-1.1151330338550118,-0.28695164457887834,1.2149737954462942,-0.5182772886493677,0.45967904012164956,0.6036124181012036,-0.5595198017129317
3,16.14457831325301,0.2288977698616652,-1.1213118851707662,-0.31343060293689456,1.2152908459674603,-0.515131550614485,0.4458192928223316,0.5996643836897145,-0.5397982536190258
3,16.224899598393574,0.2565458972991542,-1.1263292911674625,-0.33987830197394525,1.2147552469331953,-0.5118911102637654,0.4323296980639522,0.5952235149385565,-0.5207556538296849
3,16.305220883534137,0.28448421825588355,-1.1301788839313809,-0.3662631468834054,1.2133854730098432,-0.5085848009196788,0.4191905421521326,0.5903637295472006,-0.5023971312305946
3,16.3855421686747,0.3126382949274595,-1.132861590261121,-0.39255552837042323,1.2112010835335192,-0.5052390227027519,0.40638112249423625,0.5851562561457156,-0.48472061576663417
3,16.46586345381526,0.3409366635192189,-1.1343849611988888,-0.4187277962809801,1.2082225187492697,-0.5018777293695079,0.39387995129391784,0.5796688621312691,-0.46771750884429864
3,16.546184738955823,0.36931141683654833,-1.1347624386026882,-0.4447542203679511,1.204470911014072,-0.4985224313669549,0.38166494240519466,0.573965234898358,-0.45137341481657844
3,16.626506024096386,0.3976986395299619,-1.1340125905727623,-0.4706109398555146,1.1999679111601813,-0.49519221367165983,0.3697135815677683,0.5681045139972131,-0.4356689021551873
3,16.70682730923695,0.42603870427003876,-1.132158343812637,-0.4962759033783034,1.1947355300804214,-0.491903766960082,0.35800308034437484,0.5621409660683468,-0.42058026661215914
3,16.78714859437751,0.4542764423529803,-1.1292262361684071,-0.521728800862329,1.1887959954840563,-0.48867143058947365,0.3465105142448858,0.5561237890988224,-0.4060802735605349
3,16.867469879518072,0.48236120304848745,-1.1252457076889464,-0.5469509887412751,1.1821716236164366,-0.4855072458255673,0.3352129455295501,0.5500970315183549,-0.39213886145704036
3,16.947791164658636,0.510246819528182,-1.1202484436279374,-0.5719254100021027,1.1748847056307468,-0.482421017688648,0.3240875313809938,0.5440996081625686,-0.37872379338380285
3,17.028112449799195,0.5378914979457449,-1.114267778407674,-0.5966365103809587,1.1669574081506302,-0.4794203838028818,0.31311161814700117,0.5381653962380957,-0.36580124788995727
3,17.10843373493976,0.5652576464953378,-1.1073381653945846,-0.6210701520331247,1.1584116874493733,-0.4765108886024616,0.30226282250814984,0.5323233941402485,-0.3533363445629385
3,17.188755020080322,0.5923116603357453,-1.0994947140412161,-0.6452135259326359,1.1492692165660527,-0.4736960613132284,0.29151910055798963,0.5265979269101191,-0.34129360308282625
3,17.269076305220885,0.6190236742392932,-1.0907727937035687,-0.6690550639727579,1.139551324547813,-0.4709774961713995,0.28085880558875786,0.5210088859048642,-0.32963733643300247
3,17.349397590361445,0.6453672970373374,-1.081207700848381,-0.6925843519490911,1.1292789469918008,-0.4683549333890612,0.2702607358560345,0.5155719883008145,-0.31833198199945434
3,17.429718875502008,0.6713193360665132,-1.0708343856494833,-0.715792044150834,1.1184725869461385,-0.4658263395180879,0.25970417319707806,0.5102990476024085,-0.30734237449373303
3,17.51004016064257,0.6968595208812169,-1.0596872323518365,-0.7386697804408414,1.1071522852229938,-0.4633879859142026,0.2491689138204201,0.505198245473827,-0.29663396669157693
3,17.59036144578313,0.721970231428618,-1.0477998881693917,-0.761210106300319,1.0953375991470324,-0.4610345241872268,0.2386352921622472,0.5002743990589277,-0.2861730031398875
3,17.670682730923694,0.7466362364628114,-1.0352051345577844,-0.7834063964486968,1.083047588772306,-0.45875905755802987,0.22808419912012007,0.49552921754391516,-0.27592665333464106
3,17.751004016064257,0.7708444451225774,-1.0219347953309912,-0.8052527823331014,1.0703008096143132,-0.45655320721992626,0.21749709567283798,0.4909615444304499,-0.2658631099561593
3,17.83132530120482,0.7945836741911809,-1.0080196761047038,-0.8267440837667701,1.0571153109732276,-0.4544071728952008,0.20685602304640005,0.4865675824707897,-0.2559516579149234
3,17.91164658634538,0.8178444323985202,-0.9934895300043838,-0.8478757448555488,1.0435086389683839,-0.4523097868878471,0.19614361051979526,0.4823410993448756,-0.24616271948379465
3,17.991967871485944,0.8406187223497449,-0.9783730451572475,-0.8686437742424595,1.0294978434650688,-0.450248561028052,0.18534308190840626,0.4782736129207664,-0.23646788021622678
3,18.072289156626507,0.8628998602610691,-0.9626978497187245,-0.8890446896701035,1.015099488113035,-0.44820972600996273,0.17443826188495615,0.47435455541899674,-0.22683990027926607
3,18.152610441767067,0.8846823130228575,-0.9464905309472732,-0.9090754667300013,1.0003296627998755,-0.44617826268346067,0.16341358316062443,0.4705714163906041,-0.21725271501322596
3,18.23293172690763,0.9059615519101478,-0.9297766650585787,-0.9287334916631889,0.9852039978557121,-0.4441379249999914,0.1522540957157129,0.4669098647530321,-0.20768142851284557
3,18.313253012048193,0.9267339219709252,-0.9125808553101782,-0.9480165179764536,0.9697376794470465,-0.4420712542769858,0.1409454791451483,0.46335385028251397,-0.19810230328201583
3,18.393574297188756,0.9469965260236853,-0.8949267758885275,-0.9669226266589149,0.9539454656129653,-0.4399595846446135,0.12947405940958936,0.45988568527984286,-0.18849274913402647
3,18.473895582329316,0.9667471220676754,-0.8768372197542481,-0.9854501897143532,0.937841702489326,-0.4377830394855365,0.11782683124046864,0.45648610713221394,-0.1788313139755459
3,18.55421686746988,0.9859840328695724,-0.8583341487967636,-1.0035978367292124,0.9214403402964215,-0.4355205188642932,0.10599148762304936,0.45313432272393317,-0.1690976791227067
3,18.634538152610443,1.004706066503591,-0.8394387449753535,-1.0213644241796747,0.9047549487237577,-0.4331496779421933,0.09395645789982593,0.4498080356182767,-0.1592726616482295
3,18.714859437751002,1.0229124466492838,-0.82017146137048,-1.038749007179952,0.8877987313878032,-0.43064689651308913,0.0817109562046598,0.44648345704375736,-0.14933822622198212
3,18.795180722891565,1.0406027514590952,-0.8005520722205607,-1.0557508133785576,0.8705845390677427,-0.4279872399484955,0.06924504215839586,0.44313530186795785,-0.13927750900557698
3,18.87550200803213,1.057776859902951,-0.7805997212368797,-1.072369218717426,0.8531248814649811,-0.4251444119635052,0.05654969599611163,0.4397367707779802,-0.12907485622421228
3,18.955823293172692,1.074434904504709,-0.7603329675865437,-1.0886037247764047,0.8354319372553252,-0.42209069990720344,0.043616910537185416,0.4362595201788989,-0.11871588020596627
3,19.03614457831325,1.0905772295282739,-0.7397698290582838,-1.104453937459705,0.817517562221946,-0.418796913470426,0.030439802832568728,0.4326736214018572,-0.10818753599623061
3,19.116465863453815,1.106204353646789,-0.718927821992891,-1.1199195467817842,0.7993932952806284,-0.41523231821763296,0.017012748517258723,0.42894751135262804,-0.09747822180499578
3,19.196787148594378,1.121316936274091,-0.6978239976198615,-1.1350003075577757,0.7810703622149325,-0.41136456574151464,0.003331542430742608,0.4250479370251993,-0.08657790702581306
3,19.277108433734938,1.135915746746043,-0.6764749744964164,-1.1496960208135059,0.7625596769633222,-0.40715962296742664,-0.010606410731291298,0.42093989703488915,-0.0754782917356137
3,19.3574297188755,1.1500016356658864,-0.6548969667326546,-1.1640065157929091,0.7438718402892017,-0.40258170389962455,-0.024801871358502675,0.4165865840266467,-0.06417300219804357
3,19.437751004016064,1.1635755077414607,-0.6331058077349268,-1.1779316324543403,0.7250171356958377,-0.39759320821554467,-0.039253501024980195,0.411949332928424,-0.052657826935930026
3,19.518072289156628,1.176638295559156,-0.611116969164961,-1.1914712044177336,0.7060055224403107,-0.39215467240054075,-0.05395755486268182,0.4069875812591182,-0.04093099841266708
3,19.598393574297187,1.189190933792752,-0.5889455748304842,-1.204625042363455,0.6868466255264964,-0.3862247407543537,-0.0689075254223255,0.40165884932505636,-0.028993525273686198
3,19.67871485943775,1.2012343334523428,-0.5666064091799516,-1.2173929179624718,0.667549722561403,-0.3797601656105512,-0.0840937332741063,0.39591875012068,-0.0168495801073445
3,19.759036144578314,1.2127693558586705,-0.544113920088542,-1.229774548474983,0.6481237273970338,-0.3727158484737608,-0.09950286033280811,0.38972104109007266,-0.004506946975683339
3,19.839357429718877,1.2237967861509103,-0.5214822156111465,-1.24176958223955,0.6285771705132671,-0.3650449365727835,-0.11511742304949302,0.38301773266142286,0.008022468147372905
3,19.919678714859437,1.2343173062678139,-0.4987250543671108,-1.2533775853731894,0.6089181761449025,-0.3566989924905174,-0.13091518444165867,0.37575927159589256,0.020722062663867682
3,20.0,1.244331467481712,-0.4758558292775108,-1.264598030086964,0.5891544362393935,-0.34762825796290764,-0.1468685071607951,0.3678948205681592,0.033569900198912934
4,0.0,-0.15381332867464456,-0.1574727396743661,-1.458906534113068,-0.010654264763199006,0.3115310606333098,-0.012747556406066552,1.3011888021544025,0.18087456084363165
4,0.08032128514056225,-0.14163817958456446,-0.18086641785617028,-1.4595571541700694,-0.03211834753192144,0.3049142017540499,0.00677129243784731,1.2962811320005836,0.20621347295024461
4,0.1606425702811245,-0.12673551246687817,-0.20348663615531737,-1.4599503804750447,-0.053497394484781,0.29574275990405746,0.025545754233934174,1.2909431330378647,0.23143827640616418
4,0.24096385542168675,-0.1090923656398459,-0.22509933202595134,-1.4600779914027586,-0.07478083062338783,0.28399556589032554,0.04336275812647439,1.2851747911522784,0.25651740452286476
4,0.321285140562249,-0.0887080557521996,-0.24543140549103631,-1.459930839180389,-0.09596021884527593,0.2696645894637507,0.05997205272858279,1.2789743054688372,0.2814195716077294
4,0.40160642570281124,-0.06560803245782443,-0.2641659033788554,-1.4594989975213588,-0.11702952385313918,0.252769323782897,0.075081087481596,1.272337706196286,0.30611433975039853
4,0.4819277108433735,-0.03986144978636397,-0.2809409047366979,-1.4587719825620902,-0.1379853749180979,0.23337495061251792,0.08835346846303035,1.2652584817359358,0.3305728111917654
4,0.5622489959839357,-0.011601946617193389,-0.29535430985892497,-1.4577390738791987,-0.1588273024401971,0.2116137423953174,0.09941317215765391,1.2577272781010744,0.354768440141468
4,0.642570281124498,0.01895009017109642,-0.3069770493716222,-1.45638975766747,-0.1795579083483011,0.187707920483942,0.10785702669945978,1.2497317470124314,0.3786779310204634
4,0.7228915662650602,0.051467201724139364,-0.31537685685238287,-1.454714301223159,-0.20018291522713857,0.16199047744600872,0.11327761666495173,1.2412566220530104,0.40228215541456963
4,0.8032128514056225,0.08550168151129384,-0.3201531965556601,-1.452704444243743,-0.22071102856867994,0.1349186751130484,0.1152972418370677,1.2322840876194003,0.4255669832872724
4,0.8835341365461847,0.12048576993726501,-0.3209809499689284,-1.450354158480403,-0.24115354815348908,0.10707392037447194,0.11361060184612325,1.2227944681686658,0.44852389627629413
4,0.963855421686747,0.15575051181339641,-0.3176565036157903,-1.447660388647711,-0.2615236864209864,0.07914266974492264,0.10802994337580334,1.2127672070893918,0.4711502466609732
4,1.0441767068273093,0.19056488020254758,-0.3101364446367618,-1.4446236566436712,-0.2818355978263677,0.051876738665778674,0.09852298532039304,1.2021820377753443,0.4934490571427362
4,1.1244979919678715,0.22419082548955666,-0.29855831825580914,-1.4412484042302014,-0.3021031878737393,0.026037383038195253,0.08523318080268716,1.1910201957024489,0.5154283253268611
4,1.2048192771084336,0.25594399452770306,-0.28323631679408295,-1.4375429785268254,-0.3223388358368176,0.0023334822481291956,0.06847526464934442,1.1792655017509928,0.537099887981556
4,1.285140562248996,0.2852470604574455,-0.26463167259493064,-1.433519228583809,-0.34255220577547985,-0.01863300673841786,0.04870589325820111,1.166905174864781,0.5584779851122093
4,1.3654618473895583,0.3116647142921741,-0.2433049255744409,-1.4291917614836345,-0.362749316646754,-0.0364032504725601,0.026476528573474063,1.15393029766402,0.5795777136477207
4,1.4457831325301205,0.3349154214711409,-0.2198616428017848,-1.424576974660584,-0.38293199201358624,-0.05067438414329925,0.0023800745898377405,1.1403359373327417,0.6004135602255332
4,1.5261044176706826,0.3548619367683408,-0.19490293761640193,-1.4196920143044665,-0.4030977312549736,-0.061290910944725274,-0.022997489992331813,1.1261209884808503,0.6209981588637071
4,1.606425702811245,0.37148727506260826,-0.16898829922785957,-1.414553801226621,-0.42323996528331786,-0.06822131210512436,-0.049113089193207275,1.1112878382691365,0.6413413537043846
4,1.6867469879518073,0.3848641575273327,-0.14261328597568154,-1.4091782259835497,-0.44334860405888005,-0.07152788731881612,-0.07548769314560987,1.0958419557750323,0.6614495831801714
4,1.7670682730923695,0.395124598106665,-0.11620070142181242,-1.4035795634842276,-0.4634107602149503,-0.07133652211102773,-0.10171409382370054,1.0797914874885894,0.6813255554604631
4,1.8473895582329316,0.4024337788886073,-0.09010184161038123,-1.397770110756843,-0.48341153895802624,-0.06781058005422667,-0.12745477942691952,1.0631469119224615,0.7009681599953267
4,1.927710843373494,0.40696995858288726,-0.06460403769908672,-1.3917600195668685,-0.5033348079830143,-0.06113071757580176,-0.15243370745259738,1.0459207785597822,0.7203725531346981
4,2.0080321285140563,0.4089104797502597,-0.039941330891034695,-1.3855572797646563,-0.5231638908123315,-0.05148073479055305,-0.17642513874092752,1.0281275348049486,0.7395303604442935
4,2.0883534136546187,0.40842305595090433,-0.01630606378643677,-1.379167806356465,-0.5428821544967606,-0.039038679800722856,-0.19924173001198964,1.0097834302062825,0.758429948295187
4,2.1686746987951806,0.4056612310373326,0.006139942745317099,-1.3725955885412178,-0.5624734838949452,-0.023972121343822855,-0.2207231872514641,0.990906478847707,0.7770567284010922
4,2.248995983935743,0.40076296347826174,0.027255294204452312,-1.3658428679294412,-0.5819226489217658,-0.006436552060720455,-0.2407261141561288,0.971516456511899,0.7953934688734422
4,2.3293172690763053,0.3938515059091503,0.04691025254236994,-1.3589103228783908,-0.6012155791461985,0.013423909655047854,-0.2591152667224421,0.9516349073141918,0.8134205933262709
4,2.4096385542168672,0.3850380060865658,0.06497930991447924,-1.3517972446721533,-0.62033956352626,0.0354741048087824,-0.27575620206140866,0.9312851337768042,0.8311164556731895
4,2.4899598393574296,0.37442549054747687,0.08133504148050986,-1.344501698504829,-0.6392833934702825,0.05958406386989787,-0.2905092310279209,0.9104921440874535,0.8484575830176936
4,2.570281124497992,0.36211408119564314,0.09584318798693489,-1.3370206678945884,-0.6580374660357067,0.08562405626378003,-0.3032246051151047,0.8892825304351645,0.8654188831638765
4,2.6506024096385543,0.3482074281059517,0.10835900268354118,-1.3293501855625427,-0.6765938617345054,0.11345850434200516,-0.3137389583827793,0.8676842531145851,0.8819738174337436
4,2.7309236947791167,0.33282041071138074,0.11872503183653967,-1.3214854573527792,-0.6949464085331123,0.1429387394304474,-0.32187316753743384,0.8457263072109504,0.8980945442340065
4,2.8112449799196786,0.31608814930929424,0.12677067090672792,-1.3134209888053585,-0.7130907403089136,0.1738945863461698,-0.3274319751214854,0.8234382531498936,0.9137520445236711
4,2.891566265060241,0.2981762546566833,0.13231403277860815,-1.3051507267080185,-0.7310243541140253,0.2061248716089976,-0.33020592552385253,0.8008496004423364,0.9289162468592698
4,2.9718875502008033,0.27929199152620005,0.13516684567639112,-1.2966682302937913,-0.7487466657743421,0.23938719191639823,-0.3299763562713001,0.777989046851192,0.9435561763692512
4,3.0522088353413652,0.25969561242673544,0.1351432023182246,-1.2879668882751905,-0.7662590572546766,0.2733876821061888,-0.3265243023238102,0.7548835937422654,0.9576401572602623
4,3.1325301204819276,0.23971052672084697,0.13207290146749298,-1.279040197683992,-0.7835649016432874,0.30777208871203476,-0.31964409970175867,0.7315575822511096,0.9711360998775532
4,3.21285140562249,0.2197302779578894,0.12581971632857003,-1.269882117073399,-0.8006695428064665,0.3421201172705223,-0.30916207161335263,0.7080317218449864,0.9840118980912492
4,3.2931726907630523,0.2002196937111101,0.1163040558578672,-1.260487498213245,-0.8175801980032469,0.3759455965476657,-0.2949598060483206,0.6843222079544683,0.9962359481937005
4,3.3734939759036147,0.18170738375333648,0.10352812182197003,-1.2508525854627142,-0.8343057456003826,0.40870516048908984,-0.2770001524520746,0.6604400412202869,1.0077777762304874
4,3.4538152610441766,0.16476740565775821,0.08760001587096945,-1.2409755503845161,-0.8508563606389328,0.43981748561907774,-0.2553523848484582,0.6363906591076792,1.0186087296164215
4,3.534136546184739,0.14998968898029624,0.06875186288271729,-1.2308570037085065,-0.8672429730705394,0.4686933497578893,-0.23021154853388068,0.61217396497032,1.0287026587217027
4,3.6144578313253013,0.13794158226164943,0.047346693768755846,-1.2205004042112526,-0.8834765501120577,0.49477403158272315,-0.20190663921760227,0.5877847903668791,1.0380364955609043
4,3.694779116465863,0.12912587461437508,0.023870249582924944,-1.2099122744239017,-0.8995672438850012,0.5175726375988677,-0.1708936451374275,0.5632137622106581,1.046590639439504
4,3.7751004016064256,0.12394259025382288,-0.0010929506227031136,-1.1991021457755766,-0.9155234895342753,0.5367110711674852,-0.13773264698950657,0.5384484843542678,1.0543490871464851
4,3.855421686746988,0.12266162906406075,-0.026895961345346955,-1.1880821943850957,-0.9313511727928405,0.5519456646919281,-0.1030521576689142,0.5134749006291062,1.0612992918071018
4,3.9357429718875503,0.12541075971505528,-0.052871683808037806,-1.1768665860180592,-0.9470529942556152,0.5631771304462604,-0.06750710736770979,0.48827869585674266,1.067431785431363
4,4.016064257028113,0.132179539754903,-0.07837352013615945,-1.1654706083701973,-0.9626281327211772,0.5704444575708603,-0.0317379872023933,0.4628466110444331,1.0727396400597302
4,4.096385542168675,0.14283609720028606,-0.10280821658609357,-1.1539097109103,-0.9780722571924172,0.5739060243157746,0.003662613727496329,0.43716758939423833,1.0772178600510147
4,4.176706827309237,0.15715162736745641,-0.12565757888205312,-1.142198584289103,-0.993377872647778,0.5738132427854695,0.038172658207998214,0.4112337141361764,1.0808627933218333
4,4.257028112449799,0.17482728871780054,-0.14648878929337542,-1.130350391523031,-1.0085349285172018,0.5704821669812294,0.07135208935179999,0.3850409358240002,1.0836716284587777
4,4.337349397590361,0.19551938634257357,-0.16495524420694035,-1.1183762220164977,-1.023531585356801,0.5642672267324789,0.10284481184076771,0.3585896089414443,1.0856420177229742
4,4.417670682730924,0.2188604488588385,-0.18079080311898585,-1.1062847918448915,-1.0383550289507515,0.5555394766411322,0.13237399101586111,0.33188486634491987,1.0867718410538767
4,4.497991967871486,0.24447535184640157,-0.19380031430564287,-1.0940823728425577,-1.0529922371128533,0.5446701623669633,0.1597334435421213,0.30493685862919195,1.0870591078763754
4,4.578313253012048,0.27199268373210844,-0.20384869474274603,-1.0817729061484713,-1.0674306331782835,0.5320193429523115,0.18477734557208841,0.27776087946405076,1.0865019823489417
4,4.658634538152611,0.30105208242429937,-0.2108500986956693,-1.06935824435808,-1.0816585916603767,0.5179287713681923,0.2074097778111893,0.2503773905655876,1.0850989125448571
4,4.738955823293173,0.33130842094533985,-0.21475805201884846,-1.056838467284638,-1.095665788813963,0.5027180922041952,0.2275749984010281,0.22281195413510207,1.0828488424317837
4,4.8192771084337345,0.362433658564863,-0.21555695365118116,-1.0442122250424213,-1.1094434103874729,0.4866834895318092,0.24524887842261067,0.19509507694574846,1.0797514856160437
4,4.899598393574297,0.39411702487734185,-0.21325505146112664,-1.0314770742859456,-1.122984240180158,0.4700980804158315,0.2604316514500957,0.16726196899277163,1.0758076401911891
4,4.979919678714859,0.4260640444403485,-0.2078788446648925,-1.018629785742334,-1.1362826574502292,0.4532135210658603,0.27314197812074315,0.1393522202361246,1.0710195239943787
4,5.0602409638554215,0.45799477536178124,-0.19946880136904496,-1.0056666117588702,-1.1493345707185563,0.4362624356490933,0.2834122629439333,0.11140940074799476,1.0653911091436683
4,5.140562248995984,0.4896415341438842,-0.188076268651395,-0.9925835106638633,-1.1621373121019376,0.4194613845406848,0.2912851467682209,0.08348059197929353,1.0589284339851122
4,5.220883534136546,0.5207463112493358,-0.1737614667083195,-0.9793763302854169,-1.1746895115283689,0.40301415978980504,0.2968111080717305,0.05561585924627526,1.0516398701649583
4,5.301204819277109,0.5510580395566232,-0.15659248341387466,-0.9660409563524737,-1.1869909651534232,0.3871152391845692,0.3000471258212732,0.027867677611280513,1.043536322746025
4,5.381526104417671,0.5803298567932411,-0.13664521148660566,-0.9525734332336956,-1.199042507604918,0.3719532516597108,0.3010563764114807,0.00029032478074285904,1.0346313426800433
4,5.461847389558233,0.6083164987628877,-0.11400419344357265,-0.9389700650470908,-1.2108458936251332,0.3577143109026021,0.29990895332943834,-0.0270607446183998,1.0249411337392678
4,5.542168674698795,0.6347719706992161,-0.08876435548280757,-0.9252275049950706,-1.2224036912886829,0.3445850633384539,0.2966836063446737,-0.05412952904260029,1.014484440426817
4,5.622489959839357,0.6594476676229402,-0.06103361677288811,-0.9113428401071396,-1.2337191861609174,0.33275527319064097,0.2914704934694542,-0.08086010070644245,1.0032823094643515
4,5.7028112449799195,0.6820911492130142,-0.03093635073004748,-0.8973136775381167,-1.244796293397169,0.32241973292897785,0.2843749191184388,-0.1071972046038761,0.991357725008778
4,5.783132530120482,0.7024458158927146,0.0013823564418488407,-0.8831382371699507,-1.2556394727243696,0.3137792465332645,0.2755219897139696,-0.13308682525602944,0.9787351265685512
4,5.863453815261044,0.7202517743262576,0.03575176267247594,-0.8688154534078268,-1.26625363945275,0.3070403914354191,0.2650620487704123,-0.15847671235385102,0.9654398280098618
4,5.943775100401607,0.7352482098785211,0.07197004479486645,-0.8543450865640906,-1.2766440631608373,0.302413734869634,0.253176652911053,-0.18331685818406565,0.9514973654549179
4,6.024096385542169,0.747177586980261,0.10979871496153151,-0.8397278409099747,-1.286816244711911,0.3001101749649203,0.24008471960414957,-0.20755992103520784,0.9369328101462301
4,6.1044176706827304,0.7557919557228719,0.14895734950443354,-0.8249654822179922,-1.2967757621628297,0.30033511621585324,0.2260483241565162,-0.23116158972073417,0.92177008850188
4,6.184738955823293,0.760861538381659,0.18911925752097844,-0.8100609425170393,-1.30652807751619,0.3032802890405213,0.21137746559093565,-0.2540808849051423,0.9060313544042761
4,6.265060240963855,0.7621855888081054,0.22990885648208964,-0.7950183942866161,-1.3160782998096225,0.309113199014945,0.19643298578959514,-0.2762803935364355,0.8897364575379377
4,6.3453815261044175,0.7596052622518962,0.27090161103259014,-0.77984327142407,-1.325430906352899,0.3179644429120999,0.18162674931160722,-0.2977264337399275,0.8729025460087022
4,6.42570281124498,0.7530179162781265,0.3116273941890057,-0.764542211610942,-1.3345894331902939,0.32991344491827423,0.16741820684745073,-0.31838914958545994,0.8555438321538374
4,6.506024096385542,0.7423919184198478,0.3515780168691529,-0.7491228962153741,-1.3435561574507922,0.34497351603725906,0.15430660182497835,-0.338242538241734,0.8376715387566612
4,6.586345381526105,0.727780700927248,0.3902194280308022,-0.7335937715677072,-1.3523318062602743,0.3630774865678165,0.1428183474100269,-0.35726441592735875,0.8192940308194453
4,6.666666666666667,0.7093345236665894,0.4270087069527853,-0.7179636503700455,-1.360915336155881,0.38406545933944264,0.1334895014892229,-0.37543633263598786,0.800417127713873
4,6.746987951807229,0.6873082241541795,0.46141545951674556,-0.7022412132385593,-1.3693038294348419,0.4076764367170397,0.12684378674631286,-0.3927434476326611,0.7810445831717837
4,6.827309236947791,0.662063207617731,0.49294659210361735,-0.6864344542537247,-1.3774925460646779,0.433545623356779,0.12336723732983892,-0.4091743767207865,0.7611787166312218
4,6.907630522088353,0.6340621374372922,0.5211727087244199,-0.6705501348157166,-1.3854751502645313,0.4612090154906269,0.12348126448713677,-0.4247210181122037,0.7408211770529748
4,6.9879518072289155,0.6038553342913814,0.5457536336442754,-0.6545933199073454,-1.3932441021181232,0.49011634253298964,0.1275166508496716,-0.43937835691702676,0.7199738176241761
4,7.068273092369478,0.5720588529811941,0.5664600005036974,-0.6385670647899712,-1.4007911730067935,0.5196524534424038,0.13569151894975637,-0.45314424163362776,0.6986396535533398
4,7.14859437751004,0.5393255380905663,0.5831877308561643,-0.6224722973793253,-1.4081080182832126,0.549165881706734,0.14809642268641385,-0.466019122417976,0.6768238647406344
4,7.228915662650603,0.5063118121863666,0.5959628125106646,-0.6063079071570834,-1.4151867294944416,0.5780018385044929,0.1646891256698502,-0.4780057435337771,0.6545347913139267
4,7.309236947791165,0.47364408629310284,0.6049351484184445,-0.5900710149768748,-1.4220202953551808,0.6055357207437023,0.18530028987701344,-0.4891087920599315,0.6317848570597229
4,7.389558232931726,0.44188904107393473,0.6103621254696444,-0.573757369862296,-1.4286029230571893,0.6312028485316763,0.20964944862882626,-0.49933451974331633,0.6085913489587186
4,7.469879518072289,0.41153137160601927,0.6125844159859979,-0.557361805798516,-1.4349302017900567,0.6545208044600979,0.23736880073163427,-0.5086903702676023,0.5849769850724245
4,7.550200803212851,0.38296107842139027,0.6119977723341948,-0.540878694714113,-1.4409991192837326,0.6751022705402137,0.2680311271369754,-0.5171846542474923,0.5609702198125622
4,7.6305220883534135,0.3564705147555598,0.609024846344059,-0.5243023471740761,-1.4468079625714436,0.6926581472800587,0.30117785426456173,-0.5248263148615435,0.5366052619628231
4,7.710843373493976,0.33225976003892543,0.6040903977286518,-0.5076273329232329,-1.452356143208679,0.7069923894575474,0.336343933896622,-0.5316248165732412,0.5119218115834053
4,7.791164658634538,0.3104478888579887,0.5976020030719403,-0.4908487129417818,-1.45764398604273,0.7179909952335278,0.37307743349524597,-0.5375901711497358,0.4869645494755439
4,7.871485943775101,0.29108744895437694,0.5899370222831706,-0.47396218922585426,-1.46267251302146,0.7256078335292141,0.4109530581860144,-0.5427330932577379,0.4617824325522752
4,7.951807228915663,0.2741797881831494,0.5814354792096394,-0.45696418680992495,-1.4674432433702038,0.7298496572788571,0.4495799065557602,-0.5470652586520827,0.4364278576048041
4,8.032128514056225,0.2596895036649536,0.5723978460086414,-0.439851885517569,-1.4719580218025097,0.7307620061557295,0.488604420277633,-0.5505996243031153,0.41095575551623537
4,8.112449799196787,0.2475569734885678,0.5630864626765351,-0.4226232181562647,-1.4762188788277186,0.7284170089048247,0.5277097455082703,-0.5533507642371289,0.3854226706429134
4,8.19277108433735,0.23770850832620538,0.5537293681470573,-0.4052768491684974,-1.4802279221119987,0.7229035169309033,0.5666126849320209,-0.5553351760886123,0.3598858690329204
4,8.273092369477911,0.2300640655129799,0.5445255256992724,-0.38781214435408107,-1.483987254940955,0.7143195989926979,0.6050592219228556,-0.5565715201515978,0.3344025073188272
4,8.353413654618475,0.22454270239849636,0.5356506872818009,-0.3702291390277812,-1.4874989165435404,0.7027671989281001,0.6428193460203119,-0.5570807622988164,0.3090288832414277
4,8.433734939759036,0.22106604763417087,0.5272633873427365,-0.35252850921341755,-1.4907648387790902,0.6883486643007499,0.6796816716501247,-0.5568862027215042,0.2838197797862293
4,8.514056224899598,0.21956008085823173,0.519510754192424,-0.3347115482992932,-1.4937868139908914,0.6711648498326863,0.7154481518308476,-0.5560133823916259,0.2588279079676199
4,8.594377510040161,0.2199554709863075,0.5125339666802089,-0.3167801499211696,-1.4965664693642622,0.6513145465514621,0.7499290545943843,-0.5544898676166011,0.23410344808966918
4,8.674698795180722,0.22218665826893497,0.5064732685444793,-0.298736796560083,-1.499105243713205,0.6288950581047492,0.7829382897265873,-0.5523449198136025,0.20969368544213868
4,8.755020080321286,0.22618979221878652,0.5014724903218911,-0.28058455230792917,-1.5014043631619167,0.6040038226987395,0.8142891394545874,-0.5496090626095982,0.18564273338543824
4,8.835341365461847,0.23189956868407835,0.49768302578323453,-0.262327057322505,-1.5034648126885655,0.5767410506994837,0.8437904525638158,-0.5463135620610583,0.16199133434151516
4,8.91566265060241,0.23924495138966675,0.4952671713351824,-0.24396852057945675,-1.5052873009929766,0.5472134075870705,0.8712434025409362,-0.5424898383972817,0.13877672711685815
4,8.995983935742972,0.24814372568472623,0.49440066506428865,-0.22551370656251313,-1.5068722167432753,0.5155388107154838,0.8964389845030466,-0.5381688298376982,0.11603256717594025
4,9.076305220883533,0.25849582517963055,0.4952741576800013,-0.20696791052756283,-1.5082195750704694,0.4818524162952268,0.919156532372229,-0.5333803309472958,0.09378888501823895
4,9.156626506024097,0.27017541315738514,0.4980932140712191,-0.18833691600518768,-1.5093289543872257,0.4463138329781611,0.9391636734830096,-0.52815233013036,0.07207206683299727
4,9.236947791164658,0.283021813079356,0.503076290305641,-0.1696269274732244,-1.5101994253691797,0.4091154877277946,0.9562182936594587,-0.5225103733339276,0.050904841404080026
4,9.317269076305221,0.29682959644908863,0.5104499818491263,-0.15084447097025394,-1.5108294763945649,0.37049185854176514,0.9700732364019375,-0.5164769840206012,0.030306258143501345
4,9.397590361445783,0.3113384797282486,0.5204407411433579,-0.1319962563374663,-1.5112169428878506,0.3307289493748328,0.9804845581025632,-0.5100711727656163,0.010291643641929447
4,9.477911646586346,0.32622416826322964,0.5332622998131167,-0.11308899738070666,-1.5113589516220094,0.29017290224187603,0.9872241231145619,-0.5033080731244003,-0.00912747130566915
4,9.558232931726907,0.341091880291347,0.5490983157292977,-0.09412919114233984,-1.5112518944482496,0.24923605362258905,0.9900970337945191,-0.49619874277159737,-0.027943455075566954
4,9.638554216867469,0.3554748713311803,0.5680804309387261,-0.0751228649377956,-1.5108914480134676,0.20839816269334743,0.9889637170324995,-0.48875016908673347,-0.046152699957757747
4,9.718875502008032,0.3688406189299919,0.590263052120847,-0.056075309413096394,-1.5102726552151389,0.16820020475307473,0.9837653498962837,-0.4809655142699718,-0.06375574680199149
4,9.799196787148594,0.3806070715030827,0.6155976871961569,-0.03699082597053386,-1.5093900788445345,0.12922837892493316,0.9745497662829249,-0.4728446244574835,-0.0807573746345471
4,9.879518072289157,0.39017014816685164,0.6439112447326789,-0.017872524552515683,-1.5082380272871476,0.09208718457543913,0.9614933909617347,-0.46438480818977657,-0.09716660840726579
4,9.959839357429718,0.3969413730421607,0.6748936792231351,0.0012777907880218847,-1.506810837231962,0.057362697218360625,0.9449137501245477,-0.4555818610485449,-0.1129965921157207
4,10.040160642570282,0.4003914940482574,0.7080999460802255,0.020459618906980656,-1.5051031825774157,0.02558016532152843,0.9252675155286153,-0.446431278276768,-0.1282642790314248
4,10.120481927710843,0.40009318745276673,0.7429689248914858,0.03967362900925103,-1.503110367350957,-0.0028372551190993245,0.903131351915981,-0.4369295613429199,-0.14298990945650986
4,10.200803212851406,0.39575479840919203,0.778858086764394,0.058921409820486104,-1.50082855869324,-0.027600710379038697,0.8791667504207787,-0.4270754978506409,-0.15719627849193282
4,10.281124497991968,0.38723843153553034,0.8150885042088861,0.07820513431137155,-1.4982549259192925,-0.04857227959187231,0.85407425752157,-0.41687128625503117,-0.1709078358111636
4,10.36144578313253,0.3745593973579733,0.8509920550153545,0.09752718797420151,-1.4953876708329648,-0.06576319193358764,0.8285453118011749,-0.40632339339858875,-0.18414969598356445
4,10.441767068273093,0.35786860921139924,0.8859525311454705,0.11688981013711955,-1.492225956380317,-0.07931534790453967,0.8032200847872323,-0.3954430714439808,-0.19694665955238566
4,10.522088353413654,0.3374232212688352,0.919434745615528,0.13629478761165348,-1.4887697582381558,-0.08947149705827322,0.7786573580253437,-0.38424651182221703,-0.20932234540271585
4,10.602409638554217,0.3135523489833859,0.9509993979812134,0.15574322303298604,-1.4850196725243974,-0.09654090819993338,0.7553187881330095,-0.37275466381644007,-0.2212985135898253
4,10.682730923694779,0.28662407614982666,0.9803048718550934,0.17523538289893262,-1.4809767120784079,-0.1008666765364802,0.7335664628085378,-0.36099278251228056,-0.23289462258522334
4,10.763052208835342,0.2570179467787088,1.007099268994854,0.19477061711464583,-1.476642116530229,-0.10279877445858072,0.713670473580023,-0.34898978943477543,-0.24412762604464802
4,10.843373493975903,0.22510483675941498,1.0312066278032428,0.2143473345895112,-1.472017191555855,-0.10267464168763481,0.695822544955938,-0.336777529661293,-0.2550119812033258
4,10.923694779116467,0.1912342533726279,1.0525108244044725,0.2339630175321198,-1.4671031835205646,-0.10080727424739713,0.6801521785617052,-0.324389996657352,-0.2655598194456133
4,11.004016064257028,0.15572800918548163,1.0709396861498854,0.2536142587715148,-1.4619011888522893,-0.09747969099530496,0.6667427231867686,-0.311862576961693,-0.2757812204843649
4,11.08433734939759,0.11887879135061244,1.0864508290104298,0.27329680986835214,-1.456412093339681,-0.0929442544743228,0.6556457972958964,-0.2992313467446435,-0.2856845329666452
4,11.164658634538153,0.08095217509809512,1.0990199160483123,0.2930056316076328,-1.4506365346865109,-0.08742537182794569,0.6468933114233633,-0.2865324348777838,-0.2952766927851647
4,11.244979919678714,0.04219088823785021,1.1086314989812018,0.3127349419166747,-1.4445748813332124,-0.08112437618286276,0.6405068846054536,-0.27380145397166367,-0.30456350225344303
4,11.325301204819278,0.002820452034339019,1.1152723206423831,0.3324782590686555,-1.4382272211427498,-0.07422571876412426,0.6365047467973274,-0.2610729923388719,-0.31354984629696075
4,11.405622489959839,-0.03694438243691135,1.1189268583710794,0.3522284401918163,-1.4315933544815496,-0.06690390276753101,0.63490632975328,-0.2483801549873756,-0.3222398336428099
4,11.485943775100402,-0.07689276720647004,1.119574908314247,0.3719777167778271,-1.4246727873127043,-0.059330809323540915,0.6357347406498943,-0.2357541402478177,-0.33063686165143713
4,11.566265060240964,-0.11681068777992626,1.1171910997606618,0.3917177301987397,-1.4174647209339057,-0.05168320335614563,0.639017233066252,-0.22322383906266938,-0.338743611893008
4,11.646586345381525,-0.15647387185657546,1.11174634639132,0.41143957135412923,-1.4099680360386186,-0.044150253238596726,0.6447836803984061,-0.2108154462589585,-0.3465619907511073
4,11.726907630522089,-0.19564089276244223,1.1032113624473852,0.43113382951215995,-1.4021812698669809,-0.036940860188512954,0.6530629423560556,-0.19855207656120624,-0.35409303493645966
4,11.80722891566265,-0.2340468044522874,1.0915624663753167,0.45079065615443603,-1.3941025865371208,-0.030290468905082628,0.6638769266188753,-0.1864533827970675,-0.3613368064570713
4,11.887550200803213,-0.27139784929160976,1.076789929457457,0.47039985001114504,-1.3857297423030894,-0.024466821186428248,0.6772321178573185,-0.1745351795331084,-0.36829230501168614
4,11.967871485943775,-0.3073680551011963,1.0589090540253354,0.48995096920375303,-1.3770600496219392,-0.0197738316788512,0.6931084236447926,-0.1628090824237069,-0.3749574280481889
4,12.048192771084338,-0.34159885016953967,1.0379739241152046,0.5094334750707269,-1.3680903464608856,-0.016552443250197155,0.7114454313753875,-0.15128218165099144,-0.38132900902970646
4,12.1285140562249,-0.3737030898752975,1.014093300459668,0.5288369093788423,-1.3588169800250438,-0.01517704279493412,0.7321266417533306,-0.1399567767086121,-0.38740296218795484
4,12.208835341365461,-0.4032749664972643,0.9874473987565167,0.5481511018295118,-1.3492358164108873,-0.01604592686825604,0.7549629736120875,-0.12883020846399282,-0.39317455595771694
4,12.289156626506024,-0.42990696264326855,0.9583033516339035,0.5673663980471659,-1.3393422886461746,-0.01956460401105387,0.7796777635198131,-0.1178948313928449,-0.3986388265075421
4,12.369477911646586,-0.4532141080002749,0.9270262152575006,0.5864738902565587,-1.3291314939172991,-0.02612161057589984,0.8058964053236333,-0.10713817168038543,-0.40379112666383504
4,12.449799196787149,-0.47286422170604064,0.8940818331029009,0.6054656252741547,-1.3185983454614914,-0.03605809095002358,0.8331442971458242,-0.0965433126180919,-0.4086277847872336
4,12.53012048192771,-0.48861077046491747,0.860028216122538,0.6243347598036527,-1.3077377753858095,-0.04963445469930551,0.8608563844918895,-0.08608953463943111,-0.41314682522861795
4,12.610441767068274,-0.5003230459034107,0.8254937268472377,0.6430756341221073,-1.2965449729062053,-0.06699937597828524,0.8883999275346055,-0.075753212240413,-0.417348681475638
4,12.690763052208835,-0.5080074624076832,0.7911431947367329,0.6616837437859674,-1.2850156312810814,-0.0881673455279699,0.9151092575384593,-0.06550893585031561,-0.42123682099411086
4,12.771084337349398,-0.5118146882617942,0.7576363807311939,0.680155604302558,-1.2731461701154303,-0.11301012685041978,0.9403279920429252,-0.055330789190345245,-0.4248182026586889
4,12.85140562248996,-0.5120301636150824,0.725585691081233,0.6984885220664404,-1.2609339010115261,-0.1412646772991143,0.9634517157919954,-0.04519368115224521,-0.4281035058617024
4,12.931726907630521,-0.5090494904963755,0.6955205381203522,0.7166803009255669,-1.2483771142913114,-0.1725561958792891,0.9839636786590503,-0.03507461454990367,-0.43110710248809153
4,13.012048192771084,-0.503343701697467,0.6678639620466126,0.7347289223623573,-1.235475079903721,-0.2064314419424708,1.0014578988137879,-0.024953778722420966,-0.4338467809566795
4,13.092369477911646,-0.49542121612634943,0.6429237978443443,0.7526322365839938,-1.222227971643545,-0.24239564260264282,1.015647439740436,-0.014815377855002965,-0.4363432659412353
4,13.17269076305221,-0.48579291372528766,0.6208971943676541,0.770387693195633,-1.2086367356311378,-0.2799466339947896,1.0263591409055888,-0.004648145475557319,-0.4386195996421052
4,13.25301204819277,-0.4749447724693176,0.6018848717770343,0.7879921275541528,-1.1947029290937141,-0.31860181720674263,1.0335185143634449,0.005554462121905822,-0.440700457046765
4,13.333333333333334,-0.46331995291158584,0.5859106296732055,0.8054416065962131,-1.1804285540857515,-0.3579160181822025,1.0371293843363654,0.015794364497573855,-0.4426114599238193
4,13.413654618473895,-0.45131002869402526,0.5729420549586027,0.822731328762629,-1.1658159050818042,-0.397490494275028,1.0372523875003212,0.026069194206422817,-0.4443785373771195
4,13.493975903614459,-0.43925371798703,0.562909523231739,0.8398555675597297,-1.1508674420332112,-0.4369746574112257,1.0339852792669817,0.03637280783852456,-0.44602736046550945
4,13.57429718875502,-0.4274409665555477,0.5557218559717254,0.856807646893837,-1.1355856936437287,-0.4760625871863394,1.027446697589579,0.04669590684804854,-0.44758285991757557
4,13.654618473895582,-0.4161203391575717,0.5512780263687803,0.873579937339358,-1.11997319035034,-0.5144863106121771,1.0177639856962877,0.05702671243038938,-0.4490688217147278
4,13.734939759036145,-0.4055080710276828,0.5494749754760305,0.8901638648971765,-1.104032423133943,-0.5520074451103457,1.0050649947194912,0.06735165124085069,-0.4505075470615788
4,13.815261044176706,-0.3957976088490529,0.5502119326716665,0.9065499265578094,-1.0877658224657665,-0.5884083399101351,0.9894734495472195,0.07765602220137705,-0.4519195597531195
4,13.89558232931727,-0.3871688739292282,0.5533917295782429,0.9227277097035947,-1.0711757510606328,-0.6234834627553663,0.971107366503304,0.08792462698099834,-0.4533233450209141
4,13.975903614457831,-0.37979676953862507,0.5589195492606779,0.9386859147567521,-1.0542645041319552,-0.6570315020025791,0.9500800624914273,0.09814235678445048,-0.4547351076201501
4,14.056224899598394,-0.3738586099137063,0.5666994487505825,0.9544123825184285,-1.037034311285527,-0.6888485080247688,0.9265034051987971,0.10829473542004521,-0.4561685426638528
4,14.136546184738956,-0.3695401899972659,0.5766288872896529,0.9698941293376712,-1.0194873348477946,-0.7187223625671976,0.9004930668452499,0.118368423226791,-0.4576346192871083
4,14.216867469879517,-0.36704016218250857,0.5885914299282707,0.9851173946361104,-1.0016256603155744,-0.7464289209670126,0.8721756145778041,0.12835168851340964,-0.4591413841905006
4,14.29718875502008,-0.3665722675940117,0.6024478094454085,1.0000677063429368,-0.9834512758274586,-0.7717302916779786,0.841697265258395,0.13823485292905213,-0.4606937988763452
4,14.377510040160642,-0.36836482011989236,0.6180256512193836,1.0147299703191628,-0.9649660392566759,-0.7943758650372079,0.809234018509674,0.14801071483793618,-0.4622936304723819
4,14.457831325301205,-0.37265671609629863,0.635108421514836,1.0290885896151436,-0.9461716338849034,-0.8141068240112997,0.7750026332965922,0.1576749504924535,-0.4639394209265252
4,14.538152610441767,-0.3796892177394751,0.6534245611803835,1.043127618012921,-0.9270695166697931,-0.8306648870085854,0.7392715176526015,0.16722648673513815,-0.46562656216319215
4,14.61847389558233,-0.3896929432778003,0.6726382812880194,1.0568309493673327,-0.9076608667285418,-0.8438058376045549,0.7023700901533829,0.17666783151502113,-0.46734750471286074
4,14.698795180722891,-0.40286999984836314,0.6923440277487667,1.070182539422341,-0.8879465452415626,-0.8533178798734119,0.6646946404397002,0.18600534029943266,-0.4690921229469046
4,14.779116465863453,-0.4193720936203539,0.7120669659749204,1.083166650137064,-0.8679270806268938,-0.859043945333967,0.6267083651533352,0.19524938881725556,-0.47084825050136203
4,14.859437751004016,-0.43927668837551803,0.7312717201484816,1.0957680987744016,-0.8476026932372407,-0.8609058277637565,0.5889333569551906,0.20441441736487148,-0.47260238386643155
4,14.939759036144578,-0.46256460311321196,0.749380743785931,1.1079724867009368,-0.8269733708504444,-0.8589266952555759,0.5519331582236273,0.21351881166784958,-0.4743405311591142
4,15.02008032128514,-0.4891033523841692,0.7658019977654016,1.11976637831268,-0.8060389993900878,-0.8532476183625792,0.5162861605504192,0.2225845924340669,-0.4760491589257331
4,15.100401606425702,-0.5186404654601248,0.7799633332606388,1.13113740120043,-0.7847995435267162,-0.8441338374893038,0.48255237705773246,0.231636901748997,-0.47771616679165535
4,15.180722891566266,-0.5508095997731108,0.7913487933750042,1.142074245991895,-0.763255261556716,-0.8319679444727982,0.4512382718624889,0.2407032982540121,-0.4793318036807773
4,15.261044176706827,-0.5851496538916687,0.7995308808196917,1.1525665577070636,-0.741406931497474,-0.8172298048395081,0.42276548615724396,0.24981290102411152,-0.4808894354794618
4,15.34136546184739,-0.6211340733203883,0.8041933233287456,1.1626047269238458,-0.7192560635604707,-0.8004661010346203,0.39744882596586517,0.25899544743116093,-0.48238608573414027
4,15.421686746987952,-0.6582052359556598,0.8051409914683328,1.1721796040569568,-0.6968050788749001,-0.7822547145583537,0.37548678369707705,0.26828034645705473,-0.48382269629050983
4,15.502008032128513,-0.6958080367761434,0.8022966444169167,1.181282169944088,-0.6740574438928407,-0.7631699441648591,0.3569648890135713,0.27769581099691265,-0.48520408953764743
4,15.582329317269076,-0.7334177358320368,0.7956869137442173,1.1899031981722055,-0.6510177609684954,-0.7437536026117921,0.3418694954362694,0.2872681402716218,-0.4865386482119913
4,15.662650602409638,-0.770559147445658,0.7854216148182319,1.1980329402732384,-0.6276918247814821,-0.7244949923152357,0.33010796729363484,0.29702119948765376,-0.48783775733038476
4,15.742971887550201,-0.806816545294797,0.7716707396011954,1.2056608564688815,-0.6040866592377705,-0.7058204271794162,0.32153098900358346,0.30697611600532976,-0.4891150693670083
4,15.823293172690763,-0.841835405688674,0.7546427178469279,1.2127754048977102,-0.5802105501204433,-0.6880911832962293,0.315953491045048,0.31715118408719145,-0.4903856587715326
4,15.903614457831326,-0.8753180841984836,0.7345662545045318,1.2193638939009386,-0.5560730858909205,-0.6716077597084336,0.31317195838309736,0.32756195000597665,-0.49166512699670867
4,15.983935742971887,-0.9070157216708782,0.7116767932435486,1.2254123959266612,-0.5316852143612473,-0.6566181111710666,0.3129771294968403,0.3382214369152819,-0.4929687083791417
4,16.06425702811245,-0.9367183968848871,0.6862077026781119,1.2309057182142054,-0.5070593178370826,-0.6433277859870702,0.3151620294572556,0.34914046465775045,-0.49431041429828493
4,16.14457831325301,-0.9642450488201402,0.6583857140779761,1.235827424073317,-0.4822093047057807,-0.6319103969881992,0.3195258315085285,0.3603280217350206,-0.4957022408807239
4,16.224899598393574,-0.9894341951161248,0.62842989659046,1.2401598985837003,-0.45715071173371025,-0.6225173563528361,0.32587427101251754,0.37179165288525884,-0.4971534558692671
4,16.305220883534137,-1.0121360780215976,0.5965534295451425,1.243884453213071,-0.43190080860532876,-0.6152862091827481,0.334017352709648,0.38353783399127267,-0.49866997364946164
4,16.3855421686747,-1.0322066116138089,0.5629675110584003,1.2469814647377582,-0.40647869441738316,-0.6103471679710765,0.3437650071102146,0.39557231484712524,-0.5002538237512316
4,16.46586345381526,-1.0495033708352186,0.5278868488899532,1.2494305446348173,-0.3809053748420463,-0.6078275923224917,0.3549212426446262,0.40790041852289105,-0.5019027166925328
4,16.546184738955823,-1.0638838229345489,0.4915362559475268,1.2512107357386664,-0.3552038085177291,-0.6078542059412878,0.36727726372413405,0.42052729313716813,-0.5036097111539317
4,16.626506024096386,-1.0752060156381749,0.4541578891680254,1.2523007334037297,-0.3293989120187017,-0.6105528351598134,0.380604010144762,0.43345811739425644,-0.5053629872940856
4,16.70682730923695,-1.0833319597130255,0.4160186086807638,1.2526791288063057,-0.3035175147164219,-0.6160454342262892,0.39464463797238997,0.4466982651330067,-0.5071457319367316
4,16.78714859437751,-1.088133930393961,0.37741679321595073,1.2523246724234902,-0.27758825820137417,-0.6244441781930768,0.4091076067520073,0.46025343616354525,-0.5089361417665841
4,16.867469879518072,-1.089503808489773,0.33868774393013984,1.251216556199692,-0.2516414398470774,-0.6358425083953598,0.42366124606057054,0.4741297606854386,-0.510707550143633
4,16.947791164658636,-1.0873653382250423,0.30020658528452493,1.2493347133539314,-0.22570880650094,-0.6503032574716203,0.4379309024851322,0.4883338823427286,-0.512428681268717
4,17.028112449799195,-1.0816887538265567,0.26238740938336114,1.2466601350138469,-0.19982331174535672,-0.6678444016428632,0.45149993428695834,0.5028730204555705,-0.5140640319249625
4,17.10843373493976,-1.0725066279849353,0.22567742287400316,1.243175202540387,-0.17401885772667164,-0.6884235798636877,0.4639158103908672,0.5177550053082333,-0.5155743755381985
4,17.188755020080322,-1.059929097385785,0.19054518186721808,1.238864033322616,-0.1483300487162239,-0.7119232083476472,0.4747022426858541,0.5329882724108135,-0.5169173758368482
4,17.269076305220885,-1.0441560076611296,0.1574627329744323,1.2337128358893152,-0.12279198646676137,-0.7381386219636261,0.48337754150623247,0.5485817937354378,-0.5180482880139033
4,17.349397590361445,-1.025483256247931,0.12688261095526948,1.2277102678800524,-0.09744013529570915,-0.7667719298887048,0.4894782393033208,0.5645449182565808,-0.5189207149628811
4,17.429718875502008,-1.004300972178619,0.09921197103470421,1.220847788574938,-0.0723102766222565,-0.7974339094389647,0.4925856819676709,0.5808870930426431,-0.5194873763801185
4,17.51004016064257,-0.9810822888787653,0.07478726856148472,1.2131199974267965,-0.04743855880351759,-0.82965515023106,0.49235213209180123,0.5976174416830261,-0.5197008418497683
4,17.59036144578313,-0.9563631973907648,0.05385337849846605,1.2045249521048806,-0.022861630738625918,-0.8629059442299464,0.48852243054651,0.614744189515828,-0.51951417830635
4,17.670682730923694,-0.9307158495796158,0.03655053890591357,1.1950644637795702,0.0013831697227194833,-0.8966225578481543,0.4809477611508946,0.6322739436481976,-0.5188814697795275
4,17.751004016064257,-0.9047191005583892,0.02291105779824452,1.1847443723513646,0.02525761503213672,-0.9302361282444126,0.4695895108141558,0.6502108564514348,-0.5177581836445369
4,17.83132530120482,-0.8789305317343372,0.012865733478746817,1.1735748079442145,0.048722424121812845,-0.9631999961928933,0.45451322325749005,0.6685557199830136,-0.5161013808580496
4,17.91164658634538,-0.8538635677533073,0.00625810238969632,1.1615704450635014,0.07173718365300166,-0.995011928435849,0.43587450718559734,0.6873050511256527,-0.5138697932282951
4,17.991967871485944,-0.8299718844921579,0.002863444302689281,1.1487507514389055,0.09426039435530856,-1.0252290984602,0.41389997467212214,0.7064502315134498,-0.5110238133301197
4,18.072289156626507,-0.807641643580611,0.002409222481542653,1.135140225187916,0.11624966945111141,-1.0534753440422253,0.388866564887372,0.725976762434918,-0.5075254568200258
4,18.152610441767067,-0.7871906964919659,0.00459414818889943,1.1207686034441695,0.13766209658398387,-1.079441592093846,0.36108211505927307,0.7458636851416404,-0.5033383598321561
4,18.23293172690763,-0.7688730569129404,0.009104005929294593,1.1056710155561509,0.15845475870438164,-1.1028811628849995,0.33086910083241305,0.7660832042417867,-0.4984278654660891
4,18.313253012048193,-0.7528866771158456,0.015623377432695823,1.089888046772557,0.17858539436074894,-1.1236019081714275,0.29855246363155796,0.7866005385147137,-0.4927612354250025
4,18.393574297188756,-0.739382729228995,0.023843212096477842,1.0734656757506287,0.19801316482792863,-1.14145695753772,0.26445162247675086,0.8073740110160839,-0.4863079994011571
4,18.473895582329316,-0.7284749825635005,0.03346470767244081,1.0564550520658147,0.21669948520545437,-1.1563354485385535,0.22887623724409786,0.8283553790362369,-0.47904043012199277
4,18.55421686746988,-0.7202483087476506,0.044200204669043286,1.0389120880640212,0.2346088697784003,-1.168154173279675,0.192125035480253,0.8494903939633018,-0.47093410992769624
4,18.634538152610443,-0.7147657280036072,0.055771837777724986,1.0208968520204886,0.2517097392913815,-1.1768506949207422,0.1544869612304544,0.8707195709038583,-0.4619685382995607
4,18.714859437751002,-0.71207368711519,0.06790861580172919,1.0024727652517627,0.26797513993322103,-1.18237821600497,0.11624396498677682,0.891979137868395,-0.45212772072172674
4,18.795180722891565,-0.7122054289253535,0.08034248885688057,0.983705622733127,0.28338333101142194,-1.184702318634768,0.07767485842753045,0.913202124826992,-0.4414006782958326
4,18.87550200803213,-0.715182397052858,0.09280386158451907,0.9646624731044272,0.2979182101599211,-1.1837996209377535,0.03905975255215083,0.9343195448861821,-0.42978182429659073
4,18.955823293172692,-0.7210136459152712,0.1050169504719775,0.9454104078220553,0.31156956043918704,-1.1796583762937969,0.0006846561624674549,0.9552616143870103,-0.41727116707363177
4,19.03614457831325,-0.7296932307591821,0.11669537945535023,0.9260153193123215,0.3243331211012683,-1.1722810455355857,-0.03715418407027627,0.975958956982444,-0.40387431648634203
4,19.116465863453815,-0.7411955661190917,0.12753846236962807,0.9065406932931742,0.3362105008314624,-1.1616888665663192,-0.0741466721479262,0.996343739392234,-0.3896022910531643
4,19.196787148594378,-0.7554688012052119,0.1372287250924926,0.8870465006419096,0.34720896644459653,-1.147928393075767,-0.10996654872378255,1.016350693639067,-0.37447114281330657
4,19.277108433734938,-0.7724263986035306,0.14543135195710716,0.8675882493664786,0.35734114897051117,-1.1310798421891002,-0.14427106665673284,1.0359179914261498,-0.3585014342708853
4,19.3574297188755,-0.7919373493864531,0.1517963546061276,0.8482162478449214,0.36662471111376715,-1.1112668481029275,-0.17670345079039165,1.0549879496444567,-0.34171761492950303
4,19.437751004016064,-0.813815821258898,0.15596429026168854,0.8289751170904786,0.37508201452925405,-1.0886668558042512,-0.20689895224840082,1.0735075599726682,-0.32414735254254173
4,19.518072289156628,-0.8378114911196772,0.15757620943049694,0.8099035730060969,0.3827398128899012,-1.0635209301826118,-0.2344951466801025,1.09142884829619,-0.3058208756402958
4,19.598393574297187,-0.8636022703661591,0.15628810109935265,0.7910344801410483,0.38962897944220476,-1.0361412893157596,-0.25914670151730307,1.1087090795408683,-0.2867703790242543
4,19.67871485943775,-0.8907914330191684,0.1517893794835817,0.7723951574196669,0.39578425903316805,-1.006914553841437,-0.28054410537454294,1.1253108294409362,-0.26702953314220684
4,19.759036144578314,-0.9189110959777484,0.14382397450544607,0.7540078954060382,0.4012440185230719,-0.9762987459876804,-0.29843487049604683,1.1412019465593886,-0.24663312253247127
4,19.839357429718877,-0.9474333935124435,0.13221155242779145,0.7358906264316336,0.40604995990257386,-0.9448126592422793,-0.31264469285104995,1.1563554263230869,-0.2256168194793154
4,19.919678714859437,-0.9757894901666289,0.11686564714380239,0.7180576764265851,0.41024675980436204,-0.9130174017140543,-0.32309532791131035,1.1707492154540955,-0.204017079036854
4,20.0,-1.0033949809875289,0.09780540077252892,0.7005205234725966,0.4138816076383927,-0.8814915042192346,-0.32981588465821493,1.1843659617341644,-0.1818711237527067
5,0.0,-0.3875253134956585,0.35242357519787637,0.6686322546157349,-0.8245642967596344,0.5722243611211826,1.0821120034669438,-0.853331302241259,-0.6099712819051859
5,0.08032128514056225,-0.39785351600836655,0.34368433179034125,0.6823584552484652,-0.8104495096295232,0.5546154657101345,1.0937592379354353,-0.8391204049502331,-0.6269940600962535
5,0.1606425702811245,-0.40811350238793037,0.33472519709716886,0.6958020585508903,-0.7960540286359874,0.5368410534350319,1.1050500147027855,-0.8245296095979916,-0.6437211831639669
5,0.24096385542168675,-0.41830160273691824,0.3255420501694106,0.708956511962241,-0.7813832302175795,0.5189090328452844,1.1159833983369591,-0.8095639420706071,-0.6601422182887905
5,0.321285140562249,-0.42841381142102836,0.3161308231776182,0.7218153531524455,-0.7664426579250182,0.5008272159551636,1.126558591779684,-0.7942287576865804,-0.6762467570322842
5,0.40160642570281124,-0.4384457845572679,0.3064875168982661,0.7343722152786935,-0.7512380217117892,0.48260331718585914,1.1367749309526969,-0.7785297479072845,-0.6920244261391739
5,0.4819277108433735,-0.4483928378847176,0.2966082166328573,0.74662083229898,-0.73577519703491,0.4642449524278142,1.1466318794738963,-0.7624729468420764,-0.7074648990718437
5,0.5622489959839357,-0.4582499450875145,0.2864891085941247,0.75855504434259,-0.7200602237525717,0.4457596382206236,1.1561290234759278,-0.7460647374756989,-0.722557908317481
5,0.642570281124498,-0.4680117365626477,0.2761264967344453,0.7701688031095112,-0.7040993048323559,0.42715479105102055,1.1652660665379249,-0.7293118575978839,-0.7372932584400141
5,0.7228915662650602,-0.47767249876411405,0.26551682008775923,0.781456177318287,-0.6878988048409531,0.40843772676362033,1.1740428247125931,-0.7122214053177931,-0.7516608399593993
5,0.8032128514056225,-0.4872261741727634,0.25465667062057207,0.7924113581883613,-0.6714652482159321,0.38961566008454396,1.1824592216505994,-0.6948008441001416,-0.7656506440552392
5,0.8835341365461847,-0.49666636191972524,0.24354281157062932,0.803028664935087,-0.6548053173273891,0.37069570425909987,1.1905152838290662,-0.6770580072744614,-0.7792527780723063
5,0.963855421686747,-0.5059863190913054,0.23217219625185082,0.8133025502555652,-0.6379258503373034,0.351684870804703,1.1982111358909866,-0.6590011019689626,-0.7924574818055339
5,1.0441767068273093,-0.5151789628088581,0.22054198733246672,0.8232276058018624,-0.6208338388465067,0.33259006937803504,1.2055469960914527,-0.6406387123710392,-0.8052551445774127
5,1.1244979919678715,-0.5242368734731343,0.20864957671566203,0.8327985677221144,-0.6035364252430971,0.3134181077461019,1.2125231717977771,-0.6219798019950818,-0.8176363232703421
5,1.2048192771084336,-0.5331522987119328,0.19649260574911734,0.842010322103563,-0.5860408999012974,0.294175691879293,1.2191400551376905,-0.6030337152709231,-0.8295917609855107
5,1.285140562248996,-0.5419171584597982,0.1840689858817431,0.850857910402593,-0.568354698134689,0.2748694261580636,1.2253981187364666,-0.5838101781008583,-0.8411124064835213
5,1.3654618473895583,-0.5505230512022304,0.17137691970780025,0.8593365348370694,-0.550485396918149,0.2555058136934237,1.2312979115551634,-0.5643192973282626,-0.8521894343448151
5,1.4457831325301205,-0.5589612614936028,0.15841492234833182,0.8674415637345391,-0.532440711372014,0.23609125676070716,1.236840054829112,-0.5445715590016434,-0.8628142658054303
5,1.5261044176706826,-0.5672227687862789,0.14518184308927995,0.8751685368130264,-0.514228491025833,0.21663205735084318,1.24202523811423,-0.5245778253775908,-0.8729785901776772
5,1.606425702811245,-0.5752982575985297,0.13167688719145176,0.8825131703684795,-0.49585671588190505,0.19713441784372507,1.2468542154503028,-0.5043493306136748,-0.8826743867598497
5,1.6867469879518073,-0.5831781291288031,0.11789963779790676,0.8894713623618757,-0.47733349227448474,0.17760444180350965,1.251327801640955,-0.4838976750365823,-0.891893947164377
5,1.7670682730923695,-0.5908525147403622,0.10385007789548228,0.8960391974792725,-0.4586670484239294,0.15804813487604447,1.2554468686110976,-0.46323481761495466,-0.9006298980826504
5,1.8473895582329316,-0.5983112908134928,0.08952861212719229,0.9022129520166684,-0.43986572986627775,0.1384714058223604,1.2592123419128085,-0.4423730670255357,-0.9088752241737232
5,1.927710843373494,-0.6055440953856803,0.07493608838456398,0.9079890986615606,-0.4209379946561508,0.11888006767077566,1.2626251973395002,-0.42132507094665556,-0.9166232910679135
5,2.0080321285140563,-0.6125403466047109,0.060073819039077755,0.9133643111508727,-0.401892408360285,0.09927983898805295,1.2656864576572324,-0.4001038035342144,-0.9238678683360253
5,2.0883534136546187,-0.6192892630544459,0.04494360166184523,0.9183354687978024,-0.38273763884349543,0.0796763452686309,1.2683971894541441,-0.3787225510119871,-0.9306031522724941
5,2.1686746987951806,-0.6257798859131175,0.029547739069547718,0.9228996608637169,-0.3634824508773401,0.06007512044823565,1.2707585001169261,-0.3571948953988349,-0.9368237883091337
5,2.248995983935743,-0.6320011028960625,0.013889058533500226,0.9270541907494706,-0.3441357006041245,0.040481608548645485,1.2727715349441382,-0.3355346964020535,-0.9425248928735139
5,2.3293172690763053,-0.6379416741908096,-0.0020290700359640035,0.9307965800356655,-0.3247063298006876,0.0209011654370814,1.2744374743808502,-0.31375607128193733,-0.9477020745441985
5,2.4096385542168672,-0.6435902604225191,-0.01820271712024362,0.9341245723803939,-0.30520335992753184,0.001339060692902433,1.2757575313696483,-0.29187337265077745,-0.9523514543218728
5,2.4899598393574296,-0.6489354522391306,-0.03462737800742221,0.9370361371841028,-0.2856358861027048,-0.01819952038629786,1.2767329488577093,-0.2699011645586746,-0.9564696847475821
5,2.570281124497992,-0.653965801769775,-0.05129795880259695,0.9395294730802751,-0.2660130709033999,-0.03770947466380806,1.2773649974309993,-0.24785419664669234,-0.9600539677250022
5,2.6506024096385543,-0.6586698558742955,-0.06820876425204746,0.9416030112376464,-0.2463441380117914,-0.057185778933547565,1.277654973081736,-0.2257473764298037,-0.9631020708178969
5,2.7309236947791167,-0.6630361910532828,-0.08535348756682587,0.9432554184659084,-0.22663836571915447,-0.07662348758002253,1.2776041951111832,-0.20359573983260335,-0.9656123418252028
5,2.8112449799196786,-0.6670534497948715,-0.10272520241647265,0.9444856001010502,-0.20690508032981944,-0.0960177301192261,1.2772140041769757,-0.1814144201869528,-0.9675837214306837
5,2.891566265060241,-0.6707103781413488,-0.12031635726554363,0.9452927026478598,-0.18715364950409322,-0.11536370861215141,1.2764857604936108,-0.15921861589435976,-0.9690157537239742
5,2.9718875502008033,-0.6739958646783851,-0.13811877232567454,0.9456761162442974,-0.16739347541894328,-0.13465669500013425,1.2754208421566544,-0.13702355656577814,-0.9699085944120366
5,3.0522088353413652,-0.6768989805474928,-0.1561236392290967,0.9456354769107805,-0.14763398781078352,-0.15389202834546153,1.27402064360401,-0.11484446801782645,-0.9702630165641299
5,3.1325301204819276,-0.6794090200400357,-0.1743215235270509,0.9451706685371747,-0.1278846370048156,-0.17306511195400673,1.2722865742386993,-0.09269653654313252,-0.9700804137068327
5,3.21285140562249,-0.681515541736778,-0.19270237014625718,0.9442818246365974,-0.10815488685004071,-0.19217141039970428,1.2702200571903584,-0.07059487250011544,-0.9693628001940605
5,3.2931726907630523,-0.6832084100032252,-0.21125551201113646,0.942969329879318,-0.0884542075511969,-0.21120644647813158,1.2678225282149236,-0.04855447339796157,-0.9681128086525905
5,3.3734939759036147,-0.6844778365490569,-0.22996968186996777,0.9412338214032167,-0.06879206840371556,-0.23016579809346902,1.2650954347317946,-0.02659018676069097,-0.9663336844581115
5,3.4538152610441766,-0.6853144216502793,-0.24883302731381024,0.9390761898754046,-0.04917793047302388,-0.24904509506659187,1.262040235005371,-0.004716673158533663,-0.9640292772185372
5,3.534136546184739,-0.6857091946327281,-0.267833128977019,0.9364975802796124,-0.02962123925952037,-0.26784001585204903,1.2586583974778567,0.017051630205164564,-0.9612040292413175
5,3.6144578313253013,-0.6856536532268681,-0.2869570219119009,0.9334993924064497,-0.010131417386575142,-0.2865462841537743,1.2549514002594468,0.0387005449741924,-0.9578629609609709
5,3.694779116465863,-0.6851398022367654,-0.3061912203661183,0.9300832811994549,0.009282142951705919,-0.3051596655818917,1.2509207307204226,0.060216186619201945,-0.9540116533060103
5,3.7751004016064256,-0.6841601906123378,-0.3255217456033431,0.9262511568316585,0.028610087586087914,-0.32367596426010675,1.2465678852219704,0.08158499804078587,-0.9496562272047152
5,3.855421686746988,-0.6827079461833746,-0.34493415653754667,0.9220051844284168,0.047843107828181464,-0.34209101930999863,1.2418943690270163,0.10279378106495626,-0.944803320317651
5,3.9357429718875503,-0.6807768085728216,-0.36441358330252616,0.9173477835663953,0.0669719480895226,-0.36040070135299007,1.2369016963176436,0.12382972635941629,-0.9394600611046399
5,4.016064257028113,-0.67836115963673,-0.38394476346977385,0.9122816275033105,0.08598741352452115,-0.37860090899097676,1.231591390354159,0.14468044112439638,-0.9336340404089063
5,4.096385542168675,-0.6754560512636397,-0.40351208069397315,0.9068096421445369,0.10488037772050633,-0.39668756528534566,1.2259649837686895,0.16533397440444866,-0.9273332807952226
5,4.176706827309237,-0.6720572302386999,-0.42309960551100234,0.9009350047162956,0.12364179041480394,-0.4146566142267924,1.2200240189927196,0.1857788397491967,-0.9205662038965211
5,4.257028112449799,-0.66816115987783,-0.44269113801332205,0.8946611421151447,0.14226268521877786,-0.43250401718834974,1.213770048817983,0.20600403495103503,-0.9133415960234389
5,4.337349397590361,-0.6637650381517869,-0.4622702521280479,0.8879917289075201,0.16073418733137554,-0.45022574935664844,1.2072046370900658,0.22599905860091513,-0.9056685722933934
5,4.417670682730924,-0.6588668127890283,-0.48182034125089784,0.8809306851488723,0.17904752136478014,-0.46781779626952624,1.200329359525685,0.24575392390968212,-0.8975565396395673
5,4.497991967871486,-0.6534651927174636,-0.5013246648039295,0.8734821738567627,0.19719401916711196,-0.4852761503648304,1.1931458046599974,0.2652591692255314,-0.8890151590231801
5,4.578313253012048,-0.6475596555038267,-0.5207663953702033,0.8656505980720752,0.21516512757827197,-0.5025968075014131,1.185655574931443,0.28450586493316476,-0.880054307139512
5,4.658634538152611,-0.6411504513670234,-0.5401286661895214,0.8574405976400937,0.23295241625332658,-0.519775763572031,1.1778602878780378,0.3034856172989612,-0.8706840379418431
5,4.738955823293173,-0.6342386034584,-0.5593946185341793,0.8488570456534676,0.25054758545797173,-0.5368090111604089,1.1697615774706591,0.32219056896534176,-0.8609145443944519
5,4.8192771084337345,-0.6268259045255492,-0.578547448664646,0.8399050445558646,0.26794247384280795,-0.5536925362598952,1.1613610955774445,0.3406133962295803,-0.8507561207556066
5,4.899598393574297,-0.618914909994678,-0.5975704540817581,0.8305899218746293,0.28512906619257783,-0.5704223150553998,1.1526605135496588,0.3587473031754488,-0.8402191256604785
5,4.979919678714859,-0.6105089275065573,-0.6164470787920073,0.8209172255507683,0.3020995011465121,-0.5869943107702953,1.1436615239194057,0.3765860127260844,-0.8293139462739105
5,5.0602409638554215,-0.6016120030572651,-0.6351609572441249,0.8108927188730921,0.31884607887146943,-0.6034044705883068,1.1343658422145595,0.3941237547724799,-0.8180509638419039
5,5.140562248995984,-0.5922289044248985,-0.6536959564253019,0.800522375180508,0.3353612686128513,-0.6196487226953599,1.1247752089550158,0.4113552519397507,-0.8064405211425653
5,5.220883534136546,-0.5823651011945156,-0.6720362163155214,0.7898123720135442,0.35163771620794626,-0.6357229733725767,1.1148913917209613,0.4282757025535485,-0.7944928916133863
5,5.301204819277109,-0.5720267422073432,-0.6901661882048249,0.7787690849212296,0.36766825148289173,-0.6516231042034101,1.1047161873575722,0.4448807614895243,-0.7822182506356391
5,5.381526104417671,-0.5612206305205485,-0.7080706707075612,0.7673990808660989,0.3834458955216221,-0.6673449693814008,1.0942514243066592,0.4611665190358514,-0.7696266491207203
5,5.461847389558233,-0.549954196163165,-0.725734843253908,0.7557091112357893,0.39896386776941284,-0.6828843931208224,1.0834989650794535,0.47712947804819916,-0.7567279895949587
5,5.542168674698795,-0.5382354669192423,-0.7431442970023238,0.7437061044468476,0.41421559296285465,-0.6982371671786396,1.0724607088571556,0.4927665296510352,-0.7435320048176866
5,5.622489959839357,-0.5260730373558147,-0.7602850631265125,0.7313971581216903,0.4291947078802721,-0.7133990484954115,1.0611385942036766,0.5080749277295364,-0.7300482389574362
5,5.7028112449799195,-0.5134760363235856,-0.7771436384199512,0.7187895308228535,0.44389506790290817,-0.7283657569621912,1.049534601877973,0.5230522624629238,-0.7162860313609302
5,5.783132530120482,-0.5004540935265589,-0.7937070078147738,0.7058906334531023,0.4583107532418038,-0.7431329732997044,1.0376507578410257,0.5376964333731613,-0.7022545032680556
5,5.863453815261044,-0.48701730514568814,-0.8099626641460184,0.6927080202397852,0.47243607490080747,-0.7576963370678046,1.0254891363828307,0.5520056219737077,-0.6879625471376194
5,5.943775100401607,-0.47317619869861044,-0.8258986252189248,0.6792493792732706,0.4862655803773703,-0.7720514448158955,1.0130518633411498,0.5659782642412353,-0.6734188184995944
5,6.024096385542169,-0.4589416975929034,-0.8415034480111186,0.6655225226908241,0.49979405899376367,-0.7861938483680193,1.000341119470275,0.5796130232700981,-0.658631730452919
5,6.1044176706827304,-0.4443250855759718,-0.8567662400947202,0.651535376480983,0.5130165468454271,-0.8001190532456328,0.9873591439562199,0.5929087623406212,-0.643609450706926
5,6.184738955823293,-0.4293379712902081,-0.871676668374371,0.6372959699281551,0.5259283313353773,-0.8138225172340516,0.9741082380762266,0.6058645185961044,-0.6283599010372324
5,6.265060240963855,-0.41399225308893206,-0.8862249652954598,0.6228124247055108,0.5385249552811107,-0.8272996491018128,0.9605907689851507,0.6184794774852339,-0.6128907589708015
5,6.3453815261044175,-0.39830008426861113,-0.9004019326768365,0.608092943624227,0.5508022205804353,-0.8405458074822179,0.9468091736112842,0.6307529481266022,-0.597209461514883
5,6.42570281124498,-0.3822738389562639,-0.9141989432234914,0.5931457990634645,0.5627561913866667,-0.8535562999175281,0.9327659626784442,0.6426843398103277,-0.5813232108416195
5,6.506024096385542,-0.36592607911654534,-0.9276079394824095,0.5779793211723492,0.5743831966264099,-0.8663263820374635,0.9184637249869287,0.6542731399816598,-0.5652389821309292
5,6.586345381526105,-0.3492695221753758,-0.9406214311484177,0.5626018857467512,0.5856798320952307,-0.8788512569439738,0.9039051317061545,0.6655188933725988,-0.5489635326529674
5,6.666666666666667,-0.3323170098436481,-0.9532324902941482,0.5470219018989368,0.5966429619091417,-0.8911260747594583,0.8890929408499941,0.6764211827041698,-0.5325034124649874
5,6.746987951807229,-0.31508147812906667,-0.9654347448406779,0.5312477995234611,0.6072697193355414,-0.9031459323591008,0.8740300018936553,0.6869796109647067,-0.5158649763885189
5,6.827309236947791,-0.29757592864530585,-0.9772223703968289,0.5152880165915946,0.617557506967726,-0.9149058732931288,0.8587192605433482,0.6971937853468404,-0.49905439711424554
5,6.907630522088353,-0.2798134012482233,-0.9885900806404335,0.4991509863140985,0.6275039962283411,-0.9264008879079763,0.8431637636455882,0.7070633028421012,-0.482077679233496
5,6.9879518072289155,-0.2618069480209797,-0.9995331164233886,0.4828451242110957,0.6371071261902446,-0.9376259136760585,0.8273666642199902,0.7165877374859426,-0.4649406739868466
5,7.068273092369478,-0.24356960863962662,-1.0100472337718147,0.4663788151274204,0.6463651016994129,-0.9485758357433207,0.8113312266042021,0.725766629255527,-0.4476490945318006
5,7.14859437751004,-0.22511438735454894,-1.0201286907074336,0.4497604002302341,0.6552763907004041,-0.9592454876919801,0.7950608318088209,0.7345994748162952,-0.4302085318017918
5,7.228915662650603,-0.2064542313548736,-1.0297742332695048,0.43299816404656716,0.663839720838126,-0.9696296525443698,0.7785589829791892,0.7430857198526765,-0.4126244705478113
5,7.309236947791165,-0.18760201054927364,-1.0389810808412554,0.41610032157987403,0.6720540753118807,-0.9797230640137407,0.7618293109641195,0.7512247529831404,-0.3949023054347458
5,7.389558232931726,-0.16857049885215097,-1.0477469107991524,0.399075005557204,0.6799186879318303,-0.9895204080081565,0.74487558003743,0.7590159013031037,-0.3770473571701092
5,7.469879518072289,-0.14937235691621165,-1.056069842669322,0.38193025385048673,0.6874330373862265,-0.999016324405523,0.7277016937535793,0.766458427471248,-0.3590648884704849
5,7.550200803212851,-0.1300201162786616,-1.0639484218901858,0.36467399712834986,0.6945968407169347,-1.0082054091113943,0.7103117009304131,0.7735515282617061,-0.340960119757163
5,7.6305220883534135,-0.1105261648683139,-1.0713816032972034,0.3473140467970224,0.701410046008496,-1.0170822164120092,0.6927098017425165,0.7802943344833009,-0.32273824445380983
5,7.710843373493976,-0.09090273382269393,-1.0783687344440922,0.32985808328829586,0.7078728242953576,-1.0256412616351014,0.6749003539097996,0.7866859121694996,-0.3044044437610656
5,7.791164658634538,-0.07116188566514031,-1.0849095387780372,0.312313644721361,0.7139855606599734,-1.0338770241378785,0.6568878790300082,0.792725265081658,-0.2859639009119451
5,7.871485943775101,-0.0513155037296799,-1.0910040987923229,0.29468811601637523,0.7197488445552738,-1.0417839506399282,0.6386770690167166,0.7984113383532332,-0.26742181477966803
5,7.951807228915663,-0.03137528272629461,-1.0966528392807047,0.27698871852827933,0.7251634593813505,-1.04935645891035,0.6202727925967102,0.8037430231083657,-0.2487834126973566
5,8.032128514056225,-0.011352720487186996,-1.101856510674807,0.2592225002344465,0.7302303713015699,-1.056588941830963,0.6016801019089056,0.8087191620837043,-0.23005396253566912
5,8.112449799196787,0.00874088919799812,-1.106616172570791,0.24139632653918736,0.7349507173290342,-1.0634757718561227,0.5829042391814068,0.8133385561189379,-0.2112387839396508
5,8.19277108433735,0.02889446271125347,-1.1109331774860343,0.2235168717520744,0.7393257927092771,-1.0700113058874483,0.5639506434733865,0.8175999714241209,-0.19234325869663033
5,8.273092369477911,0.049097131765298424,-1.1148091548932844,0.20559061130235948,0.7433570376301731,-1.0761898905808058,0.5448249574591923,0.8215021475131481,-0.173372840196082
5,8.353413654618475,0.06933824765827203,-1.118245995579679,0.18762381475164733,0.747046023290024,-1.0820058681029048,0.5255330342321771,0.8250438056929855,-0.15433306194252266
5,8.433734939759036,0.08960738464454829,-1.1212458363517352,0.16962253963513907,0.7503944373508425,-1.0874535823652935,0.5060809441432332,0.8282236580856062,-0.1352295451423412
5,8.514056224899598,0.10989434247642896,-1.1238110451113263,0.15159262618843775,0.7534040688222827,-1.0925273857631197,0.486474981654841,0.831040417098253,-0.11606800536579803
5,8.594377510040161,0.13018914823798697,-1.1259442063640623,0.13353969305159546,0.7560767924300722,-1.097221646423386,0.4667216721407162,0.8334928051338037,-0.09685425820672647
5,8.674698795180722,0.1504820574513414,-1.12764810713273,0.11546913395916936,0.7584145525026469,-1.1015307559963723,0.44682777865290013,0.8355795645858619,-0.07759422402281749
5,8.755020080321286,0.17076355453752312,-1.1289257233220327,0.09738611548295324,0.7604193464339993,-1.1054491380137141,0.42680030862353724,0.8372994679932381,-0.05829393173550425
5,8.835341365461847,0.1910243526758559,-1.1297802065403966,0.07929557587028155,0.7620932077810764,-1.1089712568363466,0.40664652047472516,0.8386513282902095,-0.03895952171540523
5,8.91566265060241,0.21125539311220795,-1.1302148713834657,0.06120222502781372,0.7634381890554464,-1.1120916272129895,0.3863739300977771,0.839634009072968,-0.019597247769758103
5,8.995983935742972,0.2314478439664384,-1.1302331831839132,0.043110545700731445,0.7644563442689516,-1.1148048244698379,0.3659903171632636,0.8402464348026684,-0.00021347824830247886
5,9.076305220883533,0.2515930985860453,-1.129838746232759,0.02502479589201074,0.765149711296309,-1.1171054953530373,0.3455037312272365,0.8404876008749815,0.019185303709213092
5,9.156626506024097,0.2716827734505748,-1.129035292480323,0.006949012505385346,0.7655202941586755,-1.118988369558932,0.32492249763928427,0.840356583602972,0.03859250068236273
5,9.236947791164658,0.2917087057201577,-1.1278266707080271,-0.011112983671867659,0.7655700452694219,-1.1204482719635256,0.30425522314243275,0.8398525499152356,0.05800140229617173
5,9.317269076305221,0.31166295043982617,-1.1262168361644618,-0.029157581658894816,0.765300847734599,-1.1214801355666186,0.28351080114800986,0.8389747667856875,0.07740518728185194
5,9.397590361445783,0.3315377774304986,-1.1242098406634837,-0.04718137261521087,0.7647144977959578,-1.1220790151777025,0.262698416638117,0.8377226103624148,0.09679692622940812
5,9.477911646586346,0.3513256679099668,-1.1218098231448725,-0.06518114078907898,0.7638126875131875,-1.122240101859614,0.24182755063998956,0.8360955747387264,0.11616958499169501
5,9.558232931726907,0.37101931087170326,-1.1190210006851828,-0.08315385306472435,0.7625969877762364,-1.1219587381426146,0.22090798420914656,0.834093280335636,0.13551602869979945
5,9.638554216867469,0.3906115992508856,-1.1158476599453686,-0.10109664708960098,0.7610688317360124,-1.1212304340209733,0.19994980185483632,0.831715481859689,0.15482902635451976
5,9.718875502008032,0.41009562590700793,-1.112294149041769,-0.11900681796290905,0.7592294987417646,-1.1200508837441403,0.17896339434131303,0.8289620758000417,0.17410125595869122
5,9.799196787148594,0.42946467944766403,-1.1083648698417676,-0.13688180350179874,0.7570800989225841,-1.1184159834014653,0.15795946079930884,0.8258331074556001,0.19332531011987442
5,9.879518072289157,0.4487122399119004,-1.1040642706895996,-0.15471916811993564,0.7546215585714796,-1.1163218492939155,0.13694901006685567,0.8223287775019511,0.21249370205126397
5,9.959839357429718,0.46783197434975354,-1.0993968395042217,-0.17251658523246377,0.7518546063061712,-1.1137648371183992,0.11594336116884457,0.8184494480011096,0.23159887202920554
5,10.040160642570282,0.4868177323018231,-1.0943670972757704,-0.19027181830062267,0.7487797602439796,-1.11074156191983,0.09495414286177131,0.8141956479186298,0.25063319417001884
5,10.120481927710843,0.5056635412088961,-1.088979591939425,-0.20798270050241036,0.7453973162811331,-1.1072489188106036,0.0739932921427251,0.8095680781041182,0.2695889835155659
5,10.200803212851406,0.5243636017668685,-1.0832388926170935,-0.22564711307848787,0.7417073376094202,-1.1032841044252337,0.05307305162789015,0.8045676157368535,0.2884585033797826
5,10.281124497991968,0.5429122832399963,-1.077149584210992,-0.2432629623939665,0.7377096455797211,-1.0988446390814428,0.03220596570608186,0.7991953182354132,0.30723397292518834
5,10.36144578313253,0.5613041187455403,-1.070716262333154,-0.2608281557567125,0.7334038120218953,-1.0939283896190004,0.011404875372792937,0.7934524266301727,0.3259075749384654
5,10.441767068273093,0.5795338005291008,-1.063943528570918,-0.2783405760935152,0.7287891532086346,-1.0885335928367583,-0.00931708837714636,0.7873403684011729,0.34447146373942916
5,10.522088353413654,0.5975961752455173,-1.0568359860875984,-0.2957980555953075,0.7238647256324436,-1.0826588794417196,-0.029946512720284917,0.7808607597915099,0.36291777317543905
5,10.602409638554217,0.6154862392425644,-1.0493982355146638,-0.3131983483221023,0.7186293235762166,-1.076303298519637,-0.050469712794718624,0.7740154075991751,0.3812386247331653
5,10.682730923694779,0.6331991338685868,-1.0416348711550125,-0.33053910198068454,0.7130814787511551,-1.069466342352141,-0.07087274326384789,0.7668063104642391,0.39942613566770485
5,10.763052208835342,0.6507301408129772,-1.0335504774784512,-0.34781782896670804,0.7072194620951164,-1.062147971503819,-0.09114141175627193,0.7592356596575502,0.4174724271396063
5,10.843373493975903,0.668074677484317,-1.025149625900605,-0.36503187681613863,0.701041287847046,-1.0543486400586268,-0.11126129427662451,0.7513058393904488,0.43536963233018316
5,10.923694779116467,0.6852282924281856,-1.0164368718337253,-0.3821783982006973,0.6945447199919593,-1.0460693208943364,-0.1312177526725588,0.7430194266668485,0.45310990451432454
5,11.004016064257028,0.7021866608005018,-1.007416752006473,-0.39925432068732625,0.6877272812456677,-1.0373115307999983,-0.15099595428554938,0.7343791906868229,0.4706854250463544
5,11.08433734939759,0.7189455799034651,-0.9980937820473161,-0.41625631646330413,0.6805862646846669,-1.0280773552620985,-0.17058089387277978,0.7253880918219379,0.48808841123542895
5,11.164658634538153,0.7355009647742636,-0.9884724543158634,-0.43318077217146883,0.673118748038039,-1.0183694727990116,-0.1899574178292562,0.7160492801962167,0.5053111241070808
5,11.244979919678714,0.7518488438430895,-0.9785572359840113,-0.4500237591516953,0.6653216107899547,-1.008191178576595,-0.2091102508145457,0.7063660938852008,0.5223458760086024
5,11.325301204819278,0.7679853546667533,-0.9683525673585023,-0.46678100433730374,0.6571915541561604,-0.9975464070826799,-0.2280240248401587,0.6963420567532304,0.5391850380425004
5,11.405622489959839,0.7839067397329753,-0.9578628604397937,-0.4834478620451969,0.6487251239383057,-0.9864397536505389,-0.24668331081297318,0.6859808759627607,0.5558210473144609
5,11.485943775100402,0.7996093423288402,-0.947092497711767,-0.5000192868941419,0.6399187362485941,-0.974876494625951,-0.2650726525217064,0.675286439191253,0.572246413984879
5,11.566265060240964,0.8150896025017423,-0.9360458311596223,-0.5164898082770133,0.6307687061991654,-0.962862605777532,-0.2831766031298856,0.6642628115528033,0.5884537280903421
5,11.646586345381525,0.8303440531010658,-0.9247271815117901,-0.5328535066157144,0.6212712794556883,-0.9504047787531631,-0.300979764080078,0.6529142322678119,0.6044356661361795
5,11.726907630522089,0.8453693158877981,-0.9131408377017042,-0.5491039916548365,0.6114226665477318,-0.937510435354971,-0.3184668262983981,0.6412451111220098,0.62018499745237
5,11.80722891566265,0.8601620977344622,-0.9012910565472874,-0.5652343832211952,0.6012190799096772,-0.9241877392328455,-0.335622613655616,0.6292600247195788,0.6356945902932255
5,11.887550200803213,0.8747191869149081,-0.889182062643307,-0.5812372947605621,0.5906567735003666,-0.9104456047123686,-0.3524321285350801,0.6169637125580227,0.6509574176780198
5,11.967871485943775,0.8890374494700533,-0.876818048466907,-0.5971048198995108,0.5797320847765037,-0.8962937025400146,-0.368880599277324,0.6043610729694723,0.6659665629677269
5,12.048192771084338,0.9031138256426848,-0.8642031746950811,-0.6128285223170514,0.5684414788028406,-0.8817424622896244,-0.3849535292812495,0.5914571589639912,0.6807152251734896
5,12.1285140562249,0.9169453264317764,-0.8513415707228954,-0.6283994294860242,0.5567815943554261,-0.8668030708845379,-0.4006367476208386,0.578257173938786,0.6951967239883075
5,12.208835341365461,0.930529030208543,-0.8382373353898601,-0.6438080302511628,0.5447492915688675,-0.8514874673087384,-0.4159164607302871,0.5647664673513582,0.7094045045512789
5,12.289156626506024,0.9438620794141976,-0.8248945379094476,-0.6590442766171319,0.5323417008455053,-0.8358083331522348,-0.430779304871017,0.5509905303551691,0.7233321419349587
5,12.369477911646586,0.9569416773540883,-0.8113172189948276,-0.6740975900631102,0.5195562726717348,-0.819779078693731,-0.44521239904203064,0.536934991402753,0.7369733453651228
5,12.449799196787149,0.969765085084392,-0.7975093921782341,-0.6889568725364508,0.5063908279044873,-0.8034138243900055,-0.4592033979026017,0.5226056118420647,0.750321962176348
5,12.53012048192771,0.982329618367672,-0.7834750453270591,-0.7036105221347322,0.4928436080335976,-0.7867273777917861,-0.47274054420769973,0.5080082815588469,0.7633719815011608
5,12.610441767068274,0.9946326446951095,-0.7692181423539255,-0.7180464535981546,0.478913324951285,-0.7697352057839184,-0.4858127202948889,0.4931490146869639,0.7761175376975289
5,12.690763052208835,1.006671580456045,-0.7547426250938132,-0.7322521240745729,0.4645992098303503,-0.7524534016725705,-0.49840949828083647,0.47803394529109877,0.788552913544299
5,12.771084337349398,1.0184438881456201,-0.7400524153736788,-0.7462145635262728,0.44990106041209843,-0.7348986478106161,-0.5105211882254689,0.46266932319126935,0.8006725431870492
5,12.85140562248996,1.0299470736633156,-0.7251514172537772,-0.7599204099835208,0.43481928628620253,-0.7170881735476535,-0.5221388838798009,0.44706150986785914,0.8124710148473756
5,12.931726907630521,1.0411786837125765,-0.7100435194326846,-0.7733559495949917,0.4193549515900639,-0.6990397085607813,-0.533254505477931,0.43121697444319673,0.8239430733205516
5,13.012048192771084,1.0521363033044335,-0.6947325978086133,-0.7865071612386282,0.40350981461299584,-0.6807714318104141,-0.5438608390788444,0.415142289744609,0.8350836222744619
5,13.092369477911646,1.0628175533383428,-0.6792225181949657,-0.7993597652140957,0.3872863637857456,-0.6623019166226545,-0.5539515719327968,0.3988441284984075,0.8458877263420164
5,13.17269076305221,1.0732200882360172,-0.6635171391877153,-0.8118992755532762,0.3706878495377377,-0.6436500723826916,-0.5635213233516159,0.38232925969995074,0.8563506130015931
5,13.25301204819277,1.083341593731311,-0.6476203151530728,-0.8241110561830276,0.35371831165467327,-0.6248350825471615,-0.5725656708281099,0.36560454499887846,0.866467674326509
5,13.333333333333334,1.0931797847618716,-0.6315358993338339,-0.8359803800160551,0.3363826016825796,-0.6058763399375622,-0.5810811709249651,0.348676935191746,0.8762344685762189
5,13.413654618473895,1.1027324034154875,-0.6152677470821831,-0.8474924902118814,0.3186864000169045,-0.5867933801033147,-0.5890653745517805,0.33155346689970916,0.8856467216170585
5,13.493975903614459,1.1119972169964139,-0.5988197191786973,-0.8586326633890529,0.3006362274588763,-0.5676058129306482,-0.5965168364845279,0.3142412593232876,0.8947003282043481
5,13.57429718875502,1.1209720162168797,-0.5821956852424132,-0.8693862742317177,0.2822394509315528,-0.5483332530478972,-0.6034351188613483,0.29674751106273556,0.9033913531722078
5,13.654618473895582,1.1296546135096037,-0.5653995272149284,-0.8797388607698569,0.26350428329649983,-0.5289952497502576,-0.6098207886088443,0.27907949701051127,0.911716032527272
5,13.734939759036145,1.1380428414421773,-0.5484351429011687,-0.8896761895083977,0.24443977722084398,-0.5096112172806009,-0.6156754087456889,0.2612445653468217,0.9196707744260129
5,13.815261044176706,1.1461345512141725,-0.5313064495494406,-0.8991843195804493,0.22505581304442998,-0.49020036630293085,-0.6210015235103781,0.24325013466920783,0.9272521600153882
5,13.89558232931727,1.153927611301892,-0.5140173874675305,-0.9082496657731473,0.20536308076006107,-0.4707816366599852,-0.6258026375257617,0.22510369113124068,0.9344569442332306
5,13.975903614457831,1.1614199063312194,-0.49657192366209585,-0.9168590603248349,0.18537305647112587,-0.45137363144613807,-0.6300831894737599,0.2068127854397538,0.9412820566647294
5,14.056224899598394,1.1686093359393013,-0.4789740554697529,-0.9249998109819937,0.16509797328974016,-0.4319945551110438,-0.6338485199843663,0.18838503015373653,0.9477246021643789
5,14.136546184738956,1.1754938138539954,-0.4612278141678885,-0.932659756568729,0.14455078721747455,-0.4126621541296843,-0.6371048345529847,0.16982809684441816,0.9537818615033986
5,14.216867469879517,1.1820712671042872,-0.4433372685652748,-0.939827318801543,0.12374513833950185,-0.39339366158015343,-0.6398591617458266,0.15114971327740945,0.9594512919715995
5,14.29718875502008,1.1883396353820488,-0.4253065285641766,-0.9464915500737178,0.1026953078440626,-0.3742057458839913,-0.6421193072439508,0.1323576605756605,0.9647305279640647
5,14.377510040160642,1.1942968705570043,-0.4071397486636156,-0.9526421767808324,0.08141617131783191,-0.35511446413041214,-0.6438938041792724,0.11345977035424054,0.9696173815250556
5,14.457831325301205,1.1999409363467017,-0.38884113137343634,-0.9582696377584445,0.05992314876765531,-0.336135220406313,-0.6451918602156751,0.09446392181805599,0.9741098428214555
5,14.538152610441767,1.2052698081447701,-0.3704149305222534,-0.9633651174954817,0.03823215188413385,-0.31728272945958597,-0.6460233019033677,0.07537803881029792,0.9782060805414865
5,14.61847389558233,1.2102814730278721,-0.3518654545764373,-0.9679205748099519,0.016359529715199383,-0.2985709849825343,-0.6463985175826094,0.056210086764614316,0.9819044424438467
5,14.698795180722891,1.2149739299181277,-0.33319706977819713,-0.9719287657190598,-0.005677987482625983,-0.2800132338146896,-0.646328398468291,0.036968069615622094,0.9852034557291134
5,14.779116465863453,1.219345189920287,-0.3144142031775914,-0.975383261077426,-0.027863345286145882,-0.2616219554554316,-0.6458242789269039,0.017660026612570948,0.9881018273906402
5,14.859437751004016,1.223393276831201,-0.29552134556292176,-0.9782784590662673,-0.050179222385709585,-0.24340884680801367,-0.644897876609393,-0.0017059709569197112,0.9905984445580235
5,14.939759036144578,1.2271162278147223,-0.2765230542684594,-0.9806095925236759,-0.0726080876170917,-0.22538481217103196,-0.6435612329162499,-0.02112182312001437,0.9926923748018001
5,15.02008032128514,1.2305120942540468,-0.25742395584451405,-0.9823727313275312,-0.09513225635104383,-0.20755995824707923,-0.6418266541899739,-0.04057940467943624,0.9943828663855309
5,15.100401606425702,1.2335789427913333,-0.23822874857125623,-0.9835647800138454,-0.11773394585932877,-0.1899435939699301,-0.6397066540134652,-0.060070568807557616,0.9956693484440493
5,15.180722891566266,1.2363148565163593,-0.21894220485952073,-0.984183470987016,-0.14039532883510777,-0.17254423484000186,-0.6372138974490416,-0.07958715068934111,0.9965514311436692
5,15.261044176706827,1.2387179363282312,-0.19956917350271217,-0.9842273535848831,-0.16309858500549798,-0.15536961147288603,-0.6343611472649802,-0.09912097127046174,0.9970289057731894
5,15.34136546184739,1.240786302478724,-0.18011458176591133,-0.9836957793025186,-0.1858259505953203,-0.13842668204081854,-0.6311612123847334,-0.1186638411353864,0.997101744745964
5,15.421686746987952,1.2425180962720872,-0.16058343733778524,-0.9825888835955598,-0.20855976513801902,-0.12172164821672195,-0.6276268990650491,-0.13820756445980467,0.9967701015408522
5,15.502008032128513,1.2439114819177475,-0.1409808301373287,-0.9809075646224514,-0.2312825154290159,-0.10525997426219981,-0.6237709650026113,-0.15774394303309563,0.9960343105689549
5,15.582329317269076,1.2449646485434644,-0.12131193397124267,-0.9786534592935319,-0.2539768765777717,-0.08904640887800276,-0.619606076400163,-0.17726478037192941,0.9948948869491763
5,15.662650602409638,1.2456758123791443,-0.10158200803483845,-0.9758289169886262,-0.276625750146579,-0.07308500943843059,-0.6151447679902029,-0.19676188595208713,0.9933525261716194
5,15.742971887550201,1.2460432190667974,-0.08179639827858759,-0.9724369713711415,-0.2992122989280321,-0.057379168235325836,-0.6103994064755713,-0.2162270794603297,0.99140810368219
5,15.823293172690763,1.2460651461020864,-0.06196053863844346,-0.9684813106533371,-0.32171997847541495,-0.04193164036577125,-0.605382157258932,-0.235652195082978,0.9890626743727892
5,15.903614457831326,1.2457399054357572,-0.042079952113008814,-0.963966246613153,-0.34413256566142575,-0.026744572921319626,-0.6001049541623096,-0.25502908590128454,0.9863174719367427
5,15.983935742971887,1.2450658461979918,-0.02216025171213261,-0.9588966827192238,-0.3664341840234666,-0.01181953516977817,-0.5945794723822494,-0.2743496283089898,0.983173908117847
5,16.06425702811245,1.2440413575334675,-0.002207141273418728,-0.9532780817293839,-0.388609325940382,0.0028424506322309168,-0.5888171046388517,-0.29360572643631444,0.9796335718526509
5,16.14457831325301,1.2426648715491604,0.017773583848795044,-0.9471164330031061,-0.4106428718129196,0.017240878040233595,-0.5828289403316104,-0.3127893165862875,0.9756982282957334
5,16.224899598393574,1.2409348663851907,0.03777603621955561,-0.9404182197458282,-0.43252010649104133,0.0313757250672944,-0.5766257474387462,-0.3318923717066565,0.9713698177102306
5,16.305220883534137,1.2388498694146626,0.057794235881715575,-0.9331903864115894,-0.4542267331590666,0.04524742290875969,-0.5702179569324082,-0.3509069059118325,0.966650454209758
5,16.3855421686747,1.236408460482491,0.07782211002505285,-0.925440306650666,-0.47574888419613215,0.058856825043180544,-0.5636156502545517,-0.36982497887500504,0.9615424244256299
5,16.46586345381526,1.2336092752549495,0.09785349276657865,-0.9171757518082473,-0.4970731298072293,0.07220517679383542,-0.5568285489913599,-0.38863870024053704,0.9560481860320095
5,16.546184738955823,1.230451008678095,0.11788212503995986,-0.9084048601222893,-0.5181864845710442,0.08529408549566148,-0.5498660065904002,-0.4073402340514667,0.9501703661214835
5,16.626506024096386,1.2269324184953105,0.13790165458480375,-0.8991361068462467,-0.5390764117603539,0.09812549144525101,-0.5427370022975164,-0.4259218030943145,0.9439117594730656
5,16.70682730923695,1.2230523288325839,0.15790563603491467,-0.8893782753962253,-0.5597308257467053,0.11070163975056903,-0.5354501369897003,-0.4443756931869273,0.9372753267014899
5,16.78714859437751,1.218809633853031,0.17788753110002542,-0.8791404295708343,-0.5801380926812042,0.12302505312603487,-0.5280136307027381,-0.46269425740823134,0.9302641922839157
5,16.867469879518072,1.2142033014892497,0.1978407088356816,-0.8684318868734695,-0.6002870296923009,0.135098505666432,-0.5204353215973838,-0.48086992028221176,0.9228816424540018
5,16.947791164658636,1.2092323772348443,0.21775844599935937,-0.8572621930395786,-0.620166902684737,0.14692499769037404,-0.5127226662927791,-0.49889518188563925,0.9151311229781554
5,17.028112449799195,1.2038959879485014,0.23763392749360135,-0.8456410979159188,-0.6397674226610592,0.15850773177378663,-0.5048827416906138,-0.5167626218063688,0.9070162368580703
5,17.10843373493976,1.1981933457581402,0.2574602468821505,-0.8335785324491296,-0.6590787412373306,0.16985008978004748,-0.49692224752562697,-0.5344649030890576,0.8985407418808057
5,17.188755020080322,1.1921237519922736,0.27723040698530177,-0.8210845869836277,-0.6780914450711274,0.18095561103977104,-0.4888475099964733,-0.5519947760484164,0.8897085480822975
5,17.269076305220885,1.1856866011544067,0.2969373205485471,-0.8081694908196685,-0.6967965494799223,0.1918279716450755,-0.4806644861820709,-0.5693450819798135,0.8805237151134448
5,17.349397590361445,1.1788813849392012,0.31657381098232595,-0.7948435930060485,-0.7151854913598595,0.20247096482759436,-0.4723787691353441,-0.5865087567607469,0.8709904495128764
5,17.429718875502008,1.171707696299306,0.3361326131693921,-0.7811173443071141,-0.7332501215548162,0.21288848235778096,-0.4639955934963446,-0.6034788343499726,0.8611131018817673
5,17.51004016064257,1.164165233556114,0.3556063743388684,-0.7670012803333054,-0.7509826967645729,0.22308449695089877,-0.4555198415445784,-0.6202484501737068,0.8508961639702814
5,17.59036144578313,1.1562538045243547,0.3749876550095423,-0.7525060058932399,-0.7683758709776747,0.2330630457322379,-0.44695604974065817,-0.6368108443633524,0.840344265708789
5,17.670682730923694,1.1479733307036555,0.3942689299929766,-0.7376421803514928,-0.7854226867224832,0.2428282145499855,-0.4383084154118967,-0.653159364902148,0.8294621721414015
5,17.751004016064257,1.1393238515025557,0.41344258946230006,-0.7224205040602556,-0.8021165660592724,0.25238412319286874,-0.42958080370102425,-0.6692874706351688,0.8182547802979947
5,17.83132530120482,1.1303055285003891,0.4325009400840589,-0.706851705802101,-0.8184513014335963,0.26173491145319333,-0.4207767546571141,-0.6851887341514813,0.8067271160066497
5,17.91164658634538,1.1209186497497696,0.4514362062135425,-0.6909465311903187,-0.8344210464464051,0.27088472597744023,-0.41189949041822793,-0.7008568445368907,0.7948843306510888
5,17.991967871485944,1.1111636341310114,0.4702405311530635,-0.6747157319467645,-0.850020306611196,0.27983770781841544,-0.4029519224123068,-0.7162856100026616,0.7827316978704376
5,18.072289156626507,1.1010410357652054,0.4889059784734123,-0.6581700559916078,-0.8652439301584557,0.2885979806187378,-0.39393665851749415,-0.7314689603923347,0.7702746102025358
5,18.152610441767067,1.0905515484506505,0.5074245334055053,-0.6413202384158071,-0.8800870988471051,0.2971696395039956,-0.3848560102671992,-0.7464009495388383,0.7575185757087974
5,18.23293172690763,1.0796960101707145,0.5257881042963836,-0.6241769931449309,-0.8945453189215649,0.30555674048082904,-0.37571199992385435,-0.7610757575066116,0.7444692145490341
5,18.313253012048193,1.0684754076631557,0.543988524136134,-0.6067510052911472,-0.9086144121963704,0.3137632903328163,-0.36650636746143567,-0.7754876927048238,0.7311322555216707
5,18.393574297188756,1.0568908810486908,0.5620175521583611,-0.5890529241643123,-0.9222905072906146,0.32179323698572687,-0.3572405774479495,-0.7896311938701043,0.7175135325802016
5,18.473895582329316,1.0449437285214247,0.5798668755182543,-0.5710933568983463,-0.935570031038896,0.329650460297825,-0.3479158258111366,-0.8035008319209025,0.7036189813317768
5,18.55421686746988,1.032635411113539,0.5975281110520476,-0.5528828626322424,-0.9484497000955621,0.3373387632056053,-0.33853304647362326,-0.817091311686901,0.6894546355171361
5,18.634538152610443,1.0199675575484606,0.6149928071213698,-0.5344319471799237,-0.9609265127518998,0.34486186314945605,-0.3290929178391493,-0.8303974735179921,0.6750266234696776
5,18.714859437751002,1.0069419691886492,0.6322524455478026,-0.5157510581446095,-0.9729977409778857,0.35222338373022033,-0.319595869127023,-0.8434142947742591,0.6603411645571045
5,18.795180722891565,0.9935606250351132,0.6492984436542466,-0.49685058057327497,-0.9846609226464423,0.35942684671775266,-0.3100420866532067,-0.8561368911795899,0.6454045656454008
5,18.87550200803213,0.979825686858094,0.66612215640546,-0.4777408329197554,-0.9959138540198287,0.36647566413337945,-0.30043151992282036,-0.8685605180717171,0.6302232175371875
5,18.955823293172692,0.9657395044283451,0.6827148786651387,-0.4584320633854839,-1.0067545824500488,0.3733731304887386,-0.29076388762884714,-0.8806805715315987,0.6148035914137557
5,19.03614457831325,0.951304620858368,0.6990678475775023,-0.4389344465972342,-1.0171813993022825,0.3801224151363696,-0.28103868355801576,-0.8924925893975022,0.5991522352827944
5,19.116465863453815,0.9365237780564124,0.715172245085915,-0.41925808059657166,-1.0271928331006488,0.38672655470675427,-0.2712551824216149,-0.903992252166594,0.5832757704363472
5,19.196787148594378,0.9213999223075294,0.7310192005992944,-0.3994129841028442,-1.0367876428914384,0.3931884455820116,-0.2614124456261571,-0.9151753837866957,0.5671808879182995
5,19.277108433734938,0.9059362099978312,0.7465997938166722,-0.37940909400705125,-1.0459648118204234,0.3995108363507147,-0.2515093269956983,-0.9260379523414937,0.550874344999448
5,19.3574297188755,0.8901360134964169,0.7619050577208838,-0.35925626305712477,-1.0547235409202544,0.4056963201929352,-0.2415444784596364,-0.9365760706322265,0.5343629616590053
5,19.437751004016064,0.8740029271503428,0.7769259817752898,-0.338964257809958,-1.0630632430831413,0.4117473273099421,-0.23151635579184662,-0.9467859966503259,0.5176536170996964
5,19.518072289156628,0.8575407734451655,0.7916535153276917,-0.3185427567494328,-1.0709835372279461,0.41766611725616243,-0.22142322437782544,-0.9566641339518944,0.500753246278078
5,19.598393574297187,0.8407536093500366,0.806078571234561,-0.2980013485222395,-1.0784842426537806,0.4234547711083732,-0.2112631650246926,-0.9662070319361697,0.4836688364439104
5,19.67871485943775,0.8236457328204575,0.8201920297386881,-0.27734953034474596,-1.0855653735584379,0.42911518354857403,-0.20103407988873045,-0.9754113860242851,0.46640742370847826
5,19.759036144578314,0.8062216894714641,0.8339847426221701,-0.25659670654027644,-1.0922271337179057,0.4346490548135336,-0.1907336985409157,-0.9842740377447208,0.4489760896366495
5,19.839357429718877,0.7884862794275882,0.8474475376601821,-0.2357521871942645,-1.0984699113158873,0.4400578824933586,-0.1803595842086521,-0.9927919747266817,0.4313819578643554
5,19.919678714859437,0.77044456436344,0.8605712233983743,-0.21482518690304894,-1.1042942739143773,0.445342953142937,-0.1699091402243401,-1.000962330603327,0.4136321907403413
5,20.0,0.7521018747487278,0.8733465942767605,-0.19382482359205677,-1.1097009635563633,0.45050533367011303,-0.159379616711407,-1.008782384826783,0.39573398599100795
6,0.0,-0.6205855409363603,0.29411638495685066,0.14956961671350597,0.5205082263255592,1.4137028483554657,-0.4968897735998549,-0.9426869241326112,-0.31773483768255484
6,0.08032128514056225,-0.634606200907256,0.281750898898907,0.13414689406881403,0.5367844131946599,1.4210318788157577,-0.4798828663154146,-0.9205725719773157,-0.33865244577815223
6,0.1606425702811245,-0.6486865445262925,0.26886796410498703,0.11806145791004866,0.5525783593130971,1.4280750199455854,-0.46284205104332005,-0.8974499333293416,-0.3586042723747641
6,0.24096385542168675,-0.6628210386819038,0.25541019803039006,0.10133830053817286,0.5678595228126199,1.4348323459232744,-0.44576767218142815,-0.8733496077795436,-0.3775020486615818
6,0.321285140562249,-0.6769961439640932,0.2413168319195156,0.08400315720345045,0.5825984299174903,1.4413040092303062,-0.4286598690372924,-0.8483110224696636,-0.3952553927997134
6,0.40160642570281124,-0.6911892663541136,0.2265244476412173,0.06608239882476165,0.596766738027164,1.4474902450599407,-0.41151857638866773,-0.8223833775305889,-0.4117726092797132
6,0.4819277108433735,-0.7053677213494441,0.21096794201790056,0.047602913134535366,0.6103372927747326,1.4533913787571522,-0.3943435266275727,-0.7956265705422436,-0.42696170816506024
6,0.5622489959839357,-0.7194877580234255,0.1945817423247503,0.028591977077559918,0.6232841782435603,1.4590078363470722,-0.377134254199801,-0.768112055401207,-0.4407316663685096
6,0.642570281124498,-0.733493702787377,0.17730128889050073,0.009077123777134273,0.6355827596187456,1.4643401581082522,-0.3598901031571249,-0.7399235790980097,-0.4529939453521214
6,0.7228915662650602,-0.747317294162896,0.15906478841504545,-0.010913992201961147,0.6472097177309973,1.4693890150040851,-0.34261023871805124,-0.7111577286392281,-0.4636642674279915
6,0.8032128514056225,-0.7608772884312174,0.13981522418934686,-0.03135372719724877,0.6581430752223534,1.4741552275902294,-0.3252936637877457,-0.6819242119617636,-0.4726646356239545
6,0.8835341365461847,-0.7740794206500704,0.11950258728022879,-0.052214574103894684,0.668362214194852,1.478639786783341,-0.3079392413880625,-0.652345792029376,-0.47992556008701825
6,0.963855421686747,-0.7868168043497274,0.09808626686979169,-0.0734692771601042,0.6778478852374672,1.4828438756279874,-0.2905457238553777,-0.6225577941181559,-0.4853884282518811
6,1.0441767068273093,-0.7989708414380849,0.0755375097267561,-0.09509093184128958,0.68658220792957,1.4867688909007573,-0.2731117895041562,-0.592707117621383,-0.4890079281521698
6,1.1244979919678715,-0.8104126932517426,0.05184183173620149,-0.11705306639271693,0.6945486629030985,1.4904164631213095,-0.25563608716087005,-0.5629507034768504,-0.49075440747842997
6,1.2048192771084336,-0.821005331782352,0.02700124238350711,-0.13932970233476055,0.7017320756008878,1.493788473307526,-0.2381172885594039,-0.5334534391904135,-0.4906160294249911
6,1.285140562248996,-0.8306061479183493,0.0010361305093770715,-0.1618953921857167,0.7081185919568289,1.4968870646430306,-0.22055414807228088,-0.5043855245389648,-0.4886005743939251
6,1.3654618473895583,-0.8390700461057562,-0.026013339405112065,-0.184725233791784,0.7136956462912174,1.499714647184495,-0.20294556863550442,-0.4759193672869552,-0.48473673825060065
6,1.4457831325301205,-0.8462529056097956,-0.054086452927851136,-0.2077948617804627,0.718451921810619,1.5022738938500102,-0.1852906720491626,-0.44822612645975224,-0.479074796833605
6,1.5261044176706826,-0.8520152493089957,-0.08310189366842519,-0.23108041841986426,0.7223773044183109,1.504567726292898,-0.16758887119992832,-0.42147205856403797,-0.4716865395499573
6,1.606425702811245,-0.8562259197686326,-0.11295845777963331,-0.2545585052087611,0.7254628303568477,1.5065992895497176,-0.14983994116746796,-0.39581486457232395,-0.4626644314097463
6,1.6867469879518073,-0.8587655711174026,-0.14353653137747657,-0.27820612063391803,0.7277006290818073,1.5083719153647064,-0.132044085814431,-0.3714002236133855,-0.45212001188989975
6,1.7670682730923695,-0.8595297720659756,-0.1747002545015721,-0.3020005861304351,0.729083862209083,1.509889074474462,-0.11420199626746966,-0.34835871627805115,-0.44018161144004125
6,1.8473895582329316,-0.8584315663869858,-0.20630025207443106,-0.32591946562152074,0.7296066604584822,1.511154319264926,-0.09631489793551974,-0.3268032872564195,-0.42699151044853134
6,1.927710843373494,-0.8554033653671176,-0.23817676272181454,-0.3499404807179885,0.729264059177344,1.5121712187866492,-0.07838458291117587,-0.3068273727015435,-0.41270271354435356
6,2.0080321285140563,-0.8503981293494169,-0.27016298809408695,-0.3740414268101185,0.72805193546234,1.5129432889465007,-0.06041342575462677,-0.28850373278696534,-0.3974755216136262
6,2.0883534136546187,-0.8433898249187985,-0.3020884722323266,-0.3982000906400068,0.7259669471775144,1.5134739209449057,-0.04240438111018731,-0.27188400538610047,-0.3814740938350005
6,2.1686746987951806,-0.8343732177376904,-0.33378235014482155,-0.42239417221359665,0.7230064760072591,1.5137663113737758,-0.024360963025654454,-0.2569989214224888,-0.36486316283678305
6,2.248995983935743,-0.823363091742356,-0.3650763310682829,-0.44660121162650995,0.719168575828726,1.5138233971968211,-0.00628720677867823,-0.24385909382795515,-0.34780503798176476
6,2.3293172690763053,-0.810393009387835,-0.39580732466939883,-0.4707985212762671,0.7144519274675077,1.5136477985437924,0.011812384970152523,-0.23245626787969018,-0.3304569877682612
6,2.4096385542168672,-0.7955137381974284,-0.4258196582925518,-0.4949631232565716,0.708855800905079,1.513241771666114,0.02993290904405653,-0.2227649102121136,-0.3129690516565836
6,2.4899598393574296,-0.7787914616640227,-0.4549668715249176,-0.5190716916937056,0.7023800256073701,1.5126071737432087,0.0480691383897819,-0.21474402038547985,-0.29548229247223434
6,2.570281124497992,-0.7603058804280571,-0.48311310178015265,-0.5431004992379022,0.6950249696352191,1.5117454404179635,0.06621560493932899,-0.20833906075200376,-0.2781274727943953
6,2.6506024096385543,-0.7401482877708818,-0.5101340967477577,-0.5670253672997129,0.6867915278186684,1.5106575762400678,0.08436668507638694,-0.2034839211694729,-0.26102411614729754
6,2.7309236947791167,-0.7184196805270413,-0.5359179007908281,-0.5908216199334048,0.6776811190984973,1.5093441574951514,0.10251668422122805,-0.20010285703470482,-0.24427990252889728
6,2.8112449799196786,-0.6952289506505104,-0.5603652635757759,-0.6144640407540065,0.6676956931208475,1.5078053462977306,0.12065991751179944,-0.19811235489321324,-0.2279903470568711
6,2.891566265060241,-0.6706911799181506,-0.5833898207274653,-0.6379268334504312,0.6568377457483875,1.50604091444732,0.13879078396066905,-0.19742290107873758,-0.21223870898159117
6,2.9718875502008033,-0.6449260500025121,-0.6049180882924269,-0.6611835862199738,0.6451103431187988,1.504050275227482,0.1569038321009557,-0.19794063900499576,-0.1970960869273276
6,3.0522088353413652,-0.6180563719426694,-0.6248893059222992,-0.6842072406008949,0.6325171537027989,1.5018325212053427,0.17499381577044626,-0.1995689086617781,-0.18262166355094572
6,3.1325301204819276,-0.5902067315954579,-0.6432551569998138,-0.706970065672332,0.6190624875988576,1.499386466086643,0.1930557392281215,-0.20220966881885272,-0.16886306982716504
6,3.21285140562249,-0.5615022470264903,-0.6599793865815701,-0.7294436384305769,0.6047513422115386,1.4967106887754331,0.2110848913776742,-0.2057648033183656,-0.15585684700764244
6,3.2931726907630523,-0.532067433441355,-0.675037333052002,-0.7515988311798554,0.5895894533161472,1.4938035779773398,0.22907686933708798,-0.21013731335612942,-0.14362898960123305
6,3.3734939759036147,-0.5020251716560828,-0.6884153859469851,-0.7734058067497559,0.5735833504321585,1.4906633759179146,0.24702759196057394,-0.21523239751207565,-0.13219555644574701
6,3.4538152610441766,-0.4714957782747636,-0.7001103802428515,-0.7948340220634083,0.5567404153558743,1.487288220025927,0.2649333042197745,-0.22095841968775465,-0.12156333933279688
6,3.534136546184739,-0.4405961755302502,-0.7101289362916662,-0.8158522405802963,0.5390689427010333,1.4836761816864923,0.2827905735038005,-0.22722776557594548,-0.11173057991316745
6,3.6144578313253013,-0.40943916193379776,-0.718486754961521,-0.8364285534672536,0.5205782012818605,1.4798253014736416,0.3005962790611529,-0.2339575860725898,-0.10268772538149218
6,3.694779116465863,-0.37813278271500894,-0.7252078776153863,-0.8565304094173003,0.5012784952417828,1.4757336204872207,0.31834759577379834,-0.24107042835491146,-0.09441821340019464
6,3.7751004016064256,-0.34677979932936603,-0.7303239209820578,-0.8761246525946835,0.48118122399941904,1.471399207628196,0.33604197345211867,-0.24849475570414625,-0.08689927646947976
6,3.855421686746988,-0.31547725793834575,-0.7338732977871795,-0.8951775676809371,0.46029894006899363,1.4668201828728182,0.353677112774917,-0.256165357253535,-0.08010275505673109
6,3.9357429718875503,-0.2843161530061717,-0.7359004334708765,-0.9136549310637628,0.43864540420131104,1.4619947366771158,0.37125093885985044,-0.26402365260718097,-0.07399590959028492
6,4.016064257028113,-0.2533811833889288,-0.7364549896636866,-0.9315220666227902,0.4162356372762883,1.4569211458213158,0.3887615733490086,-0.2720178958095965,-0.06854222096161025
6,4.096385542168675,-0.22275059416918092,-0.7355911033964123,-0.94874390478731,0.39308596898421594,1.451597785972596,0.40620730574312697,-0.2801032870161047,-0.06370217133093053
6,4.176706827309237,-0.19249610001709133,-0.7333666514064192,-0.965285042912153,0.36921408309555787,1.4460231414237739,0.42358656459547106,-0.28824199849452903,-0.059433996284609714
6,4.257028112449799,-0.16268288102526923,-0.7298425461321247,-0.9811098055188691,0.3446390599892378,1.440195812330951,0.4408978890397983,-0.29640312578681227,-0.05569440289691141
6,4.337349397590361,-0.133369644382212,-0.7250820697374034,-0.9961823025654599,0.3193814169774165,1.4341145198847378,0.4581399010141564,-0.30456257293706546,-0.05243924825416947
6,4.417670682730924,-0.10460874290245496,-0.7191502501289351,-1.0104664843217352,0.29346314769406334,1.4277781097380384,0.4753112784501378,-0.312702882513848,-0.0496241760152661
6,4.497991967871486,-0.07644634342413668,-0.7121132825788776,-1.0239261913107902,0.26690776165607133,1.4211855540839637,0.49241072958693194,-0.3208130193490367,-0.04720520866412572
6,4.578313253012048,-0.048922636209822845,-0.7040379981688608,-1.0365251983345487,0.23974032597229344,1.414335952634893,0.5094369685261694,-0.32888811809052126,-0.04513929632960211
6,4.658634538152611,-0.022072078474373844,-0.6949913798995637,-1.048227251717425,0.21198751113455458,1.4072285327886571,0.5263886920675174,-0.33692920259685816,-0.04338482330250843
6,4.738955823293173,0.00407633512732046,-0.685040125879925,-1.0589960994429097,0.18367764338748785,1.3998626491771882,0.5432645578383629,-0.34494288486159874,-0.04190207534592602
6,4.8192771084337345,0.029498780724501322,-0.6742502588091467,-1.0687955141696923,0.15484076611495737,1.3922377828060932,0.5600631636707339,-0.3529410493609022,-0.04065367097654493
6,4.899598393574297,0.0541762982523515,-0.6626867796128565,-1.0775893098504223,0.12550871342844017,1.3843535398838065,0.5767830281953014,-0.3609405282857356,-0.03960496201088502
6,4.979919678714859,0.07809447370566591,-0.6504133632779284,-1.0853413531602802,0.09571519899124364,1.3762096504566437,0.5934225725781948,-0.36896277100202907,-0.03872440829150994
6,5.0602409638554215,0.10124311509171759,-0.6374920941446963,-1.0920155717904387,0.06549592366646283,1.3678059668841485,0.6099801033522402,-0.3770335101854271,-0.037983932874006594
6,5.140562248995984,0.12361592508320512,-0.6239832384239828,-1.097575962294487,0.0348887051405818,1.3591424622109332,0.6264537962429756,-0.3851824249996513,-0.0373592629595742
6,5.220883534136546,0.1452101739471655,-0.6099450506903409,-1.1019866013671584,0.003933633518420229,1.350219228384806,0.642841680964026,-0.3934428009648128,-0.03683026379210526
6,5.301204819277109,0.16602637491298483,-0.5954336118264536,-1.1052116653399506,-0.027326743755394567,1.3410364742952672,0.659141626915172,-0.4018511838683012,-0.036381271333323764
6,5.381526104417671,0.18606796415046267,-0.580502695599375,-1.1072154639877836,-0.05884720421075668,1.331594523547195,0.6753513297537493,-0.4104470237098739,-0.036001429943617415
6,5.461847389558233,0.2053409870695269,-0.5652036611993397,-1.1079624961598649,-0.0905795969053063,1.3218938118614032,0.6914682988220728,-0.41927230277106464,-0.03568504071742671
6,5.542168674698795,0.22385379243461834,-0.5495853691107173,-1.1074175363797358,-0.12247255077954719,1.3119348839552738,0.707489845443427,-0.4283711400101558,-0.03543192555316265
6,5.622489959839357,0.2416167355471196,-0.5336941178308863,-1.1055457633560237,-0.1544711433380711,1.3017183897322293,0.7234130721308148,-0.4377893619233246,-0.035247810961857695
6,5.7028112449799195,0.258641891476384,-0.5175735991318903,-1.102312943382782,-0.1865165297680878,1.2912450795741672,0.7392348627700145,-0.4475740276677687,-0.03514473387003655
6,5.783132530120482,0.27494277937335415,-0.5012648695827726,-1.097685683775297,-0.2185455344094156,1.2805157985037379,0.7549518739017556,-0.45777289410179456,-0.035141469909567555
6,5.863453815261044,0.29053409871130736,-0.4848063362834021,-1.0916317737468488,-0.2504902094267587,1.2695314789613525,0.7705605272617202,-0.46843380392581085,-0.03526398155155967
6,5.943775100401607,0.3054314782895008,-0.468233754892405,-1.0841206323077797,-0.28227736931177244,1.258293131920505,0.7860570037903789,-0.4796039779022261,-0.03554587958620192
6,6.024096385542169,0.31965123887862634,-0.4515802381883054,-1.0751238846956046,-0.31382811467325744,1.2468018360633135,0.8014372393929474,-0.49132919024633503,-0.03602888653138506
6,6.1044176706827304,0.33321017037735745,-0.4348762736034635,-1.0646160901916333,-0.34505736524554625,1.2350587247401676,0.8166969227838755,-0.5036528049258916,-0.03676328393486614
6,6.184738955823293,0.3461253244931988,-0.4181497483807884,-1.0525756442267793,-0.3758734296404693,1.223064970479736,0.8318314958357635,-0.5166146507461552,-0.03780831781450625
6,6.265060240963855,0.3584138239517441,-0.4014259812394996,-1.0389858762547723,-0.406177649189053,1.210821766857337,0.8468361568953896,-0.5302497145543084,-0.03923252646683761
6,6.3453815261044175,0.37009268941819395,-0.38472775967987577,-1.0238363605219334,-0.43586416407572287,1.1983303076322602,0.8617058675993863,-0.5445866365285202,-0.041113943843788074
6,6.42570281124498,0.3811786854404486,-0.36807538241612714,-1.0071244494534903,-0.464819861418375,1.1855917632152568,0.8764353637812132,-0.5596459992022146,-0.04354011994671167
6,6.506024096385542,0.3916881867132724,-0.3514867067056714,-0.9888570257723779,-0.49292457831638764,1.1726072546771882,0.8910191710243586,-0.5754384156180822,-0.04660788600230023
6,6.586345381526105,0.4016370661078326,-0.33497720076412524,-0.9690524520851738,-0.5200516428840201,1.1593778257760028,0.9054516254178765,-0.5919624397986611,-0.05042278176973177
6,6.666666666666667,0.4110406058993465,-0.31856000186554406,-0.9477426705567965,-0.5460688438749759,1.145904413744499,0.9197268999583698,-0.6092023490870484,-0.055098054217850335
6,6.746987951807229,0.4199134334931003,-0.3022459811438294,-0.9249753730616682,-0.5708399206823201,1.1321878198902673,0.9338390368454027,-0.6271258803216987,-0.06075313501925373
6,6.827309236947791,0.42826948277986016,-0.2860438165611536,-0.9008161242372326,-0.5942266554792907,1.1182286813864624,0.9477819856467901,-0.6456820399290896,-0.06751151360634645
6,6.907630522088353,0.4361219818711743,-0.2699600758969608,-0.8753502782503397,-0.6160916253649406,1.1040274459226558,0.9615496469136234,-0.6647991495434897,-0.07549794565172278
6,6.9879518072289155,0.44348346741894296,-0.2539993119128755,-0.8486844908399562,-0.6363016302308482,1.0895843511059693,0.9751359203330442,-0.6843833276849556,-0.08483497818932124
6,7.068273092369478,0.4503658249958591,-0.23816417202771645,-0.8209475987221408,-0.6547317497877595,1.074899410594894,0.988534755941507,-0.7043176368686114,-0.09563883412603191
6,7.14859437751004,0.4567803540577876,-0.22245552474230093,-0.7922906279577531,-0.6712699029712598,1.0599724088524003,1.0017402063196257,-0.7244621349524344,-0.10801477860606569
6,7.228915662650603,0.4627378549424251,-0.20687260474575103,-0.7628857130263603,-0.6858216901655665,1.0448029060888706,1.0147464771430177,-0.7446550480049349,-0.12205218223170092
6,7.309236947791165,0.4682487341484827,-0.19141317786058631,-0.7329237651839953,-0.6983152069373066,1.029390254394065,1.0275479730440609,-0.7647152233585519,-0.1378195882461687
6,7.389558232931726,0.47332312301331186,-0.17607372598880866,-0.7026108286014965,-0.7087054431163348,1.0137336252830016,1.040139335562813,-0.7844459196948164,-0.15536016645767037
6,7.469879518072289,0.47797100388504826,-0.1608496507014845,-0.6721631956095074,-0.7169778448975163,0.9978320479377581,1.0525154701006703,-0.8036398562132981,-0.17468797450167017
6,7.550200803212851,0.48220233724890876,-0.14573549235465094,-0.6418015047551363,-0.7231506358954992,0.9816844564414232,1.064671559309749,-0.822085288935195,-0.19578543105959959
6,7.6305220883534135,0.48602718301744874,-0.13072516021031597,-0.6117441979398308,-0.7272755754575392,0.9652897435094185,1.0766030611587543,-0.8395727285870356,-0.21860232549089997
6,7.710843373493976,0.4894558096130464,-0.11581216663731622,-0.582200813803475,-0.7294369773696295,0.9486468174871797,1.088305691117989,-0.8559018132967502,-0.24305654711104419
6,7.791164658634538,0.49249878541104203,-0.10098985799488445,-0.5533656546737732,-0.7297489942356826,0.9317546592495446,1.0997753890869555,-0.8708877899868125,-0.2690365368563892
6,7.871485943775101,0.4951670484366247,-0.08625163353701326,-0.5254123331702863,-0.7283513654820276,0.9146123757343031,1.1110082729226347,-0.8843670910006405,-0.2964052739035945
6,7.951807228915663,0.4974719521529992,-0.071591143944616,-0.4984896008772429,-0.7254039964769772,0.8972192473627211,1.1220005814155916,-0.8962015986384764,-0.32500544099399903
6,8.032128514056225,0.49942528709558176,-0.057002461907303625,-0.47271870921571213,-0.7210808439730609,0.879574767404651,1.1327486102251372,-0.9062813452845195,-0.35466530434477317
6,8.112449799196787,0.5010392796596519,-0.04248021871483905,-0.4481923730294989,-0.7155636191702387,0.861678672325634,1.1432486444428522,-0.9145255789557861,-0.38520480655777517
6,8.19277108433735,0.5023265710745088,-0.028019702837296108,-0.42497523339588067,-0.7090357858982771,0.8435309630302451,1.1534968913557597,-0.9208823007088722,-0.41644140262018714
6,8.273092369477911,0.5033001803940442,-0.013616918875885326,-0.4031055857904644,-0.7016772366105761,0.8251319177504333,1.1634894164341207,-0.9253265123540121,-0.44819526094766005
6,8.353413654618475,0.5039734558668229,0.000731392573433607,-0.38259805669223457,-0.6936599020677614,0.8064820978786854,1.1732220849015997,-0.9278574970532727,-0.48029357540727247
6,8.433734939759036,0.5043600189412998,0.015027771401819507,-0.36344688576151174,-0.6851444206557453,0.7875823484003561,1.182690510426628,-0.9284954815801431,-0.512573861172703
6,8.514056224899598,0.5044737047350059,0.029274086587021624,-0.3456294891578543,-0.6762778732765395,0.7684337946716406,1.1918900117373805,-0.9272780102487911,-0.5448862250478634
6,8.594377510040161,0.5043285021615831,0.043471611590939103,-0.329110030488037,-0.667192499360112,0.7490378372080381,1.2008155773186149,-0.924256308881583,-0.5770946895494427
6,8.674698795180722,0.5039384958865842,0.05762112055954504,-0.3138427923314589,-0.6580052550091945,0.7293961459724724,1.2094618377947466,-0.9194918495275967,-0.6090777033450978
6,8.755020080321286,0.5033178115960817,0.07172299939247649,-0.29977520962743137,-0.6488180429221128,0.7095106553640936,1.2178230453073084,-0.9130532573327428,-0.6407280017776731
6,8.835341365461847,0.5024805652834949,0.08577736598105545,-0.2868504889009982,-0.6397184418882961,0.6893835608403822,1.225893058975455,-0.9050136372228778,-0.6719519830682154
6,8.91566265060241,0.5014408164308332,0.09978419443833733,-0.2750097865639972,-0.6307807791644423,0.6690173178543477,1.2336653354282094,-0.8954483477211824,-0.7026687507021055
6,8.995983935742972,0.5002125247293646,0.11374343896355925,-0.2641939564148473,-0.6220674084536983,0.6484146435509748,1.2411329234545494,-0.8844332118654908,-0.7328089539644111
6,9.076305220883533,0.4988095095157111,0.12765515372752062,-0.2543449002078362,-0.6136300855805142,0.6275785215044715,1.2482884618707277,-0.8720431308123451,-0.7623135300177352
6,9.156626506024097,0.49724541090714497,0.14151960595847243,-0.24540656803605967,-0.6055113600482136,0.6065122096482917,1.2551241798298145,-0.8583510525193756,-0.7911324257400745
6,9.236947791164658,0.4955336516284084,0.15533738016776466,-0.2373256607414131,-0.5977459238096483,0.5852192514644408,1.261631898944859,-0.8434272423514348,-0.8192233553029763
6,9.317269076305221,0.4936873984906912,0.16910947209147853,-0.23005208611788586,-0.5903618792428271,0.5637034904510014,1.2678030367370827,-0.8273388028238055,-0.8465506295857351
6,9.397590361445783,0.49171952253850815,0.18283737144866324,-0.22353921666864726,-0.5833819039864673,0.5419690878625982,1.2736286110625181,-0.810149393732458,-0.8730840785247151
6,9.477911646586346,0.4896425570352588,0.1965231330701222,-0.21774399125018215,-0.5768243018932149,0.5200205437144281,1.2790992453074033,-0.7919191094995035,-0.8987980764843116
6,9.558232931726907,0.4874686525629663,0.21016943627906182,-0.21262689648549676,-0.5707039380777207,0.49786272104745005,1.2842051742651954,-0.7727044771249183,-0.9236706724665376
6,9.638554216867469,0.4852095286225534,0.2237796326169057,-0.20815185733849298,-0.5650330616404289,0.47550087346297454,1.2889362507181716,-0.7525585447470338,-0.9476828216946493
6,9.718875502008032,0.4828764212870898,0.23735778219343676,-0.20428606058902082,-0.5598220231374641,0.45294067594924686,1.2932819528533812,-0.7315310366473147,-0.9708177119093547
6,9.799196787148594,0.480480026554241,0.250908679008459,-0.20099972958571755,-0.5550798958843384,0.43018825903067187,1.297231392735252,-0.7096685559991942,-0.9930601758593735
6,9.879518072289157,0.47803043916279087,0.26443786563746896,-0.19826586431135454,-0.5508150109811144,0.4072502462732404,1.3007733261441874,-0.6870148211246756,-1.0143961808005426
6,9.959839357429718,0.4755370867442803,0.2779516376579026,-0.19605995703801182,-0.5470354159061367,0.3841337951732612,1.303896164174258,-0.6636109248795287,-1.0348123859260245
6,10.040160642570282,0.4730086592758997,0.29145703815143015,-0.19435969088237987,-0.543749266007221,0.36084664143943207,1.3065879870568118,-0.6394956098329508,-1.0542957592010218
6,10.120481927710843,0.47045303391830495,0.30496184258976505,-0.1931446262468016,-0.5409651575979199,0.3373971466440904,1.3088365607603447,-0.6147055543155927,-1.0728332457521907
6,10.200803212851406,0.46787719538637595,0.3184745342691487,-0.19239587801056363,-0.5386924099508756,0.313794349176279,1.3106293569683576,-0.5892756665520905,-1.0904114812866312
6,10.281124497991968,0.4652871521572217,0.33200427045177705,-0.19209578514055844,-0.5369413028176883,0.29004801836060706,1.3119535771215802,-0.5632393853772696,-1.1070165447556697
6,10.36144578313253,0.4626878488974314,0.3455608392157313,-0.1922275730211884,-0.5357232745011244,0.26616871152800675,1.3127961812489424,-0.5366289874042489,-1.12263374596355
6,10.441767068273093,0.4600830756671152,0.3591546070090553,-0.19277500818068688,-0.5350510848745558,0.24216783371161368,1.313143922381206,-0.5094759011980412,-1.1372474445157064
6,10.522088353413654,0.45747537456011644,0.37279645673549455,-0.19372204425897996,-0.5349389458444377,0.21805769952894907,1.312983387347176,-0.48181102983008506,-1.1508408982382339
6,10.602409638554217,0.4548659446628116,0.38649771624428847,-0.19505245789202366,-0.5354026214088049,0.19385159665058543,1.3123010448049557,-0.4536650834213729,-1.1633961396404402
6,10.682730923694779,0.4522545463456697,0.4002700769509386,-0.19674947279399532,-0.5364594974375807,0.1695638500999988,1.3110833013237275,-0.42506892365167226,-1.1748938808370863
6,10.763052208835342,0.44963940616211157,0.4141255024186969,-0.1987953703741021,-0.5381286211036316,0.14520988642931285,1.3093165663439907,-0.3960539222173213,-1.185313447659057
6,10.843373493975903,0.4470171237855305,0.4280761266191372,-0.20117108531717684,-0.5404307075902042,0.12080629661640746,1.3069873267260652,-0.3666523350847599,-1.1946327457549992
6,10.923694779116467,0.44438258268759123,0.44213414174949217,-0.20385578482977426,-0.5433881113951832,0.09637089631063056,1.3040822315519829,-0.3368976941684463,-1.2028282619062929
6,11.004016064257028,0.44172886646084036,0.4563116755144022,-0.20682643085703747,-0.547024757740545,0.07192278181883535,1.3005881876601502,-0.30682521742263724,-1.2098751054340082
6,11.08433734939759,0.43904718291300376,0.47062065795676433,-0.21005732521646203,-0.551366028544022,0.04748238001296333,1.2964924662230815,-0.27647223770950413,-1.2157470956358247
6,11.164658634538153,0.4363267982564484,0.48507267811732385,-0.2135196386884491,-0.5564385962751507,0.02307149012272764,1.2917828204270139,-0.2458786496907261,-1.2204169022691878
6,11.244979919678714,0.43355498388273606,0.4996788310047386,-0.21718092660832944,-0.5622701970866723,-0.0012866848297234806,1.286447613979869,-0.2150873724446824,-1.223856247897936
6,11.325301204819278,0.4307169783208671,0.5144495557359342,-0.22100463500666442,-0.5688893344844367,-0.025567519302645794,1.2804759598918505,-0.18414482401155613,-1.2260361811433487
6,11.405622489959839,0.42779596703604383,0.5293944659854427,-0.2249496038806124,-0.5763249028575302,-0.049744961695698114,1.273857868510513,-0.1531014014597326,-1.2269274316384264
6,11.485943775100402,0.4247730826813685,0.5445221743297447,-0.2289695765348958,-0.5846057203936754,-0.07379154845249092,1.2665844034320695,-0.12201195769398093,-1.2265008573681395
6,11.566265060240964,0.42162742832231725,0.5598401124325872,-0.23301272794300348,-0.5937599597377706,-0.09767843825099459,1.2586478433686317,-0.09093626212831833,-1.2247279960634492
6,11.646586345381525,0.41833612588145513,0.5753543494919278,-0.23702122808542841,-0.6038144662524849,-0.12137546846447829,1.2500418477342088,-0.05993942933154779,-1.2215817309736525
6,11.726907630522089,0.4148743917411639,0.5910694117298957,-0.2409308613891675,-0.6147939542922503,-0.14485123584480794,1.240761623199158,-0.02909229450718789,-1.2170370806368043
6,11.80722891566265,0.41121564095728236,0.6069881061025735,-0.24467072724439692,-0.6267200754043513,-0.16807320289856584,1.230804088216543,0.0015282891856810213,-1.2110721189147662
6,11.887550200803213,0.40733162101665726,0.623111351647779,-0.24816305332961558,-0.6396103557294124,-0.19100783097816543,1.2201680321016508,0.031839263291124575,-1.203669028020018
6,11.967871485943775,0.4031925753637808,0.6394380220719382,-0.25132315604538696,-0.6534770067948322,-0.21362074033343292,1.208854265326497,0.06175132101503993,-1.1948152806036039
6,12.048192771084338,0.39876743625062067,0.6559648031951734,-0.2540595877375885,-0.6683256216779697,-0.23587689670997722,1.1968657575514032,0.09116904819694575,-1.1845049390686075
6,12.1285140562249,0.39402404570137234,0.6726860687241143,-0.25627451311233107,-0.6841537794769453,-0.25774082326059417,1.1842077601123375,0.11999129067155379,-1.172740049359507
6,12.208835341365461,0.38892940264838,0.689593777490258,-0.25786435637872346,-0.7009495935260577,-0.2791768356840501,1.1708879100788072,0.14811178941439443,-1.1595320940430083
6,12.289156626506024,0.38344993362585295,0.7066773947912798,-0.2587207577441179,-0.7186902534534794,-0.3001492977314971,1.1569163134483018,0.1754201218497629,-1.1449034547861028
6,12.369477911646586,0.3775517838153469,0.723923839800117,-0.2587318702185731,-0.7373406268203336,-0.32062289351070566,1.142305605647927,0.20180297991393287,-1.1288888186277108
6,12.449799196787149,0.37120112479075174,0.7413174602196857,-0.2577840135215951,-0.7568520006255778,-0.340562912426228,1.1270709882250263,0.2271458011570723,-1.1115364478191347
6,12.53012048192771,0.36436447502489017,0.7588400345124244,-0.25576368230426944,-0.7771610552456927,-0.35993554219844925,1.1112302412899395,0.2513347494778296,-1.092909220556672
6,12.610441767068274,0.3570090290617865,0.776470801192755,-0.25255988115991806,-0.7981891711817363,-0.3787081652365029,1.0948037118683163,0.2742590173346356,-1.0730853418793356
6,12.690763052208835,0.3491029913018295,0.7941865139275434,-0.24806672760524276,-0.8198421677779011,-0.39684965366200314,1.0778142788462777,0.2958133899654175,-1.0521586249959205
6,12.771084337349398,0.3406159104629284,0.8119615206273325,-0.24218623263431846,-0.8420105634407948,-0.4143306585726933,1.0602872954393234,0.3159009807440845,-1.0302382526258616
6,12.85140562248996,0.3315190109861126,0.829767864400716,-0.23483113702937372,-0.8645704247440821,-0.43112388959036574,1.0422505101696733,0.334436015633628,-1.0074479498263078
6,12.931726907630521,0.3217855178940661,0.8475754042187584,-0.22592765587414854,-0.8873848376608288,-0.4472043813128013,1.0237339671539465,0.35134651929288474,-0.9839245337118767
6,13.012048192771084,0.31139097175949665,0.8653519534600701,-0.21541796981549238,-0.910305991942801,-0.4625497439679655,1.0047698860516636,0.36657674202396245,-0.9598158475689331
6,13.092369477911646,0.3003135305427357,0.88306343509909,-0.20326230086553615,-0.9331778200544628,-0.47714039615945153,0.9853925214803979,0.38008916648225327,-0.9352781365250256
6,13.17269076305221,0.2885342550573605,0.9006740530041593,-0.18944042649381812,-0.9558390806269976,-0.4909597779992559,0.9656380011486123,0.39186594943571473,-0.9104729735257742
6,13.25301204819277,0.27603737456822974,0.918146479897128,-0.1739525222817965,-0.9781267389549275,-0.5039945433310423,0.9455441412809763,0.40190969104461016,-0.885563882223177
6,13.333333333333334,0.2628105288537639,0.9354420629842689,-0.15681926678461833,-0.9998794586786093,-0.5162347294976157,0.925150237795777,0.41024346742847134,-0.8607128421014368
6,13.413654618473895,0.24884498262316543,0.9525210496357571,-0.13808120644418098,-1.0209410215889778,-0.5276739031772167,0.904496831294293,0.41691012699823354,-0.8360768593410727
6,13.493975903614459,0.2341358078616836,0.9693428342753713,-0.11779741883758194,-1.0411634737526478,-0.5383092797186263,0.8836254448738214,0.421970890694526,-0.8118048053965451
6,13.57429718875502,0.2186820293666226,0.9858662291944263,-0.09604358638744012,-1.060409855664882,-0.5481418133746337,0.8625782938084303,0.4255033703954525,-0.7880346673379748
6,13.654618473895582,0.20248672860950603,1.0020497600536722,-0.07290961511696967,-1.078556391732668,-0.5571762547323096,0.8413979678599177,0.42759914123977444,-0.7648913361809221
6,13.734939759036145,0.18555710116518967,1.0178519855253398,-0.04849695413036696,-1.0954940644179894,-0.5654211710439708,0.8201270883908203,0.42836102400914944,-0.742485009498171
6,13.815261044176706,0.1679044633032866,1.0332318394587419,-0.02291578497879649,-1.1111295615091934,-0.5728889251356978,0.7988079440534608,0.4279002468112091,-0.7209102220030092
6,13.89558232931727,0.14954420420397402,1.0481489914474058,0.003717766564658026,-1.1253856190240956,-0.5795956084465094,0.7774821108159755,0.4263336376778787,-0.7002454832392859
6,13.975903614457831,0.13049568127507633,1.0625642197895604,0.03128426833186927,-1.1382008238850163,-0.585560924495764,0.7561900637782223,0.42378097488881966,-0.6805534596827667
6,14.056224899598394,0.1107820576069804,1.0764397889326227,0.05966336935251375,-1.1495289637496708,-0.5908080201572854,0.734970789721511,0.4203625931977923,-0.6618816149044631
6,14.136546184738956,0.09043008234947268,1.0897398219631789,0.08873587119998397,-1.159338024174557,-0.5953632637284464,0.713861410392899,0.416197310178991,-0.6442632081815208
6,14.216867469879517,0.0694698167422896,1.1024306577532939,0.1183854491071252,-1.1676089354837424,-0.5992559707683051,0.6928968270445737,0.41140070491889147,-0.6277185493141253
6,14.29718875502008,0.047934310574869556,1.1144811820846998,0.14850001512819605,-1.1743341649124566,-0.6025180808568573,0.6721093966283829,0.4060837551537928,-0.6122564138006263
6,14.377510040160642,0.025859235773015028,1.1258631225058808,0.17897273729023339,-1.1795162378187125,-0.6051837906428632,0.6515286493015036,0.40035181757961585,-0.5978755339886722
6,14.457831325301205,0.0032824855079198675,1.1365512978204801,0.20970274382529908,-1.183166256610389,-0.607289150601487,0.631181055550504,0.3943039212682694,-0.5845660967605953
6,14.538152610441767,-0.019756251420050268,1.146523814820219,0.2405955497567486,-1.1853024700953418,-0.6088716346274776,0.6110898493770914,0.38803233629078054,-0.572311194101969
6,14.61847389558233,-0.043215930315656625,1.155762207049294,0.27156324793009473,-1.1859489311826041,-0.6099696928272527,0.5912749117965632,0.3816223752128155,-0.5610881876632535
6,14.698795180722891,-0.06705459354237236,1.1642515128653965,0.30252450725057717,-1.1851342673556116,-0.6106222985040288,0.5717527164881753,0.375152384795825,-0.5508699619979605
6,14.779116465863453,-0.09122980591176402,1.171980292516619,0.3334044170222518,-1.182890577505986,-0.6108685004429218,0.5525363370074368,0.36869388933243513,-0.5416260520180701
6,14.859437751004016,-0.11569907257667537,1.1789405864100673,0.3641342141749784,-1.1792524601483163,-0.6107469910074952,0.5336355127195237,0.3623118494091932,-0.5333236389812748
6,14.939759036144578,-0.14042023048479657,1.1851278187764163,0.3946509236180543,-1.174256172074783,-0.6102956996466488,0.5150567686271906,0.35606500651339207,-0.5259284153288242
6,15.02008032128514,-0.16535180628005997,1.1905406528737998,0.42489693936706346,-1.1679389110927965,-0.6095514197675923,0.4968035826572924,0.35000628668058975,-0.5194053244382961
6,15.100401606425702,-0.1904533347381419,1.1951808048228938,0.45481956546705565,-1.1603382154761934,-0.6085494755709361,0.47887659286487333,0.3441832448420233,-0.5137191822115742
6,15.180722891566266,-0.2156856341912201,1.1990528242861356,0.4843705356181247,-1.1514914695419562,-0.6073234332346212,0.4612738363276723,0.33863853180771775,-0.508835191071852
6,15.261044176706827,-0.24101103675850882,1.202163850271998,0.5135055232838428,-1.1414355054584482,-0.6059048592610642,0.44399101129264407,0.33341037273573126,-0.5047193561061943
6,15.34136546184739,-0.26639357313336404,1.2045233503784691,0.5421836525500515,-1.1302062906321766,-0.6043231268587987,0.42702175432427464,0.3285330474421122,-0.5013388140705676
6,15.421686746987952,-0.29179911291068766,1.2061428511930692,0.5703670162697292,-1.1178386913720253,-0.6026052698105427,0.41035792472519106,0.3240373664515021,-0.4986620845462352
6,15.502008032128513,-0.31719546284777655,1.2070356669403801,0.5980202066202833,-1.1043663036904332,-0.6007758818014443,0.39398988924419437,0.31995113802893843,-0.49665925249414145
6,15.582329317269076,-0.3425524263279288,1.2072166324776328,0.6251098610103794,-1.0898213433592712,-0.5988570581449607,0.3779068010388902,0.31629962346251106,-0.495302090157252
6,15.662650602409638,-0.3678418278595955,1.2067018456812104,0.6516042248591348,-1.074234588680092,-0.5968683761423291,0.3620968678470168,0.3131059791427906,-0.4945641248481355
6,15.742971887550201,-0.39303750703430584,1.205508423273186,0.6774727321306937,-1.0576353700753987,-0.5948269096264382,0.34654760535941853,0.3103916845300513,-0.49442065855720635
6,15.823293172690763,-0.41811528636798956,1.2036542730321447,0.702685603419889,-1.0400516022456927,-0.5927472731007092,0.33124607274734325,0.3081769560488107,-0.49484874353379554
6,15.903614457831326,-0.4430529175910904,1.201157884422689,0.7272134611651887,-1.0215098551677997,-0.5906416906694442,0.31617908824018154,0.3064811470953468,-0.495827117495071
6,15.983935742971887,-0.46783001058167045,1.1980381387535306,0.751026961046618,-1.0020354620925644,-0.5885200852178025,0.30133342336797936,0.305323134752856,-0.4973361000289457
6,16.06425702811245,-0.4924279490494017,1.1943141393097743,0.7740964388379467,-0.9816526629682935,-0.5863901833469238,0.28669597520660856,0.3047216935583798,-0.49935745154808947
6,16.14457831325301,-0.5168297965479445,1.1900050612346877,0.7963915719209813,-0.960384783445362,-0.584257632032261,0.2722539164390349,0.304695856659225,-0.5018741942283609
6,16.224899598393574,-0.5410201960772727,1.185130020491952,0.8178810550651302,-0.9382544501055385,-0.582126123271681,0.25799482350455494,0.3052652642838243,-0.5048703938909687
6,16.305220883534137,-0.5649852660123961,1.1797079608451784,0.8385322906436211,-0.9152838442797463,-0.5799975234955468,0.243906783309491,0.30645049886432263,-0.5083308998749236
6,16.3855421686747,-0.5887124947642732,1.1737575575770502,0.8583110942490818,-0.8914949970882408,-0.5778720048564111,0.22997847924052245,0.3082734053716034,-0.5122410397293323
6,16.46586345381526,-0.6121906360870589,1.1672971364787736,0.8771814178074733,-0.8669101299467378,-0.5757481760303376,0.21619925724093908,0.3107573943099241,-0.5165862637729753
6,16.546184738955823,-0.6354096066198642,1.160344606587209,0.8951050935446329,-0.8415520450293718,-0.5736232105396764,0.20255917282605154,0.3139277236149085,-0.5213517343838892
6,16.626506024096386,-0.6583603868761247,1.1529174051092568,0.9120416042850381,-0.8154445718117682,-0.5714929710438129,0.18904901976038677,0.31781175363490044,-0.5265218530578757
6,16.70682730923695,-0.6810349266487166,1.1450324530480342,0.9279478874898202,-0.7886130752822241,-0.5693521283858977,0.17566034122453156,0.32243916754479485,-0.5320797189903421
6,16.78714859437751,-0.7034260555144293,1.136706120097002,0.9427781836389194,-0.761085032574225,-0.5671942745675331,0.16238542408165238,0.3278421464430438,-0.5380065116044295
6,16.867469879518072,-0.7255273989418669,1.1279541975096847,0.9564839422933563,-0.7328906833934451,-0.5650120291627648,0.14921727697811368,0.33405548581127614,-0.5442807910943536
6,16.947791164658636,-0.7473333003411324,1.11879187776017,0.969013804013391,-0.7040637597834164,-0.5627971389497827,0.1361495927243243,0.34111663527752495,-0.5508777107010783
6,17.028112449799195,-0.7688387492831961,1.1092337400023031,0.9803136798633175,-0.6746422972300176,-0.5605405708806478,0.12317669567621542,0.3490656403005271,-0.5577681384485013
6,17.10843373493976,-0.7900393160204784,1.0992937404785412,0.9903269557626307,-0.6446695265254166,-0.5582325987514588,0.11029347470591998,0.35794495900930723,-0.5649176886590448
6,17.188755020080322,-0.8109310923874118,1.088985207221589,0.9989948536870397,-0.614194839873836,-0.5558628841850939,0.09749530255396163,0.36779912288546673,-0.5722856699017147
6,17.269076305220885,-0.8315106391185791,1.0783208385811478,1.0062569865403423,-0.5832748171570598,-0.5534205527754114,0.08477794256068594,0.37867420535364893,-0.579823963984774
6,17.349397590361445,-0.8517749395959322,1.0673127053005032,1.0120521473416098,-0.5519742876589143,-0.5508942663967431,0.07213744405603714,0.39061705865106633,-0.587475861697626
6,17.429718875502008,-0.8717213600056877,1.0559722560685085,1.0163193745701176,-0.520367389313594,-0.5482722928876036,0.059570028149837445,0.40367427832317476,-0.595174894904752
6,17.51004016064257,-0.8913476158599389,1.044310326666396,1.0189993342442152,-0.4885385704028637,-0.5455425742748933,0.047071966069766116,0.4178908558906179,-0.6028437223332985
6,17.59036144578313,-0.9106517447780386,1.0323371530176724,1.020036051729002,-0.4565834598541409,-0.5426927947825655,0.034639452871673033,0.433308487831603,-0.6103931460352044
6,17.670682730923694,-0.9296320853345539,1.0200623886255173,1.019379012209177,-0.42460951207093106,-0.539710449722892,0.02226847995665902,0.44996352284826974,-0.6177213565112452
6,17.751004016064257,-0.9482872616677696,1.007495127003807,1.0169856252315457,-0.39273631114515356,-0.5365829160083885,0.009954710446502816,0.46788455244461324,-0.6247135263051563
6,17.83132530120482,-0.9666161733564242,0.9946439297994752,1.012824014937523,-0.3610954052586245,-0.5332975247113888,-0.0023066378629791467,0.487089683130291,-0.6312418866778717
6,17.91164658634538,-0.9846179898479882,0.9815168613187846,1.0068760533097385,-0.3298295360193425,-0.5298416355076196,-0.01452089676429575,0.50758357204587,-0.6371664285351465
6,17.991967871485944,-1.0022921484794693,0.9681215300411351,0.9991404997389103,-0.29909113366729506,-0.526202712041841,-0.02669403370763538,0.5293543607824008,-0.6423363626662048
6,18.072289156626507,-1.0196383548308041,0.9544651375066199,0.9896360539649817,-0.26903998008117747,-0.5223683965711972,-0.038832714228917355,0.5523706974370204,-0.6465924431965252
6,18.152610441767067,-1.0366565838857107,0.9405545346053442,0.9784040767398937,-0.23983999458110059,-0.5183265813912383,-0.05094433568258894,0.5765790885370561,-0.6497702043416548
6,18.23293172690763,-1.053347080298861,0.9263962847409521,0.9655106935325694,-0.21165517290076552,-0.5140654737330002,-0.06303702824378293,0.6019018604992924,-0.6517040835964037
6,18.313253012048193,-1.0697103559477836,0.9119967327763314,0.9510479894410273,-0.18464481235161628,-0.5095736503901211,-0.0751196202821552,0.6282360168968782,-0.65223230014256
6,18.393574297188756,-1.0857471830483956,0.8973620779530512,0.9351340322410797,-0.1589582621275164,-0.5048400980296581,-0.08720156699966122,0.6554532488369749,-0.6512022488258737
6,18.473895582329316,-1.1014585814037692,0.8824984483004955,0.9179115356680105,-0.1347295373653617,-0.4998542353380348,-0.09929284327359551,0.683401281073794,-0.6484760676615385
6,18.55421686746988,-1.1168457988323521,0.8674119735306205,0.8995450948721854,-0.11207220863874298,-0.4946059138026672,-0.11140380356048629,0.7119066177628344,-0.6439359613313915
6,18.634538152610443,-1.1319102845137283,0.8521088530646562,0.880217072377354,-0.09107499906967981,-0.48908539501934517,-0.12354501379216816,0.7407786071557199,-0.6374888402028087
6,18.714859437751002,-1.1466536557505658,0.8365954158477176,0.8601223682866378,-0.07179848453225812,-0.48328330388766544,-0.1357270616860053,0.7698145913515939,-0.6290698696294545
6,18.795180722891565,-1.1610776594148535,0.8208781689280154,0.8394624429428387,-0.054273195936423956,-0.4771905586399994,-0.14796035286204892,0.7988057751120147,-0.6186446201295428
6,18.87550200803213,-1.175184129991784,0.8049638324705524,0.818439044810982,-0.03849927434363354,-0.4707982803924051,-0.16025490058132233,0.8275433655732075,-0.6062096575455967
6,18.955823293172692,-1.188974946552932,0.7888593598107226,0.7972481211657981,-0.02444766699441403,-0.46409768634295684,-0.1726201165995805,0.855824511730091,-0.5917915762167284
6,19.03614457831325,-1.2024519910970537,0.7725719422308004,0.7760743464825942,-0.012062693237948272,-0.457079971771919,-0.1850646095591465,0.8834576163863789,-0.5754446394337058
6,19.116465863453815,-1.2156171105660198,0.7561089991845659,0.755086603991289,-0.0012656860963469602,-0.44973618670003457,-0.19759599629203037,0.9102666932747654,-0.5572473167961887
6,19.196787148594378,-1.2284720843565013,0.7394781556815999,0.7344346286970663,0.008040657739241952,-0.44205711315157054,-0.21022072950697226,0.9360945688110056,-0.5372980839138699
6,19.277108433734938,-1.2410185985898445,0.7226872091460393,0.7142468814799534,0.015967601087500737,-0.4340331485392942,-0.22294394389632258,0.9608048656491855,-0.5157108663372179
6,19.3574297188755,-1.2532582277626143,0.7057440885027757,0.6946295989493744,0.022635710122326926,-0.4256542002620089,-0.23576932151160404,0.984282829075249,-0.4926104771134988
6,19.437751004016064,-1.2651924236713477,0.6886568083119808,0.6756668789029211,0.028170505034657692,-0.41690959522881577,-0.24869897530202784,1.0064351399972427,-0.468128338044611
6,19.518072289156628,-1.2768225110982523,0.6714334206154418,0.6574215968389402,0.03269861257863475,-0.407788007497662,-0.2617333497014271,1.0271889217569743,-0.4423986834926498
6,19.598393574297187,-1.2881496892776394,0.654081966815405,0.6399369345314555,0.036344536737511576,-0.39827740583722754,-0.2748711358990802,1.0464901605834116,-0.4155553676538369
6,19.67871485943775,-1.2991750379888984,0.6366104314570203,0.6232383054069426,0.03922808638572152,-0.3883650222855478,-0.2881091994319663,1.0643017548675038,-0.38772931841077607
6,19.759036144578314,-1.3098995270431835,0.6190266992985305,0.607335488227076,0.04146244167137922,-0.378037341965778,-0.30144251758234153,1.0806013807818855,-0.3590466233875687
6,19.839357429718877,-1.3203240279832291,0.6013385165829103,0.5922248161766619,0.04315280107811296,-0.36728011383166165,-0.3148641241778046,1.095379325638229,-0.32962719348321917
6,19.919678714859437,-1.3304493269529916,0.5835534570163283,0.5778913070032606,0.044395528117623845,-0.35607838162103667,-0.32836505963156454,1.1086364015707677,-0.2995839255023883
6,20.0,-1.3402761378719923,0.5656788926132601,0.5643106562609471,0.045277707881980704,-0.34441653401230315,-0.3419343243497706,1.1203820156233484,-0.2690222761454707
7,0.0,0.7982550444971381,0.31436101574291786,-0.0818322014682754,0.27258925434529657,-1.5298547103621667,-0.35898268249215093,0.8134318673333037,-0.22796758759606298
7,0.08032128514056225,0.7723335918571028,0.3322014873794011,-0.08986341462234107,0.25449375181327827,-1.5247360200928628,-0.37690346563995747,0.8422658428581009,-0.20979177355272147
7,0.1606425702811245,0.7461471636667341,0.34798569146434283,-0.09669410358710695,0.23613767271194325,-1.5193909856533703,-0.39482014794003767,0.8699379255737434,-0.18930321623624802
7,0.24096385542168675,0.7199185932789575,0.36183550341467274,-0.10231693487044548,0.21755571846378577,-1.5138224265223357,-0.4127320760393415,0.8962207681138236,-0.16665914583911653
7,0.321285140562249,0.6938337411476143,0.3738995926024822,-0.10672242122287982,0.19878357435811272,-1.5080336098168876,-0.43063817467000115,0.920922289892153,-0.14204499229059322
7,0.40160642570281124,0.6680385886632442,0.3843435949984918,-0.1098987124186563,0.1798584473231596,-1.5020282035485784,-0.4485368737010503,0.9438883273039903,-0.11566516862060054
7,0.4819277108433735,0.642638920372572,0.3933407300819495,-0.11183144908765176,0.16081956523261864,-1.495810220916813,-0.46642605105753626,0.9650027496318924,-0.0877342442570314
7,0.5622489959839357,0.6177021087170956,0.4010634828503754,-0.1125036809128388,0.14170865310504624,-1.4893839592593336,-0.48430299170874486,0.9841855314550765,-0.05846914424667637
7,0.642570281124498,0.5932604143133845,0.4076767055932498,-0.1118958505293679,0.12257040614803143,-1.482753936434696,-0.502164361717889,1.001389372650679,-0.028082750023391632
7,0.7228915662650602,0.5693152194408065,0.4133322487534945,-0.10998584636227098,0.1034529817103711,-1.4759248264285714,-0.520006195708279,1.0165954533500352,0.0032209652444140716
7,0.8032128514056225,0.5458416962793372,0.41816504489795336,-0.10674913040815001,0.08440853340541155,-1.4689013949725607,-0.5378238958452418,1.029808829101373,0.03525031754187748
7,0.8835341365461847,0.52279353044941,0.4222904485010455,-0.10215895199266156,0.06549380985711366,-1.46168843514169,-0.5556122406006152,1.041053856684941,0.06782798224245662
7,0.963855421686747,0.5001074501474269,0.42580257660648335,-0.09618666497258534,0.04677083850794487,-1.4542907022700131,-0.5733654019535902,1.0503699170951712,0.10079198683916255
7,1.0441767068273093,0.4777074286281879,0.4287733850399364,-0.08880217419772284,0.02830771119831435,-1.4467128471411748,-0.591076970229255,1.0578075927107093,0.1339958739910047
7,1.1244979919678715,0.4555085250470532,0.43125223695198583,-0.07997454719862626,0.010179482452529993,-1.4389593462711456,-0.6087399864000804,1.0634253684227184,0.16730826699556503
7,1.2048192771084336,0.4334204030609788,0.4332657631835149,-0.06967283846564754,-0.007530817246564403,-1.4310344281542404,-0.6263469822885568,1.0672868635589088,0.2006120363516067
7,1.285140562248996,0.4113506194551568,0.43481786512624016,-0.057867186583339884,-0.024731063572064706,-1.422941994625882,-0.643890029721371,1.0694585617540646,0.23380322816719587
7,1.3654618473895583,0.3892078110456676,0.4358897684136773,-0.04453025727138854,-0.04131884475018839,-1.4146855369623879,-0.6613608002178143,1.0700079831881082,0.2667898765543256
7,1.4457831325301205,0.36690492924976853,0.4364400957941127,-0.029639116926347943,-0.057180247123811506,-1.4062680469984614,-0.6787506372523131,1.0690022346750403,0.2994907885820125
7,1.5261044176706826,0.3443626801600913,0.4364049913244133,-0.013177628538149648,-0.07218871084783395,-1.3976919244510053,-0.6960506434650565,1.0665068728290632,0.33183436298847785
7,1.606425702811245,0.3215133220198342,0.43569839772917346,0.004860539994625615,-0.08620409432994933,-1.388958882758731,-0.7132517853364152,1.0625850207442709,0.36375748193719165
7,1.6867469879518073,0.29830494757427667,0.43421266456305424,0.02446822243860035,-0.09907214593777272,-1.3800698571312324,-0.7303450177251747,1.057296687118355,0.3952044990998936
7,1.7670682730923695,0.27470632765296693,0.4318197463507662,0.045620345846141684,-0.11062465157647831,-1.371024920120858,-0.7473214301564228,1.050698246621749,0.42612633538213535
7,1.8473895582329316,0.2507123044006333,0.42837333016464074,0.0682688566905258,-0.12068059935364527,-1.3618232118018818,-0.7641724157031609,1.0428420507107221,0.45647968489216584
7,1.927710843373494,0.2263495870410832,0.4237122970036419,0.09233715819487015,-0.1290487626330077,-1.3524628934445817,-0.7808898615647253,1.033776148208628,0.4862263271940914
7,2.0080321285140563,0.2016826126871043,0.41766594549977903,0.11771441805883216,-0.13553212402134804,-1.3429411350898526,-0.7974663578697873,1.0235441043439157,0.5153325363913568
7,2.0883534136546187,0.17681889666083744,0.4100613535412457,0.14425033664787126,-0.13993450848826816,-1.333254148298276,-0.8138954177708334,1.012184914989567,0.5437685727178564
7,2.1686746987951806,0.15191303751791532,0.40073307990764806,0.17175121849738048,-0.14206961973332174,-1.323397274978061,-0.8301716976821454,0.9997330189627648,0.5715082375078194
7,2.248995983935743,0.12716832445359857,0.38953507905226226,0.19997840190013993,-0.14177234503923067,-1.3133651409989413,-0.8462912019485888,0.9862184146452025,0.5985284679355576
7,2.3293172690763053,0.10283481288174723,0.37635421219524823,0.22865017857497816,-0.13891170425307037,-1.303151878771739,-0.862251452128404,0.9716668873150134,0.6248089441862266
7,2.4096385542168672,0.07920289933182226,0.3611241456897457,0.25744816681341454,-0.1334042270646699,-1.2927514158969393,-0.8780515985549446,0.9561003497517021,0.6503316799298693
7,2.4899598393574296,0.056591926916609844,0.3438378707982166,0.2860285994406632,-0.12522598667970708,-1.2821578179128534,-0.8936924522628583,0.93953729155558,0.6750805681443492
7,2.570281124497992,0.035334180090636075,0.32455676537454375,0.314038160394322,-0.11442120540786138,-1.27136566330409,-0.9091764198458686,0.9219933228191313,0.6990408598791865
7,2.6506024096385543,0.015755640539435792,0.30341425638483577,0.34113299190298735,-0.1011054870248855,-1.260370420453427,-0.9245073327046999,0.9034817880110034,0.7221985633447501
7,2.7309236947791167,-0.0018442143581099933,0.280612835427139,0.36699858752808806,-0.08546242514004049,-1.2491687914174974,-0.9396901746309207,0.8840144182475188,0.744539764343823
7,2.8112449799196786,-0.017210811601175866,0.2564143314949953,0.3913678123419723,-0.06773348970971488,-1.237758988264466,-0.9547307254902444,0.863601987523669,0.7660498837049645
7,2.891566265060241,-0.030148507952224304,0.23112464556936294,0.4140344809119902,-0.0482023951258774,-1.226140914731897,-0.9696351509203337,0.8422549417721307,0.7867129004768488
7,2.9718875502008033,-0.04052850477932663,0.20507519381577927,0.4348607640562501,-0.02717619617737194,-1.2143162379830308,-0.9844095754235404,0.819983978706107,0.8065105777851338
7,3.0522088353413652,-0.048290143674617855,0.1786037644418726,0.45377792424542107,-0.004965817197609492,-1.2022883495641752,-0.9990596772934597,0.7968005689933716,0.8254217300491972
7,3.1325301204819276,-0.05343629483189119,0.15203727636876654,0.4707811002949638,0.018131496504279705,-1.1900622280493254,-1.0135903384910643,0.7727174225862524,0.8434215656180186
7,3.21285140562249,-0.05602441698553436,0.12567819226817664,0.4859197274298892,0.041846050572511555,-1.1776442256269077,-1.0280053726430056,0.7477489151825524,0.8604811298023181
7,3.2931726907630523,-0.05615521888770954,0.09979538963611052,0.4992855272811068,0.06594509053197475,-1.1650418056667067,-1.0423073424137237,0.7219114972733087,0.8765668622456391
7,3.3734939759036147,-0.05396072866650375,0.07461942442482511,0.5109998754770128,0.09023776915373641,-1.1522632582552705,-1.0564974662611788,0.6952241114447607,0.8916402726826183
7,3.4538152610441766,-0.04959315090177999,0.05034152102871956,0.5212019243744987,0.11457635302417936,-1.1393174169626434,-1.0705756058022646,0.667708643489924,0.9056577317493666
7,3.534136546184739,-0.043215359630636885,0.027115331129673542,0.5300383237137363,0.13885461818856365,-1.126213394405097,-1.0845403195488261,0.639390430321997,0.9185703702305896
7,3.6144578313253013,-0.034993390224041826,0.005060474869273919,0.5376548940610668,0.16300441136041627,-1.112960347926998,-1.0983889664483468,0.6102988440899726,0.9303240802186576
7,3.694779116465863,-0.025090931689889923,-0.015732990717144485,0.5441902449129935,0.18699121822219872,-1.0995672811386363,-1.1121178428752998,0.5804679679155322,0.9408596153702464
7,3.7751004016064256,-0.013665599918289785,-0.035199824646903397,0.5497711077464768,0.2108093699121421,-1.0860428825619957,-1.1257223385508035,0.5499373747338079,0.9501127932855657
7,3.855421686746988,-0.000866669282872861,-0.053295015758518985,0.5545090520516921,0.2344773043533215,-1.0723953995563706,-1.1391970995665457,0.5187530167875504,0.9580148109717441
7,3.9357429718875503,0.013166079743346453,-0.06998961582644586,0.5584982352179211,0.2580331121802885,-1.0586325437833313,-1.1525361895993487,0.486968228822063,0.9644926932455068
7,4.016064257028113,0.0283027104928987,-0.085267115431849,0.5618138706521437,0.28153045491359563,-1.0447614235896545,-1.1657332431545464,0.45464484244461145,0.9694699036728007
7,4.096385542168675,0.044422939508213,-0.09912039305794795,0.5645111576160367,0.3050348425762094,-1.0307884985003537,-1.1787816070371042,0.42185440137610347,0.9728671575188438
7,4.176706827309237,0.06141561039266782,-0.11154921125061365,0.5666244843269928,0.3286201937400852,-1.0167195513159841,-1.1916744681472173,0.3886794565963229,0.9746034856577468
7,4.257028112449799,0.07917798394944217,-0.12255820317594605,0.5681667844122886,0.3523655638692848,-1.0025596738927607,-1.2044049671387442,0.35521490553102925,0.9745976064454064
7,4.337349397590361,0.09761495150776862,-0.13215528052868084,0.5691289923116798,0.37635191133074075,-0.988313263414308,-1.2169662984991916,0.32156931959485896,0.9727696676971326
7,4.417670682730924,0.11663824251515778,-0.14035039251420794,0.5694796051619602,0.4006587697929333,-0.973984026759694,-1.229351798288265,0.28786617908257506,0.9690434210095406
7,4.497991967871486,0.1361656700893124,-0.14715457083906588,0.5691644176981322,0.4253607094451808,-0.9595749913621194,-1.241555021146079,0.2542449035746739,0.9633488825399651
7,4.578313253012048,0.15612043790976876,-0.15257920404800077,0.5681065524446615,0.4505234977654962,-0.9450885217160636,-1.2535698083165936,0.2208615313616326,0.9556255145990991
7,4.658634538152611,0.17643051704948615,-0.15663549417162662,0.5662069579131542,0.4761999156886941,-0.9305263414036891,-1.2653903483471907,0.18788886644104774,0.9458259268301242
7,4.738955823293173,0.1970280908007499,-0.1593340580265114,0.563345589162258,0.5024252498443963,-0.9158895611123405,-1.2770112318479487,0.15551588114933176,0.9339200400300646
7,4.8192771084337345,0.21784905822087608,-0.16068464445531483,0.5593835075915645,0.529212565790603,-0.9011787136300539,-1.2884275012388706,0.12394614781761246,0.9198995799035834
7,4.899598393574297,0.23883258221869208,-0.16069594634416812,0.5541661321473171,0.5565479706771248,-0.8863937971145438,-1.29963469580029,0.09339508274853368,0.9037826714673343
7,4.979919678714859,0.2599206651978534,-0.15937549267965823,0.5475278274033619,0.584386185809459,-0.8715343280150329,-1.310628891605457,0.06408583541381659,0.8856181984756571
7,5.0602409638554215,0.2810577342142812,-0.15672961094249216,0.5392979154620909,0.612646855659045,-0.8565994048101033,-1.321406735119248,0.036243755133730154,0.8654894904026963
7,5.140562248995984,0.30219021845553734,-0.15276345372931532,0.5293080447750467,0.6412120954334116,-0.8415877831310097,-1.3319654684977782,0.010089519900424556,0.843516826793683
7,5.220883534136546,0.3232661041827186,-0.14748108599213197,0.5174006467719191,0.6699257939311046,-0.8264979619023426,-1.342302944042838,-0.01416878905229619,0.8198582361038663
7,5.301204819277109,0.3442344566683949,-0.14088563048221073,0.5034379884963566,0.6985951179312438,-0.8113282788360411,-1.3524176250335413,-0.036344166328711305,0.7947081375845093
7,5.381526104417671,0.36504490390356936,-0.13297946962276083,0.487311125663705,0.7269944893744142,-0.7960770121792883,-1.3623085703844944,-0.056279017387986796,0.7682935506328419
7,5.461847389558233,0.3856470837035763,-0.12376450190853468,0.46894793128813367,0.7548720413115452,-0.7807424841831889,-1.3719754013958292,-0.07385253080852199,0.7408678619928196
7,5.542168674698795,0.40599006233612145,-0.11324245079528426,0.4483193645115023,0.7819582340062,-0.7653231606852516,-1.3814182502050778,-0.08898626616237307,0.7127024669941626
7,5.622489959839357,0.42602173931472903,-0.10141522380338812,0.42544328171320445,0.8079759968749494,-0.7498177407068629,-1.3906376913097043,-0.10164728032107148,0.6840769182381435
7,5.7028112449799195,0.44568825818441765,-0.08828531957477792,0.40038536349292525,0.8326515234006827,-0.7342252302969831,-1.3996346594049505,-0.11184839138036085,0.6552684555790464
7,5.783132530120482,0.4649334458432419,-0.07385628051539374,0.3732570882122947,0.8557247427769298,-0.718544995997471,-1.4084103584392986,-0.11964553805806663,0.6265418961777629
7,5.863453815261044,0.4836983051291938,-0.05813318897385418,0.34421105482687697,0.8769585585996487,-0.7027767952041305,-1.4169661678893335,-0.1251325647519412,0.5981407982635396
7,5.943775100401607,0.5019205832487708,-0.0411232045510723,0.31343425698939864,0.8961461463503402,-0.6869207829365015,-1.4253035525674376,-0.12843405730166876,0.5702806107681703
7,6.024096385542169,0.5195344372046671,-0.022836139454261314,0.28114009012626817,0.9131159062125285,-0.6709774968196969,-1.4334239817840937,-0.1296970305112392,0.5431442150258272
7,6.1044176706827304,0.5364702126908802,-0.0032850683606041146,0.247559912359923,0.9277339868613425,-0.65494782401313,-1.44132886240545,-0.129082301037674,0.5168799439047124
7,6.184738955823293,0.5526543493976145,0.017513032939847812,0.21293488505834074,0.9399045769012908,-0.6388329550941035,-1.4490194887030685,-0.1267562793618523,0.4916018788619302
7,6.265060240963855,0.5680094207713766,0.03953662708885091,0.17750864924977186,0.9495683558059003,-0.6226343304745238,-1.4564970100142909,-0.1228837395466256,0.4673920271195403
7,6.3453815261044175,0.5824543125669203,0.06275894219025999,0.14152118346973255,0.9566995942357054,-0.6063535847782269,-1.4637624155509898,-0.11762191125842683,0.44430387912502517
7,6.42570281124498,0.5959045407854824,0.08714729752451078,0.10520399116234942,0.9613024032388023,-0.5899924939163035,-1.470816534338998,-0.11111603803152918,0.42236683357568566
7,6.506024096385542,0.6082727065522864,0.11266244096202284,0.06877660452457834,0.9634065782122115,-0.5735529285618446,-1.4776600473733272,-0.10349638251502094,0.4015910281990936
7,6.586345381526105,0.619469082851778,0.13925791257950446,0.032444280458223354,0.9630633939546507,-0.5570368165593674,-1.4842935086306537,-0.09487654675063474,0.38197220209649935
7,6.666666666666667,0.6294023256468648,0.16687944986864142,-0.0036032976463150276,0.960341606717591,-0.5404461156547111,-1.49071737153065,-0.08535291234583958,0.3634963149444185
7,6.746987951807229,0.6379802999574439,0.19546445035946822,-0.03919252162094674,0.9553238247415672,-0.5237827969425025,-1.4969320176696332,-0.07500498139399557,0.34614374256859864
7,6.827309236947791,0.6451110094454514,0.2249415071259534,-0.07416576587645547,0.9481033303738656,-0.5070488386075155,-1.502937785075413,-0.06389640496148144,0.32989294757559495
7,6.907630522088353,0.6507036165882008,0.255230031740305,-0.1083808804379075,0.9387813780699393,-0.4902462289478871,-1.5087349937354124,-0.05207650720240712,0.31472358392516897
7,6.9879518072289155,0.6546695390994849,0.28623997769093645,-0.14171041844955748,0.9274649518391959,-0.4733769772697789,-1.5143239666603652,-0.039582143380149724,0.30061903713023386
7,7.068273092369478,0.6569236072911954,0.31787167517571957,-0.17404071355887693,0.914264941907084,-0.4564431309641836,-1.519705045256872,-0.026439762768135915,0.28756842817406914
7,7.14859437751004,0.6573852668252835,0.35001578581919723,-0.20527089379282926,0.8992946877274358,-0.4394467969700676,-1.524878598200213,-0.01266757606238774,0.27556812465358066
7,7.228915662650603,0.6559798113735186,0.3825533829197796,-0.23531189212818363,0.8826688305572304,-0.42239016577968597,-1.529845023356835,0.0017222465343496723,0.26462280987982545
7,7.309236947791165,0.6526396308999645,0.41535616094573397,-0.26408549285655314,0.8645024212857348,-0.4052755361182442,-1.534604742663419,0.016721398074831695,0.25474616043195053
7,7.389558232931726,0.6473054629394063,0.4482867753065468,-0.29152343818824056,0.8449102333736517,-0.38810533851461637,-1.5391581900853146,0.0323233137634496,0.24596118140511666
7,7.469879518072289,0.6399276366408378,0.4811993121324324,-0.3175666069250176,0.8240062376232846,-0.37088215602172336,-1.5435057930249938,0.048521126305902273,0.23830024326927754
7,7.550200803212851,0.6304673023253616,0.5139398884010342,-0.34216426934442373,0.8019032022478952,-0.3536087404361194,-1.5476479477829461,0.06530570745518083,0.23180485713401738
7,7.6305220883534135,0.6188976421158819,0.5463473831897798,-0.36527341716872164,0.7787123880745728,-0.3362880224854756,-1.551584989838835,0.08266379753831454,0.226525218574483
7,7.710843373493976,0.6052050597499038,0.5782543037476408,-0.38685816379982524,0.7545433148321137,-0.31892311457109923,-1.5553171599269895,0.10057621862101973,0.22251954134723573
7,7.791164658634538,0.5893903489033062,0.6094877961350453,-0.40688920836534376,0.7295035794045349,-0.30151730483749,-1.5588445671096518,0.11901616429952672,0.21985319157007235
7,7.871485943775101,0.5714698386707268,0.6398708150867021,-0.42534335612774954,0.7036987114173279,-0.2840740415452284,-1.5621671502194445,0.1379475590022503,0.21859762371541536
7,7.951807228915663,0.5514765115964565,0.6692234753707469,-0.4422030875167401,0.6772320553446624,-0.2665969069836819,-1.5652846392707658,0.1573234829039646,0.2188291085553572
7,8.032128514056225,0.5294610813639515,0.6973646162479153,-0.45745616848366816,0.650204671090654,-0.24908958052478214,-1.568196518650462,0.17708466764449787,0.22062723131189338
7,8.112449799196787,0.5054930063315444,0.7241136150290002,-0.4710952953035455,0.6227152480591337,-0.23155579079860925,-1.5709019940624818,0.19715807977060948,0.22407313097434864
7,8.19277108433735,0.4796613974266231,0.7492924909784043,-0.48311776784437727,0.5948600297444588,-0.21399925749237483,-1.5733999653602566,0.2174556279101282,0.2292474446373942
7,8.273092369477911,0.4520757572478426,0.7727283379278623,-0.49352518615412166,0.5667327480859673,-0.19642362383680279,-1.575689007468519,0.23787305274308096,0.23622792145469002
7,8.353413654618475,0.42286646182743326,0.7942561149377609,-0.5023231665443175,0.5384245683317512,-0.17883238151372544,-1.577767361584057,0.25828908623060864,0.24508667831454573
7,8.433734939759036,0.39218487047055106,0.813721802098739,-0.509521074328409,0.510024046995997,-0.16122879039854965,-1.579632938681764,0.2785649942564065,0.25588708958702877
7,8.514056224899598,0.36020292492678946,0.8309858950482706,-0.5151317717974194,0.48161710647300515,-0.14361579627276197,-1.581283337026308,0.2985446431433911,0.26868033550503273
7,8.594377510040161,0.32711208499721567,0.8459271631967744,-0.5191713812957559,0.45328703079382904,-0.12599595028968316,-1.5827158748618706,0.31805524658822265,0.28350168087126787
7,8.674698795180722,0.29312144963699127,0.858446535210386,-0.5216590644145364,0.42511448774353217,-0.10837133448216602,-1.5839276387148045,0.3369089492597104,0.3003666157608871
7,8.755020080321286,0.2584549356738093,0.8684709080883775,-0.5226168194771973,0.39717758201971526,-0.09074349789389952,-1.5849155468007128,0.3549053816972869,0.319267056692621
7,8.835341365461847,0.22334744153251646,0.8759566095092116,-0.5220693001831068,0.36955194386231127,-0.07311340786070758,-1.585676425957623,0.37183526651129734,0.34016787258610115
7,8.91566265060241,0.18804000847079586,0.8808921926215806,-0.520043658654821,0.3423108564418469,-0.055481420525354194,-1.5862070994119437,0.3874850707093787,0.3630040503485169
7,8.995983935742972,0.15277410082250276,0.8833002234930963,-0.5165694161661712,0.3155254227089754,-0.037847273793281705,-1.5865044816252287,0.4016425891369495,0.3876788354231579
7,9.076305220883533,0.11778525581664406,0.8832377454358183,-0.5116783641380921,0.28926477099396253,-0.020210104651165652,-1.586565675697142,0.41410321297261304,0.41406315926736226
7,9.156626506024097,0.08329647102070167,0.8807951833304758,-0.5054044971302682,0.26359629533774526,-0.0025684911954689457,-1.586388068364002,0.42467651730503514,0.4419965896957818
7,9.236947791164658,0.04951178815414344,0.8760935798852694,-0.49778397834584476,0.2385859240660031,0.015079481994310067,-1.585969417689489,0.43319270819739064,0.4712899137382173
7,9.317269076305221,0.016610570238456267,0.8692802210717873,-0.48885513661525015,0.2142984079795725,0.03273613810048995,-1.585307929121987,0.43950842827630326,0.5017293000706281
7,9.397590361445783,-0.015257064224200353,0.8605228851167692,-0.4786584930254085,0.19079761745106136,0.0504041062269044,-1.5844023165921148,0.443511451022704,0.5330818140242849
7,9.477911646586346,-0.045973282558324655,0.8500031042179701,-0.46723681419953444,0.16814683743636058,0.0680862085688546,-1.5832518466586383,0.44512388818900406,0.5651019050043083
7,9.558232931726907,-0.07545384262359812,0.8379089335660127,-0.45463518906352857,0.1464090492687612,0.0857853419557409,-1.581856365131311,0.44430368973138534,0.5975383822965377
7,9.638554216867469,-0.10364762821360916,0.8244277592767525,-0.44090112660964587,0.125647189804593,0.10350435881144625,-1.5802163069382995,0.44104439601180834,0.6301413578569547
7,9.718875502008032,-0.13053455652366577,0.809739638808041,-0.426084672857937,0.10592438026876771,0.12124595179813744,-1.5783326910508275,0.43537327758346517,0.6626686719740197
7,9.799196787148594,-0.1561221393941133,0.7940115713447349,-0.4102385473086447,0.08730411989158116,0.13901254534177165,-1.5762071029379054,0.42734814136098614,0.6948914117015902
7,9.879518072289157,-0.18044106572489918,0.7773929607415823,-0.3934183013722799,0.06985044190940876,0.15680619604787127,-1.5738416672504796,0.4170531710493076,0.7265982645994892
7,9.959839357429718,-0.20354019958865602,0.7600123868620102,-0.37568250370338097,0.05362803089860743,0.17462850295602908,-1.5712390132596,0.40459420033600746,0.7575985954989827
7,10.040160642570282,-0.22548136362654575,0.7419756730940112,-0.3570929607195531,0.03870230213472433,0.19248052762532317,-1.5684022350988958,0.39009379672077527,0.7877242598701607
7,10.120481927710843,-0.2463342143559008,0.7233651336764281,-0.337714983014768,0.0251394421693985,0.21036272349634438,-1.5653348481771623,0.3736864738743241,0.8168302723313364
7,10.200803212851406,-0.2661714332017253,0.7042398221057639,-0.31761771136649564,0.01300640778927271,0.2282748736905232,-1.5620407423702478,0.3555142708776975,0.8447945124752119
7,10.281124497991968,-0.2850643716716749,0.6846365773292187,-0.2968745184756748,0.002370876771968792,0.24621603636020112,-1.558524131837592,0.33572285378714833,0.8715166777364052
7,10.36144578313253,-0.30307921055932924,0.6645716657630599,-0.27556350400926877,-0.00669886319462644,0.2641844970665306,-1.554789500650607,0.31445821750206715,0.896916698082174
7,10.441767068273093,-0.32027363157970096,0.6440428460215532,-0.2537681011683776,-0.014134108828946905,0.28217772811206454,-1.5508415428880726,0.2918640046360138,0.9209328056954671
7,10.522088353413654,-0.3366939571724924,0.6230317232881223,-0.23157781165223149,-0.019866050694135624,0.30019235540423805,-1.5466850954940092,0.2680794134204856,0.9435194229000232
7,10.602409638554217,-0.3523726897250795,0.6015063064316243,-0.20908908199554668,-0.02382624222525768,0.3182241342252592,-1.5423250620572113,0.24323763749536678,0.9646449978508452
7,10.682730923694779,-0.3673263756847204,0.5794237298132923,-0.1864063264021183,-0.02594728663555819,0.3362679360875621,-1.537766325752034,0.21746476599927636,0.9842898825743004
7,10.763052208835342,-0.3815537292814197,0.5567331464298904,-0.1636430880780793,-0.02616381524323304,0.3543177497073541,-1.5330136500387423,0.1908790676521446,1.0024443188520857
7,10.843373493975903,-0.3950339746895939,0.5333788390589213,-0.14092331044150525,-0.024413845493068947,0.3723666999205163,-1.528071566398297,0.1635905852105827,1.0191065728324453
7,10.923694779116467,-0.4077254034553427,0.5093036278396922,-0.1183826594837156,-0.020640619030153597,0.39040708901122045,-1.5229442493860619,0.13570097392783748,1.034281240576524
7,11.004016064257028,-0.41956419534009665,0.4844526728756267,-0.09616979689627171,-0.014795025892262559,0.40843046533906957,-1.517635380716007,0.10730352689729848,1.0479777337326437
7,11.08433734939759,-0.43046361579617415,0.45877777418873195,-0.07444744896544747,-0.006838713873205138,0.4264277241504845,-1.5121480058991728,0.07848334061113658,1.0602089455836465
7,11.164658634538153,-0.44031377935650656,0.4322422511856034,-0.05339304978854022,0.003252045280692655,0.444389244884507,-1.5064843891431035,0.04931758426053934,1.070990092676808
7,11.244979919678714,-0.44898224996096336,0.40482643035345606,-0.033198663964023094,0.015481719638901742,0.4623050679235044,-1.5006458746634097,0.01987584600148152,1.0803377246710526
7,11.325301204819278,-0.45631582502583623,0.376533672863977,-0.014069824649302785,0.029830197934220183,0.4801651113850312,-1.494632764998054,-0.009779461709892688,1.0882688941998573
7,11.405622489959839,-0.46214389855565746,0.3473967263198719,0.0037771211352480988,0.046247024088364716,0.4979594251158208,-1.4884442290202367,-0.039592647695412084,1.094800478612001
7,11.485943775100402,-0.4662837909328534,0.31748398676500267,0.020119558160086315,0.06464562115894065,0.5156784745161466,-1.4820782535414765,-0.06951424174338008,1.0999486456175336
7,11.566265060240964,-0.4685483309292687,0.28690502852913696,0.03473533546413839,0.08489816901790327,0.5333134415313262,-1.4755316521248099,-0.09950044606619668,1.1037284545777704
7,11.646586345381525,-0.46875574676241555,0.25581454082266614,0.04741175458979868,0.10683201761885755,0.5508565246647369,-1.4688001423335428,-0.12951253249212072,1.1061535838920198
7,11.726907630522089,-0.4667415528580204,0.22441367543679075,0.05795651531315649,0.13022864985370655,0.5683012152177446,-1.461878497799115,-0.15951617767288145,1.1072361725086184
7,11.80722891566265,-0.46237163882851856,0.19294784471581197,0.06620984442087312,0.1548261693599094,0.5856425243390126,-1.454760774206655,-0.1894807299313679,1.1069867601309342
7,11.887550200803213,-0.4555552661238399,0.16170029638676842,0.07205653535076925,0.1803259961343814,0.6028771361190963,-1.4474405993679127,-0.21937840534602635,1.1054143068467637
7,11.967871485943775,-0.44625630548450407,0.13098134993181437,0.07543625687185579,0.20640388867437473,0.6200034666863664,-1.4399115083049625,-0.2491834180737187,1.1025262696987743
7,12.048192771084338,-0.43450096869883453,0.10111394380900696,0.07635040921730654,0.23272464064710918,0.6370216179882842,-1.4321672967493504,-0.27887105850675653,1.0983287122932353
7,12.1285140562249,-0.4203806178413726,0.0724169250697938,0.07486413385522524,0.25895901220311907,0.6539332266009691,-1.4242023624125397,-0.30841674261482227,1.0928264251396278
7,12.208835341365461,-0.4040489591189223,0.045188086286275395,0.0711028014840544,0.284800878832682,0.6707412202730803,-1.416012004229269,-0.33779506263821296,1.0860230391103123
7,12.289156626506024,-0.38571388795107303,0.01968910074043882,0.06524325530443922,0.309982432465646,0.6874495055697163,-1.4075926554121512,-0.3669788729230831,1.0779211222060672
7,12.369477911646586,-0.36562517189080185,-0.003865834305445119,0.05750099771470917,0.3342856109857697,0.7040626166169042,-1.3989420354889166,-0.39593844244081217,1.068522258808593
7,12.449799196787149,-0.34405978125762765,-0.025316572803448498,0.04811512310005715,0.35754867059313505,0.7205853565452789,-1.390059217295129,-0.4246406983877091,1.0578271195054434
7,12.53012048192771,-0.32130684932494696,-0.04455863265535341,0.03733296360229501,0.3796677111299243,0.7370224599699341,-1.380944614896288,-0.4530485742472828,1.0458355364217182
7,12.610441767068274,-0.2976539849175631,-0.0615404604686758,0.02539615015196113,0.400593763196759,0.7533782981215017,-1.3715999057961576,-0.4811204633559004,1.0325466030680752
7,12.690763052208835,-0.27337611628237624,-0.07625747825929899,0.012529244087617405,0.4203265640287417,0.7696566399432162,-1.3620279047590673,-0.5088097677484581,1.0179588189896254
7,12.771084337349398,-0.24872741536684098,-0.08874422327035858,-0.0010685351610757701,0.43890633178799027,0.785860474398655,-1.3522324072565983,-0.5360645238707389,1.0020702987389674
7,12.85140562248996,-0.22393630092954156,-0.09906579308121495,-0.015228509071838224,0.456404748734595,0.8019918926304496,-1.3422180187581576,-0.5628270826290706,0.9848790631047784
7,12.931726907630521,-0.19920313904533685,-0.10730953917348217,-0.029815063666047522,0.4729160929158252,0.8180520240491951,-1.331989982857376,-0.5890338213378112,0.9663834291150338
7,13.012048192771084,-0.17470006540946334,-0.11357762675101998,-0.044726083535515965,0.48854912932736505,0.8340410179032731,-1.3215540175238567,-0.6146148689582942,0.9465825149475124
7,13.092369477911646,-0.15057231256580886,-0.11798077812115905,-0.05989191557511145,0.5034200666639647,0.8499580610336612,-1.3109161652841528,-0.6394938328927416,0.9254768767413479
7,13.17269076305221,-0.12694048325317592,-0.12063328489364568,-0.07527341476208942,0.5176466488563439,0.865801422845538,-1.3000826602382778,-0.6635875248302734,0.9030692962755804
7,13.25301204819277,-0.10390331779975073,-0.12164922018021411,-0.09085950735154541,0.531343291611628,0.8815685195798875,-1.2890598126794706,-0.6868056944285922,0.8793657412480574
7,13.333333333333334,-0.0815406229922206,-0.12113969692687426,-0.10666457552478063,0.544617085327096,0.897255991321557,-1.2778539106145725,-0.7090507928045565,0.8543765222143515
7,13.413654618473895,-0.05991613740514791,-0.11921098508989351,-0.12272584613119977,0.5575644499587137,0.9128597866335755,-1.2664711366604486,-0.7302178030972285,0.8281176717916292
7,13.493975903614459,-0.03908019682541393,-0.11596330020953535,-0.13910086119246154,0.570268228358534,0.928375251038497,-1.254917498385276,-0.7501941930206223,0.8006125702362781
7,13.57429718875502,-0.019072128217688507,-0.11149009494217563,-0.1558650242067113,0.5827950290712628,0.9437972167515377,-1.2431987701286238,-0.7688600643271386,0.7718938359995373
7,13.654618473895582,7.765395487457916e-05,-0.10587771231765619,-0.17310914980648595,0.5951926692687424,0.9591200920442378,-1.2313204445202521,-0.7860885961926269,0.7420054875691665
7,13.734939759036145,0.018345846497178665,-0.09920528864832649,-0.19093689356104032,0.6074876194974613,0.9743379493808182,-1.2192876922651281,-0.8017469023169572,0.711005361415994
7,13.815261044176706,0.035714731886840954,-0.09154482138399539,-0.2094619015128646,0.6196824130715237,0.9894446120426149,-1.2071053292298362,-0.8156974424165921,0.6789677375423084
7,13.89558232931727,0.05217090017593876,-0.08296134117074555,-0.22880449649588153,0.631753055668619,1.0044337393166605,-1.1947777903917276,-0.8278001429967184,0.6459860758938548
7,13.975903614457831,0.06770418692306708,-0.07351314742256346,-0.24908771442319663,0.6436465549849244,1.0192989104840848,-1.1823091107810566,-0.8379153829839561,0.6121757032186962
7,14.056224899598394,0.08230679545284125,-0.06325208308413385,-0.2704325260065348,0.655278784764725,1.034033707790937,-1.1697029141201312,-0.8459079772372442,0.5776762124395405
7,14.136546184738956,0.0959725730151861,-0.05222383710410087,-0.29295213740579085,0.6665329972796012,1.0486317982909263,-1.1569624103524816,-0.8516522339003224,0.5426532501769815
7,14.216867469879517,0.10869641248202325,-0.04046827305233402,-0.316745366438756,0.677259387300956,1.0630870139369515,-1.14409040364051,-0.8550380599802194,0.5072992893918883
7,14.29718875502008,0.12047375320902651,-0.028019789424419385,-0.34188924544054655,0.6872761702717172,1.0773934285728506,-1.131089312543839,-0.8559779363413312,0.4718329316965413
7,14.377510040160642,0.13130015663489034,-0.014907721431398416,-0.3684312018591967,0.6963726378698989,1.0915454296079383,-1.1179612038653617,-0.8544143843836327,0.4364962874268614
7,14.457831325301205,0.1411709340139206,-0.0011567962302056305,-0.3963813917973997,0.7043145607524769,1.1055377812882348,-1.1047078410378717,-0.8503273235047566,0.4015500765156006
7,14.538152610441767,0.15008080574867538,0.013212347534010373,-0.4257059697863838,0.7108521061649565,1.1193656757759065,-1.091330746747217,-0.8437405117381989,0.3672662930482504
7,14.61847389558233,0.15802357432041197,0.028182567577582137,-0.4563222059978629,0.7157301152099903,1.133024767964125,-1.0778312779456944,-0.8347261362866747,0.33391859515812206
7,14.698795180722891,0.16499179625964974,0.04373954972476135,-0.48809634914411976,0.7187001866442153,1.1465111902937428,-1.0642107095559368,-0.8234066374092733,0.3017709731869602
7,14.779116465863453,0.17097644338906104,0.059871066122993456,-0.5208449310733025,0.7195336120945323,1.1598215449602014,-1.0504703213554976,-0.8099530572759605,0.2710656431379721
7,14.859437751004016,0.17596654895382938,0.07656616767564842,-0.5543398126520306,0.7180339022218035,1.1729528727483405,-1.0366114811985467,-0.7945796090501398,0.24201141130109524
7,14.939759036144578,0.1799488412607935,0.093814324058245,-0.5883167474363344,0.7140475470741431,1.185902600142871,-1.0226357171704836,-0.7775346939673305,0.21477384603809577
7,15.02008032128514,0.18290737356730186,0.11160452674031057,-0.6224866930194113,0.7074718078427255,1.1986684688394416,-1.0085447718375156,-0.7590891493873329,0.1894684372544796
7,15.100401606425702,0.18482316537287075,0.1299243713977481,-0.6565486769860587,0.6982587451066709,1.211248453906274,-0.9943406333644524,-0.7395229422930868,0.1661575168600337
7,15.180722891566266,0.18567387480313563,0.14875913377815528,-0.6902028258144306,0.6864152433066358,1.223640678110837,-0.9800255407506667,-0.7191117270995429,0.1448511636658758
7,15.261044176706827,0.18543352486388473,0.16809084956328657,-0.7231622384397303,0.6719993646027941,1.2358433301210494,-0.9656019632365752,-0.6981146165452043,0.12551174907049478
7,15.34136546184739,0.18407230747128314,0.18789740348635192,-0.7551626858582146,0.6551138231929343,1.2478545933895189,-0.9510725566151903,-0.6767642150025882,0.10806132993590402
7,15.421686746987952,0.18155648913118644,0.20815162895984549,-0.7859695559123218,0.6358976217807857,1.2596725908512991,-0.9364401011959615,-0.6552595240701643,0.09239085045533046
7,15.502008032128513,0.17784844100650082,0.22882041550121135,-0.8153819106117556,0.6145169287001844,1.2712953484514458,-0.9217074273615229,-0.6337618788461918,0.078370083160127
7,15.582329317269076,0.1729068150607384,0.24986381990647855,-0.8432338968288313,0.591156129113475,1.2827207784360457,-0.9068773349360671,-0.6123936966679536,0.06585738591611337
7,15.662650602409638,0.16668688721071145,0.27123417786977694,-0.8693939926698075,0.5660097367731283,1.2939466815921918,-0.8919525121540588,-0.5912395761330964,0.05470859751115352
7,15.742971887550201,0.15914108822033224,0.29287521585773657,-0.8937626761776152,0.539275577504946,1.3049707663794297,-0.8769354591013971,-0.5703491784221475,0.044784665738714535
7,15.823293172690763,0.1502197437941686,0.3147211692162816,-0.9162690980709839,0.5111494068090147,1.3157906822091399,-0.8618284194237991,-0.5497413279323253,0.03595784339850287
7,15.903614457831326,0.13987204583480292,0.3366959206651904,-0.9368672595740388,0.481820936795228,1.3264040638951282,-0.8466333230042159,-0.5294088501558931,0.028116465543797476
7,15.983935742971887,0.12804727734679408,0.35871218452784437,-0.9555320850424669,0.45147112475935336,1.336808584407262,-0.8313517414447265,-0.5093237767115899,0.02116843215752879
7,16.06425702811245,0.1146963119625162,0.38067077513814845,-0.9722556596978831,0.42027051485858463,1.3470020133454137,-0.8159848575162366,-0.4894426656100478,0.015043567519503594
7,16.14457831325301,0.0997734050892986,0.40246001312296986,-0.9870437991029711,0.3883784069410755,1.3569822788920378,-0.8005334493471302,-0.469711884878366,0.009695029283084827
7,16.224899598393574,0.08323828507487657,0.42395533964993254,-0.9999130336138908,0.3559426396913818,1.3667475312933353,-0.7849978899205972,-0.4500727827543217,0.005099910579282723
7,16.305220883534137,0.06505853829771047,0.4450192250701423,-1.0108880316773239,0.3230998042069876,1.3762962060927681,-0.7693781623892597,-0.4304667127131557,0.0012591331121299236
7,16.3855421686747,0.04521226058310291,0.465501472357501,-1.0199994471785694,0.289975739191558,1.385627085358884,-0.7536738917427946,-0.4108398987634184,-0.001803319806264068
7,16.46586345381526,0.023690916745794204,0.4852400250576728,-1.0272821534139818,0.2566861949079975,1.3947393550050609,-0.7378843933330511,-0.391148118336874,-0.004041826632618928
7,16.546184738955823,0.0005023127999044235,0.5040623890926103,-1.0327738168693559,0.22333758417728772,1.4036326559936954,-0.7220087386708256,-0.3713611519242445,-0.0053912345990723195
7,16.626506024096386,-0.024326458489051753,0.5217877641381103,-1.0365137618400573,0.19002776587373643,1.4123071267998168,-0.706045838615774,-0.3514669064707084,-0.0057696913960727176
7,16.70682730923695,-0.050746283764804584,0.5382299493535305,-1.0385420801482697,0.15684682738224465,1.4207634340452435,-0.6899945435033406,-0.33147507013217004,-0.005082233232434634
7,16.78714859437751,-0.07868373067281176,0.5532010356898561,-1.0388989462882285,0.12387784821117707,1.4290027877864573,-0.6738537589079977,-0.31142011082541776,-0.0032251249930354176
7,16.867469879518072,-0.10803943332163182,0.5665158245015879,-1.037624105011774,0.09119763829576252,1.4370269376810645,-0.6576225745328679,-0.2913633993476594,-9.08882644822433e-05
7,16.947791164658636,-0.13868740955211778,0.5779968243625707,-1.0347565049627905,0.058877451390075726,1.4448381463364295,-0.6413004021785444,-0.27139423182152206,0.0044261264258981005
7,17.028112449799195,-0.17047552097385604,0.587479583318989,-1.0303340581000355,0.02698367783406315,1.4524391366472877,-0.6248871170781168,-0.2516295575733968,0.01042385592506479
7,17.10843373493976,-0.20322721404863248,0.5948180311273042,-1.0243935091376248,-0.004421478324284786,1.4598330110683644,-0.6083831951334407,-0.23221228788210785,0.017986642330421524
7,17.188755020080322,-0.23674456915753736,0.5998894498373137,-1.0169704031163849,-0.035279333878791036,1.4670231424977678,-0.5917898371672832,-0.21330817022384632,0.02717972120876045
7,17.269076305220885,-0.2708125523691208,0.6025986809943594,-1.0080991417105254,-0.0655340713624363,1.4740130387788775,-0.5751090704295928,-0.19510134469923227,0.03804446079766942
7,17.349397590361445,-0.30520423039870714,0.6028812220808941,-0.9978131205664095,-0.09513209658699023,1.4808061855461625,-0.5583438176348043,-0.17778883458104672,0.05059469214090064
7,17.429718875502008,-0.33968659569600623,0.6007049614288992,-0.9861449412619017,-0.1240214143073791,1.4874058748857646,-0.5414979249604085,-0.1615743379278572,0.06481437783888869
7,17.51004016064257,-0.37402658426034285,0.5960704388134028,-0.9731266919259217,-0.15215103112235906,1.4938150296962787,-0.5245761427885555,-0.14666175351001426,0.08065673509751188
7,17.59036144578313,-0.4079968590421882,0.5890096698695061,-0.958790291111629,-0.17947039681061955,1.5000360352133595,-0.5075840563723377,-0.13324888505954285,0.09804478331345148
7,17.670682730923694,-0.4413809838613368,0.579583712407524,-0.9431678895118272,-0.2059288966667311,1.506070589601773,-0.490527967687323,-0.12152171622860952,0.11687315194653031
7,17.751004016064257,-0.4739777108876294,0.5678792567751724,-0.9262923240349547,-0.231475407824966,1.5119195846234943,-0.47341473399704936,-0.1116495497009107,0.13701088504684333
7,17.83132530120482,-0.5056042253959717,0.5540045744478301,-0.9081976184794801,-0.25605793168372154,1.5175830251845632,-0.45625157249512666,-0.10378118130911193,0.15830492973101828
7,17.91164658634538,-0.5360983139817321,0.5380851602481066,-0.8889195245598799,-0.2796233131302777,1.5230599933674065,-0.43904584326295193,-0.0980421548257951,0.18058399614512327
7,17.991967871485944,-0.5653195236464037,0.5202593605733503,-0.8684960960764321,-0.3021170554008287,1.5283486587875754,-0.4218048243551917,-0.09453303906474021,0.20366251918266987
7,18.072289156626507,-0.5931494470676666,0.5006742132814688,-0.846968288827569,-0.3234832373056527,1.533446333259839,-0.40453549290193047,-0.09332859736460392,0.22734451692611446
7,18.152610441767067,-0.6194913022392061,0.47948164480871364,-0.8243805773340208,-0.34366453749992415,1.5383495644234695,-0.38724432482518467,-0.09447768485024312,0.25142721751639524
7,18.23293172690763,-0.6442689755618749,0.45683509991042337,-0.8007815787133816,-0.3626023686847842,1.543054260388428,-0.36993712340316176,-0.0980037061131721,0.2757043921775226
7,18.313253012048193,-0.6674256766160269,0.432886624813856,-0.7762246734769432,-0.38023712300586254,1.5475558359630257,-0.35261888381185047,-0.1039054858700562,0.29996938200385703
7,18.393574297188756,-0.6889223208378316,0.4077843876966618,-0.750768611638399,-0.3965085287044154,1.551849370577841,-0.3352936974869382,-0.11215843810161077,0.3240178384946916
7,18.473895582329316,-0.7087357214699812,0.38167060454095014,-0.7244780915319694,-0.41135611676502987,1.5559297685254596,-0.31796469699963614,-0.12271595552350939,0.3476502092237156
7,18.55421686746988,-0.7268566445683071,0.3546798392534162,-0.6974242985934618,-0.4247197955119647,1.5597919134107159,-0.30063403938415695,-0.13551097024894723,0.3706739956427054
7,18.634538152610443,-0.7432877600890493,0.3269376529402412,-0.6696853895217897,-0.4365405298337397,1.5634308104266341,-0.28330292388619127,-0.15045766081579554,0.3929058007796896
7,18.714859437751002,-0.7580415130645004,0.2985595917369511,-0.6413469069595126,-0.44676112046473143,1.5668417120297164,-0.26597163874522556,-0.16745329200570377,0.4141731674730054
7,18.795180722891565,-0.7711379390113186,0.2696505140023893,-0.6125021091091077,-0.45532707730132577,1.5700202245155583,-0.2486396310165076,-0.1863801763951323,0.43431619431544366
7,18.87550200803213,-0.7826024535493125,0.240304264915667,-0.5832521979541572,-0.4621875786562916,1.5729623947149003,-0.23130559346860877,-0.20710774321143094,0.45318890720923316
7,18.955823293172692,-0.7924636559867204,0.2106037084411442,-0.553706429504779,-0.4672965058830969,1.5756647774246333,-0.21396756308345005,-0.22949469193313438,0.4706603605254027
7,19.03614457831325,-0.8007511976176832,0.1806211225925961,-0.5239820899773735,-0.47061354010437983,1.578124485229537,-0.19662302647626187,-0.25339119763448076,0.4866154439880454
7,19.116465863453815,-0.8074937729550777,0.15041895375147418,-0.4942043222845716,-0.47210530438631754,1.5803392229952842,-0.179269028583398,-0.278641127755635,0.500955379218241
7,19.196787148594378,-0.8127172947950768,0.12005091200178745,-0.46450578863110165,-0.4717465312506744,1.5823073095153695,-0.16190228201417406,-0.3050842260891911,0.5135979012630606
7,19.277108433734938,-0.8164433164711942,0.08956337603132151,-0.4350261578875949,-0.4695212319274266,1.5840276888632516,-0.14451927542900717,-0.33255821450446277,0.5244771313251118
7,19.3574297188755,-0.8186877548440467,0.05899705963434401,-0.4059114089392461,-0.46542384051897406,1.5854999335541955,-0.12711638020539623,-0.360900769770903,0.533543161090026
7,19.437751004016064,-0.8194599590748762,0.02838888066442546,-0.3773129460890631,-0.45946030389273734,1.5867242411778604,-0.10968995528525369,-0.38995133601392157,0.5407613785135652
7,19.518072289156628,-0.8187621575609747,-0.0022260361811752213,-0.3493865270309215,-0.45164908605799764,1.5877014255518132,-0.0922364505657773,-0.4195527409599174,0.5461115728049497
7,19.598393574297187,-0.8165892976920729,-0.032812296262312884,-0.3222910099021817,-0.44202205639753067,1.5884329026915738,-0.07475250936477149,-0.4495525950973195,0.5495868620246146
7,19.67871485943775,-0.8129292794271759,-0.06333218551767132,-0.29618693106870886,-0.4306252320793137,1.58892067125277,-0.057235070463528666,-0.4798044607568855,0.5511924880605132
7,19.759036144578314,-0.8077635663784524,-0.0937437042316047,-0.27123493152444605,-0.4175193492812733,1.5891672863582966,-0.039681469880590944,-0.5101687884553987,0.5509445233934683
7,19.839357429718877,-0.8010681487843344,-0.12399874678163196,-0.24759405249698835,-0.40278024207110247,1.589175825294938,-0.02208954206121362,-0.5405136240136157,0.5488685309139475
7,19.919678714859437,-0.7928148204703874,-0.15404147945304492,-0.2254199245118159,-0.38649901543927645,1.5889498430553122,-0.004457719383754225,-0.5707150980731089,0.5449982142760753
7,20.0,-0.7829727276648616,-0.1838069558699264,-0.20486287470512282,-0.3687820069279409,1.5884933155610539,0.013214872029566324,-0.6006577131910694,0.5393740907683007
