sim_id,time,C,X,M,Y,Z
0,0.0,0.48574615502366475,0.5010619194356607,0.46857989358823,0.46655126981058986,0.48221395124870503
0,0.5050505050505051,0.4165786968613564,0.5140445997259825,0.551717218070078,0.5612906278127746,0.4742932411050992
0,1.0101010101010102,0.34487531365262514,0.5340456397351413,0.6145368229701683,0.6534814459429918,0.46658162076790777
0,1.5151515151515151,0.270295727755217,0.5583499918168059,0.655633301638986,0.743581907829678,0.45867929738879243
0,2.0202020202020203,0.19376744552132252,0.5842038981663235,0.6727110187322011,0.8320272127147844,0.4501992541440072
0,2.5252525252525255,0.11840393890702984,0.6087862864540583,0.661752120855201,0.9191952466259732,0.44080234307015376
0,3.0303030303030303,0.05284751345083822,0.6290980881055082,0.6166813172683797,1.0053118024758625,0.43029427967136746
0,3.5353535353535355,0.01776768708806897,0.6421094322250305,0.538024745524839,1.0901762648828348,0.4189060686626067
0,4.040404040404041,0.01236611171918174,0.6461420357226402,0.44718256342413937,1.1730565279919265,0.40741164207838426
0,4.545454545454546,0.012068595807724854,0.6414535585158478,0.35872247847167826,1.2536020988849776,0.39621699771265595
0,5.050505050505051,0.012261842884211166,0.6287785095521582,0.27571507031340164,1.3318290113206788,0.38536426053299494
0,5.555555555555556,0.012714039171818063,0.6088520979811777,0.2004015580433919,1.4077937692078117,0.3748539065974445
0,6.0606060606060606,0.013439820426506703,0.5825160194897184,0.13575294161584103,1.4815516755539149,0.36468618808572845
0,6.565656565656566,0.0144828075270945,0.5508880362838244,0.08525700997951403,1.5531541015099284,0.3548639364355083
0,7.070707070707071,0.01590296283143444,0.5154462868013573,0.0513603089974678,1.6226477110240487,0.34539343970334624
0,7.575757575757576,0.01777483505377975,0.47785131797058467,0.032945062063720394,1.6900737984933323,0.3362852224256578
0,8.080808080808081,0.020195753276585206,0.4395386660926992,0.025373501947764544,1.7554674425419212,0.32755502541791315
0,8.585858585858587,0.02330282194159789,0.401475114424459,0.023875330096638153,1.8188560114631793,0.3192254593168094
0,9.090909090909092,0.02728788339663397,0.36424580761674175,0.025623676016944215,1.8802567829517047,0.31132858741544617
0,9.595959595959597,0.032402929722787,0.32824556842247155,0.029457494752455297,1.9396739008275705,0.3039092331605786
0,10.101010101010102,0.038951480155876704,0.29381362673126166,0.035123152610075016,1.9970952146719398,0.2970284761305516
0,10.606060606060607,0.047259016938840055,0.26130293972341345,0.042810648097691396,2.0524899423006056,0.2907663888852439
0,11.111111111111112,0.05761798833499549,0.23111069561477057,0.0529296604957475,2.105808528117808,0.2852226072720881
0,11.616161616161618,0.07021222013003647,0.2036845551061418,0.06598536253771496,2.1569862264319783,0.2805131393397728
0,12.121212121212121,0.08504487699375349,0.17950813750539163,0.0824832091019067,2.205951221371209,0.2767625040042249
0,12.626262626262626,0.10189008525498051,0.15906649297446035,0.1028400803141037,2.2526367814704984,0.27409160086106366
0,13.131313131313131,0.12028670202080305,0.14279556278835,0.12730600358646907,2.2969955236563795,0.27260316705695126
0,13.636363636363637,0.13957503423088619,0.13102725524948064,0.15590538686984284,2.339013212060256,0.27236737612028183
0,14.141414141414142,0.15895749609484408,0.12394824547983187,0.18840905139379244,2.3787197866647416,0.2734099233069423
0,14.646464646464647,0.17757095372180626,0.12158846083800025,0.22433816536627754,2.416196018953207,0.27570428364785166
0,15.151515151515152,0.19455453128738026,0.12384222854837362,0.26298994657612695,2.45157558837703,0.27916845271419716
0,15.656565656565657,0.20909736287973457,0.13050787502513753,0.30347862047083,2.485043063586887,0.2836657873254484
0,16.161616161616163,0.2204713116298273,0.14132397483849532,0.3447782477306473,2.51682873742718,0.28900907910068724
0,16.666666666666668,0.228056300452397,0.15598727174139,0.38575434052216645,2.5472015432277137,0.29496668907445345
0,17.171717171717173,0.2313466999372484,0.17414965083547343,0.4251982483231611,2.5764609108103453,0.30126992102262096
0,17.67676767676768,0.22997054915543766,0.19540028559887068,0.4618480276628198,2.6049274171692742,0.307621799522774
0,18.181818181818183,0.22370872629288707,0.21924350246052263,0.49440179240946325,2.632933129738462,0.3137063718101042
0,18.68686868686869,0.21251680877689832,0.2450781765018758,0.5215314074432394,2.6608103585184875,0.31919984186149686
0,19.191919191919194,0.19656185590559055,0.27218382489202103,0.5418751565225337,2.688879315607361,0.32378305960064263
0,19.6969696969697,0.17626444304073177,0.29971242976481893,0.5540196060590443,2.7174334054132854,0.3271566799683334
0,20.202020202020204,0.15235264378520588,0.32668538887374615,0.5564687494955358,2.746721597876711,0.32905961623831076
0,20.70707070707071,0.12594715502364714,0.35199328247101,0.5476247137954375,2.776926337510278,0.32929240076707245
0,21.212121212121215,0.09867989749247873,0.37440098689273116,0.5258837241117833,2.8081344662261705,0.32774808537578154
0,21.71717171717172,0.07282639285730616,0.3925761481368009,0.49004790504872053,2.840298367553643,0.3244536976583674
0,22.222222222222225,0.05125544806646135,0.40518515326347104,0.4403096841453582,2.8731908434952254,0.31961895451971734
0,22.72727272727273,0.03653623358176998,0.41110154835639034,0.37955413227181417,2.9063881417866786,0.313657590804165
0,23.232323232323235,0.028978997956459217,0.40969114447636107,0.31345613875477524,2.939360940185203,0.30710006875588475
0,23.73737373737374,0.026375788260146277,0.4009685931596205,0.248258049886922,2.9716692098707296,0.3003989097195733
0,24.242424242424242,0.026449420504009283,0.38551503970580875,0.18885140627885755,3.003060709823257,0.2938266726746127
0,24.747474747474747,0.028102342644577158,0.3643326461949077,0.13884689158692295,3.0334131284656425,0.28753001381835414
0,25.252525252525253,0.031042524816904248,0.33875720876645626,0.10086444767956722,3.062654637419061,0.28160713088785555
0,25.757575757575758,0.03532874575375949,0.3103552882665948,0.07598613974755268,3.090721603779226,0.2761494482269535
0,26.262626262626263,0.04115678339515559,0.28072535183230524,0.06316438318821913,3.117541323196058,0.27125891982749295
0,26.767676767676768,0.04875992015722677,0.2512735218346056,0.059875009360380996,3.143026112728214,0.2670542204825207
0,27.272727272727273,0.05834070269805303,0.2231137288615085,0.0636126711534146,3.1670737319427533,0.2636706656216335
0,27.77777777777778,0.07000388158752077,0.1971103253481106,0.07274785065109904,3.189573136674851,0.2612547276242379
0,28.282828282828284,0.08369509068013625,0.1739609512774086,0.08648777317125614,3.2104154008482952,0.2599531929924984
0,28.78787878787879,0.0991632454386661,0.15424542065557045,0.1045178917406468,3.229508531128511,0.259898130526473
0,29.292929292929294,0.11595938752670562,0.13842927558780474,0.12668620159565103,3.246793509083395,0.26119027634114333
0,29.7979797979798,0.13347086231560185,0.12684150148242437,0.1528058353945335,3.2622584010699005,0.26388400471155943
0,30.303030303030305,0.1509787473806348,0.11965295664063079,0.18255411315127998,3.275947982959741,0.26797651308786713
0,30.80808080808081,0.16772250443543132,0.11687566207394544,0.21543599877986633,3.2879677051909977,0.2734025159196377
0,31.313131313131315,0.18295781948424394,0.1183887649210314,0.2507883894110077,3.298482024763008,0.28003454805742356
0,31.81818181818182,0.19599902531059604,0.12398028246327089,0.28780410009633023,3.307708260199819,0.28768784103743694
0,32.323232323232325,0.20624504431223262,0.1333844745233007,0.3255618479211666,3.315907759010446,0.29612806448072526
0,32.82828282828283,0.213193089494111,0.14630241611899977,0.3630554664792842,3.323375636551947,0.3050807162497039
0,33.333333333333336,0.21644666354250275,0.16240268337320068,0.39921730855159127,3.3304301524783178,0.3142411164371672
0,33.83838383838384,0.2157235937836108,0.18130790597961316,0.4329371865255849,3.3374020656302075,0.3232846667476353
0,34.343434343434346,0.2108677302260931,0.2025754243763473,0.46307595022939807,3.3446239195180514,0.3318774235131037
0,34.84848484848485,0.2018656412401894,0.2256787493644907,0.4884749913418057,3.352418971623891,0.339687262986281
0,35.35353535353536,0.18886932101252055,0.2499935383814748,0.5079587762634924,3.3610893394104564,0.346396096609953
0,35.85858585858586,0.1722254178146349,0.27478964957681623,0.5203292813093838,3.370902775420407,0.3517137546627917
0,36.36363636363637,0.1525110808797752,0.2992287062826786,0.5243608684349159,3.382077471982408,0.35539414351140414
0,36.86868686868687,0.13057892621277167,0.3223662536594453,0.51881036991569,3.394764217564051,0.357254410386681
0,37.37373737373738,0.10761073751624022,0.34316074196514723,0.5024924109293574,3.4090248174964506,0.3571983007541664
0,37.87878787878788,0.08516345410624154,0.3604990915789879,0.4745250879296288,3.424805996606967,0.3552445985973694
0,38.38383838383839,0.0651294199101559,0.3732568515654872,0.4348251065220851,3.4419126856976305,0.3515567339332003
0,38.88888888888889,0.04941158605484804,0.3804185592762659,0.38483909349542117,3.459994555219892,0.34645967338091127
0,39.3939393939394,0.03912331449013422,0.38125776823126395,0.3279903321858915,3.478580501985959,0.34040867806700537
0,39.8989898989899,0.033874037325343234,0.37550772998141096,0.2690943189783337,3.497185043120859,0.33388453780620947
0,40.40404040404041,0.032266769899401804,0.36342107310373534,0.21299359231288384,3.5154260964054096,0.3272746609996556
0,40.909090909090914,0.033060657799963804,0.3457152379263616,0.16369965242684,3.533056374336525,0.32083875188140054
0,41.41414141414142,0.03562881746885576,0.3234847785350444,0.12422045623251786,3.5499189398116515,0.31475061047839414
0,41.919191919191924,0.03980929531346807,0.2981005299915042,0.09629508597400854,3.5658953564834373,0.30914853864252145
0,42.42424242424243,0.045675292970903135,0.2710554768819046,0.079960051242618,3.5808743739705995,0.30416616937946817
0,42.929292929292934,0.05337925585700078,0.24376998106595102,0.07369957666181538,3.594738658301855,0.2999457447890592
0,43.43434343434344,0.06305052233063851,0.2174514098878523,0.07541932922410441,3.6073631495802414,0.2966399263749431
0,43.939393939393945,0.07471913823505973,0.19306721294413112,0.08338973473565571,3.618621375320169,0.29440559142851225
0,44.44444444444445,0.0882609823654332,0.17138674044125743,0.09653454534264162,3.6283974885456125,0.29339169194019976
0,44.949494949494955,0.10337184461866124,0.15302195753540948,0.1142631184771054,3.6366015475845064,0.2937235556513267
0,45.45454545454546,0.11957496346907716,0.13843930732780874,0.13620733932448312,3.643184949951855,0.2954866838018551
0,45.959595959595966,0.136259325564832,0.12795019341342898,0.16202407942562236,3.6481529171179763,0.29871317136969117
0,46.46464646464647,0.15273371998812013,0.12170249877497326,0.19128558554784114,3.651571809964294,0.3033730742440391
0,46.969696969696976,0.1682856525537166,0.11969017108064205,0.22343294180589793,3.653570614654488,0.30937151186183787
0,47.47474747474748,0.18223106330530447,0.121783009722258,0.2577726627219764,3.6543369493218267,0.316551280148151
0,47.979797979797986,0.19394996714215634,0.12776612290515107,0.29349303414973077,3.654109106983457,0.3246995756260015
0,48.484848484848484,0.2029089754619757,0.13737334738499662,0.32968745653617443,3.653165847201456,0.3335571696123753
0,48.98989898989899,0.2086706820245948,0.1503042514581419,0.36538019920479425,3.65181504176495,0.3428289892916137
0,49.494949494949495,0.21089856923738784,0.16622386944451198,0.3995478655777619,3.6503824392951123,0.35219484243182936
0,50.0,0.20936893226289982,0.18474954224973958,0.43112927417310026,3.6492007121538235,0.3613201125354426
0,50.505050505050505,0.20398025584444895,0.20543424768981206,0.4590408726946919,3.6485983158095694,0.36986687367728965
0,51.01010101010101,0.19476468255772833,0.22775108031816862,0.4821902409630773,3.6488883017392837,0.37750532854671154
0,51.515151515151516,0.1819129323381307,0.25108210978126344,0.4994719901236067,3.650356589486031,0.3839260329840801
0,52.02020202020202,0.16580016399377587,0.27471198673152364,0.5097674836870488,3.6532487394845012,0.3888539021120209
0,52.525252525252526,0.14701150815354774,0.2978273506093278,0.5119553268693235,3.6577551720362114,0.3920640902360275
0,53.03030303030303,0.12638182977895607,0.3195217262148558,0.5049303356135652,3.6639943579977263,0.3934002437010296
0,53.535353535353536,0.10503427389055799,0.3388077930499959,0.4876992374482201,3.6719927808100468,0.39279640152662754
0,54.04040404040404,0.08439024197928274,0.3546474904813994,0.45963194557384446,3.6816625594536485,0.39030173662309897
0,54.54545454545455,0.06609903758081413,0.3660139813151576,0.4208924478661424,3.6927816661854522,0.38610314433090975
0,55.05050505050505,0.05172527106131088,0.3720032321220923,0.37300875562167646,3.704990025930522,0.38053229011942313
0,55.55555555555556,0.04214155409725476,0.3719870196827775,0.31914692842822473,3.717827981078326,0.37402992361023146
0,56.06060606060606,0.037065031326074645,0.36575299835165775,0.2636121518609449,3.730828416802897,0.36705502483105157
0,56.56565656565657,0.035436038520505524,0.353558640695707,0.21080397254476663,3.74361188674291,0.35998866377309413
0,57.07070707070707,0.036250211095060964,0.33609577256237233,0.16447864642200996,3.7559152901889856,0.3531028321824784
0,57.57575757575758,0.03895429564835933,0.31441587520785075,0.12746673143814718,3.767559169281966,0.3465907910391766
0,58.08080808080808,0.04338195177763314,0.2898296737563744,0.1013679883426299,3.7784038061685625,0.3406095779011492
0,58.58585858585859,0.04957691100621877,0.26375884355169626,0.08621864162518639,3.788320069133577,0.33530861027116127
0,59.09090909090909,0.05765084993319373,0.23755909053891933,0.08069930187629623,3.797176952197517,0.33084207361037216
0,59.5959595959596,0.06768142062997166,0.21239618503739105,0.0829763500616767,3.804840563452288,0.327369992949584
0,60.101010101010104,0.07963913670603641,0.18921630282274424,0.09149340595321687,3.8111815811942473,0.32505076470995437
0,60.60606060606061,0.09334042960001579,0.16877418445282624,0.10522629503825452,3.816088042489167,0.324028119172931
0,61.111111111111114,0.10843188389380727,0.1516624153369713,0.12355672502034604,3.8194805287752494,0.32441536200924814
0,61.61616161616162,0.12440596596860337,0.1383194119706471,0.1460539904929333,3.8213265301313997,0.32628010126032975
0,62.121212121212125,0.1406421337531028,0.12902322150815418,0.17230490536509102,3.8216511288387793,0.32963236393714707
0,62.62626262626263,0.15646076145884516,0.12388970229487266,0.20181856896625297,3.8205421992039197,0.33441801667904913
0,63.131313131313135,0.17117676902758922,0.1228883498783058,0.23398762217592323,3.818149848075467,0.34051790187230424
0,63.63636363636364,0.1841440201837065,0.12587440311092365,0.268085707162665,3.8146808338767904,0.3477520669361137
0,64.14141414141415,0.19478567400137614,0.13262603220022148,0.30328324328161566,3.8103895006535407,0.35588765344729867
0,64.64646464646465,0.2026118868560468,0.14287282373712065,0.3386690668176537,3.8055668422515176,0.36464888787892247
0,65.15151515151516,0.20722923278168623,0.15630821331500636,0.3732716296779187,3.8005289491765026,0.37372794972440404
0,65.65656565656566,0.20834723793580615,0.17258669132817198,0.40607704644108833,3.7956055445894266,0.3827960140012332
0,66.16161616161617,0.20578615598510538,0.1913114409588349,0.4360436231757092,3.7911287804021647,0.3915142946694381
0,66.66666666666667,0.19948824527936193,0.21201899165835614,0.4621129580481634,3.7874221132946357,0.39954525978842165
0,67.17171717171718,0.18953309307668695,0.23416558286858272,0.48321748968187456,3.784788941391004,0.40656431979018504
0,67.67676767676768,0.17615808366703026,0.2571179256345301,0.4982835242643214,3.7835005541103226,0.4122725049200028
0,68.18181818181819,0.15978308773949565,0.2801494279631558,0.5062327856022215,3.7837828607929014,0.4164106377204448
0,68.68686868686869,0.14103899864350347,0.30244127187926395,0.505992109723482,3.7858015096911255,0.4187754056992322
0,69.1919191919192,0.12079952685393226,0.3230895041898555,0.4965358207581952,3.7896448184469955,0.41923800310331594
0,69.6969696969697,0.10020851605417858,0.3411212281543526,0.47700705977531865,3.795304443965437,0.4177654327338384
0,70.20202020202021,0.08067301511769412,0.3555312850084131,0.4469939634733126,3.802654824769759,0.4144435241484682
0,70.70707070707071,0.0637468107803914,0.36535182326898324,0.4069666232801823,3.811438115231802,0.40949481591599607
0,71.21212121212122,0.05078139741095969,0.36976758972031826,0.3587577342052458,3.8212699280677604,0.40327581268241214
0,71.71717171717172,0.04237574622890769,0.3682598914405486,0.3056705773931198,3.831688185786865,0.39623053091153515
0,72.22222222222223,0.038108626601943724,0.360723204974072,0.25188263096721464,3.8422445447440188,0.3887998148580606
0,72.72727272727273,0.037002606614055626,0.3474989755596483,0.20151848603225025,3.8525825095347512,0.3813419083774137
0,73.23232323232324,0.03821392009766014,0.3293358414802724,0.1580517895825448,3.8624516412568766,0.3741158469284623
0,73.73737373737374,0.04130125509846018,0.3073156652940642,0.12402311900795375,3.871673810634931,0.3673131181886741
0,74.24242424242425,0.04614726618558715,0.2827477192669401,0.10071039166924661,3.880104351116958,0.36109531551553387
0,74.74747474747475,0.052802890294367924,0.2570169569980074,0.08789245147402644,3.8876073866135585,0.3556183488360571
0,75.25252525252526,0.06135995154327281,0.23141985566610027,0.08419176650337713,3.8940463130609375,0.35104189486247833
0,75.75757575757576,0.07185744322873897,0.20706237602966543,0.08789594596110287,3.8992849163363474,0.34752828778715417
0,76.26262626262627,0.08421572702748663,0.18484253412396512,0.09760882580060232,3.9031963339258664,0.3452334522809181
0,76.76767676767678,0.0981987956852483,0.16547614116819304,0.11241035961105889,3.90567659326913,0.34429299765924665
0,77.27272727272728,0.11340810561580021,0.14951869504763102,0.1317165770821611,3.906659570836146,0.34480656125647363
0,77.77777777777779,0.12930561010795197,0.13736907300166332,0.15508310232687195,3.906130240934585,0.3468235428498524
0,78.28282828282829,0.1452583298105275,0.12926444514518692,0.18206002125706824,3.904133621526621,0.35033288277778746
0,78.7878787878788,0.16059164695877642,0.12528349434668407,0.21211381378898844,3.90077804773265,0.3552583767471141
0,79.2929292929293,0.17463941263439864,0.12536703737068838,0.24459844215093338,3.8962328973592455,0.36145953642093975
0,79.7979797979798,0.18678364413211676,0.12935166138730117,0.27875757663338296,3.8907217198063284,0.36873715240267746
0,80.30303030303031,0.1964806158308924,0.13700450686663512,0.3137411830211253,3.884512376571203,0.37684204409265243
0,80.80808080808082,0.2032757394192339,0.14804713558525764,0.34862633291279016,3.877905723975127,0.3854855122341716
0,81.31313131313132,0.20681185920101225,0.16216367903556878,0.3824369308645021,3.871223932410248,0.3943504198539245
0,81.81818181818183,0.20683588184013257,0.17899554634735976,0.41416038396711313,3.8647989925321933,0.40310235142064105
0,82.32323232323233,0.2032073329301276,0.1981285771878923,0.442761009332124,3.858961472517278,0.41140078478302955
0,82.82828282828284,0.1959103489270159,0.21907867629303596,0.46719021491472906,3.8540292980166506,0.4189104802513098
0,83.33333333333334,0.1850699150900581,0.24127985898347437,0.48639321975740807,3.850296219383417,0.42531344136218224
0,83.83838383838385,0.17097287507222803,0.26407701827843033,0.499311072495635,3.848019484130526,0.430321968830723
0,84.34343434343435,0.15409239187634433,0.28672367290156664,0.5048848636884553,3.847406280481239,0.43369320242884024
0,84.84848484848486,0.13511614645123168,0.30838511644546307,0.5020735099027366,3.8485984397859503,0.43524573557797647
0,85.35353535353536,0.11497552245244774,0.32814786516746586,0.48991277290085017,3.851655091849097,0.43487864526659287
0,85.85858585858587,0.09486417669831165,0.3450402819096626,0.4676717777844186,3.856533411545919,0.43259283771302287
0,86.36363636363637,0.07620760140793627,0.3580771514215809,0.43516346818928753,3.8630695395741546,0.4285126960998455
0,86.86868686868688,0.060496188627258314,0.3663390173354867,0.3931948185203793,3.8709686136084414,0.4228988978579184
0,87.37373737373738,0.048887489658780925,0.36909409912006175,0.34396617288846115,3.879820723869831,0.41613532389075536
0,87.87878787878789,0.04170270149029065,0.36593610781066205,0.29100206292301983,3.8891618358334132,0.40867012543363423
0,88.3838383838384,0.03835223538256653,0.35687850476414823,0.2384426778227761,3.89856472353244,0.40092496315707177
0,88.8888888888889,0.03789417701675713,0.3423671285395247,0.19020058954099142,3.907700570083265,0.3932317411537701
0,89.3939393939394,0.03961222440747727,0.3232317099947222,0.1494815421952064,3.9163378814730256,0.3858313393901789
0,89.89898989898991,0.04316896362377942,0.30060735251993004,0.1185043642900424,3.924306104260709,0.3789081606838167
0,90.40404040404042,0.04850024697443648,0.27581925829661946,0.098166301665741,3.9314608206317163,0.3726239590616819
0,90.90909090909092,0.05566998946942672,0.2502258110004467,0.0879282528596685,3.937663596909671,0.3671376456567002
0,91.41414141414143,0.0647545429200376,0.2250680646419113,0.08630569059883249,3.9427757081050347,0.3626115173093955
0,91.91919191919193,0.0757577110253081,0.2013909480837354,0.09167354572608234,3.9466616425857075,0.3592077242414433
0,92.42424242424244,0.0885531106618096,0.18003982904089993,0.10277981521155201,3.9491995495420227,0.35707763359994543
0,92.92929292929294,0.1028558045792462,0.16168589418745805,0.11880853927699049,3.9502953924163995,0.35634720213112164
0,93.43434343434345,0.11822515444777675,0.14684219913679453,0.13921863311047966,3.9498975411129584,0.35710157769605394
0,93.93939393939395,0.13409438230565984,0.13586392498772007,0.16356274718135158,3.948008849951804,0.3593719146204756
0,94.44444444444446,0.1498186766927058,0.1289446194640508,0.19136356645089403,3.9446938700209353,0.3631268259212825
0,94.94949494949496,0.16472688244242728,0.1261241875165211,0.22205220358240982,3.9400803515504847,0.36826945569681074
0,95.45454545454547,0.1781690465956221,0.12731369935850362,0.25494844451266346,3.934355468237876,0.374639861371952
0,95.95959595959597,0.18955166200278256,0.13232994352600355,0.2892681124336026,3.9277578366414003,0.38202173760815056
0,96.46464646464648,0.19836009142826186,0.14092750754062702,0.32414067097616905,3.9205670657611473,0.3901518277275062
0,96.96969696969697,0.20417121015541795,0.1528181330898326,0.3586296514862918,3.913092188866849,0.3987307063778015
0,97.47474747474747,0.20666074262677778,0.1676748078099552,0.3917514247188872,3.9056599507441536,0.40743397486336885
0,97.97979797979798,0.20561033805964796,0.18512412283444826,0.42249059485678625,3.8986033426323567,0.415923473391933
0,98.48484848484848,0.2009168523447476,0.20473295700408528,0.4498126931847291,3.89225034704594,0.42385854691957847
0,98.98989898989899,0.19260545447439265,0.22599491295621912,0.47267315319316244,3.8869126338438473,0.4309075979873373
0,99.4949494949495,0.18084669287541708,0.24831990302916823,0.49002328805495987,3.8828738367136406,0.43676032836277145
0,100.0,0.1659787068023848,0.27102857443831063,0.5008118837253325,3.8803769217663997,0.4411411820050279
1,0.0,0.534106277279973,0.47532931790678873,0.5413505280941098,0.5468877714869789,0.4878795933052867
1,0.5050505050505051,0.4676079045704099,0.49720415094423603,0.6244148978058289,0.6381670630532612,0.4814180724815387
1,1.0101010101010102,0.39626995801128617,0.5256852235321529,0.6877409284450544,0.7270537534712304,0.475091561297289
1,1.5151515151515151,0.3197834781385258,0.5580114506707063,0.7301372971696201,0.8140316287811018,0.4684706296663552
1,2.0202020202020203,0.23895991112631876,0.5914586609997492,0.7503385117213747,0.8995745424265414,0.46112490926599997
1,2.5252525252525255,0.15633065722811101,0.6233870827025119,0.745937342567108,0.9841151158558525,0.45265473441023246
1,3.0303030303030303,0.07837962274109017,0.651137550258338,0.7113371614424533,1.0679707431602359,0.44276687889467065
1,3.5353535353535355,0.02415557740123065,0.67186837297211,0.640361229523595,1.15111003845924,0.4315128420236448
1,4.040404040404041,0.011769052768992858,0.6833858165940314,0.547218822781526,1.2327278601698102,0.4197270306677612
1,4.545454545454546,0.011023418660300094,0.6856443305016442,0.45343808793434187,1.312110701927057,0.4081723725836902
1,5.050505050505051,0.011012540298003352,0.679484921528684,0.36354599107789287,1.389205066846199,0.39695931729378914
1,5.555555555555556,0.011216278244570166,0.6656556383377121,0.2791654373028322,1.464066186844645,0.386088882197049
1,6.0606060606060606,0.011624117342004818,0.6448233215837558,0.20244764244641672,1.5367512011620148,0.37555873462463396
1,6.565656565656566,0.012257349261134363,0.617738288500614,0.13639135345165024,1.6073143236321175,0.36536806349898865
1,7.070707070707071,0.01315248697947801,0.585424951099931,0.0846137602339733,1.6758061440251488,0.3555183566085906
1,7.575757575757576,0.014356818385671637,0.5492896675978615,0.0497764848878517,1.7422731048637983,0.3460140155302013
1,8.080808080808081,0.015926672766303995,0.510956621412989,0.03084089980538371,1.8067570654172904,0.33686289388961277
1,8.585858585858587,0.017934549607466065,0.47184322882674384,0.022957642169748153,1.8692947318472684,0.32807697994081436
1,9.090909090909092,0.02048472918981483,0.43289168708526965,0.021090864683864712,1.929916490817451,0.3196736942249141
1,9.595959595959597,0.023727960126974767,0.39465158785048327,0.022269507376591075,1.988644395446842,0.3116780705218312
1,10.101010101010102,0.027870394816977607,0.35747530484544865,0.02525838041074733,2.045489426217415,0.3041257159443675
1,10.606060606060607,0.033175298071213805,0.32165383803658454,0.029741723423362242,2.1004483232579663,0.29706626674785386
1,11.111111111111112,0.03995181867138878,0.28748678021336255,0.03584434731606467,2.1535005154129183,0.29056681884303615
1,11.616161616161618,0.048522217281374125,0.2553157415358412,0.04391832926655548,2.204606153725945,0.28471431255241364
1,12.121212121212121,0.05916331012438289,0.22553776493417851,0.05444008532611047,2.2537067387841394,0.27961534051461967
1,12.626262626262626,0.07203176784777689,0.19860254321846263,0.06793599946660156,2.3007298568594403,0.27539178605312686
1,13.131313131313131,0.08709221489194575,0.17499290935313597,0.08490602263538628,2.3455984595743415,0.27217176399944515
1,13.636363636363637,0.10408178474365509,0.1551858385648606,0.10574274768141669,2.3882442335518324,0.2700762046323673
1,14.141414141414142,0.12250581043082152,0.139599267633729,0.13066228339388924,2.428622354968057,0.2692037207585156
1,14.646464646464647,0.14168484447320884,0.12853896538791948,0.15964856060837543,2.4667252269036606,0.2696161851057788
1,15.151515151515152,0.16081131896005513,0.12216084734696898,0.192435859627627,2.5025927435980457,0.2713274898281839
1,15.656565656565657,0.1790346602404299,0.12046555281087204,0.2285123518123114,2.5363178759138623,0.2742968124552043
1,16.161616161616163,0.19550902837672468,0.12332438050072046,0.26715398811492,2.568047601278815,0.2784264667586681
1,16.666666666666668,0.20945292392535375,0.13052024966046843,0.30746258136599863,2.5979794893258847,0.28356412957610555
1,17.171717171717173,0.22017133670370623,0.14178247585684714,0.3484060435301853,2.626355884412724,0.2895075829180326
1,17.67676767676768,0.2270748480833773,0.15680141680366733,0.3888559976271255,2.653455753240226,0.2960119509771608
1,18.181818181818183,0.22969145075473693,0.1752231162987671,0.4276116571843463,2.6795864017648143,0.3027972637011445
1,18.68686868686869,0.22768523021138187,0.19663038149594972,0.4634220192107957,2.705073636026845,0.30955777977716636
1,19.191919191919194,0.22086950482434498,0.22052031794023616,0.4950022873265447,2.730251564595866,0.31597189251112223
1,19.6969696969697,0.20923482573760266,0.2462846859595208,0.5210402913973436,2.755451252105717,0.32171343883007647
1,20.202020202020204,0.19298007057834166,0.2731970677835276,0.5401928891812889,2.780988379790979,0.32646425809206037
1,20.70707070707071,0.17255543045075125,0.30040561188100107,0.5510657700773535,2.807148295608509,0.3299296734502
1,21.212121212121215,0.14872073664443164,0.32692996585290424,0.552183349113666,2.834167690028045,0.3318577290587701
1,21.71717171717172,0.12262587268574227,0.3516623208755279,0.5419851148811579,2.8622124556691984,0.3320626961728886
1,22.222222222222225,0.09592137001598362,0.3733748362040308,0.5189454220414864,2.8913485968873847,0.33045607256743054
1,22.72727272727273,0.07087323882148919,0.390754435158129,0.4820305010928389,2.921503289312784,0.3270882550440612
1,23.232323232323235,0.050251662844197215,0.402505475775886,0.43167494631232006,2.952423526470838,0.32219350465463237
1,23.73737373737374,0.03637660186475927,0.4075619231991547,0.37097612444506056,2.983668215922826,0.31620215678297336
1,24.242424242424242,0.029327590455054616,0.4053571792684808,0.3055802825515193,3.0147090814009383,0.3096430801236067
1,24.747474747474747,0.0269555695764704,0.39595740300228277,0.24151704278801847,3.0451175271092095,0.3029566411865702
1,25.252525252525253,0.02716589763273012,0.3799767486943717,0.1835212853486212,3.0746469953745574,0.29640878261680037
1,25.757575757575758,0.028959909893371882,0.35844317212875393,0.13511785229741177,3.103173359535749,0.29014700888178063
1,26.262626262626263,0.03207857681634977,0.3327119040320306,0.09879715704535202,3.1306198328155737,0.2842735958352426
1,26.767676767676768,0.03659142744621337,0.30435169093377906,0.07543357927554416,3.156916858395339,0.2788851388795683
1,27.272727272727273,0.0426951685140549,0.2749398117659947,0.0638173097861987,3.1819855197093707,0.27408919203566584
1,27.77777777777778,0.050615506890862624,0.24584930769542437,0.061431402098745834,3.2057322470749847,0.2700098446835636
1,28.282828282828284,0.060536446807487404,0.21816619085260025,0.0658904760028162,3.2280500482428804,0.2667868157483063
1,28.78787878787879,0.07253287161304749,0.19273731712948594,0.07567818583566979,3.2488252908863147,0.26456890361117247
1,29.292929292929294,0.08651291335011765,0.17024800012705069,0.09006065966148337,3.2679495761939292,0.26350213020875063
1,29.7979797979798,0.10218694466592751,0.151263956509787,0.10873346215942305,3.285335055328961,0.263714130881479
1,30.303030303030305,0.11907357189139585,0.13623060808618445,0.13152459481831216,3.300930373496094,0.2652975569773688
1,30.80808080808081,0.13653929828649247,0.12545022221270016,0.15821378893808752,3.3147340619555297,0.26829568796696013
1,31.313131313131315,0.1538575602711448,0.11906453927194954,0.18844080973671848,3.326803041222008,0.27269269047401723
1,31.81818181818182,0.17027267748687847,0.11705955504204013,0.22167671826476432,3.337255325393296,0.27840954750157787
1,32.323232323232325,0.185054529048306,0.11929563393493456,0.2572307674132661,3.3462672590254305,0.2853054624662533
1,32.82828282828283,0.19753758744012417,0.12554928956548458,0.2942756462814977,3.354066628786476,0.29318350430782175
1,33.333333333333336,0.20714391322573725,0.13554830922585467,0.3318772491773093,3.3609232741722193,0.301798944087986
1,33.83838383838384,0.2133951739927855,0.14898862095798318,0.3690222572437666,3.367138591954778,0.31086892878799116
1,34.343434343434346,0.21592008797251264,0.16553212711075954,0.4046406589330833,3.373034789560078,0.3200826501159623
1,34.84848484848485,0.21446275397240636,0.18479190362423956,0.43762328417646085,3.37894417472206,0.32911172531371946
1,35.35353535353536,0.20889483495761244,0.2063129360011983,0.4668349144421893,3.3851983683346267,0.33762089245179744
1,35.85858585858586,0.199233030739589,0.2295543506213233,0.4911219632274014,3.392117124270765,0.34527934132726057
1,36.36363636363637,0.1856625658447753,0.25387663223718016,0.5093148780596868,3.3999962711773772,0.3517732126462844
1,36.86868686868687,0.16856666316047628,0.2785347968836654,0.5202222586431148,3.409094273685013,0.3568197388743774
1,37.37373737373738,0.14856311219786394,0.3026769771561371,0.5226266359879334,3.4196167002598457,0.36018381478304945
1,37.87878787878788,0.12654957401431563,0.3253476064314522,0.5153039782289819,3.431697972873224,0.3616976530329006
1,38.38383838383839,0.10375563706550475,0.3454989271832442,0.49712004679706157,3.4453792441103794,0.3612847849732503
1,38.88888888888889,0.08177831689597673,0.362019798006618,0.4673069770788236,3.4605825985507943,0.35898825445755667
1,39.3939393939394,0.0625109488044667,0.37380577620294303,0.42600276759327754,3.4770854021181044,0.354999305472152
1,39.8989898989899,0.0477511807923346,0.3798873812041371,0.3749543521048306,3.4945133060445817,0.3496677626397687
1,40.40404040404041,0.038379240145969294,0.37961161140904753,0.31783090137350994,3.512385711234829,0.3434596253000517
1,40.909090909090914,0.03380329137690798,0.37279742024349316,0.25947524002007294,3.5302285819511194,0.33684544810302613
1,41.41414141414142,0.03262844999767076,0.35977431692799006,0.20458311635351506,3.5476807730284605,0.3301925089389894
1,41.919191919191924,0.033727034473756246,0.3413204931309137,0.15698975011389388,3.5645102176173737,0.3237456679639148
1,42.42424242424243,0.036566499306741995,0.31857553736417354,0.11951334616794655,3.5805659579051037,0.3176728840595199
1,42.929292929292934,0.04103329507733487,0.2929337333588896,0.0936375773709763,3.595729527918989,0.3121125665486847
1,43.43434343434344,0.0472173412998088,0.2658812716100377,0.07912709991651963,3.6098869944498637,0.30720114355889877
1,43.939393939393945,0.05526838494517037,0.23880463541960276,0.07432528635201274,3.6229179744598263,0.30308408792005753
1,44.44444444444445,0.06529845289041257,0.21286856901098805,0.07717891577735456,3.6346954473990625,0.29991626195701837
1,44.949494949494955,0.07730915802965632,0.18900437462329575,0.08607761829998259,3.6450932603039434,0.2978544836443002
1,45.45454545454546,0.09114171706287601,0.16795358769468108,0.10004148213983165,3.653998960369128,0.2970445292621101
1,45.959595959595966,0.10645741803609629,0.15030334174880708,0.11852561677120821,3.661329323733771,0.2976051127945593
1,46.46464646464647,0.1227517566454478,0.13649316095065384,0.14116798460137892,3.6670453811231667,0.29961201676921984
1,46.969696969696976,0.13939595956153103,0.12680496456216878,0.16760902520696574,3.671163985147583,0.303085376925374
1,47.47474747474748,0.15569323656912495,0.12135751262297675,0.1973941291372424,3.6737640000650296,0.3079821434803067
1,47.979797979797986,0.17093591266607594,0.12011996358521218,0.22993704537270146,3.674986582510236,0.3141943819322861
1,48.484848484848484,0.18445277774801222,0.12294453840557952,0.264520260813555,3.6750302785517146,0.3215528167056405
1,48.98989898989899,0.19564181468723138,0.1296055665810113,0.30031337927789137,3.6741425298838557,0.32983411966795034
1,49.494949494949495,0.20398885021927568,0.1398304468950876,0.33639771212696656,3.6726089445802965,0.3387706651073419
1,50.0,0.20907707478312887,0.1533129263501667,0.371789164776735,3.670742044232468,0.34806105949950644
1,50.505050505050505,0.2105942194291517,0.16970989194121688,0.4054569075237473,3.668869996781211,0.35738094169953927
1,51.01010101010101,0.20833962436074768,0.1886279850854223,0.4363394048515192,3.667325518951407,0.3663938709895606
1,51.515151515151516,0.20223620888883717,0.20960676357709607,0.4633554092591374,3.6664348944640914,0.3747623491071976
1,52.02020202020202,0.19234652535930966,0.23210373237081877,0.48541159370517417,3.6665066454773716,0.38215944104304866
1,52.525252525252526,0.1788938040912008,0.2554840925402065,0.5014052322000357,3.6678194821073355,0.38828138184331323
1,53.03030303030303,0.16228833385698657,0.2790158537082017,0.510223321273928,3.670608999291476,0.3928617216142327
1,53.535353535353536,0.14315843459473038,0.30187009173653934,0.5107481035763778,3.6750525822698226,0.39568758061853926
1,54.04040404040404,0.12238673460081435,0.32312685174290484,0.5018929873687742,3.681251928256472,0.396618653980192
1,54.54545454545455,0.10114413209330116,0.34179038492670194,0.48272073453341346,3.689212791977461,0.39560941668168526
1,55.05050505050505,0.08089502802955498,0.3568233565852908,0.45271545704473987,3.69882293216128,0.392733605675262
1,55.55555555555556,0.06329124208314799,0.3672167571977725,0.4122569083706382,3.709833821372244,0.38820541404585224
1,56.06060606060606,0.049807116238323554,0.3721100900539818,0.36316250650595,3.7218629305389257,0.38238032673735006
1,56.56565656565657,0.0411153573971374,0.37094585554682874,0.30884682216201004,3.7344420467234176,0.37570938525292413
1,57.07070707070707,0.03674851804493919,0.3635971243366385,0.25368074615238856,3.7471149706876665,0.3686423524200935
1,57.57575757575758,0.03561690884573155,0.3504030105745471,0.20196162057540837,3.7595232887521632,0.36154057092072367
1,58.08080808080808,0.03679695937522292,0.33212342022008856,0.15728050341157396,3.771421282225378,0.35465949615316633
1,58.58585858585859,0.03981946352980788,0.309861272079009,0.12226557156320539,3.78263830862682,0.3481841200879714
1,59.09090909090909,0.04456766795507557,0.28495519496495786,0.09824916850107414,3.7930370456020577,0.34226950886862767
1,59.5959595959596,0.05110458508117361,0.2588230970874862,0.08499132876934008,3.8024876500778584,0.3370662015534362
1,60.101010101010104,0.05953986819212042,0.23278953353994114,0.08102406556578574,3.810857749518988,0.3327301860111608
1,60.60606060606061,0.06993378619830368,0.20797856910563775,0.08453311469202485,3.818013189856839,0.3294222058220975
1,61.111111111111114,0.08222892673405602,0.18529843093190915,0.09406144003555741,3.823826689890921,0.327299053604087
1,61.61616161616162,0.09620893596433147,0.16547251835181584,0.10867384020529189,3.8281913069005196,0.32649979551167
1,62.121212121212125,0.1114890354884009,0.1490649200706421,0.12779886825718195,3.8310356726888277,0.3271298932056802
1,62.62626262626263,0.12753710225648834,0.1364847869423482,0.151015657273484,3.8323378236787886,0.3292464025540033
1,63.131313131313135,0.1437182587482372,0.12797960157498514,0.17789876382284925,3.8321348807193676,0.33284704600809456
1,63.63636363636364,0.15934930501480574,0.1236363580462567,0.20793515752351355,3.8305271147918982,0.3378647498652969
1,64.14141414141415,0.1737510377539665,0.1234008539295622,0.2404936243590806,3.8276763149797643,0.3441678565899855
1,64.64646464646465,0.18628999600958543,0.12711170902757268,0.2748267386618863,3.823799393499185,0.35156519517225426
1,65.15151515151516,0.19640612299750387,0.13453671072613685,0.3100882415164072,3.8191588303600894,0.35981450100277224
1,65.65656565656566,0.20362847597792644,0.14539846007551915,0.34535481952895675,3.8140515228118623,0.36863267069653605
1,66.16161616161617,0.20758373801947747,0.15938368384268506,0.3796467028955498,3.8087971999984567,0.3777067140263429
1,66.66666666666667,0.20800273052465373,0.17613821872580654,0.41194500087864494,3.803726993237391,0.38670481361391407
1,67.17171717171718,0.20472875788634645,0.19525371649659085,0.4412055257560133,3.799172256090021,0.3952873970536993
1,67.67676767676768,0.19772945815383658,0.21625245466283033,0.46636935511131744,3.795453415343852,0.4031184157885685
1,68.18181818181819,0.1871132066450219,0.23857447188941103,0.48636939163530374,3.7928685080843856,0.4098772016261579
1,68.68686868686869,0.17315024629537393,0.2615693940549806,0.5001329230505682,3.7916809376657823,0.41527138822734616
1,69.1919191919192,0.15629786897025721,0.28449355675075605,0.5065837618687049,3.792105966856066,0.41905136543176896
1,69.6969696969697,0.13722975171412916,0.3065123905319064,0.5046561791099653,3.794295410039414,0.4210268636383294
1,70.20202020202021,0.11686721402441619,0.3267087241316312,0.49334844041018094,3.7983202454163365,0.42108597636443323
1,70.70707070707071,0.09640343956037338,0.3441017237201996,0.47186442831406333,3.8041509577820136,0.41921687519094525
1,71.21212121212122,0.07728242246071908,0.3576887531751765,0.43992557556666056,3.8116373463110733,0.4155305471241167
1,71.71717171717172,0.061048473151412055,0.3665232377058399,0.3982290699380636,3.8204960193179125,0.4102761766758348
1,72.22222222222223,0.04894796292576613,0.3698369884067694,0.34889114641808305,3.8303228400842313,0.4038316424680896
1,72.72727272727273,0.04138647927523141,0.36718369858149946,0.29543337944780573,3.8406512293235116,0.3966473742199861
1,73.23232323232324,0.03778971986933091,0.35854218697810025,0.24207707143831558,3.851046011281879,0.3891528485625266
1,73.73737373737374,0.03716825584811841,0.3443338675666541,0.1928451505182232,3.8611713792256785,0.38168700518595067
1,74.24242424242425,0.03875181544765625,0.3253745223442285,0.15104954357591222,3.8707931642944895,0.37449355605603885
1,74.74747474747475,0.04217177050780163,0.3027958387883541,0.11901855080658946,3.879741577605345,0.3677563142456109
1,75.25252525252526,0.04735324052027081,0.2779316132098969,0.09775528194077247,3.8878744921190043,0.36163487923690874
1,75.75757575757576,0.05436238858420222,0.25215946263323874,0.08678013051681854,3.895055894568568,0.35628582247756513
1,76.26262626262627,0.06328614039379095,0.22674371867170143,0.08459351617007556,3.9011486354037492,0.3518698985615673
1,76.76767676767678,0.0741442747728131,0.20274979378985616,0.08951383354290184,3.9060173012066173,0.3485491727676948
1,77.27272727272728,0.08682870137580964,0.1810389427856884,0.10023764677850869,3.9095382407525237,0.34647684474261364
1,77.77777777777779,0.10107166056280033,0.16229563994993954,0.11592260922274845,3.9116136230727196,0.34578276132649854
1,78.28282828282829,0.11644556270535379,0.14704597173345743,0.13602364674643658,3.912186276305705,0.3465578143771637
1,78.7878787878788,0.13239076261293817,0.1356586121413239,0.1601026042986545,3.9112522728977313,0.34884028255704475
1,79.2929292929293,0.14826286643427206,0.12834006922399022,0.18769674066201625,3.908868818967384,0.3526066272728543
1,79.7979797979798,0.16338596783298193,0.12514106094733524,0.21825147806688153,3.9051564204902167,0.3577679058690527
1,80.30303030303031,0.1771011885399004,0.12598017587120836,0.2510987239682916,3.9002956181922346,0.36417163429159805
1,80.80808080808082,0.188803772644801,0.13067868541532046,0.28546285023289986,3.89451941005333,0.37160808891235075
1,81.31313131313132,0.19796672761335227,0.1389939491224541,0.320478591727563,3.8881029973895975,0.3798194953987734
1,81.81818181818183,0.20415406392283428,0.15064037592916543,0.35521188505951273,3.8813523233926603,0.3885106757179888
1,82.32323232323233,0.20702843375088556,0.16529469626739815,0.3886790329723578,3.874592395606737,0.39736017751952846
1,82.82828282828284,0.2063579136116312,0.18258878320543576,0.4198627382731561,3.868155839855106,0.4060314368124994
1,83.33333333333334,0.20202515660739379,0.20209615848068893,0.4477248805551265,3.862371678512592,0.41418397839880483
1,83.83838383838385,0.19404006388975098,0.2233179045298691,0.47121614465590833,3.857554075780571,0.4214848838100327
1,84.34343434343435,0.1825570595637264,0.24567158926276847,0.4892816769808892,3.8539906807698032,0.42762094272948775
1,84.84848484848486,0.1678965144555536,0.26848485012186263,0.5008631413971844,3.8519301269599078,0.43231191541856134
1,85.35353535353536,0.15057011160933684,0.2909943656002383,0.5049040755927052,3.8515681551601983,0.43532546960435037
1,85.85858585858587,0.1313093549341588,0.3123500533063747,0.500373687433702,3.8530319444365246,0.4364942318241048
1,86.36363636363637,0.11109400552515608,0.3316258125433489,0.4863367946767413,3.856362477558324,0.43573516693452835
1,86.86868686868688,0.09116499609037162,0.3478441939173503,0.46214094500508723,3.86149493146092,0.43307139582698656
1,87.37373737373738,0.072976728174503,0.36002611438430776,0.4277517736976739,3.8682405852632478,0.4286529007381953
1,87.87878787878789,0.05799097898075423,0.36727863042291314,0.38421939609026723,3.8762802253182715,0.4227660192131845
1,88.3838383838384,0.047238357626891554,0.36892270134754807,0.3340188551404772,3.885187635637936,0.415812722298678
1,88.8888888888889,0.040850664171560275,0.3646274821685375,0.2808544718577605,3.894498977503148,0.40824293868661854
1,89.3939393939394,0.038119564034855585,0.35448996342065786,0.22887378561812732,3.9038029275426784,0.4004641977928724
1,89.89898989898991,0.03811639932880025,0.3390331186112548,0.18187548052394478,3.9127908178409054,0.39278958678832543
1,90.40404040404042,0.040198394783426225,0.31915054852922664,0.14289741564081063,3.9212455883764425,0.38544647759599376
1,90.90909090909092,0.04409151179570758,0.2960225083492921,0.11393231902732756,3.929003666139042,0.3786129761168762
1,91.41414141414143,0.0497660416662633,0.2709921556959485,0.09559837847664222,3.9359226161524528,0.3724494379753868
1,91.91919191919193,0.05729561078882513,0.24540449293075128,0.08712484820162972,3.9418639545402727,0.3671153926704425
1,92.42424242424244,0.06674790385672769,0.22046608063760306,0.08694409151796656,3.946688938659278,0.36277372393195445
1,92.92929292929294,0.07810507170059322,0.1971823039162266,0.09348036599237694,3.9502636715362796,0.3595855198947165
1,93.43434343434345,0.09121143756830737,0.1763633659167265,0.10557098570274984,3.9524704746794885,0.357698462084224
1,93.93939393939395,0.1057511087548779,0.1586497123068242,0.12246677893510907,3.9532223756571807,0.3572318009441041
1,94.44444444444446,0.12125651626101913,0.1445246693373682,0.14365638221263827,3.9524774152881372,0.35826117953474407
1,94.94949494949496,0.13714218705881337,0.13431282196815383,0.16869344767701078,3.950249944955302,0.3608061789039527
1,95.45454545454547,0.15275469907925202,0.12817742112537536,0.19708587532424096,3.9466167432856323,0.3648228363322252
1,95.95959595959597,0.1674239149087187,0.12613164868709753,0.2282437839756158,3.941717453011406,0.3702017811222844
1,96.46464646464648,0.18050876845239308,0.12806604622341333,0.26146593619865194,3.935749885719928,0.37677155459630185
1,96.96969696969697,0.19142972881349998,0.13378354659593128,0.2959502813941077,3.9289614331277276,0.38430597920377085
1,97.47474747474747,0.19968921698992273,0.1430296774455534,0.3308122332955736,3.921638310561507,0.392533922735835
1,97.97979797979798,0.2048827168114338,0.15550894555125147,0.36510525253915216,3.9140938952233144,0.40115022564149666
1,98.48484848484848,0.20670584961485616,0.17088632074192558,0.3978387829439496,3.906657047421603,0.4098269137564309
1,98.98989898989899,0.20496164898620153,0.18877805057446287,0.4279932599982137,3.8996606904213515,0.4182244163748497
1,99.4949494949495,0.1995705449394059,0.20873797455714552,0.4545320461945994,3.8934305693011595,0.4260028666896814
1,100.0,0.19058414566368445,0.23024437152445154,0.47640989133665834,3.888273895113649,0.4328337528611438
2,0.0,0.49957075569876946,0.5489683976209552,0.5061858949130394,0.5021479400534556,0.5234953271438887
2,0.5050505050505051,0.41906823729456694,0.5634557237718636,0.586891313389568,0.5965544265487848,0.5149097488635707
2,1.0101010101010102,0.3363307310946395,0.5841942537769239,0.6453887245682306,0.6886259132602435,0.5063274372094092
2,1.5151515151515151,0.251501072330438,0.6082957104906979,0.6798286098356419,0.7788511657927408,0.4973127862450196
2,2.0202020202020203,0.16639833734680512,0.6328440902339056,0.6871591977856537,0.8676767539150919,0.48746166669101126
2,2.5252525252525255,0.08645151849164177,0.654841141197447,0.6617823374195622,0.9554496658522716,0.4764602727061845
2,3.0303030303030303,0.02822895898924687,0.6710996869775797,0.5976394934467819,1.0422309020383163,0.4642754698089268
2,3.5353535353535355,0.012435370267852967,0.6789790216895054,0.5076709071942238,1.1273919508832546,0.4515694689512702
2,4.040404040404041,0.011457651631268353,0.6780300983505279,0.41595449267968015,1.210230332948054,0.4390961621539779
2,4.545454545454546,0.01150713165296789,0.6689508162702466,0.3285492274377816,1.2906686126924856,0.4269925127882968
2,5.050505050505051,0.011794104778327843,0.6524427090163873,0.24740019393123172,1.368763528583805,0.41526076914568577
2,5.555555555555556,0.012305010137454164,0.6291951044886398,0.1749711927263704,1.4445752916141834,0.40389819493757123
2,6.0606060606060606,0.013068239740770026,0.6000580027310097,0.11454434692664646,1.5181608178976913,0.3929038722481095
2,6.565656565656566,0.01412748022374459,0.5662130289015079,0.06958237392209361,1.5895729610595017,0.38227955756396464
2,7.070707070707071,0.015537097614880136,0.52919157827668,0.04153505378330339,1.658859995482867,0.37203030028180795
2,7.575757575757576,0.017363354188576877,0.49058426988603504,0.02765103598627692,1.726065127315921,0.36216504427904445
2,8.080808080808081,0.019695927151006903,0.4516320154632663,0.022654902778990498,1.791225695228878,0.3526975531902031
2,8.585858585858587,0.022664644043756683,0.41310738063107566,0.022306709475447762,1.8543716358644107,0.3436480965712798
2,9.090909090909092,0.026452115870798723,0.3754712542219591,0.024441362204393722,1.915523119977753,0.33504600949097757
2,9.595959595959597,0.03129909176797754,0.3390511134518596,0.0282744779620748,1.9746875864141662,0.32693291473688685
2,10.101010101010102,0.03749914839609591,0.30414727791649165,0.03371314086310268,2.0318565892389513,0.31936620190656595
2,10.606060606060607,0.045375235445734546,0.27108572562197764,0.04100384904174688,2.087003234854973,0.3124219823770854
2,11.111111111111112,0.05523124739432734,0.2402420233955509,0.05057202777111218,2.1400814911314203,0.30619621103536926
2,11.616161616161618,0.06728151848905725,0.2120467728012217,0.06293047895769482,2.1910289180244535,0.30080236450004894
2,12.121212121212121,0.08157610592563942,0.18697405190972577,0.07860021508999687,2.2397737849448056,0.29636462271318553
2,12.626262626262626,0.0979454001240217,0.16551085828095013,0.09802885014919985,2.2862466082307105,0.2930064145834542
2,13.131313131313131,0.11598575578757984,0.14810983535551003,0.12151224991413859,2.3303942377338798,0.2908361182435953
2,13.636363636363637,0.13508139288695992,0.13513446551197333,0.1491325873002531,2.3721941395942094,0.2899322411386785
2,14.141414141414142,0.15446799988186427,0.12681254818786244,0.1807222326399381,2.4116661750222077,0.2903308030491605
2,14.646464646464647,0.17329057079407478,0.12321603563497556,0.21586240059258135,2.448880606924982,0.2920162690671512
2,15.151515151515152,0.1906909990072701,0.1242735183491362,0.2538999718263757,2.4839610191283703,0.2949174453714115
2,15.656565656565657,0.20583961738421544,0.1298062530417379,0.2939937548242741,2.517083112625063,0.29890748681929435
2,16.161616161616163,0.21799507346210795,0.13956638510577543,0.3351461367563492,2.5484701444803672,0.30380732901436674
2,16.666666666666668,0.22650565399173408,0.15326010961248537,0.37625174430413205,2.578385973762153,0.3093916513817606
2,17.171717171717173,0.23084100289536533,0.1705499118310959,0.4161183333159128,2.607127113971515,0.3153960055518306
2,17.67676767676768,0.23059913764825568,0.19104003702813846,0.45349688719589887,2.63501331837154,0.32152560949434916
2,18.181818181818183,0.22552344444005,0.21425522050578988,0.4870980657126275,2.662377870380465,0.32746465783399414
2,18.68686868686869,0.21552838859133164,0.2396197122546567,0.515602835653383,2.689556701172259,0.33288703613452886
2,19.191919191919194,0.20072833607109256,0.2664418101364884,0.5376642447150952,2.716876121885192,0.3374686846595963
2,19.6969696969697,0.18147788399469536,0.2939049414613667,0.5518916017649769,2.744638759989114,0.34090205504574705
2,20.202020202020204,0.15842430210119482,0.32106362763444346,0.5568196728011175,2.77310669808609,0.3429137121494104
2,20.70707070707071,0.13258186606684014,0.34684240842812525,0.550883101909813,2.8024805608780476,0.34328641178319336
2,21.212121212121215,0.10543892251174115,0.3700392163154878,0.5324730988562929,2.8328723067354424,0.34188801181934764
2,21.71717171717172,0.07909081917159716,0.38934620430402767,0.5002460948406735,2.8642690479079214,0.3387100630762882
2,22.222222222222225,0.05626982972749252,0.4034226819421624,0.4539387417677931,2.896488671701866,0.33391552381442613
2,22.72727272727273,0.039745381370250334,0.41107236180680523,0.3956637385254815,2.9291503475823513,0.3278725057290307
2,23.232323232323235,0.030540003319770092,0.41151909534327547,0.33048897078079537,2.9617319932897592,0.32110089441693085
2,23.73737373737374,0.026925492828623467,0.40461432378126133,0.26471915259797996,2.993752219396502,0.31409166853407267
2,24.242424242424242,0.02645710889087952,0.39080732253912237,0.20361035296860183,3.0249103315086714,0.30716405738401825
2,24.747474747474747,0.027753622830127212,0.37099797873547385,0.15103055642638233,3.0550577273319166,0.3004900903843099
2,25.252525252525253,0.030371071380476372,0.3464372283224895,0.10986153929082706,3.084113759712129,0.2941762469472665
2,25.757575757575758,0.03430479205612105,0.3186396731385532,0.0816559983304723,3.112013984888503,0.28831432207263674
2,26.262626262626263,0.039725560543384775,0.28921136389750113,0.06592772986769248,3.138688005645975,0.2830035007207657
2,26.767676767676768,0.046861797889719815,0.2596195732199386,0.060424216794346085,3.1640513625129447,0.2783587076214592
2,27.272727272727273,0.05592776575767441,0.23105201020138902,0.06253062489253566,3.188004542113797,0.27451193597159484
2,27.77777777777778,0.06705707534453144,0.20442905267930267,0.07037446362227531,3.210437427857505,0.2716080929480843
2,28.282828282828284,0.08023891536808904,0.18048485807715628,0.08297614822314368,3.23123902129205,0.26979541222531644
2,28.78787878787879,0.09527326355106921,0.1598277533305144,0.09992810160122766,3.250311503647358,0.2692112522572422
2,29.292929292929294,0.1117597186024177,0.14295495633446414,0.1210543658600285,3.2675862753486706,0.26996557469753657
2,29.7979797979798,0.129124014610083,0.13023396165110887,0.1461863372977219,3.283038876588919,0.2721251762653669
2,30.303030303030305,0.14667007932567125,0.12187895816743988,0.17503915487477362,3.2966998884555774,0.27570165203340724
2,30.80808080808081,0.16364417750394428,0.11794350911900028,0.20716168310834393,3.308660336077564,0.280644670978695
2,31.313131313131315,0.1792950298264325,0.1183397342708288,0.24193175788183627,3.3190713293313685,0.28684096042538204
2,31.81818181818182,0.19292055718039258,0.12287687443883759,0.2785762880094429,3.3281389202120657,0.29411814302735173
2,32.323232323232325,0.20389780479237574,0.13130120055506633,0.31620093165037333,3.33611571202786,0.3022519815451653
2,32.82828282828283,0.21169932614891737,0.14332156269946672,0.35381956249150526,3.3432907830454,0.3109755245223039
2,33.333333333333336,0.21590212412187437,0.15861506841796905,0.3903794763725163,3.3499790217486782,0.3199890794904188
2,33.83838383838384,0.21619530487104582,0.17681681229440763,0.42478121185955986,3.35651040252598,0.3289704921086501
2,34.343434343434346,0.21239055458830047,0.19750161423256896,0.4558938321041787,3.3632192441988242,0.33758568654156074
2,34.84848484848485,0.20443747690263595,0.2201650689583204,0.4825649586663458,3.3704332088545015,0.3454997017665536
2,35.35353535353536,0.1924445429453154,0.24420820106458208,0.5036260320370991,3.3784616446737195,0.3523886551295859
2,35.85858585858586,0.1767065297964896,0.2689282354609311,0.5178889974456814,3.387582709207764,0.35795320687268417
2,36.36363636363637,0.15773794309950778,0.29351481251422773,0.5241392185995049,3.398028781393341,0.3619340204155019
2,36.86868686868687,0.1363155244635636,0.3170511518611656,0.5211396947153167,3.409969287296388,0.3641301878391885
2,37.37373737373738,0.11352956945897508,0.33852098476535225,0.5076835814666575,3.423490195571053,0.3644213917698246
2,37.87878787878788,0.09083409274503657,0.3568278759802561,0.4827802020711226,3.4385692928415486,0.3627948039220077
2,38.38383838383839,0.07004180078141728,0.3708451524349177,0.44608762144603503,3.45504874424576,0.3593753167846738
2,38.88888888888889,0.05309797222653186,0.37951785680506656,0.39858987142849406,3.472616266266405,0.35444766858718113
2,39.3939393939394,0.04140263302884796,0.3820296943685107,0.3431949257463852,3.4908235264291783,0.34844144474809813
2,39.8989898989899,0.03496610535563281,0.3779852973241975,0.28445629021380264,3.5091752767558906,0.3418441387964625
2,40.40404040404041,0.03254963020752657,0.3675037907292864,0.22730772757161752,3.5272545255652163,0.33507556307897046
2,40.909090909090914,0.03279890816229969,0.3511875959541359,0.17599292572659372,3.5447804446336106,0.32842728783807706
2,41.41414141414142,0.03493240196100128,0.33003796180899686,0.1337826289322535,3.561577229316908,0.32209090965520293
2,41.919191919191924,0.03869162821395359,0.305361264712792,0.10278734579797906,3.577519533997682,0.31621085243493147
2,42.42424242424243,0.044105410694756486,0.2786323708154886,0.08351623319783404,3.592495475381871,0.3109206730230549
2,42.929292929292934,0.05131541524738101,0.2513046722842937,0.07480306543636538,3.606389356591788,0.3063602517962223
2,43.43434343434344,0.060463680510239606,0.22464656603135885,0.07460753174633475,3.6190774520087805,0.3026801553325345
2,43.939393939393945,0.0716110949278021,0.19968477248805935,0.08105696459858665,3.6304324624724704,0.30003732053249366
2,44.44444444444445,0.08467677970304721,0.17723578164877177,0.09290955452609692,3.6403343192325877,0.2985842110783541
2,44.949494949494955,0.09940396273621818,0.15795053984517615,0.1094717575441389,3.6486848653277195,0.29845380280408457
2,45.45454545454546,0.1153587106572179,0.14233448584269384,0.13033723635940536,3.65542356303649,0.2997431966200348
2,45.959595959595966,0.1319611706812456,0.13074142581703632,0.1551683073004386,3.6605409959744413,0.3024990941498342
2,46.46464646464647,0.14853661628538173,0.12336306888289186,0.18356442586436716,3.6640876413431336,0.30670775372516895
2,46.969696969696976,0.16437404933533173,0.12023282851828403,0.21500205419401253,3.6661768661027976,0.3122905919821354
2,47.47474747474748,0.17877913033621978,0.12125060903078333,0.24882167224591017,3.6669822311775775,0.31910547688590385
2,47.979797979797986,0.19111378577278437,0.12622112872110614,0.2842404408584127,3.666730409418933,0.3269525261555026
2,48.484848484848484,0.20082089485714752,0.1348899458535936,0.32037535989723454,3.6656913144675745,0.3355828927266053
2,48.98989898989899,0.20743745619992202,0.14696507357229893,0.3562674503315297,3.6641670005160965,0.34470902275756915
2,49.494949494949495,0.21060200262208134,0.1621207685071233,0.39090296843075134,3.662480303103564,0.3540154310225081
2,50.0,0.2100613532458571,0.17998776017323265,0.42323054821252915,3.660963679359727,0.363169536720599
2,50.505050505050505,0.2056803722042678,0.2001371866234552,0.4521744502109776,3.6599481948009744,0.37183259997244567
2,51.01010101010101,0.19745584902263832,0.2220642645729122,0.4766440669458584,3.6597523885621164,0.37967102296300775
2,51.515151515151516,0.18553579325486996,0.245175457152954,0.495538420209061,3.6606706020382798,0.38636847258139273
2,52.02020202020202,0.1702433597712222,0.26878124385008734,0.5077465449785404,3.6629602766586546,0.39163928409389864
2,52.525252525252526,0.15210596860381087,0.2920943166213831,0.5121480391237823,3.666827661974155,0.3952437659170579
2,53.03030303030303,0.13188956079543804,0.3142325025427325,0.5076301729076107,3.672411480267741,0.39700588454331404
2,53.535353535353536,0.11063582530824659,0.33422905577309037,0.4931609389571997,3.6797638049499986,0.39683414909554565
2,54.04040404040404,0.08968697839309475,0.35105623970466904,0.46798150305623304,3.6888284138302776,0.39474546071115146
2,54.54545454545455,0.07064528070371831,0.36367775782127637,0.43199887058856296,3.6994192291146297,0.3908894040978848
2,55.05050505050505,0.05513995997153047,0.3711458112496036,0.3863335379248414,3.711210453425497,0.3855611828702716
2,55.55555555555556,0.04428685156867994,0.3727458402333525,0.33372518802976187,3.7237613534960867,0.379179811265751
2,56.06060606060606,0.03811055712866894,0.36814724381588765,0.27826154755724336,3.7365959973013987,0.3722101601520812
2,56.56565656565657,0.035680943815020294,0.35748368795272856,0.2244002929533236,3.749305439082629,0.3650603462342245
2,57.07070707070707,0.03591983131606316,0.3413372552228963,0.17609699156904848,3.7615969499364734,0.35803025194229826
2,57.57575757575758,0.03815134940813092,0.3206704740284129,0.13644333157326996,3.773272991309056,0.351330034256133
2,58.08080808080808,0.04212400195333257,0.2967350674230999,0.10740171609501702,3.784186426177764,0.3451232493000461
2,58.58585858585859,0.04784114082721719,0.2709378518133499,0.0894370323508736,3.794206776753085,0.3395598543646524
2,59.09090909090909,0.055406848644561225,0.24466557975679037,0.08153213175835386,3.8032037507220453,0.33479251650401415
2,59.5959595959596,0.0649150378316795,0.21913985541194053,0.08190373878004457,3.811043599468346,0.33098030143162377
2,60.101010101010104,0.07636958241132459,0.19536307642264175,0.08887850797116925,3.817594641708983,0.32828317353277625
2,60.60606060606061,0.08963014048511465,0.1741371297981429,0.10129449126611988,3.822738892923837,0.32685018859905896
2,61.111111111111114,0.1043878814088084,0.15609598364109342,0.11844617141486526,3.826386932055519,0.3268041429069498
2,61.61616161616162,0.12017327408060019,0.14171941465914836,0.1398712562499378,3.8284927679600593,0.3282258822473507
2,62.121212121212125,0.136391296666581,0.1313290188609956,0.16516295148274585,3.8290657188856367,0.3311412907450686
2,62.62626262626263,0.15237332118514013,0.12508346101978382,0.19385605797003597,3.82817712742305,0.3355132285233284
2,63.131313131313135,0.1674316368062704,0.12298915053545452,0.22537505911025518,3.825961284634758,0.34123918410799786
2,63.63636363636364,0.1809069544211021,0.12492860230712234,0.2590240203150772,3.8226110398591224,0.3481542815727171
2,64.14141414141415,0.19220251609058903,0.1306976033366885,0.293998859919151,3.8183694814027165,0.35603836921684023
2,64.64646464646465,0.2008048057633594,0.14003697672905904,0.32940818673624894,3.8135193416433193,0.36462560429315
2,65.15151515151516,0.20629467093430384,0.15264949653060988,0.36429498283276585,3.8083715010541606,0.3736151941931951
2,65.65656565656566,0.20835417695256628,0.16820077461031974,0.39765554013848176,3.8032534491459833,0.38268244521466044
2,66.16161616161617,0.2067737581518255,0.18630886584915346,0.4284549448118948,3.798498001784519,0.3914898170129811
2,66.66666666666667,0.20146242722370789,0.20652921771398272,0.4556390765477972,3.7944321722022845,0.3996980777069527
2,67.17171717171718,0.1924619750924796,0.22834036949041234,0.4781433298285605,3.7913658934112,0.4069778465563989
2,67.67676767676768,0.17996600392007145,0.25113335510573964,0.4948964362430472,3.789580200890767,0.4130219548639309
2,68.18181818181819,0.1643435447105811,0.2742065378514171,0.5048216947358531,3.7893143156000155,0.4175591980596521
2,68.68686868686869,0.14616638756225642,0.29676541095783504,0.5068438482177114,3.7907512388115485,0.42036984792775195
2,69.1919191919192,0.12624027562146375,0.3179279484858799,0.4999190423548913,3.7940013261413497,0.4213035470331657
2,69.6969696969697,0.10563452660257208,0.33673814398632906,0.48312971382571135,3.799083505698414,0.4202999648297723
2,70.20202020202021,0.08568976610199942,0.35219466924473825,0.45591006987874977,3.80590492215551,0.41741144754460036
2,70.70707070707071,0.06794010871603431,0.3633120311949977,0.4184495145384422,3.8142431495640237,0.4128235928938862
2,71.21212121212122,0.05383677488338721,0.3692222055613114,0.3721831594447075,3.8237445614313765,0.40685984040034634
2,71.71717171717172,0.04422720378863007,0.36931491199478744,0.3200465159784274,3.8339600447957123,0.39994842129957925
2,72.22222222222223,0.03894654150569611,0.3633679795549904,0.2660686979851634,3.8444281205119246,0.39254050783212746
2,72.72727272727273,0.03709467441059019,0.35160516474990544,0.21446017699792,3.854763443620577,0.3850209011828956
2,73.23232323232324,0.037747341597921744,0.3346720720882941,0.16889628786386227,3.86468925360109,0.3776733283208099
2,73.73737373737374,0.04035617781536488,0.313569164469134,0.13219025659454914,3.8740120418107495,0.37070350677086444
2,74.24242424242425,0.04473283754975659,0.289556545811553,0.10599117336913885,3.882581062552416,0.36427819853459065
2,74.74747474747475,0.050897123458023094,0.2640143548640675,0.09047629116032348,3.890259382045877,0.358553536159774
2,75.25252525252526,0.05893975996905957,0.238275091229089,0.08450916360108722,3.896910705212264,0.3536880563798928
2,75.75757575757576,0.06892082842854576,0.21349975499320922,0.08638938903591067,3.902398023565904,0.3498440610490979
2,76.26262626262627,0.08079680615868902,0.19063977806782625,0.09460354073052225,3.906590778612298,0.34718039461381306
2,76.76767676767678,0.09437505193777111,0.1704566544742102,0.10811143718518416,3.9093774694304653,0.34583954681620716
2,77.27272727272728,0.10929916419143387,0.1535475842728194,0.12625885678935747,3.910680553677699,0.34593214344434453
2,77.77777777777779,0.12506475231999442,0.1403537045767564,0.1485806561436634,3.9104704212745394,0.34752203538530385
2,78.28282828282829,0.14105951317918436,0.13115585040870734,0.1746377547385779,3.908775684982387,0.3506147918148342
2,78.7878787878788,0.15661527570704561,0.12607393560583274,0.2039230569783251,3.905687957479177,0.3551515315468097
2,79.2929292929293,0.17105950879361342,0.12508295503048514,0.23582118388574752,3.9013610271935963,0.36100832417492
2,79.7979797979798,0.18375880320602,0.1280440100190394,0.26960382975469177,3.896005050595721,0.3680006499221037
2,80.30303030303031,0.19414803165765782,0.13474006232800384,0.304444222452715,3.8898773197831518,0.3758914636115511
2,80.80808080808082,0.2017482745148115,0.14490350654887077,0.339436886843267,3.8832712050175986,0.3844013193014081
2,81.31313131313132,0.20617599568282777,0.1582285176713269,0.37361853534872,3.876504475966509,0.3932193782521655
2,81.81818181818183,0.2071500042179633,0.17436888530928454,0.40598505598225876,3.869907736440987,0.4020145699404546
2,82.32323232323233,0.20449897428255015,0.1929265917935709,0.4355062816948022,3.8638131135446714,0.41044675983612805
2,82.82828282828284,0.19817266751031054,0.2134374113236744,0.4611366737585338,3.858543067222692,0.4181780551568232
2,83.33333333333334,0.18825701158768138,0.23535804454518638,0.48182287777750615,3.8543989655713045,0.42488458390134176
2,83.83838383838385,0.17499354815089319,0.25805754780829177,0.49650768885866653,3.8516490078721355,0.430269209630974
2,84.34343434343435,0.1588030878765526,0.2808138281941602,0.5041324949481261,3.8505150590940675,0.43407561852557036
2,84.84848484848486,0.1403133612506223,0.3028153652962584,0.5036484346019658,3.851157826918766,0.43610437635698074
2,85.35353535353536,0.1203878186758426,0.32316859359829836,0.49406285280990775,3.853660113584574,0.4362312489061361
2,85.85858585858587,0.10014938661330006,0.3409147331145079,0.4745587831196339,3.8580080237796404,0.4344279728502119
2,86.36363636363637,0.08096851699289447,0.3550667110293453,0.4447680015724287,3.8640713822465402,0.4307842919728843
2,86.86868686868688,0.06434561112685769,0.36467797464338736,0.4051845824724743,3.87159000203461,0.4255244767217587
2,87.37373737373738,0.05157616948606327,0.36895377788446304,0.3576163758321388,3.8801807102813797,0.4190032195228202
2,87.87878787878789,0.04323993207442626,0.3673892525917309,0.30527805682106457,3.8893854751988504,0.41165983000666745
2,88.3838383838384,0.038956825942747464,0.35988131149377917,0.25223163307162666,3.8987589191463177,0.4039314404745269
2,88.8888888888889,0.037811215084012646,0.34676307794375133,0.2025111569340115,3.9079434840509464,0.39617658885240703
2,89.3939393939394,0.03899515963568912,0.32876781265965144,0.15953666560079433,3.9166844694825884,0.3886578708907635
2,89.89898989898991,0.04207527708720048,0.3069576736006403,0.12581986619539356,3.9247987856039632,0.3815711439597146
2,90.40404040404042,0.046929203686284914,0.28262015587765804,0.10264092545764461,3.932137519775802,0.37508176395696863
2,90.90909090909092,0.053599136744699835,0.2571204250505859,0.08982442596156012,3.938561632525944,0.36934840630521976
2,91.41414141414143,0.06216726875347605,0.2317416486300901,0.08606374871051976,3.9439324364166377,0.3645324934113663
2,91.91919191919193,0.07266321980020309,0.2075836182018035,0.08970247629578874,3.9481127104587825,0.36079706461293115
2,92.42424242424244,0.08499923885354174,0.18554271295245447,0.09936836583006953,3.9509756765571606,0.358297669799212
2,92.92929292929294,0.09893362661248503,0.16633433932847813,0.1141403379063835,3.9524184333411028,0.35716854413956645
2,93.43434343434345,0.11406541452505199,0.1505133064432572,0.133422485416631,3.952376748185876,0.3575070978324174
2,93.93939393939395,0.12985765265410937,0.13847749451859592,0.1567570702092683,3.9508380476424487,0.35935989226743403
2,94.44444444444446,0.14568119256266748,0.13046372139719736,0.18368272214288744,3.947850113712464,0.3627126607097385
2,94.94949494949496,0.16086728986777402,0.12655130511663193,0.21365786056154792,3.943524083849677,0.3674858897572761
2,95.45454545454547,0.17475656405318116,0.1266827084513772,0.24603215943325635,3.938031989899252,0.373535869436695
2,95.95959595959597,0.1867379914115841,0.13069660527796084,0.28004766164197964,3.931599752923926,0.38066039550296726
2,96.46464646464648,0.19627455576427275,0.13836177567380092,0.31485501196910687,3.9244972245025926,0.38860762575229135
2,96.96969696969697,0.2029180047219985,0.14940045565261453,0.3495335911002964,3.9170268066210805,0.3970866053814571
2,97.47474747474747,0.2063172114930596,0.16349634048489728,0.38311085309087056,3.9095117133512445,0.4057784160709111
2,97.97979797979798,0.20622488917505102,0.1802895487386387,0.414578787983036,3.9022844239219765,0.4143474003510812
2,98.48484848484848,0.20250618393212672,0.199364240048493,0.44290714457800345,3.8956753896440453,0.4224523962304383
2,98.98989898989899,0.19515067303007239,0.2202347452684112,0.4670535744312033,3.8900017648021312,0.4297581948677801
2,99.4949494949495,0.1842883123779624,0.24233405052233922,0.4859702951779777,3.8855558377566988,0.4359475446691882
2,100.0,0.1702100863184739,0.26500689084530005,0.49860713505407644,3.882592696733104,0.4407342278915397
3,0.0,0.45670141401455233,0.5142686600725035,0.5030087770731155,0.5338827026949927,0.47197242932881056
3,0.5050505050505051,0.38413396001034184,0.529811516433693,0.5777543079868304,0.6263865992850219,0.46464088005413984
3,1.0101010101010102,0.30914271212626016,0.5512090796046403,0.6311847314944438,0.7166717053372643,0.45723980222457744
3,1.5151515151515151,0.2319255102924678,0.5756880007900927,0.661459077489042,0.8051820580891904,0.449376086215775
3,2.0202020202020203,0.15432066631328495,0.6004244711677325,0.6654588084076344,0.8923231892932366,0.4406853861858739
3,2.5252525252525255,0.08161727094492849,0.6224700264601618,0.637832778741104,0.9784039770329223,0.4308916546006015
3,3.0303030303030303,0.028797976209487732,0.638681292769064,0.573707160296253,1.0634619021022162,0.4199856850967019
3,3.5353535353535355,0.01324874335767888,0.6464710504766275,0.48549796340066914,1.146926450879754,0.40857184318168327
3,4.040404040404041,0.012033689108871561,0.6453196338975449,0.395393349754121,1.228154171677571,0.39734340548856
3,4.545454545454546,0.012091389580414554,0.6358761658227784,0.3097919884358072,1.3070554478733665,0.3864475944240633
3,5.050505050505051,0.012435304671537509,0.6188720533664773,0.23087622933380766,1.383680615681891,0.3758913798765864
3,5.555555555555556,0.013039353090239165,0.5950824192565627,0.16128722365099155,1.458085840998005,0.36567450245085464
3,6.0606060606060606,0.013937961127347085,0.565488894254174,0.10439690991481604,1.5303239708157983,0.35579864015453905
3,6.565656565656566,0.015184373773587098,0.5314207483233496,0.0633947140338737,1.6004434684384947,0.3462685659999641
3,7.070707070707071,0.016846100156359928,0.49450501664922425,0.03890165371732411,1.668487740594532,0.3370929314611402
3,7.575757575757576,0.019008333295411572,0.45632089144035676,0.027441226093820777,1.734494427329772,0.3282851020182209
3,8.080808080808081,0.021788247586590998,0.41803659112526215,0.02386053830750345,1.7984942419674075,0.3198644625883644
3,8.585858585858587,0.025352145480162548,0.3803724967475143,0.02445205802175973,1.8605089687645375,0.3118586003915712
3,9.090909090909092,0.029925487538654746,0.34378064735748926,0.027454118601249137,1.920548653808089,0.30430634926348765
3,9.595959595959597,0.03579123588715343,0.3086104280370392,0.03230752753886543,1.9786083993802017,0.297261299040222
3,10.101010101010102,0.04327045926581559,0.2752018168521257,0.03905246640729274,2.0346655179621718,0.29079501537125746
3,10.606060606060607,0.05267870387223875,0.24392976826705273,0.048023563115883586,2.0886782237695147,0.28499877058229584
3,11.111111111111112,0.06425820129008111,0.21521978128451627,0.05969758505133778,2.140587419553483,0.27998217535016645
3,11.616161616161618,0.07810062281999988,0.1895424060714197,0.07459171103656159,2.1903227638130383,0.27586744182353884
3,12.121212121212121,0.094085092050413,0.16738759015327626,0.09317310957265176,2.2378131714474385,0.27277902586644087
3,12.626262626262626,0.11185284751994257,0.14921971750562865,0.11577471490278668,2.2830006189062106,0.27082967881057485
3,13.131313131313131,0.13082690250789958,0.1354228181207064,0.1425262199890593,2.3258543895827417,0.27010573993454645
3,13.636363636363637,0.15026203543746622,0.12625083675419893,0.17331370128535337,2.366383561039739,0.2706538805309138
3,14.141414141414142,0.1693163575190976,0.12180157507267496,0.20776719035964503,2.4046457740303375,0.27247132249286315
3,14.646464646464647,0.18712138253806745,0.12202429449187092,0.24527983048233576,2.440751247604755,0.27550066876634705
3,15.151515151515152,0.20283877492266475,0.12675407677903738,0.28504414137066764,2.4748624715192937,0.27962901872806856
3,15.656565656565657,0.21570345541813368,0.13575217006668447,0.32609023599870623,2.507190216964639,0.28469081830512455
3,16.161616161616163,0.2250445896637127,0.1487331974746027,0.36733175707537247,2.5379872251955007,0.29047315520713696
3,16.666666666666668,0.23030541879796332,0.1653709243500832,0.4075892301818541,2.5675403807890405,0.29672273291427764
3,17.171717171717173,0.23105362405920546,0.1852855836399491,0.4456241702236038,2.596161913662897,0.30315400804638704
3,17.67676767676768,0.22699919372063565,0.20802303581677817,0.4801527610076186,2.6241799384024986,0.3094581989571202
3,18.181818181818183,0.21801809295649718,0.23303201259653128,0.5098556283145225,2.651927817244467,0.31531369910236895
3,18.68686868686869,0.20417671498361598,0.2596475812762447,0.5333950488318471,2.6797325568001003,0.32039770997635775
3,19.191919191919194,0.18577670285001247,0.2870805204387638,0.5493789929191508,2.7079011184188175,0.32440024449583404
3,19.6969696969697,0.16339748669917964,0.3144117983417359,0.5563600403979416,2.7367043981100228,0.3270407975037576
3,20.202020202020204,0.13797154541618734,0.3405917375669765,0.5527810456228799,2.766357403374238,0.32808922001381446
3,20.70707070707071,0.11088211036538943,0.3644406932881917,0.5370183160452422,2.7969935750353496,0.3273929584087806
3,21.212121212121215,0.08409915327753383,0.3846649610152808,0.5076159531116352,2.8286306401160863,0.3249134284984419
3,21.71717171717172,0.06025800766161189,0.3999147244484433,0.4639857317118403,2.8611269436241438,0.3207727999744966
3,22.222222222222225,0.04225294965061628,0.4089383926386546,0.4076628523531242,2.8941444473104267,0.31529508962150904
3,22.72727272727273,0.03163861293520712,0.41084840776865067,0.34321132775214774,2.927180798524472,0.3089783824291901
3,23.232323232323235,0.027137840181285323,0.40536507058278937,0.2769542885984305,2.959732855452786,0.30233337449577136
3,23.73737373737374,0.02620991669939448,0.39283401280152597,0.2144785053248433,2.9914639197638,0.29571400326121444
3,24.242424242424242,0.02722357785954368,0.3740821255980721,0.1599017992801737,3.0222040638099283,0.28931300389514886
3,24.747474747474747,0.029594988858787696,0.35030444706639186,0.11630827512903019,3.0518657455709968,0.28324343833350746
3,25.252525252525253,0.03326305684814258,0.32298246940651665,0.08557414596209602,3.08038446430463,0.2775969135580261
3,25.757575757575758,0.03837815242556177,0.29373002575883417,0.06761802811161226,3.107692485344228,0.27246967364002345
3,26.262626262626263,0.04516553814746857,0.26406181602463835,0.06040954257535338,3.133708824818097,0.26797281783724974
3,26.767676767676768,0.05384924046869466,0.2352243298777669,0.06126863822066207,3.1583371229928843,0.26423475944118635
3,27.272727272727273,0.06458529556509542,0.20818364228002928,0.06813743613008029,3.181469038785172,0.2613981469809353
3,27.77777777777778,0.07739596760832522,0.18370334328155982,0.0798867800029945,3.2029929538930864,0.25961133742614867
3,28.282828282828284,0.09211952508340614,0.16241299502324605,0.0960333223676607,3.2228073264825383,0.25901496547624286
3,28.78787878787879,0.10839197945755008,0.14483091197671302,0.11638203560757662,3.240836566516046,0.2597256579208711
3,29.292929292929294,0.12566684788819918,0.13134980718498226,0.14077743500301618,3.2570464087510698,0.2618198867418155
3,29.7979797979798,0.14326439672366212,0.12221174413086561,0.168963969539547,3.2714557428815354,0.2653210531139127
3,30.303030303030305,0.16043487294976366,0.11749692109646925,0.20052390854431607,3.284143105847976,0.2701917056627679
3,30.80808080808081,0.17642084353490872,0.11713841132507909,0.23486635541947223,3.295247390835952,0.27633146096356637
3,31.313131313131315,0.19050691946894574,0.12095908333675384,0.2712441762981111,3.304963511271072,0.2835800174338248
3,31.81818181818182,0.2020527206020125,0.1287130986149475,0.30878296640591313,3.3135345467721655,0.29172383159761445
3,32.323232323232325,0.21051119279939545,0.14011497870311246,0.3465111002260043,3.321241943638612,0.3005049462219683
3,32.82828282828283,0.21543831041540346,0.15484873294841003,0.38338588428765547,3.328394977393409,0.30963079093128587
3,33.333333333333336,0.21650047621405946,0.1725596529819327,0.4183143384219057,3.33532009945761,0.31878434281947005
3,33.83838383838384,0.21348429616643216,0.1928365727159621,0.45016916620836106,3.342350284293078,0.32763453118577845
3,34.343434343434346,0.2063109095424556,0.2151923856403422,0.47779991059294985,3.3498141670024886,0.3358470853905726
3,34.84848484848485,0.19505600203541618,0.23904760535017075,0.5000389590605099,3.3580246060267482,0.34309621748948044
3,35.35353535353536,0.17997613139018917,0.2637197738317271,0.5156999195077036,3.3672661285761873,0.3490777061002079
3,35.85858585858586,0.16154126526131488,0.2884187778307414,0.5235704184027796,3.377780715450018,0.3535239236416186
3,36.36363636363637,0.14047550232710507,0.3122468319383357,0.5224115106896114,3.389751263901804,0.356221529167478
3,36.86868686868687,0.11780763615308222,0.33420419905368554,0.5109980648520182,3.4032816656212197,0.3570329738272346
3,37.37373737373738,0.09492428658841491,0.3532048912776515,0.48826548905852696,3.4183730015330585,0.35592234832365616
3,37.87878787878788,0.07358446676247325,0.36811910167674355,0.4537006837572075,3.4348959449886185,0.35298566028497735
3,38.38383838383839,0.05575485071518829,0.37786445460565027,0.40798156751480646,3.452568545818804,0.348476265354349
3,38.88888888888889,0.043017856829653485,0.38156281190087965,0.3536516117651018,3.4709644332057303,0.3428001169206143
3,39.3939393939394,0.03567628083307905,0.37872834305953057,0.2950562159875945,3.4895881521908922,0.3364429839573992
3,39.8989898989899,0.03263837987386348,0.3693851034467216,0.23718424385258816,3.5080015995892806,0.3298441304013213
3,40.40404040404041,0.03248196831446235,0.35405501768240233,0.1844604105828197,3.525900269400794,0.32331769360081025
3,40.909090909090914,0.034306098135169064,0.333676459166475,0.140349054468889,3.543094251345438,0.3170687047407387
3,41.41414141414142,0.03777420067569553,0.30951276795183347,0.10720634249246128,3.5594531176907895,0.3112462111071764
3,41.919191919191924,0.04287903482381079,0.28302582224632233,0.08585849411561883,3.5748648441270983,0.30598350507205574
3,42.42424242424243,0.049752498262521046,0.25569118255668927,0.0753948023527249,3.5892154377497185,0.301418335535493
3,42.929292929292934,0.05854455096562207,0.22882024789124383,0.07383452114735586,3.6023828308367043,0.2976991446336404
3,43.43434343434344,0.06933700302580652,0.20348355712503222,0.07921170887593701,3.6142399351680075,0.2949821688653694
3,43.939393939393945,0.08207869101212788,0.18053188648290694,0.09016548552231414,3.6246644334857376,0.29342165441417595
3,44.44444444444445,0.09654569322419874,0.16064368313805302,0.10592266058299976,3.6335529859934983,0.29315537991011276
3,44.949494949494955,0.11233427341786811,0.1443499556172874,0.12604559969537463,3.6408369942722243,0.29428827628643567
3,45.45454545454546,0.12888649080041145,0.13203191557139488,0.15019838630585838,3.646496707083989,0.2968773614642339
3,45.959595959595966,0.14553917353362958,0.12390964632675648,0.17799917336561444,3.6505710120387,0.3009207163735768
3,46.46464646464647,0.16158242939064843,0.12004234173492014,0.20894905483359447,3.653161488681224,0.3063520442406911
3,46.969696969696976,0.17631445402937285,0.12034988252922603,0.24241254897695985,3.654430676044109,0.31304099444435346
3,47.47474747474748,0.18908397153644635,0.12464988005036211,0.2776270503206715,3.6545957192362866,0.3207982037973699
3,47.979797979797986,0.1993175083715535,0.13269561257057655,0.3137251567562645,3.653918887742867,0.3293836519090229
3,48.484848484848484,0.20653374296835372,0.14420098544064178,0.34975957010189007,3.6526965567006964,0.3385167964419942
3,48.98989898989899,0.21035190061321432,0.15884698798901892,0.384724245414632,3.651247975823731,0.3478871720672795
3,49.494949494949495,0.21049817033277188,0.1762737163678028,0.4175726123780369,3.6499040579469715,0.35716522808061113
3,50.0,0.20681454334013827,0.19606474604930602,0.4472316815545497,3.6489964013682408,0.3660131855845247
3,50.505050505050505,0.19927253198140538,0.21773041396329518,0.47261154754624674,3.6488462191533513,0.37409624407505493
3,51.01010101010101,0.18799095246720907,0.24069410284401907,0.49261158845601327,3.649752804716565,0.3810944881777291
3,51.515151515151516,0.17325886938496082,0.2642836898016751,0.5061215187922007,3.651981121577189,0.386715940094754
3,52.02020202020202,0.1555642545024991,0.28772894527443754,0.5120204953443961,3.6557478813579687,0.39071145371786115
3,52.525252525252526,0.13562874900051547,0.31016371566311657,0.5091875587648386,3.661205486979626,0.39289206522372316
3,53.03030303030303,0.11444392865673288,0.3306337924269228,0.496561191653823,3.668423574062401,0.39314908886952243
3,53.535353535353536,0.09330016417341014,0.3481185430286036,0.47331169608105234,3.6773673178777533,0.3914779904582174
3,54.04040404040404,0.07376624099035714,0.3615757124631881,0.43918419243748397,3.6878758120615656,0.38800258463103116
3,54.54545454545455,0.057503591824646906,0.3700302824482971,0.39504228941513475,3.6996482322056217,0.38299193564382084
3,55.05050505050505,0.04577368656344697,0.37271275618500416,0.34333743813730006,3.712260446949501,0.3768467980444618
3,55.55555555555556,0.03881442278502523,0.36921463109455216,0.28798722444708297,3.7252352008816394,0.37003152642933007
3,56.06060606060606,0.03580901578341209,0.3595863482768122,0.2334739365550084,3.738146048821184,0.3629701363170109
3,56.56565656565657,0.035642762166776296,0.34433617944702555,0.18388930971604278,3.7506800891167478,0.3559815401308377
3,57.07070707070707,0.037553225514284166,0.32436741981469186,0.14249864578267318,3.7626267202233525,0.34928820361731716
3,57.57575757575758,0.041224769186429526,0.30089154121944217,0.1114928948277055,3.773833321360857,0.3430586200473904
3,58.08080808080808,0.04662906025994767,0.27530272880365786,0.09161821846526225,3.78416850197954,0.33744318191434314
3,58.58585858585859,0.053862161621275405,0.24900609958266087,0.08207489260789273,3.793502721616288,0.33259332294207555
3,59.09090909090909,0.06302721397162371,0.22326018617529902,0.08113793061034695,3.801702863171286,0.32866698061678934
3,59.5959595959596,0.07414924261375166,0.19910636047319932,0.08706380560778114,3.808636262787608,0.3258246074552915
3,60.101010101010104,0.08711632394709473,0.1773791841438986,0.09859459349407465,3.8141815062313675,0.32421824471546346
3,60.60606060606061,0.10164959024424672,0.15874035290353558,0.11495976248179962,3.818242962095473,0.32397656548309883
3,61.111111111111114,0.11730555319132659,0.14369643337211926,0.13567111810674806,3.820765885245271,0.3251890068399079
3,61.61616161616162,0.13350713400493994,0.13259700852876832,0.160323522610764,3.8217490341514693,0.3278920724215271
3,62.121212121212125,0.14959392778395728,0.1256284780240283,0.18846774944414924,3.8212523839547186,0.3320602998262033
3,62.62626262626263,0.1648770509060244,0.12282157368777466,0.21954968670739783,3.819399073896307,0.33760289587029507
3,63.131313131313135,0.17868868607677382,0.12407717463048158,0.25289406700894435,3.8163718776488116,0.34436586788382423
3,63.63636363636364,0.19041868674197188,0.12920306028895442,0.2877142234366492,3.812405463100759,0.3521385006620353
3,64.14141414141415,0.19953744956181171,0.13794766057298752,0.3231321709296717,3.8077760940119454,0.3606626029944698
3,64.64646464646465,0.20560829604368971,0.15001986863351277,0.3582005337028114,3.802790227644886,0.3696431090022803
3,65.15151515151516,0.2082946771380175,0.1650924390671701,0.39192209304402154,3.797772964070982,0.37875909185987566
3,65.65656565656566,0.20736700485285,0.1827930020362742,0.42326585727647176,3.793056733043291,0.3876748021672514
3,66.16161616161617,0.2027122115456156,0.20268928194329805,0.4511796858280742,3.78897017305763,0.3960507703905791
3,66.66666666666667,0.19434726448576062,0.22427432697871022,0.47459944933403025,3.7858269163534444,0.40355524342101456
3,67.17171717171718,0.18243733353252822,0.2469550804913977,0.49245402390673065,3.783913905314515,0.4098763583727916
3,67.67676767676768,0.16731865589401015,0.2700461241141072,0.5036668132320054,3.783478737719636,0.41473557568222424
3,68.18181818181819,0.14952550378898255,0.29276884106720447,0.5071600434986416,3.7847155007461937,0.4179029107359331
3,68.68686868686869,0.1298207376455569,0.3142554387302927,0.5018784105824237,3.7877487751060035,0.41921431746808446
3,69.1919191919192,0.10922697412757727,0.33356037189446724,0.4868671916636646,3.7926152827679886,0.41859183228685926
3,69.6969696969697,0.08904059112575417,0.3496865719911759,0.46147470062833157,3.7992434257802437,0.41606628988952915
3,70.20202020202021,0.07077756709817623,0.361638305812916,0.42571906476658855,3.807434606218503,0.41179866165101925
3,70.70707070707071,0.05593848839919958,0.36851643563792064,0.38078725865481117,3.8168571664445956,0.40608910230065803
3,71.21212121212122,0.045520859939716274,0.36965402893917265,0.32936444891371786,3.8270738252970578,0.3993522949921294
3,71.71717171717172,0.03953802348448262,0.3647541652795679,0.2753567391512456,3.837618074647075,0.3920426489817507
3,72.22222222222223,0.03716485076662159,0.35396308880016714,0.22301418405871623,3.848087052274342,0.38456096974170173
3,72.72727272727273,0.03743506236823697,0.33785799567419195,0.17614037232523436,3.8581860682081297,0.37720782897257965
3,73.23232323232324,0.039726921077588705,0.31738475525364707,0.13771961777527267,3.8677104141674223,0.370199397344537
3,73.73737373737374,0.04379952969550122,0.293768495178726,0.10963135563583501,3.8765047027072077,0.3637065096096646
3,74.24242424242425,0.049647730020104204,0.2683820518705587,0.09231397608529998,3.884431140320953,0.35788564714482557
3,74.74747474747475,0.057358686819257154,0.24257838956500374,0.0848136132789238,3.891353866408173,0.3528944039924818
3,75.25252525252526,0.06700424827886708,0.21755409130462164,0.08545970386791737,3.8971357574239978,0.34889468302895427
3,75.75757575757576,0.07856335700786653,0.1942966469060963,0.09266936179187195,3.901644380384407,0.3460467115941269
3,76.26262626262627,0.09187141963884077,0.17359837264757202,0.10531941291977528,3.9047638572017673,0.3444969362224534
3,76.76767676767678,0.10660010192768526,0.15608382412180963,0.1227028702727715,3.906409619754714,0.3443627192366116
3,77.27272727272728,0.12226829788078912,0.1422212135244527,0.14433592929821948,3.9065427597859816,0.34571710639907066
3,77.77777777777779,0.1382783487526378,0.13231932957556425,0.1697843069051302,3.905181143447144,0.3485765409674495
3,78.28282828282829,0.1539674127415665,0.12652504887736782,0.19855724073528827,3.902405225027496,0.35289367791062
3,78.7878787878788,0.1686599801925657,0.12483622139206789,0.23005931666535295,3.8983581421458533,0.3585558629072765
3,79.2929292929293,0.18171288811981942,0.12713072540370599,0.26358118004449027,3.89324069495547,0.36538878497921673
3,79.7979797979798,0.19254736912801898,0.13320244603143816,0.2983115428043804,3.8873025912027264,0.37316402623753187
3,80.30303030303031,0.2006683557998899,0.14279104911616236,0.33335696267515547,3.880831606787762,0.38160892530135165
3,80.80808080808082,0.20567504266838516,0.1555971050258268,0.3677624929535354,3.874141964120294,0.3904174815885933
3,81.31313131313132,0.20726770420757468,0.17128210454641113,0.4005297567623281,3.8675627235138896,0.3992615133801479
3,81.81818181818183,0.2052550710966629,0.18945813566015562,0.43063179760526166,3.8614264464770196,0.407801807235091
3,82.32323232323233,0.1995647532409705,0.2096735380273581,0.45702466799237584,3.8560580046851745,0.4156993774728671
3,82.82828282828284,0.19025755457083454,0.23139957252224774,0.4786557402354373,3.851763224702413,0.4226271324829053
3,83.33333333333334,0.17754624382865858,0.2540208784431593,0.49446788853889173,3.84881698667308,0.42828235948711113
3,83.83838383838385,0.16181874041231742,0.2768310838343154,0.5034011763111823,3.847450267518145,0.43240056117015163
3,84.34343434343435,0.1436647879934767,0.29903361497059017,0.5044026008510056,3.8478356312623205,0.4347711345981927
3,84.84848484848486,0.12390513149332429,0.3197479926021781,0.4964633636597466,3.8500708404291446,0.43525526870943976
3,85.35353535353536,0.1036176638369492,0.3380243542969702,0.47871922650766935,3.8541604012188335,0.4338062997125132
3,85.85858585858587,0.08413547026153455,0.35287599523927854,0.4506973846724204,3.859995745764326,0.4304919080900962
3,86.36363636363637,0.06695490184563874,0.36334194136526154,0.41270652489145987,3.8673396660442596,0.4255124255668806
3,86.86868686868688,0.053443408813638904,0.3685908198986316,0.3663054174569823,3.875828284779207,0.41920179366004245
3,87.37373737373738,0.04433929949884423,0.3680574698521412,0.314489549233943,3.885010915418675,0.4119902076772203
3,87.87878787878789,0.0394148553526639,0.36156427226133936,0.2612414563733512,3.8944333599889296,0.40432187575564327
3,88.3838383838384,0.037794752421466744,0.3493702692055302,0.21065814235868507,3.903719997154963,0.39657198471227334
3,88.8888888888889,0.03861884839204412,0.332144528296565,0.16629262333741182,3.912599993293412,0.38901825829534675
3,89.3939393939394,0.04138753610960065,0.3108994193470289,0.13083545788845435,3.9208809433504896,0.3818651569764111
3,89.89898989898991,0.04593511623187155,0.2868937615286332,0.10580453963170429,3.9284103554722836,0.3752810475432002
3,90.40404040404042,0.05228548567646104,0.26149214698851253,0.09127013601062695,3.9350486310441575,0.36942463897478006
3,90.90909090909092,0.060521680625307016,0.23600201360243334,0.08606844668297438,3.940657285321764,0.36445662778068955
3,91.41414141414143,0.07068808053534009,0.21155869785053635,0.08854442825090629,3.945098419106166,0.3605402120816041
3,91.91919191919193,0.08272085466382173,0.18909266725950943,0.09725110729849963,3.9482425802927295,0.35783313421905266
3,92.42424242424244,0.09640625778883073,0.169348679975827,0.11119364587552369,3.94998165584834,0.35647444959383967
3,92.92929292929294,0.11136986234985753,0.15290853157684373,0.1297341680223939,3.9502436731920603,0.35656906567149793
3,93.43434343434345,0.12709528888671612,0.1401974147645339,0.15240339318357649,3.9490063104577393,0.3581732498852324
3,93.93939393939395,0.1429655397050571,0.13147995033815918,0.17874804548465495,3.946306471028585,0.36128380759189616
3,94.44444444444446,0.15831481911788037,0.12686147564651942,0.20824398712175665,3.942244282134141,0.3658326792886956
3,94.94949494949496,0.17247860934962791,0.12630577664796025,0.24026027631089533,3.9369815622600655,0.3716870533091887
3,95.45454545454547,0.18483518156126852,0.12966669118358684,0.27405654457047396,3.9307354859981762,0.3786543711629481
3,95.95959595959597,0.19483312387728682,0.13672287075173586,0.3087978270599356,3.9237690220569945,0.386490748513762
3,96.46464646464648,0.2020080319422843,0.14720352037387405,0.3435740897519966,3.9163797146123014,0.39491129392410074
3,96.96969696969697,0.2059913257993277,0.1607990409510012,0.3774204229588056,3.90888794692826,0.40360120960382706
3,97.47474747474747,0.20651715367715942,0.17715787525588447,0.40933360452974094,3.9016253567209924,0.4122270076447819
3,97.97979797979798,0.20343030058601994,0.1958749077584433,0.438286293239943,3.8949235076221354,0.4204477331742111
3,98.48484848484848,0.1966977216811551,0.21647749719036324,0.4632373673381136,3.8891026482688966,0.4279263554145192
3,98.98989898989899,0.18642353857598093,0.23841335948428388,0.48313962681765316,3.8844602267743857,0.43434163904134326
3,99.4949494949495,0.17286931104464812,0.26104271463873646,0.49694261742662055,3.88125873138735,0.43940099270754485
3,100.0,0.15647769584839796,0.283635649320221,0.5035960126416489,3.879712315864563,0.44285481134253296
4,0.0,0.5219705196889295,0.4510498369378523,0.4873287854410174,0.48635189116163774,0.4688908564774887
4,0.5050505050505051,0.4624250068628899,0.46848768232473564,0.5748539950492474,0.579502700172537,0.4621107386459443
4,1.0101010101010102,0.3985991831743116,0.493511953300322,0.6438944569283673,0.6699944569814718,0.455688664880856
4,1.5151515151515151,0.3297900668954494,0.5234998164352725,0.6933429847178312,0.7582856894137385,0.4492269191756708
4,2.0202020202020203,0.2562808999328237,0.5558167762597979,0.7218464715043087,0.8448336777099875,0.44231860490219993
4,2.5252525252525255,0.17971011579122032,0.5878558887827928,0.7273285464758711,0.9300727128355804,0.43456950964241003
4,3.0303030303030303,0.104286251974736,0.6169898743065539,0.7055395588542202,1.014365374591236,0.42564785626974866
4,3.5353535353535355,0.041471569366663304,0.6404133726727068,0.6498994819384838,1.0978697584304422,0.4154199542230001
4,4.040404040404041,0.014529267453213443,0.6554187820535251,0.5639862855177562,1.1801784170288279,0.40431956265482066
4,4.545454545454546,0.011661257079778262,0.6609754484053643,0.4707544170284881,1.2604550678287458,0.39322522025366136
4,5.050505050505051,0.011488304127635806,0.6576829988646659,0.38052770527495466,1.3384522521171267,0.3824395670758643
4,5.555555555555556,0.011638646087958648,0.6463280451988106,0.29541205361632455,1.4142064320210244,0.37198255159167365
4,6.0606060606060606,0.012017314294968209,0.6276266609774073,0.21743275251287458,1.4877735404461174,0.3618533469310939
4,6.565656565656566,0.012639601235850041,0.6023516286380146,0.14939007516589992,1.5592073996324336,0.35205184623627633
4,7.070707070707071,0.013542397223250227,0.5715132367471503,0.0947918540381764,1.6285582295840424,0.342580227098905
4,7.575757575757576,0.01477690665418146,0.5364889485257179,0.05664119516040967,1.6958719755345295,0.3334437175018143
4,8.080808080808081,0.01640616347103983,0.4989212206626713,0.034826608385078395,1.7611897429080539,0.3246512670715434
4,8.585858585858587,0.01851021591298037,0.4603276653083624,0.0251646127608593,1.8245471415571881,0.316216322562412
4,9.090909090909092,0.021201463886577017,0.42177427758413416,0.022484241708787166,1.8859730999286681,0.3081581529746214
4,9.595959595959597,0.024640897232505714,0.38389983621817236,0.02341563008139245,1.9454878070788661,0.30050408301584125
4,10.101010101010102,0.02904749650531115,0.34710871280245714,0.02646135862117476,2.0030998778030256,0.29329255905550394
4,10.606060606060607,0.03469769179393755,0.3117238349371979,0.031191464864820523,2.058803124378962,0.2865766775849391
4,11.111111111111112,0.041909039340109346,0.27806855812158615,0.037695462805651156,2.1125736055684103,0.28042750769825464
4,11.616161616161618,0.051000348968211116,0.24650535939710702,0.0463225730080424,2.1643680979263817,0.27493604351977424
4,12.121212121212121,0.06222689006635834,0.21744977738123816,0.057553004359841224,2.2141255435069374,0.2702121829796843
4,12.626262626262626,0.07570301314970167,0.19136546198666696,0.07190865431548799,2.261772767793336,0.2663793565976341
4,13.131313131313131,0.09133753642849851,0.16873976183500933,0.08986829764535545,2.3072348866349572,0.26356428183277875
4,13.636363636363637,0.10880447456265281,0.15004075258705052,0.11178617283640535,2.3504489442735466,0.2618832087376207
4,14.141414141414142,0.12755286497665555,0.13566258283770924,0.137821800050481,2.391378659065992,0.26142673257712434
4,14.646464646464647,0.14686341041732207,0.12587376414966578,0.16789529997785257,2.430027186426439,0.26224627080155577
4,15.151515151515152,0.16590283979328974,0.12078767108904687,0.2016744197578215,2.4664465252444066,0.26434364794410115
4,15.656565656565657,0.18381552131691734,0.12036625850087612,0.23858562687058332,2.500741818461126,0.267665627206809
4,16.161616161616163,0.19975950426585973,0.12445271648154273,0.277853560442425,2.5330712761045393,0.2721027820255083
4,16.666666666666668,0.21297378499266867,0.13281290922934946,0.31853585644999616,2.563642206516778,0.2774923039809872
4,17.171717171717173,0.22278253461906372,0.14516559178422994,0.3595696198869261,2.5927044579642207,0.2836235312122945
4,17.67676767676768,0.22862314887678534,0.16119126739461065,0.3997989955653433,2.620542762773893,0.2902447354448156
4,18.181818181818183,0.23005414990455078,0.18052171632281613,0.4380038724375334,2.647467700175314,0.29707148467889827
4,18.68686868686869,0.22677204006056564,0.20271918530112326,0.4729177462149541,2.673806270043214,0.3037956085680424
4,19.191919191919194,0.2186317097372154,0.22725389630305856,0.5032419085304596,2.699891486451072,0.31009536021730966
4,19.6969696969697,0.20567311654098278,0.2534857111378178,0.527650445251282,2.7260508482687245,0.3156469542545133
4,20.202020202020204,0.18815710314704678,0.28065269159793105,0.5447813248052099,2.752593127289595,0.3201380835643167
4,20.70707070707071,0.16661209318649284,0.30786544741195565,0.5532117445519961,2.779792911963203,0.32328397914877594
4,21.212121212121215,0.14189777179332075,0.3341051255768064,0.5514284612158301,2.807871612526715,0.3248474063490487
4,21.71717171717172,0.11529566979187975,0.35822453246249003,0.5378407788982498,2.836973404621529,0.3246641971828396
4,22.222222222222225,0.08863250359489036,0.37896015131935523,0.5109725123817679,2.8671330988023334,0.3226775040763007
4,22.72727272727273,0.0643749775856413,0.394980603926906,0.47005037155334717,2.8982350620469175,0.31898181781670354
4,23.232323232323235,0.045361918324381995,0.4050178985128135,0.41614513144694026,2.929974205637287,0.3138658568737765
4,23.73737373737374,0.03349006419756457,0.40811210983957164,0.35322098214124226,2.9618700705173415,0.3078028009230263
4,24.242424242424242,0.028035113163772996,0.4038691986818527,0.28736203902331825,2.9934051596820113,0.3013145843141305
4,24.747474747474747,0.026578646073736036,0.39252728520889973,0.22435212803695798,3.024204334125091,0.2947911416376931
4,25.252525252525253,0.027302752116555303,0.3748331007031702,0.16854666954726033,3.0540675773947643,0.2884536776738079
4,25.757575757575758,0.029470780388424003,0.35191953423743133,0.12320165127470913,3.0828928452806323,0.28242863999105944
4,26.262626262626263,0.03295118716362964,0.3252229331728604,0.09044035231513155,3.1106100941958483,0.27681227929812535
4,26.767676767676768,0.0378658349006194,0.2963445588264632,0.07055141081910853,3.137149757478001,0.27170185142047293
4,27.272727272727273,0.04442982467390034,0.26682691852387824,0.06179822298229019,3.162430412799336,0.26720809891529
4,27.77777777777778,0.05286699699796936,0.2379656097417303,0.061540537275872005,3.1863555667944032,0.2634587806129286
4,28.282828282828284,0.0633414038953729,0.2107710742861394,0.06759282777217603,3.20881637741895,0.2605962660084874
4,28.78787878787879,0.07589078684286948,0.1860370384759464,0.07868755281588982,3.2296998100236025,0.25876957114943633
4,29.292929292929294,0.09037399145733174,0.1644127928927291,0.094252862479254,3.248901597659997,0.25812134710212015
4,29.7979797979798,0.10644882690423951,0.14643255134685987,0.11405340515954791,3.266342004020711,0.2587717383230226
4,30.303030303030305,0.12358814479964574,0.13250537754934236,0.13792451520182217,3.2819814060970662,0.26080205504202947
4,30.80808080808081,0.14112601512706419,0.12289125089441309,0.16561865739678194,3.2958325726590427,0.26424143348646084
4,31.313131313131315,0.15832013356726368,0.1176879199708725,0.19673403628052713,3.3079677362464923,0.2690584834946959
4,31.81818181818182,0.17441455046089682,0.11684309333191009,0.23069793459141255,3.3185198117073598,0.2751586977817565
4,32.323232323232325,0.18869094086282526,0.12018966928264191,0.26678038040365865,3.327678465666033,0.2823870475825428
4,32.82828282828283,0.20050315105102243,0.1274877240348673,0.3041220201176693,3.3356824654867063,0.2905344363322369
4,33.333333333333336,0.2092967363641285,0.1384555545500312,0.3417638792606504,3.342809948215057,0.2993464369062699
4,33.83838383838384,0.21461911522458207,0.1527811145161293,0.3786739315306922,3.3493678629359773,0.3085330895170682
4,34.343434343434346,0.21612682118388396,0.17011550455367266,0.4137682027240181,3.3556812797624542,0.3177790782334865
4,34.84848484848485,0.21359463406839616,0.19005601401580793,0.4459272866559171,3.3620827284798547,0.3267541219093284
4,35.35353535353536,0.2069292727802997,0.21212666667922842,0.47400774673051294,3.368901378322828,0.3351237590026223
4,35.85858585858586,0.19618836026956094,0.23576124971087267,0.49684911770557294,3.3764517117363697,0.3425608958471356
4,36.36363636363637,0.18160599978459102,0.26029213283588415,0.5132730706697831,3.385021141633156,0.3487586951502376
4,36.86868686868687,0.16362381957627675,0.28494485046995427,0.5220770963413339,3.394856113951292,0.3534452436749487
4,37.37373737373738,0.14293026720560575,0.30883783121388664,0.5220331802716773,3.406145899944459,0.3564008918185345
4,37.87878787878788,0.12050909484619038,0.33098712019135923,0.5119194397395287,3.419003376109673,0.35747898775473125
4,38.38383838383839,0.0976916472695936,0.3503211952610934,0.49065349329532393,3.4334416924118454,0.3566312162564533
4,38.88888888888889,0.07617845775070524,0.36571775985887295,0.45763729033341244,3.449347658529731,0.35393676539543845
4,39.3939393939394,0.057908694340519325,0.37608879405152174,0.4133681147817733,3.466458126446422,0.34962912719612105
4,39.8989898989899,0.044539164257335805,0.38052696220203475,0.3601236352533391,3.4843630126016407,0.34409648722266317
4,40.40404040404041,0.036567233793956364,0.3784923381950254,0.3020324394732918,3.502570461428505,0.3378192938918059
4,40.909090909090914,0.033057926942963944,0.3699433805936588,0.24404426182763517,3.5206295951012034,0.33124798242479786
4,41.41414141414142,0.03259078951172446,0.3553410991660548,0.1906720147604268,3.538217422310768,0.324713957389823
4,41.919191919191924,0.03419329217368611,0.33557319262040874,0.14549691125273828,3.5551306061578285,0.3184348341763671
4,42.42424242424243,0.0374702240862971,0.3118643753049689,0.11102623083782241,3.5712321348543328,0.3125656303053276
4,42.929292929292934,0.042382725730696354,0.28565652671320435,0.08830027539883745,3.586407554742701,0.3072415501214923
4,43.43434343434344,0.04905030478702522,0.2584302436178605,0.07661892553850286,3.6005424418366503,0.3026002876156968
4,43.939393939393945,0.057622613177874454,0.23152166257222911,0.07409283291247122,3.613514769391062,0.2987897606047134
4,44.44444444444445,0.06819005889714802,0.2060306261912216,0.0787207688667154,3.625197074192631,0.29596610110687493
4,44.949494949494955,0.08071650262490808,0.18283215304242664,0.08906432549216543,3.635465585979646,0.29428454978515844
4,45.45454545454546,0.09499645733058036,0.16262348952901604,0.10428906900298657,3.6442140842858866,0.29388535659901505
4,45.959595959595966,0.11064440968831317,0.1459523135721821,0.12392665750403901,3.6513695459244047,0.2948775550724732
4,46.46464646464647,0.12711732793759417,0.13321699844772358,0.14763216997238432,3.656906677025151,0.29732349502007677
4,46.969696969696976,0.14376158526591637,0.12465547577509245,0.17503011355856846,3.660858045538377,0.3012275038443079
4,47.47474747474748,0.15987090172867466,0.12034376882560188,0.20563275045063195,3.663318881969352,0.3065297058176784
4,47.979797979797986,0.1747420190628509,0.12021493754549031,0.23881782503556773,3.6644458739148837,0.3131058127785972
4,48.484848484848484,0.18771850647591878,0.12409601361570721,0.273836491192228,3.6644509940399073,0.3207719691724278
4,48.98989898989899,0.19821925218997888,0.13174617231409413,0.30983164340608904,3.6635923976836464,0.32929271093128704
4,49.494949494949495,0.20575431531129698,0.1428830540452092,0.34586463216035557,3.6621635158680967,0.33839095942662734
4,50.0,0.2099332814160324,0.15719149962793305,0.3809361061047931,3.6604817179843385,0.3477587027375483
4,50.505050505050505,0.21047172792950963,0.17431679683673168,0.4140047972545175,3.6588771238378057,0.3570677855853598
4,51.01010101010101,0.20719983034503614,0.19384958983164532,0.444001763983519,3.6576815938706186,0.3659807733687422
4,51.515151515151516,0.20007512713567274,0.21530903206211618,0.46984065130634506,3.657217698615089,0.37416208702902076
4,52.02020202020202,0.1892001313687461,0.2381288109925747,0.4904240878716987,3.6577872640372897,0.3812898161497689
4,52.525252525252526,0.17484484969444455,0.2616482683008264,0.5046448033325028,3.6596590340421966,0.38706868322842874
4,53.03030303030303,0.15747435218909084,0.28510885698138105,0.5113852127508164,3.6630549500846854,0.39124468384387157
4,53.535353535353536,0.1377816861816356,0.30765573273621805,0.5095271727967864,3.668134468634289,0.39362201923762147
4,54.04040404040404,0.11672478482920046,0.3283455260390458,0.49800385020279625,3.6749763231741586,0.39408296516467056
4,54.54545454545455,0.09555744633355848,0.34616535633624496,0.4759511153646878,3.683557534219543,0.39261093430644795
4,55.05050505050505,0.07581667112194744,0.3600747151116103,0.4430344976652213,3.6937313889071675,0.38931505718167
4,55.55555555555556,0.05916287957578426,0.3690882457459999,0.3999695628402927,3.7052122200285162,0.3844484108994037
4,56.06060606060606,0.04692632995365305,0.3724090044631968,0.34901850234625764,3.717587469552364,0.37839903678860415
4,56.56565656565657,0.03947543214935893,0.36958422044998385,0.2939576198053799,3.730381378952218,0.3716284972943877
4,57.07070707070707,0.03608931201907521,0.3606124822940936,0.23924518557785224,3.7431579380502424,0.3645691780354581
4,57.57575757575758,0.035653312565314677,0.34595324200676936,0.18903607283561621,3.7555909194755803,0.357552403789494
4,58.08080808080808,0.037357519482413455,0.3264685844081065,0.14669143916104493,3.7674598373347323,0.3508098846498435
4,58.58585858585859,0.040843932828137634,0.30333925580421967,0.1145336304483865,3.778607068260425,0.34451464541467325
4,59.09090909090909,0.0460604905720985,0.2779448360345767,0.09348264359104486,3.7888995212058196,0.33881838187178837
4,59.5959595959596,0.05309487352140476,0.2516957890942256,0.08289666814726987,3.7982074584590855,0.3338723471009597
4,60.101010101010104,0.062052595814815995,0.22587056706560207,0.0811145282470678,3.806397788091172,0.3298340766375047
4,60.60606060606061,0.07296896941753034,0.20153420928092622,0.08636601452343973,3.8133372150397875,0.3268642837817738
4,61.111111111111114,0.08574749334880484,0.17954194412543464,0.09733566638960704,3.8189024608881095,0.32511653203175567
4,61.61616161616162,0.10012667362636263,0.16057280026299822,0.11320793902803972,3.82299453201676,0.3247225748385454
4,62.121212121212125,0.11567903438702715,0.14514963624495023,0.13347269881960988,3.8255538954848007,0.32577644874216555
4,62.62626262626263,0.13183959591866884,0.1336388792621176,0.15772112469229752,3.826573460556289,0.32832044031696556
4,63.131313131313135,0.14795477585055253,0.1262439755328844,0.1855109799903822,3.826106825607213,0.332335537823669
4,63.63636363636364,0.1633367585936083,0.12301114235005167,0.21629967376277126,3.824270822795003,0.33773747392080505
4,64.14141414141415,0.17731447005154136,0.12385337932444715,0.24942393194873558,3.8212424978608444,0.3443783394005968
4,64.64646464646465,0.1892711511408377,0.1285866791101057,0.2841079621282702,3.8172517121382032,0.35205270038500625
4,65.15151515151516,0.19866890791890843,0.13696463990985408,0.3194823939876125,3.8125710341789874,0.36050663107094266
4,65.65656565656566,0.20506162879274253,0.14869995801173985,0.3546066558394333,3.807504384227704,0.3694482421133544
4,66.16161616161617,0.20810273203049068,0.1634694410039377,0.38848839214006553,3.8023754720410117,0.37855867940530646
4,66.66666666666667,0.20755164139164778,0.18090604064564536,0.4201002614120835,3.797516446321273,0.38750317435931864
4,67.17171717171718,0.20328306625668816,0.20058445495523014,0.44839263045441075,3.7932567692443686,0.39594212409027135
4,67.67676767676768,0.1953001365504212,0.22200619481815126,0.4723030837881042,3.789912024889279,0.40354248038636653
4,68.18181818181819,0.18375185640395417,0.24458768367785821,0.4907621988528871,3.78777230554303,0.40998983178356707
4,68.68686868686869,0.16895576839849735,0.267653586939219,0.5026947682602969,3.7870896588171514,0.41500170548616394
4,69.1919191919192,0.15142404677706944,0.29043518054344836,0.5070234304676734,3.7880641661181302,0.4183425068236854
4,69.6969696969697,0.13189376550380194,0.31207414855182497,0.5026900554113142,3.7908280904596845,0.4198407487326461
4,70.20202020202021,0.11135844873742225,0.33163312483191965,0.48872659261797063,3.7954278384882625,0.41940883051542144
4,70.70707070707071,0.09108515283603358,0.3481191906493043,0.4644356240482192,3.8018037777684617,0.41706540023182137
4,71.21212121212122,0.07256995035392699,0.36053433064889734,0.4297488794151925,3.809770986192983,0.4129572603199713
4,71.71717171717172,0.05733103161544085,0.3679648712106016,0.3857082092682872,3.8190111082713747,0.407370453188438
4,72.22222222222223,0.04644198117750225,0.3697140432594064,0.33483949599672325,3.829095429574018,0.40071002860252875
4,72.72727272727273,0.04002737588989427,0.3654419199798933,0.2809492997141652,3.8395562411458704,0.3934304425354975
4,73.23232323232324,0.03732453830908071,0.3552477072765748,0.22828926078396827,3.849980851541165,0.3859413146367372
4,73.73737373737374,0.03735383342449426,0.3396654376090811,0.18072866861863787,3.860063127885905,0.3785539025102911
4,74.24242424242425,0.03945121604006778,0.3196052738609064,0.14134640260934273,3.8695905682195613,0.37149163853878464
4,74.74747474747475,0.0433420327838373,0.2962672656701241,0.11215276160400973,3.878404142433728,0.3649285987060731
4,75.25252525252526,0.04900349650821875,0.27101548228126027,0.09374589470085197,3.8863649040084276,0.35902206356051947
4,75.75757575757576,0.05651811396272483,0.24521141306985542,0.08529791867892163,3.893336981909899,0.3539292999881313
4,76.26262626262627,0.06596276910681804,0.22007130996379823,0.08517463490276943,3.89918312529187,0.3498119990372973
4,76.76767676767678,0.07732828587772031,0.1966041219569616,0.09176069494805861,3.9037699135235067,0.34683104988198216
4,77.27272727272728,0.09046596389700157,0.17562104681497195,0.10388325170393978,3.90697911338289,0.34513496577963965
4,77.77777777777779,0.1050640754968691,0.15776319680784479,0.12079977840170522,3.9087223089168703,0.3448447406329873
4,78.28282828282829,0.12065583909357579,0.14351494057506467,0.14201112243365158,3.908955422556742,0.3460384766794007
4,78.7878787878788,0.1366537295070309,0.13320156465650343,0.16708336578543523,3.9076902123917296,0.3487387386656166
4,79.2929292929293,0.1523993710109206,0.12698643307883892,0.19553412497885153,3.9050007022996978,0.35290477180975605
4,79.7979797979798,0.16721661396847182,0.12488178802141658,0.2267793009419957,3.90102384358926,0.3584304113480798
4,80.30303030303031,0.18045752446475058,0.12677638540147454,0.2601208766328662,3.8959549417083483,0.36514727778560246
4,80.80808080808082,0.1915361198551523,0.13247115402893092,0.29475684893685744,3.8900392888860384,0.3728319152420178
4,81.31313131313132,0.19994851458529145,0.14171045154850107,0.32980147632133305,3.8835613343599262,0.38121562235895173
4,81.81818181818183,0.2052841513827697,0.15419872209047686,0.3643055302494811,3.876833143431539,0.38999525069314567
4,82.32323232323233,0.20723292073528404,0.1696018005906401,0.3972745880228264,3.8701827968782063,0.3988443262393501
4,82.82828282828284,0.2055922310446825,0.1875374612486332,0.42768440380029166,3.863942994396241,0.4074242315017406
4,83.33333333333334,0.20027705079623423,0.20756119899885392,0.45449270694275756,3.8584398808208986,0.41539542037608085
4,83.83838383838385,0.1913339694712169,0.22915262650437376,0.4766477198881146,3.853981725053725,0.4224290346445154
4,84.34343434343435,0.17895948471682382,0.25170561170774414,0.49309289582691135,3.850847063179588,0.4282193177497714
4,84.84848484848486,0.16352245384479075,0.2745233538441984,0.5027692763927363,3.8492718674542252,0.43249728121673725
4,85.35353535353536,0.14559048480175452,0.29681850821759787,0.5046228289106759,3.8494352634684716,0.43504612701709544
4,85.85858585858587,0.12595922073620602,0.31771881914287425,0.4976367253315741,3.8514433375459878,0.4357189221165257
4,86.36363636363637,0.10567883530650943,0.3362810829380561,0.48092818266372456,3.8553108106051135,0.43445879463010806
4,86.86868686868688,0.08605692313649314,0.3515209071487168,0.453968018839718,3.8609414733397744,0.43132079753634
4,87.37373737373738,0.06858139436177425,0.362470836670157,0.4169624150968534,3.868111647800461,0.42649116202416315
4,87.87878787878789,0.054651740927257116,0.3682809202631106,0.37132579709143265,3.8764693988355146,0.42029103523177597
4,88.3838383838384,0.045093514402701075,0.36835277763819135,0.3199126847359977,3.885569807038216,0.41314377988789713
4,88.8888888888889,0.03977566628993708,0.36246557042005406,0.2666404042788317,3.894954801847887,0.40549639398998866
4,89.3939393939394,0.037860259348049735,0.35083364840310494,0.215628599657666,3.9042383826324976,0.39773353501979125
4,89.89898989898991,0.03846274318286592,0.33408633987602104,0.17050201231867132,3.913139529054995,0.3901424529479723
4,90.40404040404042,0.041044085867573306,0.31320413691488647,0.13405099049435257,3.9214595157733045,0.382933459259977
4,90.90909090909092,0.04541061103722995,0.28942567526891894,0.10792990297409007,3.9290431493197784,0.37627725448491156
4,91.41414141414143,0.051573109554099474,0.26411181039409476,0.09235934867824505,3.93575016852762,0.3703328772604883
4,91.91919191919193,0.05961330354067955,0.23858193186567295,0.0862754850210977,3.9414421088063323,0.3652606780704916
4,92.42424242424244,0.06958289342125405,0.21399162812743905,0.08803711660190176,3.9459807240647082,0.3612238784305421
4,92.92929292929294,0.08143128794750445,0.1912918150866414,0.09615774252736504,3.9492351664515484,0.3583813127309951
4,93.43434343434345,0.09496092964981316,0.17124498341618993,0.10959718036891183,3.9510944892892934,0.35687461456404845
4,93.93939393939395,0.1098133197868996,0.15444901635139485,0.1276893264071278,3.951482405044888,0.3568128330624753
4,94.44444444444446,0.12548504057520496,0.14134521634305047,0.14995533934937538,3.9503710503004807,0.35825771634069487
4,94.94949494949496,0.14136709003136344,0.13221478696385666,0.175944980281516,3.9477910647538765,0.36121240875411487
4,95.45454545454547,0.1567965032012127,0.12717883728272508,0.20514339347118776,3.9438361659765726,0.3656154800654183
4,95.95959595959597,0.171106648029913,0.12621437780042766,0.236931047741307,3.9386621498657757,0.3713405021328475
4,96.46464646464648,0.18367016400080446,0.12918490272413377,0.27057812082362537,3.93248099107856,0.3782006046449163
4,96.96969696969697,0.19392768683970527,0.13587539228513684,0.3052585216038875,3.9255515206655045,0.38595663406285285
4,97.47474747474747,0.20140560733670893,0.14601938946656465,0.3400689601809287,3.918168323030614,0.39432733110597096
4,97.97979797979798,0.20572540245892634,0.15931120956099387,0.3740494185967072,3.9106500058143028,0.40300039794971615
4,98.48484848484848,0.20661054045180013,0.17540400348670965,0.4062000329212395,3.903327589151196,0.41164371390054877
4,98.98989898989899,0.20389420997106172,0.1938987442079195,0.43549549321847747,3.896533152592142,0.4199165565430419
4,99.4949494949495,0.19753032353116795,0.21433025186038773,0.46089594497322695,3.890588601579222,0.4274809584636976
4,100.0,0.187608424567984,0.23615482694015325,0.4813546178278195,3.885794211183439,0.4340135348531596
5,0.0,0.5390023687027083,0.5374354367610594,0.4588213109864194,0.47134273508513064,0.5438603796796915
5,0.5050505050505051,0.4612821097587172,0.5481759716648466,0.5501919992406953,0.5668576615506444,0.53487894157196
5,1.0101010101010102,0.3815127588432428,0.5666388374306202,0.6203270586035058,0.6597908950075384,0.5261232529715386
5,1.5151515151515151,0.29919181867681005,0.5899819087220798,0.6678298474154832,0.7506388481739777,0.5171557040225399
5,2.0202020202020203,0.21508593093280576,0.6153315687841268,0.6905353699485813,0.8398710784567147,0.507554443389891
5,2.5252525252525255,0.13210579792411292,0.6397881373517111,0.684613720130551,0.9278988288700684,0.4969457437094606
5,3.0303030303030303,0.05869002004239224,0.6603208431996722,0.6434993285207536,1.0149828299309327,0.48509838020474627
5,3.5353535353535355,0.01780946477802958,0.6738160578318927,0.5656325221933052,1.1009365715917856,0.47222657256148154
5,4.040404040404041,0.011853411467951786,0.678445095210071,0.47333042096328565,1.1849194456771892,0.4592110543204704
5,4.545454545454546,0.01156485647005626,0.6744656074548389,0.38308184868338757,1.266504759798598,0.44653490687940545
5,5.050505050505051,0.011710201260559338,0.6626210107905649,0.2978690668061006,1.3457090565790861,0.4342412552522601
5,5.555555555555556,0.012079447197524785,0.6435936148275324,0.21971607996305162,1.4225928509745207,0.42232798815875455
5,6.0606060606060606,0.012684164668588247,0.6181116314036809,0.1513850809644609,1.4972152772430616,0.41079285904455826
5,6.565656565656566,0.013559479779052124,0.58713174281773,0.09635462060017998,1.5696317767803252,0.3996358688517805
5,7.070707070707071,0.014753992796140645,0.5519756545263272,0.057665727045986985,1.6398934707995494,0.3888599885178511
5,7.575757575757576,0.01632676243782531,0.5142436462255915,0.03534508827654735,1.708046657512101,0.3784717690079713
5,8.080808080808081,0.01835201931682738,0.4754354939818981,0.025321777739104233,1.774132245088339,0.36848202699956295
5,8.585858585858587,0.02093385771915342,0.43661496287095,0.022404589128807936,1.8381846969837425,0.35890703533204804
5,9.090909090909092,0.024222257940862975,0.39841919667628284,0.02314734590104747,1.9002301464076399,0.3497705770749293
5,9.595959595959597,0.028423047373675937,0.36124584342818394,0.025991933170051176,1.9602837394219017,0.34110682238873874
5,10.101010101010102,0.033799472823763894,0.32540623668764734,0.03046755186063284,2.0183465135221517,0.33296373609321667
5,10.606060606060607,0.0406603623482369,0.29120852412821185,0.03663407088154107,2.0744023677099928,0.3254064637699767
5,11.111111111111112,0.04932669299624072,0.25899768501241777,0.044818521415114956,2.1284161120497247,0.31851969654723833
5,11.616161616161618,0.060073126009182715,0.22917189192027437,0.055488409606801084,2.18033407378124,0.3124074958644731
5,12.121212121212121,0.0730534754618493,0.20218141444877233,0.06916718080738622,2.2300886122023345,0.3071891525695277
5,12.626262626262626,0.08823096015080505,0.17851013900735754,0.086353811811258,2.277607073777916,0.3029904573796434
5,13.131313131313131,0.10533913282874974,0.15863739586212336,0.10744038137922779,2.322824893734552,0.2999305661913778
5,13.636363636363637,0.1238816070847531,0.14298555932002657,0.1326400298410832,2.3657002438836874,0.2981069845687015
5,14.141414141414142,0.14317499995186095,0.13186803760270285,0.16193280124273926,2.406227340820177,0.2975816034789921
5,14.646464646464647,0.16241096729066776,0.1254507822113927,0.19504693287959132,2.4444468131300883,0.29836937801803864
5,15.151515151515152,0.18072698386219618,0.12374579439759781,0.23146259883850298,2.4804518025079645,0.3004310990364733
5,15.656565656565657,0.1972713829700995,0.126634434052499,0.2704455335553125,2.5143888719316103,0.30367127674443134
5,16.161616161616163,0.21124999375233408,0.1339067071280843,0.3110843271948632,2.546455419998652,0.3079395448802646
5,16.666666666666668,0.22195335955968834,0.14529459313931248,0.35233565285872326,2.5768938253848326,0.31303543416401103
5,17.171717171717173,0.2287847727963255,0.1604867515895314,0.39305222051658295,2.6059839737844825,0.31871491927300566
5,17.67676767676768,0.23126159530337345,0.1791231025233428,0.43202018016974425,2.634034454342204,0.32469848525344275
5,18.181818181818183,0.22904123045928917,0.2007770161017682,0.46797177870189577,2.661373333592814,0.33067982218746317
5,18.68686868686869,0.22193618521913497,0.22493313146229035,0.49960597118505834,2.6883375418871447,0.3363361332163662
5,19.191919191919194,0.2099396616990691,0.25096877099075615,0.5255948370988902,2.715261611008146,0.341339341478363
5,19.6969696969697,0.19326085543252117,0.2781411910733822,0.5445782439643653,2.7424646608286993,0.34536932057806485
5,20.202020202020204,0.17236788089978186,0.3055810820808669,0.5551421054412966,2.77023524757592,0.34812958276344175
5,20.70707070707071,0.14804842634304352,0.33229000422975163,0.555784585583475,2.798813038795442,0.3493665157113312
5,21.212121212121215,0.12149550276940815,0.35714058207522953,0.5449113752570376,2.828365587192781,0.34889398602218086
5,21.71717171717172,0.09442795909266498,0.3788846732860935,0.5209693057025299,2.858957742487517,0.34662590628574963
5,22.222222222222225,0.06920979338901435,0.39619003745490944,0.48293146529790487,2.8905115121942693,0.3426191487100308
5,22.72727272727273,0.04871501941369212,0.40774965085082093,0.43135030037115374,2.922762765559461,0.3371205904835134
5,23.232323232323235,0.03524434571830979,0.4125070821286877,0.3695833922667586,2.9552566840528156,0.33057608189599685
5,23.73737373737374,0.02863675473879243,0.40993146455142304,0.3035095024531521,2.9874614741998453,0.3235200179886714
5,24.242424242424242,0.02654745596163159,0.400133350674481,0.23916605179163214,3.0189618183591134,0.3163813687128505
5,24.747474747474747,0.026895003984829302,0.38376035562314215,0.18117969212806126,3.049528281276026,0.309410456976352
5,25.252525252525253,0.028748802033596324,0.3618615249981404,0.1329920069301647,3.0790481336082176,0.3027445597411349
5,25.757575757575758,0.03189052261423354,0.3358057970744435,0.0970290489858481,3.1074509488836624,0.29648056277261015
5,26.262626262626263,0.03640636064167198,0.3071683189656278,0.07407563586779359,3.134671110573742,0.2907119765460772
5,26.767676767676768,0.04249988791313756,0.27752226602255387,0.06281766752058368,3.1606326783581227,0.285544154968332
5,27.272727272727273,0.05040078739745024,0.24822750288553522,0.06067945729688747,3.1852445912529146,0.28109939113320404
5,27.77777777777778,0.06029764229406741,0.22035472502148762,0.06527885729824168,3.2084019557408787,0.2775159633915639
5,28.282828282828284,0.07227146240957641,0.1947389151029159,0.0751299682550038,3.229992692414072,0.27494173191163884
5,28.78787878787879,0.08623759389377468,0.1720586583893131,0.0895291034925165,3.2499092437534167,0.27352246311287953
5,29.292929292929294,0.10191355614238169,0.15287793860946017,0.10819572451101928,3.2680637966757526,0.2733863310000689
5,29.7979797979798,0.11882356799487268,0.13764470161793754,0.13097551540082814,3.2844042623385636,0.27462730153591086
5,30.303030303030305,0.13633722397873316,0.12666708849378513,0.1576614924945415,3.298927837837672,0.27729059185289134
5,30.80808080808081,0.1537280438601456,0.12009442755762448,0.18790336975002553,3.3116897663526736,0.2813626824629813
5,31.313131313131315,0.1702374984971345,0.11792016537134906,0.22117897888389795,3.3228063448029848,0.28676694758413884
5,31.81818181818182,0.18513036938603955,0.12001050166572176,0.2568015200349719,3.3324524335062993,0.29336478405783234
5,32.323232323232325,0.19773463051701687,0.1261455332859722,0.29394509073592334,3.340854776900839,0.3009610393596117
5,32.82828282828283,0.20746528465089342,0.13605464873663375,0.3316749639031752,3.3482827339353802,0.3093122170218396
5,33.333333333333336,0.2138369721302831,0.14943407879914372,0.36897563271885553,3.3550378301279,0.3181360893131499
5,33.83838383838384,0.21647177307830295,0.1659453935646087,0.40477377437697476,3.361443004907226,0.32712185824711926
5,34.343434343434346,0.2151076990528405,0.18520109123161876,0.4379561418519038,3.367831864502893,0.3359405604639212
5,34.84848484848485,0.20961088866984173,0.20674549600241357,0.46738296051097644,3.3745378486743722,0.3442557928930266
5,35.35353535353536,0.19999320318014877,0.2300369518379084,0.49189590550313816,3.3818829913254156,0.35173509946794007
5,35.85858585858586,0.18643568278165856,0.25443485569027263,0.5103204560539939,3.3901658246070494,0.3580624894417471
5,36.36363636363637,0.16931819869067974,0.27919287785086544,0.5214598757796077,3.3996478578065177,0.3629526591287087
5,36.86868686868687,0.14925617912963018,0.3034572807150824,0.5240902723593908,3.4105380349820535,0.36616755737117856
5,37.37373737373738,0.1271466758282013,0.32627003509344005,0.5169779827240165,3.422974343976339,0.36753618502424484
5,37.87878787878788,0.1042215714892828,0.3465797169720093,0.4989721083742834,3.4370016001824912,0.36697867730563205
5,38.38383838383839,0.08208569852015596,0.3632702767868118,0.46928225087974956,3.4525452502958336,0.3645349092193769
5,38.88888888888889,0.06265060507279276,0.37522953820092386,0.42801355364263294,3.4693852302168913,0.36039366927075756
5,39.3939393939394,0.04774413587168449,0.3814779568191889,0.3768895929460662,3.487147846189909,0.3549042068328416
5,39.8989898989899,0.038274201921363556,0.3813516569561823,0.31958237625953784,3.5053505811208403,0.3485345329291153
5,40.40404040404041,0.033647316287990156,0.37466046273726494,0.2609629892542305,3.5235162184711055,0.34175853880741003
5,40.909090909090914,0.03244281141518813,0.36172731453769835,0.20575594964449045,3.5412816218029963,0.3349457116456607
5,41.41414141414142,0.033511730822838856,0.3433252543775039,0.15781528741763096,3.5584146950945272,0.3283411802349736
5,41.919191919191924,0.03631197902601513,0.320589781894607,0.11998055623720336,3.574765581048576,0.32211202776231546
5,42.42424242424243,0.04072722018157708,0.2949136386210335,0.0937677010616515,3.590217272084298,0.31639539907068404
5,42.929292929292934,0.04684801478342273,0.267785130603208,0.07897199412096796,3.604657324190915,0.31132639389275246
5,43.43434343434344,0.05482687856383709,0.24059624780649633,0.07394560316548393,3.6179665737867164,0.30704939354750643
5,43.939393939393945,0.06478111445904959,0.21451746844595254,0.0766183665354888,3.630018787528805,0.30371857802027985
5,44.44444444444445,0.07671993709863525,0.19048461872375386,0.08535669400665195,3.6406879574464006,0.30149071378014114
5,44.949494949494955,0.09049339373964788,0.16924298078480396,0.09916838897878102,3.6498609631599916,0.30051234399974414
5,45.45454545454546,0.10577142954033207,0.15138425569292788,0.11750580588014314,3.657453082349116,0.30090380426340846
5,45.959595959595966,0.12205642166970437,0.13735419205699836,0.14001110369324107,3.6634231263084374,0.30274326173375277
5,46.46464646464647,0.13872354151618396,0.1274424790616211,0.16633132821321744,3.667785308992612,0.3060537134666427
5,46.969696969696976,0.15507715693608898,0.12177576229995213,0.19602018972472254,3.670615691238387,0.3107951955578306
5,47.47474747474748,0.1704076594491647,0.12033011206726478,0.22849877054428466,3.6720527952168025,0.31686275231556554
5,47.979797979797986,0.18404008182040554,0.12296270453372918,0.26305533965173233,3.6722929512324525,0.3240897215033946
5,48.484848484848484,0.19536713677413034,0.12945103027404792,0.2988638253514638,3.6715818678019865,0.3322549522849691
5,48.98989898989899,0.20386896760817338,0.13952408496398244,0.3350079188148917,3.6702040991583678,0.34109234687124723
5,49.494949494949495,0.20912306370030045,0.15287666922835838,0.3705045614407357,3.668471735365383,0.3503014320313162
5,50.0,0.21081108223143646,0.16916702982056253,0.4043232831564702,3.666713092087033,0.3595581904737033
5,50.505050505050505,0.20872635540447787,0.1880037034894851,0.4354020156026648,3.6652616163136758,0.36852593511137977
5,51.01010101010101,0.20278532108523972,0.20892885040469972,0.4626585878588165,3.6644448569355417,0.3768663567996603
5,51.515151515151516,0.19304353732958554,0.2314029962856728,0.4849984505058964,3.6645731519935882,0.3842511205846275
5,52.02020202020202,0.1797166337445752,0.2547943821470334,0.5013175990747097,3.6659276070822293,0.3903744368612307
5,52.525252525252526,0.16320668667547922,0.27837407573760814,0.5105012160980902,3.6687467890335173,0.39496719680449005
5,53.03030303030303,0.1441327299962237,0.30131592437283006,0.5114289567581124,3.6732117094360905,0.39781312552191206
5,53.535353535353536,0.12336725064987449,0.32270226269260777,0.5030086365809552,3.6794283846861413,0.3987677443646327
5,54.04040404040404,0.10207152673941068,0.34153833944472195,0.48428709795547453,3.6874076742387967,0.3977804562247036
5,54.54545454545455,0.08170297916160431,0.35678489008267766,0.45471614702982865,3.697043021630823,0.39491921922674456
5,55.05050505050505,0.06391670079471433,0.36742774847906495,0.4146261551312131,3.708091619347624,0.3903922981469546
5,55.55555555555556,0.050213121811736657,0.3725947890066854,0.36576655748076115,3.7201752157195416,0.38455056405038296
5,56.06060606060606,0.04131224053440706,0.3717110350209367,0.3114995328608103,3.7328264429281037,0.3778438157811534
5,56.56565656565657,0.03678445865789803,0.36462917024020364,0.25618852774954604,3.745585498086445,0.3707250590068008
5,57.07070707070707,0.035540461470203066,0.3516691985804723,0.20415822693767266,3.758088728238932,0.36356062148027446
5,57.57575757575758,0.036634613323687476,0.3335750323778464,0.1590389893856497,3.770086574676047,0.35660965286089424
5,58.08080808080808,0.03957820061979292,0.3114373563244236,0.12350765336461217,3.7814067314290103,0.3500587251404475
5,58.58585858585859,0.044243703175990544,0.2865883774316026,0.09896204855084212,3.7919116286078673,0.3440630874218591
5,59.09090909090909,0.05069053953867574,0.26044732128571757,0.08523024810497337,3.8014718706128554,0.3387727651987299
5,59.5959595959596,0.05902956596628005,0.23434673351017177,0.08087404323479645,3.8099555276945085,0.3343432249470946
5,60.101010101010104,0.06932634105347726,0.2094206403195315,0.08407119309608646,3.817228558749386,0.33093501255380925
5,60.60606060606061,0.08153143446278685,0.18658641213554225,0.09334004190969587,3.8231631231443486,0.3287054002723993
5,61.111111111111114,0.095437690979829,0.16657535491040157,0.10772394118951303,3.8276508887770646,0.32779478603192663
5,61.61616161616162,0.11066895774045164,0.14995919656375667,0.12664067700831463,3.8306182914182783,0.3283108119689121
5,62.121212121212125,0.1267000287109595,0.1371550744534634,0.14966817813296468,3.8320405033571108,0.33031343760027804
5,62.62626262626263,0.1428999566032704,0.1284191447554845,0.17638569299001752,3.8319514004473785,0.3338037411807646
5,63.131313131313135,0.1585863549801135,0.12384683123748355,0.2062868114488253,3.8304479719739755,0.33871811655503353
5,63.63636363636364,0.1730782056946983,0.12339084849044142,0.23874710814815545,3.827688969402712,0.34492820105776795
5,64.14141414141415,0.18573821133234872,0.12689464844225687,0.27302501039040256,3.823888737526628,0.3522457134627403
5,64.64646464646465,0.19600167777656,0.1341288737930201,0.3082784855511257,3.819307853874818,0.3604306606565297
5,65.15151515151516,0.2033923186490567,0.14481807607055297,0.3435874912461835,3.8142418998115155,0.3692016605502006
5,65.65656565656566,0.2075310563882135,0.15865079412932745,0.37797447013791013,3.809009914793749,0.37824684115067975
5,66.16161616161617,0.20814273869247518,0.17527509882357525,0.41042169902204895,3.8039429876899176,0.3872348623995374
5,66.66666666666667,0.20506414757489502,0.19428564882205632,0.43988561264882514,3.7993730250591127,0.39582602128370625
5,67.17171717171718,0.19825584439409505,0.21520837302970813,0.4653073088496639,3.7956216203058104,0.4036835101360209
5,67.67676767676768,0.18781841588794207,0.23748750718915962,0.4856193698955463,3.7929885921185873,0.41048525957877774
5,68.18181818181819,0.17401310791941127,0.26047721516586114,0.499748753055037,3.791739763406556,0.4159368085830677
5,68.68686868686869,0.1572868738899381,0.28343836617695106,0.5066186115365507,3.792093526261427,0.4197856772580878
5,69.1919191919192,0.13830163131298262,0.30554041758291484,0.5051605527671723,3.794205679998475,0.42183778675281364
5,69.6969696969697,0.11796588594857002,0.32586948782222763,0.4943652944812524,3.7981520590418447,0.4219764562522425
5,70.20202020202021,0.0974590867847297,0.3434470825506006,0.4734225268091108,3.803908928958225,0.4201840471691279
5,70.70707070707071,0.07821587272534201,0.35726953047585874,0.44201258882239675,3.8113328875321693,0.4165645522689357
5,71.21212121212122,0.06178469485228779,0.366383766338733,0.40076822022272046,3.8201473221277857,0.411360033552541
5,71.71717171717172,0.04944305061095732,0.37000809898195786,0.3517270339414136,3.82995305948033,0.40494292859888253
5,72.22222222222223,0.041650162483439834,0.3676758008425034,0.2983532375818809,3.8402840597696866,0.39776258537285425
5,72.72727272727273,0.03787143470493289,0.35934216933263374,0.24485834076967813,3.8507010252218303,0.39025210324363163
5,73.23232323232324,0.03711783643835449,0.3454064063073803,0.1952943324965236,3.860862286948327,0.38275590790312836
5,73.73737373737374,0.03859816221053332,0.32666553446409485,0.15301789929935053,3.8705292617770977,0.37552187045617863
5,74.24242424242425,0.04192409579202327,0.30423729176036457,0.12041739413431155,3.8795299715078335,0.36873581323461185
5,74.74747474747475,0.04700952611931842,0.2794487476354984,0.0985739605184158,3.887721669359178,0.36255780636014756
5,75.25252525252526,0.053916832932392904,0.25367980902128184,0.08707957533095143,3.894968415571894,0.3571442031269583
5,75.75757575757576,0.06273471303446479,0.22820394195206126,0.08446682246951512,3.9011332082051675,0.3526554633647589
5,76.26262626262627,0.07348872238850959,0.204097896194556,0.08904362184189972,3.906080366472547,0.3492537732906804
5,76.76767676767678,0.08607912791491323,0.18223315037353685,0.0994800318932704,3.9096852643399362,0.347093174999141
5,77.27272727272728,0.1002474250881328,0.16330301887941492,0.11491242251321088,3.911848254060758,0.3463052317474734
5,77.77777777777779,0.11557443605059642,0.1478420804583037,0.13478554511931176,3.912509552431764,0.3469833970483141
5,78.28282828282829,0.1315066697722269,0.1362278821479341,0.15866011161000274,3.911662031909719,0.34916916638040024
5,78.7878787878788,0.1474031733749212,0.12867601082648594,0.1860773372048196,3.9093594138293906,0.35284257952533765
5,79.2929292929293,0.16258825008630856,0.12524543671901908,0.2164890564826913,3.9057187500508737,0.3579183203766204
5,79.7979797979798,0.17640086487486137,0.12586130103341076,0.2492335356179418,3.900917464180117,0.3642472691229092
5,80.30303030303031,0.18823236213994884,0.1303493741333508,0.28354079537882804,3.895185953195071,0.3716226148177748
5,80.80808080808082,0.19755084276029472,0.13846987522498236,0.31854993927087255,3.888797452134164,0.37978891228203915
5,81.31313131313132,0.2039149332848404,0.1499392946735824,0.35333008696644314,3.882056598715238,0.38845268798817617
5,81.81818181818183,0.20698151886242971,0.1644365043653288,0.38689975351280603,3.8752877478066177,0.3972935625030328
5,82.32323232323233,0.20651255009590425,0.181596122537148,0.4182429699228033,3.8688235062788268,0.405975417307817
5,82.82828282828284,0.20238392749499542,0.20099521094731068,0.4463224130653752,3.862993500236319,0.41415759204082
5,83.33333333333334,0.19459802842761856,0.22213911486982016,0.47008902708362577,3.858113130470614,0.4215063295082232
5,83.83838383838385,0.1833006110627843,0.24445016154928295,0.48848815457881267,3.854471949947469,0.4277068759217949
5,84.34343434343435,0.16880244893513446,0.267260948694016,0.5004612154605127,3.85232120586179,0.43247668698681757
5,84.84848484848486,0.15160401582814312,0.28981298633819,0.5049509858948029,3.851860035866753,0.43558027276392935
5,85.35353535353536,0.13242377346688186,0.3112606190669781,0.5009237815500333,3.853219925316053,0.4368461050015875
5,85.85858585858587,0.11222740386355529,0.33068138753455834,0.48743672153906287,3.856447185199517,0.4361858637330222
5,86.36363636363637,0.09224196360242097,0.3470996744467291,0.46381234812248495,3.8614833780542197,0.4336161942566873
5,86.86868686868688,0.07391385345169658,0.359534185662105,0.4299702086676601,3.868146965628652,0.4292796483232169
5,87.37373737373738,0.05871420118223969,0.36708406486327083,0.38688895405398366,3.8761256623958764,0.4234552281022392
5,87.87878787878789,0.04771214951649613,0.3690544902846706,0.3369632149180979,3.8849976611288866,0.4165399544550757
5,88.3838383838384,0.041094697104968186,0.36509235107748783,0.28384668869376145,3.8942986297470426,0.40898366279012793
5,88.8888888888889,0.03818599504293634,0.3552701733887599,0.2316867843694322,3.903612324110718,0.4011982837835982
5,89.3939393939394,0.03805186608565277,0.34008839483703496,0.1843158695121157,3.9126241538641073,0.3935024393620622
5,89.89898989898991,0.04002779739654443,0.3204219346701158,0.14482119082244896,3.921112941005773,0.38612734941361915
5,90.40404040404042,0.043821789794096976,0.29743792051282675,0.11526277039777984,3.9289131581638386,0.37925287269454017
5,90.90909090909092,0.04939460158309107,0.27247450977908205,0.09634114686870664,3.9358818219542338,0.37303973924530703
5,91.41414141414143,0.05681738840748184,0.24688088359485955,0.08735263523001767,3.941880475997153,0.367647282019278
5,91.91919191919193,0.06616061904229197,0.22187384591647147,0.08675121339386005,3.946770337464625,0.3632382552135272
5,92.42424242424244,0.07741299933529998,0.1984702905813597,0.09294557374450717,3.9504169823798287,0.3599741105093261
5,92.92929292929294,0.09042759414309604,0.17749064734155265,0.10474701768404232,3.9527014455155114,0.3580036734296168
5,93.43434343434345,0.1048976705920478,0.15958439647076716,0.12138736159841461,3.9535346198304295,0.3574482255077829
5,93.93939393939395,0.12036355941916822,0.1452437097749989,0.1423470514983081,3.9528716611388033,0.35838624891845877
5,94.44444444444446,0.13624524791288356,0.13480232316003082,0.16717990388810586,3.950723520520001,0.3608407508961323
5,94.94949494949496,0.15189176898067755,0.12843252897472682,0.19539826320916132,3.947163382984218,0.3647714682643555
5,95.45454545454547,0.16663257493270095,0.1261554600529561,0.22641845432924562,3.94232743111781,0.37007267692251483
5,95.95959595959597,0.1798239562735205,0.12786772089292628,0.2595455073657769,3.936410404484401,0.3765762505731086
5,96.46464646464648,0.19088218448522198,0.13337632372265817,0.2939825972894462,3.9296571891080894,0.38405884070443014
5,96.96969696969697,0.1993046712320364,0.14242945872713436,0.3288492871786315,3.9223521446067044,0.3922515428803158
5,97.47474747474747,0.2046813711218365,0.15473377560118945,0.3632020272057455,3.914807461234958,0.4008507901510757
5,97.97979797979798,0.206702050656982,0.16995663310416131,0.3960522935614813,3.907351471388464,0.4095295603256316
5,98.48484848484848,0.20516342362073534,0.18771736122851299,0.42638179997449716,3.9003172085043096,0.4179486007381754
5,98.98989898989899,0.1999789277263199,0.20757366249271358,0.45315455353137857,3.894031162865978,0.4257677146139267
5,99.4949494949495,0.19119233965244473,0.22900839108005006,0.47532556386031444,3.888801936578891,0.4326573925926717
5,100.0,0.17899560942117299,0.25141967017353234,0.491845906934864,3.884908425972673,0.4383111867371773
6,0.0,0.5171674857846844,0.5444990999478692,0.4568987374694417,0.460375887398779,0.4947677091447466
6,0.5050505050505051,0.43737363185262396,0.554554825124124,0.5451280664137798,0.5553349055403658,0.4867490982000557
6,1.0101010101010102,0.3559985253377265,0.5719781316768613,0.611491842474068,0.6478142842508975,0.4788645997040419
6,1.5151515151515151,0.2727347736426753,0.593901232820574,0.6543760994390322,0.7382995887957702,0.47068522308462074
6,2.0202020202020203,0.18871100528185233,0.6174065106155011,0.6710880033245623,0.8272418187886819,0.4618057747041059
6,2.5252525252525255,0.10776656648732713,0.6394947576696923,0.6568371292538544,0.9150177586817408,0.45188566519560536
6,3.0303030303030303,0.041484021913736936,0.6569681158409064,0.6049030553918617,1.0018052833842348,0.4407764309557063
6,3.5353535353535355,0.014179733014570097,0.6667714201267206,0.5203237804989311,1.0872247200881338,0.4288885041887169
6,4.040404040404041,0.011632180578284641,0.6676973596481947,0.4286571554903101,1.1704797296784293,0.4170641686427868
6,4.545454545454546,0.01158373673290281,0.6602595229872926,0.3406387219953623,1.2513539228100268,0.40557777381050414
6,5.050505050505051,0.011837642552801021,0.6451782539576787,0.2585647875673701,1.3298911154767097,0.3944442945516567
6,5.555555555555556,0.012322749899002864,0.6231585410477561,0.18479994739213526,1.4061505246173245,0.38366189006551965
6,6.0606060606060606,0.013063711860244223,0.595042312380966,0.12251631467341131,1.480188621522,0.37323000277096574
6,6.565656565656566,0.014103903022421376,0.5619828003969394,0.07523410668387069,1.5520578893957993,0.36315068437868203
6,7.070707070707071,0.015498960571505967,0.5254936625204272,0.04486228707227462,1.6218062427283926,0.3534292773611581
6,7.575757575757576,0.017316839912538316,0.4872012640355291,0.02927427412533721,1.6894764990887288,0.3440750559880778
6,8.080808080808081,0.01964810445972934,0.4484259132207567,0.023345233264767465,1.7551055964997102,0.3351021355464808
6,8.585858585858587,0.0226229422549642,0.4100116113293165,0.02257309513094389,1.8187231123493686,0.32653110469633634
6,9.090909090909092,0.026424827864966447,0.3724612955561939,0.02453430536374424,1.8803489317286848,0.3183915514496229
6,9.595959595959597,0.03129627841944221,0.3361233137089149,0.028306858413014672,1.9399902807600764,0.31072528434642166
6,10.101010101010102,0.037533239946108035,0.30130868788652276,0.03373941558651778,1.9976385640848753,0.30358981958577064
6,10.606060606060607,0.045460756110467786,0.2683499293246084,0.04105667675950395,2.053266802976539,0.2970613335986109
6,11.111111111111112,0.055383315267697124,0.23762750123690357,0.05067730129323808,2.1068289683480916,0.2912357591817416
6,11.616161616161618,0.0675132813865643,0.20957599639176253,0.06311249463345053,2.1582627438496536,0.2862264291197653
6,12.121212121212121,0.08189537972780835,0.18467224011564412,0.0788822232849545,2.207496711062048,0.2821571862486302
6,12.626262626262626,0.09835218697239348,0.16340384252758647,0.09843147043817245,2.254461902321248,0.2791509085449658
6,13.131313131313131,0.11647010685498699,0.14622119085249954,0.12205073331187771,2.299105858705037,0.2773152348437466
6,13.636363636363637,0.13562702360204792,0.1334820483019106,0.149814784024424,2.3414066923764096,0.2767279624865005
6,14.141414141414142,0.15504702150625277,0.1254059082232101,0.1815478918033122,2.381384950073329,0.27742434740322625
6,14.646464646464647,0.17387941146498298,0.12205526494102287,0.21682024819329565,2.4191111019407114,0.27938855739953516
6,15.151515151515152,0.19125179333889242,0.12335059714589981,0.25497468455714173,2.454708746715825,0.28254929361140213
6,15.656565656565657,0.20634695137962442,0.12910739131246457,0.2951569227174788,2.4883531743812157,0.2867800338931766
6,16.161616161616163,0.21841645715190625,0.1390745863083199,0.33636851607196294,2.5202665360627705,0.2919027509647478
6,16.666666666666668,0.22681594223698356,0.1529572040327049,0.3774953285812278,2.5507115007246686,0.2976932716428209
6,17.171717171717173,0.2310165238326519,0.17041693604500083,0.4173427784624784,2.579982780581115,0.30388893935639144
6,17.67676767676768,0.23061833990528055,0.1910572317913734,0.4546578546397826,2.6083983223023792,0.3101968120307085
6,18.181818181818183,0.2253695729484597,0.2144011123739817,0.4881470748065059,2.6362894324724846,0.3163031400544809
6,18.68686868686869,0.2151886655126815,0.23987007002039423,0.5164879606782278,2.663989974442975,0.32188399820599967
6,19.191919191919194,0.2001962560545105,0.2667685564620331,0.5383285557108748,2.691824248252555,0.32661750136201523
6,19.6969696969697,0.18075569770597444,0.29427518509627615,0.5522713594394184,2.7200928313040764,0.3301983625540902
6,20.202020202020204,0.15752652726014973,0.3214389137212656,0.5568416854648105,2.749055618719869,0.3323555973759281
6,20.70707070707071,0.13153995775440838,0.34717770638139933,0.5504621514070518,2.7789108610900883,0.33287464249651705
6,21.212121212121215,0.1043092492422301,0.37028191538007327,0.5315138858808257,2.809767647526646,0.3316265890670845
6,21.71717171717172,0.07796654594356597,0.3894362729701373,0.49866315123217286,2.841609062431826,0.3286074706895771
6,22.222222222222225,0.05528386076972957,0.4032959005275493,0.4517054587237385,2.8742476307963254,0.32398615480871107
6,22.72727272727273,0.039025823461830395,0.410670340969232,0.39288457847474767,2.9072969259596433,0.3181370297589087
6,23.232323232323235,0.03010816892423251,0.41080349415865824,0.3274062772449156,2.94023407834458,0.3115815309745368
6,23.73737373737374,0.026690678212759625,0.40357517124106895,0.26160632696616715,2.9725854581652325,0.30480355602048587
6,24.242424242424242,0.026331496097423916,0.38946076663771545,0.20069426640090782,3.004060491155744,0.29811267135071207
6,24.747474747474747,0.0276959625730385,0.3693820293044913,0.14849823404075316,3.0345168250404964,0.2916749220948449
6,25.252525252525253,0.030370042463994038,0.3446094685987626,0.10786154381114363,3.06387644512104,0.28559432300423704
6,25.757575757575758,0.03436275715825395,0.31667253791470723,0.08025779876621388,3.0920757382965123,0.279961969068156
6,26.262626262626263,0.039851064934475953,0.2871813605978194,0.06508687332820917,3.1190444392840835,0.2748770343648973
6,26.767676767676768,0.04706584133042612,0.2575952450180445,0.06002107843332981,3.1446979553942844,0.27045469816092105
6,27.272727272727273,0.05622096362247697,0.22908894522168233,0.062448799695668515,3.1689366333014655,0.26682721802529147
6,27.77777777777778,0.06744656357001882,0.20257201339112707,0.07053941505271474,3.1916504130402292,0.2641395699652711
6,28.282828282828284,0.08072529150060993,0.17877142638979593,0.08335110480315067,3.2127287367113095,0.2625396671372933
6,28.78787878787879,0.09584842235578098,0.15829013676993595,0.10049773542359429,3.2320747414238964,0.26216401714579785
6,29.292929292929294,0.11240672575836479,0.14161913801978745,0.12181224738705286,3.249621311015954,0.2631211720496751
6,29.7979797979798,0.12981793776010386,0.1291184973711881,0.1471252856836381,3.265345833999799,0.2654761177223525
6,30.303030303030305,0.14738051922656362,0.1209936321562627,0.17614682859772512,3.2792809119320663,0.2692384214650781
6,30.80808080808081,0.16433796844538934,0.1172891188731483,0.20841831702501984,3.2915195392595646,0.2743557305451836
6,31.313131313131315,0.1799389592151444,0.11790935234933737,0.24331022752047138,3.3022145358213275,0.280712968027687
6,31.81818181818182,0.19348329200974998,0.12265844797310203,0.280043195373249,3.3115731829953616,0.2881363987227677
6,32.323232323232325,0.20435107520019863,0.13127977401687624,0.31771742565290145,3.319848828572197,0.2964008908518938
6,32.82828282828283,0.21201851447359113,0.14348069572848057,0.3553426366172309,3.3273307924730116,0.3052390902366051
6,33.333333333333336,0.21606659526284192,0.15893718996667175,0.39186260974841797,3.33433375634572,0.3143513504138689
6,33.83838383838384,0.21618873048978626,0.17728277320879185,0.42617514420707375,3.341187095834648,0.323415963190283
6,34.343434343434346,0.2122015589053166,0.19808984728906243,0.4571466235853618,3.3482241795638346,0.33209967118503303
6,34.84848484848485,0.20406053025232765,0.22085059560311726,0.48362244106096,3.35577138551739,0.3400686971495427
6,35.35353535353536,0.19188098862760186,0.24496181793055152,0.5044315230551196,3.364136460821854,0.3470006793269408
6,35.85858585858586,0.17596635214689402,0.26971590217391267,0.518381923764709,3.3735955896168623,0.3525982130291085
6,36.36363636363637,0.15684209328566268,0.29429719896176615,0.5242557644533695,3.384378720966663,0.3566044118148844
6,36.86868686868687,0.13529874966249494,0.317783346279851,0.5208108988517965,3.396652301298254,0.3588214223786449
6,37.37373737373738,0.1124440042432218,0.3391522041401905,0.5068387008032612,3.4104985890721187,0.35913277928981335
6,37.87878787878788,0.089753459421009,0.3573029484661074,0.4813646321213387,3.425890393222956,0.3575309005370119
6,38.38383838383839,0.06906017831576401,0.3711066682439731,0.444082729694347,3.4426639858950074,0.3541469370565014
6,38.88888888888889,0.05231252289799229,0.3795126060715712,0.39606041389018914,3.4605006752071077,0.3492725512169917
6,39.3939393939394,0.04086786916964852,0.3817182995307302,0.3403088630531923,3.478947938336368,0.3433421588738628
6,39.8989898989899,0.034659865853400085,0.3773510426543578,0.281450750203207,3.497512021782862,0.33684243297986727
6,40.40404040404041,0.03240680733201765,0.3665557454908228,0.224420904295074,3.5157826244809356,0.330187068173697
6,40.909090909090914,0.03276643534990949,0.3499585684768108,0.17342845422411518,3.53348603215713,0.323660926191434
6,41.41414141414142,0.034985351194980883,0.3285811395955504,0.13169994581595268,3.5504509055684346,0.3174514093750589
6,41.919191919191924,0.03882499272815329,0.3037454021173562,0.10127985105351599,3.566553870861135,0.31170116910647017
6,42.42424242424243,0.04432415735471611,0.2769334961256392,0.08258479809559269,3.581683576363801,0.3065434019499972
6,42.929292929292934,0.05162794504098586,0.2495953381962126,0.07436743401222362,3.59572431111147,0.3021181696902984
6,43.43434343434344,0.06087720429140329,0.22298859061743737,0.07456313601057862,3.608552261996871,0.29857629508750727
6,43.939393939393945,0.07212796488657496,0.19812871730007076,0.0813212202474552,3.6200403605562927,0.2960746511752145
6,44.44444444444445,0.08529166793139259,0.17582275524311314,0.09343309903224747,3.6300692979680447,0.2947650977741882
6,44.949494949494955,0.10010243834525509,0.15671407768730602,0.11022718035051327,3.6385423721046597,0.29477928736990267
6,45.45454545454546,0.1161179296482417,0.14130019636261418,0.131307024529254,3.6454011488118936,0.296212305261838
6,45.959595959595966,0.13275133246370424,0.1299263615595714,0.1563360200057058,3.650638772673237,0.29910832760674505
6,46.46464646464647,0.14932375721879287,0.12277528151040909,0.1849093927021754,3.6543085138256712,0.30345079455065693
6,46.969696969696976,0.16512287075059762,0.11987195876569696,0.21649729119846545,3.656526433508814,0.3091583401453303
6,47.47474747474748,0.17945554935883848,0.12110952188088385,0.2504333704116745,3.657468510094005,0.3160862691142432
6,47.979797979797986,0.19168662174284262,0.12628796393243577,0.2859287941824021,3.657363363214693,0.32403255599874525
6,48.484848484848484,0.20126267349681903,0.1351502586330255,0.3220959958463299,3.6564822655711566,0.33274676172433043
6,48.98989898989899,0.2077252647573242,0.14740271949908046,0.35797213154692636,3.6551280795915138,0.34194026731313515
6,49.494949494949495,0.21071748174314484,0.16271791909069677,0.39254070575270616,3.6536239137476674,0.3512970460622936
6,50.0,0.20999141386818032,0.1807243520936589,0.42474798021423704,3.6523020027386304,0.360484468755329
6,50.505050505050505,0.20541770689833494,0.20099000324327426,0.45351638455417626,3.651492708390753,0.36916424484606064
6,51.01010101010101,0.19699993297920182,0.2230060771892377,0.47775362181956527,3.6515133828290893,0.3770037401348645
6,51.515151515151516,0.18489364764241836,0.24617438487319362,0.49635734341070575,3.6526566997748318,0.38368807577467723
6,52.02020202020202,0.1694313408886802,0.26980034690126514,0.508214647677089,3.6551778926201592,0.3889336322933333
6,52.525252525252526,0.15115189592969444,0.2930914029869439,0.5122031399829785,3.659280356524131,0.3925034774193084
6,53.03030303030303,0.13083492302136424,0.3151602844007715,0.5072100417985996,3.6650991676750264,0.3942252010380553
6,53.535353535353536,0.10953812978932084,0.33503526726412314,0.4922056458098258,3.672681925254278,0.3940118353271785
6,54.04040404040404,0.08862118513083747,0.3516855610849712,0.4664532929005394,3.681966660232724,0.39188622380174437
6,54.54545454545455,0.06969981977520931,0.36407496758771174,0.429904029160687,3.6927606759227714,0.3880048900931687
6,55.05050505050505,0.054397015509327025,0.37126223354122584,0.3837564651287284,3.7047316131391126,0.38267007362086447
6,55.55555555555556,0.04378760565115737,0.37254783579344497,0.3308396005792398,3.7174346190986376,0.37630550816781033
6,56.06060606060606,0.037833612742715544,0.36762366607685076,0.2752972012999089,3.7303949535721883,0.36937550726915636
6,56.56565656565657,0.03557048852729008,0.3566483229319803,0.22158728669044755,3.7432094103049827,0.3622829971165432
6,57.07070707070707,0.03592904729163495,0.3402269267381968,0.17363202099175618,3.755591590862825,0.3553219319638059
6,57.57575757575758,0.03825691388329368,0.3193414437746255,0.13447561734963076,3.767348116868255,0.3486985887630616
6,58.08080808080808,0.04232051835703195,0.29525764644324864,0.10601167896337763,3.7783337655207174,0.3425748211244896
6,58.58585858585859,0.048132507123615303,0.2693877888393772,0.08861757009977368,3.788418632436595,0.3371001981478636
6,59.09090909090909,0.05579955618040537,0.24311440109100144,0.08120668365399525,3.7974724391152423,0.33242755196316
6,59.5959595959596,0.06541325771339819,0.21764878444652813,0.0819762951116564,3.8053614734691648,0.3287160907038484
6,60.101010101010104,0.07697151216126424,0.19398213849888388,0.08927220569326799,3.811954502636057,0.32612550384565964
6,60.60606060606061,0.09032569998985567,0.17290672035140656,0.10196030445699555,3.817134654770408,0.32480389023298284
6,61.111111111111114,0.10515804319184602,0.1550480831375066,0.11935442781339486,3.8208143725255903,0.324872303961733
6,61.61616161616162,0.12099102728291693,0.1408776322895503,0.14100043813802268,3.8229502018957127,0.32640912478045336
6,62.121212121212125,0.13722388968785282,0.13070805370926766,0.16649151379729918,3.8235544560820425,0.3294372492935428
6,62.62626262626263,0.15318508032639414,0.12468904457230591,0.1953579848126474,3.8227016362099238,0.333916316183623
6,63.131313131313135,0.16818672929374645,0.12281906237033118,0.2270181669958001,3.820529061075459,0.33974065277699345
6,63.63636363636364,0.18157160957655918,0.12497456143061343,0.26076998123077016,3.817232236673662,0.3467425283996585
6,64.14141414141415,0.19274650290596576,0.13094733705609113,0.29580400631427206,3.8130563840805056,0.35469940654008225
6,64.64646464646465,0.20120228282389271,0.14047570857011585,0.33122458400241667,3.8082857754788497,0.36334361151558153
6,65.15151515151516,0.20652465266754425,0.15326056076889852,0.366071435407745,3.8032322300928905,0.3723730913565601
6,65.65656565656566,0.20840088690588868,0.16896540991240228,0.3993384371718625,3.798223596658536,0.3814624586363882
6,66.16161616161617,0.20662709747697083,0.18720551625461765,0.42998891633665,3.7935924966067196,0.3902740327261075
6,66.66666666666667,0.20111863504283925,0.20753273187131674,0.45696754159263875,3.789665204900858,0.3984689959444105
6,67.17171717171718,0.1919245214479488,0.22942124609607625,0.47920839631912143,3.7867503700260015,0.4057189470379649
6,67.67676767676768,0.17924693779274514,0.25225726484767663,0.495639310220805,3.7851271382254907,0.41171834950565356
6,68.18181818181819,0.16346485461774612,0.2753340286259262,0.5051827311145705,3.7850321972523315,0.4161983173081955
6,68.68686868686869,0.14516179286169723,0.2978519443480012,0.5067624586078774,3.7866452629688725,0.41894225859173656
6,69.1919191919192,0.1251572637096089,0.3189242946548336,0.49933741918174496,3.7900724846498184,0.419803966453532
6,69.6969696969697,0.10453628718639375,0.3375908086275783,0.48199798381745673,3.7953276472028445,0.41872828761460096
6,70.20202020202021,0.08465401106928643,0.35284882706063,0.45420824082449385,3.802311561089664,0.415774091260686
6,70.70707070707071,0.06705207344356831,0.36371501153684455,0.416208362989138,3.810794861445257,0.41113423318437875
6,71.21212121212122,0.053166563148575686,0.3693304691777354,0.3695129810210068,3.8204176100922442,0.40513894543748
6,71.71717171717172,0.04379854853404937,0.36910209576611314,0.3171375205154857,3.8307275539881935,0.3982201909264977
6,72.22222222222223,0.038728452575468544,0.3628308544514463,0.263150336672556,3.841265341242432,0.3908276165650224
6,72.72727272727273,0.037033985117334474,0.3507647436051731,0.21175229246410432,3.851651385207447,0.3833407706780838
6,73.23232323232324,0.03780383788212024,0.3335711794578188,0.166581847367693,3.8616146041928947,0.3760380686820131
6,73.73737373737374,0.040511251018095884,0.3122684355722701,0.1304002716243819,3.870965010123162,0.3691219682845782
6,74.24242424242425,0.044983260966780056,0.2881282830221039,0.10478380194477316,3.879553398560614,0.36275789464637864
6,74.74747474747475,0.05124696230730917,0.2625337162642324,0.08982546739274462,3.8872432100412677,0.3571017888055435
6,75.25252525252526,0.05939418979335355,0.23681116180996212,0.08433326262057904,3.8938981830758332,0.35231233418983443
6,75.75757575757576,0.06948141650970907,0.21211092501993334,0.08659723822036704,3.899381461825421,0.348551857693982
6,76.26262626262627,0.08145823935006365,0.18937351015450993,0.095125486220818,3.90356317791458,0.34597868210458554
6,76.76767676767678,0.09512338755341278,0.1693509627733837,0.10890293516871255,3.9063332571411493,0.3447340146352134
6,77.27272727272728,0.11011174219954914,0.15263193494061106,0.12729119002834222,3.9076163588308686,0.3449263820535796
6,77.77777777777779,0.12591174147687204,0.1396489753964107,0.14983054659238917,3.907385732048088,0.3466168216476253
6,78.28282828282829,0.14190640615177744,0.13067379327440032,0.17608080877736723,3.9056732064415898,0.34980765872988634
6,78.7878787878788,0.15742561354815746,0.12581771059945218,0.20552991061861078,3.902573723545543,0.35443658407735606
6,79.2929292929293,0.17179774794479677,0.1250483944372592,0.2375562176343275,3.898244189357927,0.3603763762509332
6,79.7979797979798,0.18439205453895055,0.12822156676264135,0.2714257285772742,3.8928974450379648,0.36743959169532986
6,80.30303030303031,0.19464754705599724,0.13511667748673076,0.30630659806158345,3.8867929102028187,0.37538676462269716
6,80.80808080808082,0.20208996432420825,0.14546375933683373,0.341289681998845,3.880225458362355,0.3839366120625145
6,81.31313131313132,0.20634100239608497,0.15895495327237044,0.37540871482321314,3.8735137471556467,0.39277704729070684
6,81.81818181818183,0.20712496525126142,0.17524161681175457,0.40765769090303133,3.8669886616452835,0.40157634706555556
6,82.32323232323233,0.20427660711559825,0.19392255822273097,0.4370050369526166,3.860982030404131,0.40999430702873685
6,82.82828282828284,0.1977524808442206,0.21452968522803764,0.46240426598221623,3.8558154259318136,0.4176935588650117
6,83.33333333333334,0.18764612620599053,0.2365151739295662,0.48280155528711777,3.8517887349974584,0.42435137772668724
6,83.83838383838385,0.17420821899366537,0.2592431288953418,0.4971389069077113,3.849168033114489,0.42967247222010374
6,84.34343434343435,0.15787022834633505,0.2819864179997848,0.5043568886274313,3.848172313262084,0.433403172624994
6,84.84848484848486,0.13927169592455046,0.3039285962134413,0.5034078384266556,3.848958603017438,0.43534756355302623
6,85.35353535353536,0.11929005962367822,0.3241717508611799,0.4933035291922709,3.8516050878182817,0.4353859676304108
6,85.85858585858587,0.09906323625935114,0.3417540574076488,0.47324223479988614,3.856092177650772,0.43349587590514815
6,86.36363636363637,0.0799738011015178,0.35568813886632106,0.4428896860851624,3.8622830472419425,0.42977387781263765
6,86.86868686868688,0.06352393429486065,0.3650317833864545,0.4027998220048434,3.869910457547948,0.4244516464063173
6,87.37373737373738,0.05098489848433692,0.3690018912424404,0.3548611565340365,3.8785854653729426,0.4178901479612828
6,87.87878787878789,0.042885534411530854,0.36711279844537054,0.3023568647761403,3.8878482777991947,0.41053104379565286
6,88.3838383838384,0.03879874946787925,0.3592850837623373,0.24937306431009096,3.8972567697676443,0.40280878632230277
6,88.8888888888889,0.037798970540166066,0.345875319586361,0.1999236876809411,3.906459255613395,0.3950764999935004
6,89.3939393939394,0.03909496854672408,0.32763726426986906,0.15738774539142888,3.9152060793095678,0.3875920657832311
6,89.89898989898991,0.04227339293968863,0.30564904815400334,0.12421975518184704,3.923317034505261,0.3805486962762752
6,90.40404040404042,0.04722479680209982,0.28120719261062993,0.10162307226810587,3.9306443695547935,0.37411078067258957
6,90.90909090909092,0.05399664956890513,0.25567715525027407,0.08934415894509598,3.9370491880619918,0.36843702834070796
6,91.41414141414143,0.06267062874656047,0.23033410562476636,0.08603324090048942,3.9423928737672247,0.36368897020828733
6,91.91919191919193,0.07327159403206848,0.20626681637797636,0.09003572839728041,3.946538514039782,0.3600295109651561
6,92.42424242424244,0.08570420420249357,0.18436105711589187,0.10000341989236344,3.9493602563059613,0.3576134349324603
6,92.92929292929294,0.09971796406053163,0.1653231037207418,0.11503761889147668,3.9507569105775144,0.3565733956843869
6,93.43434343434345,0.1149035331456255,0.14969925926742872,0.13455474680216054,3.9506667373699904,0.35700439283289315
6,93.93939393939395,0.13071759186862714,0.1378785538227183,0.15809999590435234,3.9490802434556573,0.3589499247715773
6,94.44444444444446,0.14652743738250854,0.13008874189007466,0.18520976819024654,3.946048556844815,0.36239232073184424
6,94.94949494949496,0.16166333048314868,0.12640099354339462,0.2153372136272695,3.9416861809463373,0.3672485698950374
6,95.45454545454547,0.1754673940433107,0.12675115828840813,0.24782590056057638,3.936168219039424,0.37337168587951935
6,95.95959595959597,0.18733198914520238,0.1309729854320356,0.2819120601022041,3.9297232498558152,0.3805565357909751
6,96.46464646464648,0.19672452714621788,0.13883215649587607,0.31674188345242776,3.922623139472896,0.3885489396210716
6,96.96969696969697,0.20320172462978017,0.15004872802415248,0.35139139314735707,3.9151716599810844,0.3970562120564232
6,97.47474747474747,0.20641783571975508,0.16430422368443962,0.3848855450244613,3.907692783909562,0.4057582923951723
6,97.97979797979798,0.20613134550047338,0.18123609745477526,0.41621468264794864,3.900519127930744,0.41431899266321176
6,98.48484848484848,0.2022137171680542,0.20042508612968515,0.44434750794907346,3.8939806858453294,0.4223972187345128
6,98.98989898989899,0.1946616848676749,0.22138136439894449,0.4682410099592479,3.888393550563992,0.42965845460735086
6,99.4949494949495,0.18361344776096328,0.24353324313210176,0.48684701872251696,3.8840483041449123,0.43578682243676214
6,100.0,0.16936930189719174,0.2662204636541535,0.49911513638719046,3.8811976522997402,0.4404981895603723
7,0.0,0.4989042526178628,0.45819194170136823,0.477516867481239,0.48945703742341645,0.47581949305401094
7,0.5050505050505051,0.4387239589610512,0.4741220504576034,0.5625782907460778,0.5829774052450604,0.4685699140317825
7,1.0101010101010102,0.374797746704283,0.4974228353856396,0.6290078877467784,0.6738771463875957,0.46163136223345613
7,1.5151515151515151,0.3065069016848615,0.5254973831683948,0.6756853694298658,0.7626040702938549,0.45461610498644117
7,2.0202020202020203,0.23425909706099796,0.5557306388299461,0.7010310624292511,0.8496001429618835,0.4471321202700723
7,2.5252525252525255,0.15994738770209804,0.5855012524786372,0.7024419379459095,0.9352774085604726,0.4388074192974089
7,3.0303030303030303,0.08847981401158048,0.6121080475864137,0.6750628567006645,1.019961590388368,0.4293477067816907
7,3.5353535353535355,0.033205621293525577,0.6326534569770601,0.6132485748813282,1.1037339138459108,0.41869800091908876
7,4.040404040404041,0.013849319504944002,0.6445855480206659,0.5254747125460622,1.1860827168778056,0.4074004277803893
7,4.545454545454546,0.01202088585067481,0.6472344374817828,0.43381058995355654,1.2662868920899482,0.3962226499969602
7,5.050505050505051,0.011951763982416435,0.6412502134421989,0.34588067660063465,1.3442001495277174,0.3853672273179545
7,5.555555555555556,0.012189860401629593,0.6273891320512911,0.2637479119529056,1.419866972420686,0.3748462045301857
7,6.0606060606060606,0.012677980631773831,0.6063916912921574,0.1897179430382663,1.4933428162123237,0.36465930736814134
7,6.565656565656566,0.013440786540384768,0.5791293231135578,0.1268874545699697,1.5646804095282494,0.3548076169434825
7,7.070707070707071,0.014524305759580221,0.5467730774881969,0.07874580211103724,1.6339284533416392,0.34529495368265206
7,7.575757575757576,0.015989581471728086,0.510849969405756,0.04736119242414072,1.7011309051613244,0.3361286961805589
7,8.080808080808081,0.017912297762087442,0.47301615128787866,0.03094723101690859,1.7663263194066476,0.3273205588949577
7,8.585858585858587,0.020392675314610358,0.4346427698411451,0.024572255246030413,1.8295469369880184,0.3188876373053887
7,9.090909090909092,0.023572842445292026,0.3966250400549599,0.023683813101147883,1.8908170498364032,0.3108542058967927
7,9.595959595959597,0.02765068941164094,0.3595042884367318,0.025752764864927506,1.9501504722446747,0.3032544563841019
7,10.101010101010102,0.0328838239586444,0.32365697483267375,0.02979799922044811,2.0075474042830512,0.2961359083738625
7,10.606060606060607,0.03957907793444665,0.28941781212710654,0.0356531815074912,2.062991283512143,0.28956290400696544
7,11.111111111111112,0.04806047529044162,0.25714180296715167,0.04354865085358617,2.116446622500984,0.2836191783556417
7,11.616161616161618,0.05861149347452123,0.22723055220935637,0.05391154831779628,2.1678592810788095,0.2784080185436624
7,12.121212121212121,0.07139958683015403,0.2001356041562468,0.06725098067542229,2.217160669681336,0.2740484416376128
7,12.626262626262626,0.08640401007139557,0.17634176815249605,0.08406549268306086,2.264276505707974,0.2706666744602015
7,13.131313131313131,0.10337338854694368,0.15633003008573398,0.10475591746126123,2.309139646787151,0.2683833040753897
7,13.636363636363637,0.12182654827002323,0.1405257519738848,0.12954954107695094,2.3517044962744125,0.26729854341305215
7,14.141414141414142,0.14108496662159542,0.12924437810486802,0.15844566782324668,2.3919608103946395,0.267477772920628
7,14.646464646464647,0.1603480154593587,0.12265262956960092,0.19118874470808683,2.4299442168838534,0.26894008918327217
7,15.151515151515152,0.1787514604462377,0.12076118054362052,0.22727942041587668,2.465742226562557,0.27165117742156675
7,15.656565656565657,0.19544632862586792,0.12344914580722809,0.26599632573329346,2.499495796175095,0.27552054740880855
7,16.161616161616163,0.20963543343128446,0.13050467256303475,0.3064451917025219,2.531396199500268,0.28040348535921567
7,16.666666666666668,0.22060635247678634,0.1416606720954669,0.3475926586182096,2.561680109850579,0.28610489195623967
7,17.171717171717173,0.22775985470311783,0.1566098466393338,0.38830312449115445,2.5906215311702976,0.2923864191119557
7,17.67676767676768,0.23060778714589175,0.17500011599796061,0.4273708278341031,2.61852354094682,0.29897399064072216
7,18.181818181818183,0.22879938513529238,0.19641608322720977,0.46353605368405554,2.6457091254741196,0.3055664240321325
7,18.68686868686869,0.22213446268260906,0.2203562146510201,0.4955044204623635,2.6725108931226567,0.31184539893460606
7,19.191919191919194,0.21059069454270535,0.24621316947348296,0.5219529467747829,2.699260071439203,0.3174863839535718
7,19.6969696969697,0.19435636006742882,0.2732601030149462,0.5415270144867705,2.7262738004987113,0.32217153375918217
7,20.202020202020204,0.17387313948539132,0.3006434735997246,0.5528195370237773,2.753840402103786,0.32560492152878284
7,20.70707070707071,0.14989459696427918,0.32738001242147513,0.554338393807875,2.7822015620816187,0.32753122315250477
7,21.212121212121215,0.12356900743741572,0.3523565645678034,0.5444973702988922,2.811529843223178,0.3277595226967963
7,21.71717171717172,0.09655611769551148,0.37433711742700193,0.5217323518929116,2.8418991408990353,0.3261947570750902
7,22.222222222222225,0.07114987379074415,0.3919957695622567,0.48494459169023235,2.873245794481502,0.32287927261422356
7,22.72727272727273,0.050188044996427435,0.4040175994039885,0.43449958416890055,2.9053251851412107,0.31803985319254263
7,23.232323232323235,0.036088817632583495,0.4093141689295506,0.3734826968546383,2.937700659360506,0.3121031562053601
7,23.73737373737374,0.028961914697816726,0.4073011891444988,0.30762157254001654,2.969843637568816,0.30559906789243263
7,24.242424242424242,0.026579099685605345,0.39803737086802987,0.24304233415163962,3.0013252711364826,0.2989689388677172
7,24.747474747474747,0.02677797390966943,0.38213511096902686,0.18451950923083724,3.0319017426911725,0.29247667064679983
7,25.252525252525253,0.028539510739994958,0.3606214082495259,0.1355964023617336,3.061452714303303,0.2862665977769264
7,25.757575757575758,0.03160335373136365,0.33485202413259374,0.098797304130405,3.089904984032355,0.2804379450170238
7,26.262626262626263,0.03604042615023397,0.306400592714819,0.07504246892665017,3.117192203911534,0.2750845538267391
7,26.767676767676768,0.04204970402801657,0.276853827224683,0.06313921412532614,3.143238467337756,0.27031135162904935
7,27.272727272727273,0.0498614506281163,0.24759450601336183,0.060539965948177905,3.167952950571613,0.2662399986188343
7,27.77777777777778,0.05966795913104972,0.219714406250647,0.06481353966058982,3.191230863471149,0.26300827082929534
7,28.282828282828284,0.07155620218954305,0.19406321052425712,0.07441326112964582,3.212959861917291,0.26076389648889103
7,28.78787878787879,0.08544855562853262,0.17132846440937052,0.08859646136632458,3.233031550638732,0.25965309658911623
7,29.292929292929294,0.10106918921757356,0.15207995468739466,0.10706400485027874,3.2513566211781066,0.2598051853116999
7,29.7979797979798,0.11794774965558498,0.13676958307748824,0.12965665405119725,3.267880852491105,0.2613159455654804
7,30.303030303030305,0.1354568457591226,0.12570873623632473,0.15616895613722034,3.282598762935471,0.2642330156583045
7,30.80808080808081,0.15287111537023268,0.1190487892771305,0.1862555624326747,3.2955625666412938,0.26854571259308424
7,31.313131313131315,0.16943148508171096,0.11678414894901518,0.2193999532054232,3.306885332749833,0.2741805179442031
7,31.81818181818182,0.18440117941395037,0.11878105004311153,0.2549208639417519,3.3167386466003093,0.281002057753584
7,32.323232323232325,0.19710594213797208,0.12481930428291406,0.29199712269619454,3.3253460334629947,0.28881842858671586
7,32.82828282828283,0.2069587548170088,0.1346286269443221,0.3296977514579259,3.3329738457262277,0.29738923682621077
7,33.333333333333336,0.21347111384627326,0.147906871839722,0.36701140148154554,3.339920769057336,0.30643525878584915
7,33.83838383838384,0.21626163041447716,0.16431852922302667,0.40286728664650373,3.346507214210299,0.3156484516795182
7,34.343434343434346,0.21506423493999835,0.18348016108037013,0.43615364778498017,3.3530646657219485,0.32470224775815415
7,34.84848484848485,0.20973964621727065,0.204941007944008,0.46573284169242424,3.3599249296118323,0.3332621969000605
7,35.35353535353536,0.20029351870121723,0.228164928799657,0.49044675127188997,3.3674090037036546,0.3409972339901948
7,35.85858585858586,0.18689917495943087,0.2525171654617263,0.5091214206769681,3.375815075020638,0.34759207914376017
7,36.36363636363637,0.16992703293211275,0.27725716885826507,0.5205612713144124,3.3854051687366242,0.3527612719876218
7,36.86868686868687,0.14998151687662498,0.30153654371776334,0.5235418804789989,3.3963897632804327,0.3562655646054818
7,37.37373737373738,0.1279465995598174,0.3244019118043966,0.516827754170705,3.408909562317614,0.357931533552564
7,37.87878787878788,0.1050389774272913,0.34480564020765775,0.4992635386151852,3.42301349787142,0.3576754127302994
7,38.38383838383839,0.08284825839834244,0.36163341454644526,0.4700319249549098,3.43863279793659,0.35553139403501516
7,38.88888888888889,0.06327726677255002,0.3737704618847607,0.4291912908611253,3.4555547062949095,0.35168090344681546
7,39.3939393939394,0.0481716477184073,0.380228430998573,0.3783918997732302,3.473412857446057,0.34646564230309485
7,39.8989898989899,0.03849397049800748,0.38032758948161993,0.3212392447590887,3.491729228436534,0.3403487655749724
7,40.40404040404041,0.033707583190176395,0.3738584338426635,0.26259075693738976,3.510025618718483,0.33380474737905014
7,40.909090909090914,0.032401903149730626,0.3611267967188527,0.20720468364726247,3.527934507538577,0.3272071272293199
7,41.41414141414142,0.03340564803415164,0.3428933686079145,0.15897994766188242,3.5452199074469473,0.320804694173684
7,41.919191919191924,0.036155777451676724,0.32028579038777166,0.12080069706937704,3.5617299564943203,0.31476637269130575
7,42.42424242424243,0.040524764900304974,0.2946939608169431,0.0942358960513789,3.5773469662644644,0.3092298534237192
7,42.929292929292934,0.046598752884361626,0.2676094122373552,0.07913198999873,3.5919584666219833,0.3043301349242341
7,43.43434343434344,0.0545299797748782,0.24043174584803287,0.07386476898783058,3.6054454768986015,0.3002112863892249
7,43.939393939393945,0.06443781308468624,0.21434024310843994,0.0763563811973449,3.617681866664474,0.2970272523258984
7,44.44444444444445,0.07633480240711928,0.1902778769079229,0.08495405974169455,3.6285414467307064,0.2949348487841655
7,44.949494949494955,0.09007483550814227,0.16899511975376486,0.09864772250036373,3.6379105416718427,0.29408105063236717
7,45.45454545454546,0.10533126725237571,0.15108738521869725,0.11688038394551668,3.6457034544697113,0.29458706308703664
7,45.959595959595966,0.12160892690408673,0.13700330877180464,0.1392909229493207,3.6518776575157603,0.296532313995314
7,46.46464646464647,0.13828435277530518,0.12703481620423804,0.1655276296170292,3.656445702919583,0.299941416332511
7,46.969696969696976,0.15466176597624476,0.12131044307615642,0.19514619223495047,3.6594818404044607,0.30477621318232195
7,47.47474747474748,0.17003073063096738,0.1198074837749906,0.22757040551921015,3.66112270746413,0.31093367147661366
7,47.979797979797986,0.1837147493580436,0.1223835512860893,0.2620907301353973,3.6615628425733564,0.31824900040584403
7,48.484848484848484,0.19510486788999853,0.12881637875929272,0.297883033829666,3.661046252728645,0.3265028691108815
7,48.98989898989899,0.20367914658445266,0.13883548033146229,0.3340327194318346,3.6598559249299716,0.33543090297716105
7,49.494949494949495,0.2090129582586713,0.15213652714346965,0.3695577318733471,3.65830260917116,0.34473415721628464
7,50.0,0.21078551193548756,0.16837920413427446,0.4034283910594276,3.656713513519252,0.35408993762122914
7,50.505050505050505,0.20878745770317805,0.18717402359084914,0.43458284712890727,3.6554212605969956,0.3631626153180865
7,51.01010101010101,0.2029322812501326,0.2080654425583554,0.4619388350919746,3.654752886400335,0.371614654932987
7,51.515151515151516,0.19327200665463667,0.2305164867769819,0.4844015434658979,3.655018572563911,0.3791181403924449
7,52.02020202020202,0.18001812620864097,0.2538979466210457,0.5008664893079626,3.656499682938095,0.3853672717934056
7,52.525252525252526,0.16356794085311535,0.27748330953625827,0.5102184483904828,3.6594355290216094,0.3900924384956675
7,53.03030303030303,0.14453555334205467,0.3004486014364736,0.5113359731836413,3.664008402660411,0.393076312385129
7,53.535353535353536,0.12378778230799914,0.32187792526278647,0.5031234008626153,3.670326213165462,0.39417270468731597
7,54.04040404040404,0.10247976912447981,0.34077710799024663,0.48461894582357623,3.678402434565178,0.3933285245456893
7,54.54545454545455,0.08206455180023828,0.3561070850731464,0.4552635324688427,3.688133614335256,0.3906087155482179
7,55.05050505050505,0.06419829958814352,0.36685089730979903,0.4153590903151335,3.699280574274482,0.38621789586043614
7,55.55555555555556,0.05039294463492328,0.3721310476645093,0.3666246550498431,3.7114683537273034,0.3805035570906557
7,56.06060606060606,0.04139301286163601,0.3713643252150454,0.3123980361812095,3.724231138332707,0.3739137981960125
7,56.56565656565657,0.036788904761069614,0.3643942336956865,0.25704032078419364,3.737108523579909,0.36690206982329915
7,57.07070707070707,0.035493324575215604,0.35153269190671466,0.2048925217404284,3.749734997639407,0.3598364334337024
7,57.57575757575758,0.036551522963113,0.3335176545265332,0.15960657923482685,3.7618593979248387,0.3529775586966458
7,58.08080808080808,0.03946559386809726,0.3114361726459691,0.1238830760131378,3.7733085967641307,0.3465127831472183
7,58.58585858585859,0.04410290342185221,0.28661940192341046,0.09914702562483114,3.7839448545843983,0.3405974815641577
7,59.09090909090909,0.05052098317373862,0.26048856568145445,0.08524841696305194,3.793638838617111,0.335381571175399
7,59.5959595959596,0.058831185555361425,0.23438017711292866,0.08076162879770232,3.8022587995904167,0.3310202914930919
7,60.101010101010104,0.06910065739327884,0.20943300300444892,0.08385915544770305,3.8096707269253596,0.32767410804838043
7,60.60606060606061,0.08128227146229194,0.18656819253179907,0.09304772294974979,3.8157466015421573,0.3255004233251331
7,61.111111111111114,0.09517134832586364,0.16651975715463588,0.1073626069514925,3.820377643863451,0.324640041672268
7,61.61616161616162,0.110393929960204,0.1498615516829075,0.12621816404833364,3.8234895547574603,0.3252013116281808
7,62.121212121212125,0.12642600588544484,0.13701282397003994,0.14919165089481895,3.82505655757872,0.3272451350419228
7,62.62626262626263,0.14263731841213412,0.12823150288035606,0.17586294968998809,3.8251114386452163,0.3307736952858416
7,63.131313131313135,0.15834517476298368,0.12361433687612892,0.2057275000267763,3.823750009761689,0.3357246043285523
7,63.63636363636364,0.1728677479694203,0.12311496781836724,0.2381624051878685,3.8211298793206905,0.34197071000383605
7,64.14141414141415,0.18556659772590325,0.12657739570443002,0.27242758983694326,3.8174643234367824,0.3493248903722067
7,64.64646464646465,0.19587539850071284,0.1337727459863209,0.30768227813429677,3.81301291041409,0.35754827900609903
7,65.15151515151516,0.20331625325698874,0.14442592767949505,0.34300711050237415,3.80807041744149,0.36636043497536486
7,65.65656565656566,0.20750852241893686,0.15822602515865647,0.37742476513154316,3.8029552636723762,0.3754502580275012
7,66.16161616161617,0.20817530672353485,0.17482198962325196,0.40991769471874356,3.797998070637212,0.3844870397072285
7,66.66666666666667,0.20515155081617964,0.19380960629388277,0.439442197146321,3.793530482219544,0.3931315169764596
7,67.17171717171718,0.1983956995103586,0.21471621692967058,0.4649390894310182,3.789874034926611,0.40104711284456107
7,67.67676767676768,0.18800595754650787,0.23698755883619493,0.48534045732993303,3.787328721236542,0.4079117535038477
7,68.18181818181819,0.17424086405582312,0.25997910798348134,0.4995728065915179,3.7861608286554542,0.41343067690950336
7,68.68686868686869,0.15754470073338844,0.28295294478468186,0.506557978055497,3.786589500284024,0.4173508068818254
7,69.1919191919192,0.13857631129855288,0.30507961374024006,0.5052262770570484,3.7887715760317047,0.4194771570410632
7,69.6969696969697,0.11824097241359724,0.3254459446132316,0.49456546294028864,3.792784318757373,0.419691716946231
7,70.20202020202021,0.09771552899339757,0.34307320433460375,0.47375738066333734,3.7986057955320107,0.4179751043505205
7,70.70707070707071,0.07843275328541506,0.3569571801373961,0.44247471385881587,3.8060946082147074,0.41442934116671365
7,71.21212121212122,0.06194417110064266,0.3661425282900335,0.4013319463400502,3.8149762514407715,0.4092943550662999
7,71.71717171717172,0.04953630346658442,0.36984364308751216,0.35234893948631396,3.8248531984931966,0.4029408692605856
7,72.22222222222223,0.04168302717612214,0.3675882432827318,0.29897719317105514,3.8352600038355673,0.3958175395017447
7,72.72727272727273,0.03785911149589527,0.35932585943765416,0.2454308635251162,3.845756554122913,0.38835819060753546
7,73.23232323232324,0.037074517992741945,0.3454507649547908,0.19577309243877578,3.8559999387691377,0.3809084230529203
7,73.73737373737374,0.03853155833383226,0.3267564145486411,0.15337471587852985,3.865750678373785,0.3737169634213966
7,74.24242424242425,0.041836842504895666,0.30435843590006995,0.12063967440365463,3.87483643085571,0.3669699713381988
7,74.74747474747475,0.046901710347972095,0.2795835724842783,0.09866658920280254,3.8831144179686636,0.36082752572325133
7,75.25252525252526,0.05378786479966705,0.2538133097327193,0.08706154667347173,3.8904488025131805,0.3554458535752283
7,75.75757575757576,0.06258459855327529,0.22832389426761027,0.08436126679901038,3.896702676971213,0.3509852943452189
7,76.26262626262627,0.07331888576750085,0.20419497887075483,0.08886919797703224,3.901740337435893,0.3476080303263328
7,76.76767676767678,0.08589284614242033,0.18230043193593848,0.09924883678317992,3.9054369572245484,0.3454682798292379
7,77.27272727272728,0.10004984852659504,0.16333547218131853,0.11463189574500521,3.907692479246129,0.3446979979125682
7,77.77777777777779,0.11537224660453889,0.14783635252382488,0.13446115682429025,3.908446517607886,0.345391234937202
7,78.28282828282829,0.13130752773305773,0.1361822249488767,0.1582974298690785,3.9076911944286015,0.347590246440244
7,78.7878787878788,0.14721496950604035,0.1285901472654556,0.1856828466441109,3.9054793912845747,0.3512759394297316
7,79.2929292929293,0.16241860699432367,0.1251203208709609,0.2160704201842857,3.901927317098419,0.3563638877768903
7,79.7979797979798,0.1762566642990914,0.12569875063452016,0.24879977181557508,3.897211592161933,0.36270584051624977
7,80.30303030303031,0.18811946282041708,0.13015175603465423,0.2831018819346032,3.891561900899372,0.3700957819256295
7,80.80808080808082,0.19747394642202426,0.13823991651481407,0.3181166263171549,3.885250879359514,0.37827896318091964
7,81.31313131313132,0.20387746807333673,0.149680071141972,0.35291360615996087,3.8785826971541284,0.38696248814392264
7,81.81818181818183,0.20698561404158344,0.16415156253695143,0.3865115452705751,3.8718813808455583,0.39582642373332816
7,82.32323232323233,0.2065589464829726,0.18128966155052276,0.4178945247611138,3.8654793534012053,0.4045349596784996
7,82.82828282828284,0.20247187025491428,0.20067225080066872,0.4460250203203075,3.859706208197177,0.4127475925153723
7,83.33333333333334,0.19472515896583867,0.22180566118710576,0.46985365198871715,3.854877469904763,0.42013056672479454
7,83.83838383838385,0.18346282467024863,0.2441131561927654,0.4883251225551795,3.8512829935623145,0.4263689425187947
7,84.34343434343435,0.1689934637765455,0.26692828718763045,0.5003808393301726,3.8491745137288476,0.4311798016799
7,84.84848484848486,0.15181530054540174,0.2894935777130564,0.5049634258621223,3.848751856730204,0.4343270645001319
7,85.35353535353536,0.13264457175854763,0.31096404048329224,0.5010371245009825,3.8501474744871107,0.43563830659350433
7,85.85858585858587,0.11244431121836716,0.3304178657850201,0.48765714731601795,3.853408797864711,0.4350241516587144
7,86.36363636363637,0.09243988764791151,0.34687903250189805,0.4641385588368538,3.8584788455179657,0.4324998036923335
7,86.86868686868688,0.07407680344864652,0.3593655765708936,0.43039305084244395,3.86517766282484,0.4282062242550048
7,87.37373737373738,0.058830078119968286,0.366974407661598,0.38738401142785533,3.8731944191813548,0.4224209137761108
7,87.87878787878789,0.047777105845359616,0.3690072696223281,0.33749281373176687,3.88210826460978,0.41553986241354773
7,88.3838383838384,0.04111513878143123,0.3651066099948345,0.28436735589263634,3.891454846811022,0.4080128407157458
7,88.8888888888889,0.03817367271983107,0.3553405058153061,0.23215756271701823,3.900817088189676,0.4002525385828611
7,89.3939393939394,0.0380160920170568,0.3402056300957849,0.1847049219275705,3.909879410871397,0.3925785137787705
7,89.89898989898991,0.03997333987584996,0.320574098332293,0.14510728433468484,3.9184200010218366,0.38522258918703733
7,90.40404040404042,0.04374994683820311,0.2976113936610187,0.11543762599228703,3.9262730914909407,0.3783648404908942
7,90.90909090909092,0.04930500561960795,0.2726555459704366,0.0964108564069816,3.933295695004448,0.3721659811311783
7,91.41414141414143,0.0567094026730198,0.2470571447283453,0.08733315378427901,3.939349412428686,0.3667852650783913
7,91.91919191919193,0.06603431682079312,0.22203518692329777,0.08666066281806979,3.9442955102298605,0.3623853747858452
7,92.42424242424244,0.07726978149409772,0.19860879918549576,0.09279803316830122,3.9479994932138123,0.35912781073889893
7,92.92929292929294,0.09027048383749887,0.1776002862879754,0.10455150355398463,3.950342164604401,0.3571616109473215
7,93.43434343434345,0.1047312847580713,0.15966070524722348,0.12114963599202604,3.9512340157558112,0.35660844677774245
7,93.93939393939395,0.12019382011741336,0.1452837020935534,0.14207167026464032,3.9506296475207354,0.3575473544258949
7,94.44444444444446,0.13607887434920685,0.13480446780979022,0.16687160259341557,3.9485393454501616,0.36000201974779644
7,94.94949494949496,0.15173544263070401,0.12839667371139826,0.19506297077962825,3.9450356014142143,0.36393290165307907
7,95.45454545454547,0.16649289392903296,0.12608261316801456,0.22606311274135799,3.9402539162468972,0.3692350018056915
7,95.95959595959597,0.17970676046583933,0.12775972841077257,0.2591781848055109,3.9343883991168394,0.37574088351397733
7,96.46464646464648,0.19079252660263527,0.13323556947040327,0.29361213527261587,3.927683405584849,0.3832278008807047
7,96.96969696969697,0.19924655000039831,0.1422586910844376,0.32848517868286575,3.9204228671497408,0.3914273604642139
7,97.47474747474747,0.20465772113571862,0.15453608871130184,0.36285412193905914,3.912918672158871,0.4000363882399631
7,97.97979797979798,0.20671465400357888,0.16973555892138137,0.3957306578711429,3.905498970574874,0.4087281406849096
7,98.48484848484848,0.20521280673747333,0.1874770214696558,0.42609656665343915,3.8984967421142467,0.417163516865121
7,98.98989898989899,0.20006435388692953,0.20731892690670273,0.45291573902451876,3.892238550968428,0.4250023470636717
7,99.4949494949495,0.19131161189883977,0.22874493275666077,0.47514304024877624,3.8870332054186623,0.4319150107188366
7,100.0,0.1791448653632824,0.2511540353337347,0.49172955125410023,3.8831599477610026,0.43759480100098525
8,0.0,0.45751334243204983,0.4814545742260912,0.45957912623931046,0.45509388444127236,0.4620607447135633
8,0.5050505050505051,0.39356942403581185,0.4941659571133143,0.5393411094297984,0.550045774090068,0.4542648208630618
8,1.0101010101010102,0.32709265787826325,0.513704215575935,0.5994451250462312,0.6424078178399764,0.4467140478758814
8,1.5151515151515151,0.2577456649187975,0.5374479114163665,0.6385468847046117,0.7326153690983431,0.4390326644725645
8,2.0202020202020203,0.18640854447442273,0.5627304991193857,0.6543663900036951,0.8210832965532909,0.43085569883537206
8,2.5252525252525255,0.11601747986755478,0.586798241450896,0.6430243864422065,0.9081734077540163,0.4218621929391073
8,3.0303030303030303,0.0544116651376536,0.6067101461112177,0.5990097325945488,0.9941082264752825,0.41186349575556064
8,3.5353535353535355,0.01957457055059076,0.6194889728566514,0.5227841455475568,1.0787365626922703,0.4010431412566941
8,4.040404040404041,0.01307453307035088,0.6233717474737203,0.43362218470963954,1.1614185132096948,0.3900829353727362
8,4.545454545454546,0.01264067115491356,0.6184871598080063,0.34647666926224624,1.2417967959362608,0.3793947390458354
8,5.050505050505051,0.012854710068618826,0.6055522424087155,0.2649519985118351,1.3198733829813782,0.3690342268703316
8,5.555555555555556,0.013366156154164874,0.58533909110278,0.19143374593998663,1.3957017880647746,0.3590045129047989
8,6.0606060606060606,0.01418537813051405,0.5587588704068913,0.1289664196576369,1.4693354141648887,0.3493074477763644
8,6.565656565656566,0.015362775024426172,0.5270168000243276,0.08095709737764861,1.5408235445863698,0.3399476945619855
8,7.070707070707071,0.016968663482624498,0.491662852889626,0.049457876400070204,1.6102103552497566,0.3309338254437373
8,7.575757575757576,0.019091991123946706,0.4543719669701089,0.03283554783811008,1.6775340850185365,0.32227927965004444
8,8.080808080808081,0.0218503732089811,0.416542779986146,0.02637083512949566,1.7428259504282626,0.3140035975775021
8,8.585858585858587,0.025407660348551166,0.37910578894894464,0.02560349530558066,1.806108336071708,0.3061344109591096
8,9.090909090909092,0.029986902031903715,0.3426375260794864,0.028012073666290317,1.8673921119229617,0.29871035690145287
8,9.595959595959597,0.03586999890344408,0.3075478190630606,0.032616746768289934,1.9266734540320392,0.29178455558219163
8,10.101010101010102,0.04337816588437976,0.2742045368783081,0.039268240376501194,1.9839309631584423,0.28542785996738024
8,10.606060606060607,0.052827295190735576,0.2429959340511984,0.04822214988119814,2.0391243125608542,0.27973062619755845
8,11.111111111111112,0.06445933938680895,0.21435474714152386,0.059922407556263324,2.0921959235046512,0.27480145443717424
8,11.616161616161618,0.07836419938292796,0.18875557119927394,0.07487363749097893,2.1430769807006955,0.27076150306991664
8,12.121212121212121,0.09441795859789215,0.1666904269837836,0.09353691174260208,2.1916978206329367,0.2677342416188304
8,12.626262626262626,0.11225806802108036,0.14862434023153434,0.11624121744112864,2.238001446781726,0.26583180150779284
8,13.131313131313131,0.13130168439864198,0.13494043011797283,0.14311284871239105,2.281957740749904,0.2651403115575013
8,13.636363636363637,0.15079896472976584,0.12589055482777173,0.1740324964340867,2.3235758477295727,0.26570675345528627
8,14.141414141414142,0.1699032009932953,0.12156992132693409,0.20862482388791842,2.3629128874169245,0.2675292533353601
8,14.646464646464647,0.18774192982126636,0.1219251131332642,0.24627647781053102,2.4000780925333105,0.2705518015323216
8,15.151515151515152,0.20347387602140585,0.12678956987620407,0.2861735711435959,2.435232462888793,0.27466341350074613
8,15.656565656565657,0.21632970922356679,0.1359238585667038,0.32734115115331164,2.4685850438989316,0.2797007237694084
8,16.161616161616163,0.22563669724536414,0.14904221943370186,0.36868486967905445,2.5003867245124534,0.2854531746678874
8,16.666666666666668,0.23083463200739587,0.165817796762987,0.4090209552306977,2.5309225654064647,0.2916698366189207
8,17.171717171717173,0.23149012410166542,0.18586961661532708,0.44710283175269255,2.560503147328968,0.29806739670896165
8,17.67676767676768,0.22731232430093373,0.20874093003125707,0.48164007911124507,2.589455131774196,0.30433914150040914
8,18.181818181818183,0.21817729356415314,0.23387701034168248,0.5113091632131158,2.6181108043289725,0.31016518360803647
8,18.68686868686869,0.20415594540632792,0.26060808782994194,0.534759268212765,2.646796310795647,0.31522424781743286
8,19.191919191919194,0.18555346319130078,0.2881390153672705,0.5505964584467042,2.67581812586684,0.31920751031116024
8,19.6969696969697,0.16296048698324556,0.3155442010884149,0.5573556721295357,2.7054468557865192,0.3218354386316876
8,20.202020202020204,0.1373242380991753,0.34176577882124126,0.5534676633416257,2.73589723294903,0.3228788463069261
8,20.70707070707071,0.11005320171074943,0.3656151381444178,0.5372895213716127,2.767302167124481,0.3221864045611927
8,21.212121212121215,0.08315518601036181,0.3857885341942683,0.5073553554481947,2.7996779861694123,0.31972164408494025
8,21.71717171717172,0.059319112566599164,0.40092690489933563,0.4630985234857777,2.8328801544435143,0.31561036945958093
8,22.222222222222225,0.04147533969860443,0.409776374017108,0.4061595695705676,2.86656583177289,0.3101822460813181
8,22.72727272727273,0.031111644918408114,0.4114611101024277,0.34125456674530996,2.9002298501591777,0.30393911614666774
8,23.232323232323235,0.026814456296932316,0.4057250866427451,0.27478460226319346,2.9333740438928455,0.2973876206063273
8,23.73737373737374,0.02600104004217858,0.3929382434294693,0.2123082016396538,2.9656717722413317,0.2908723724655172
8,24.242424242424242,0.027074652273955384,0.37394679546981635,0.1578999736458343,2.9969608945836463,0.2845788389691722
8,24.747474747474747,0.029483068259648654,0.3499619664272037,0.11461315016851979,3.02715799568654,0.2786163409069632
8,25.252525252525253,0.033180861586405444,0.32247820604544525,0.08427230608569661,3.05620063371673,0.2730747434723899
8,25.757575757575758,0.038325021145910236,0.29311515935911014,0.06671043903629736,3.0840222455764583,0.26804940028661467
8,26.262626262626263,0.04514410092998235,0.2633836997069202,0.05982285253546356,3.110542689626434,0.2636508264883592
8,26.767676767676768,0.05386382729947301,0.23452073795829417,0.06091053227220764,3.135666304934095,0.2600069768279734
8,27.272727272727273,0.06464079461784837,0.2074829438775458,0.06793759908038154,3.1592853749887517,0.25726009997096155
8,27.77777777777778,0.07749656212762727,0.18302731864569038,0.07980452698428192,3.181288866594414,0.2555581780939282
8,28.282828282828284,0.09226742630934144,0.1617793115699887,0.0960491651491093,3.201575798609484,0.2550414819937897
8,28.78787878787879,0.10858638503463022,0.14425439293253867,0.11648846371153068,3.2200711124210075,0.2558262918549652
8,29.292929292929294,0.1259037783449851,0.13084229947134188,0.14097242304312993,3.2367410321652783,0.2579887614388067
8,29.7979797979798,0.14353674735672484,0.12178191194866628,0.16924673430312262,3.2516048305235175,0.2615520707100524
8,30.303030303030305,0.16073304801403435,0.11714999407916794,0.20089265111369012,3.264741292119306,0.26647867438344974
8,30.80808080808081,0.17673344604310967,0.11687657932838473,0.23531711314281156,3.276289376693377,0.27266827231313295
8,31.313131313131315,0.1908214115254559,0.12078228231043144,0.2717702920996879,3.286443889357647,0.2799608212101745
8,31.81818181818182,0.20235590101524123,0.12861993967014748,0.30937497723842455,3.2954476419972556,0.2881431992279472
8,32.323232323232325,0.21078950256691353,0.14010344248583737,0.34715673616119197,3.303581694717524,0.29695799624957187
8,32.82828282828283,0.2156780514734976,0.15491640363947265,0.38407010994956975,3.3111548683916294,0.3061132668574119
8,33.333333333333336,0.2166880624785237,0.17270358618871792,0.4190193532238553,3.318493139705344,0.3152926429333325
8,33.83838383838384,0.21360666464564643,0.19305290497569066,0.450874296865223,3.3259290212254347,0.32416570738603434
8,34.343434343434346,0.20635602608588927,0.21547574061412125,0.4784816992282409,3.333790725104734,0.33239881322178383
8,34.84848484848485,0.19501363274882863,0.23939063029238072,0.5006710625582103,3.342390720719848,0.3396667714615851
8,35.35353535353536,0.1798389639010781,0.2641125648024815,0.5162516307470739,3.35201317325279,0.3456659367034438
8,35.85858585858586,0.16130629926226936,0.28884825454227253,0.5240062882112159,3.3628996946106673,0.3501292739303862
8,36.36363636363637,0.14014613019186722,0.31269640336078874,0.5226913743496,3.3752326671771415,0.352844196866528
8,36.86868686868687,0.11739622004305719,0.3346532029021751,0.5110745953914072,3.389115339740082,0.3536740387538146
8,37.37373737373738,0.0944558521446785,0.3536282215003028,0.4880896099794578,3.4045477079012496,0.352584239788028
8,37.87878787878788,0.07310022268973418,0.36848802032932354,0.45323228143759164,3.4213986722431247,0.3496728822148592
8,38.38383838383839,0.055309286862837835,0.3781482540184598,0.40720795460206327,3.439383899913699,0.345196044465281
8,38.88888888888889,0.04266081579583498,0.38173316198939194,0.35261269768150155,3.4580746851778317,0.3395624134093125
8,39.3939393939394,0.03542364653312048,0.37876487510878026,0.2938437076973821,3.4769752022866887,0.33325856062855297
8,39.8989898989899,0.03247037648105441,0.36927905376040254,0.23591151901345128,3.4956499696760934,0.32672153284476546
8,40.40404040404041,0.0323711768404578,0.35380967031136756,0.18323470376465717,3.5137983901009493,0.32026188302285863
8,40.909090909090914,0.034234746479033136,0.3333060727613116,0.13926235180154023,3.5312336315626145,0.31408180585202317
8,41.41414141414142,0.037734645152632626,0.3090409434572087,0.10632624844414978,3.547827070550734,0.3083287304677337
8,41.919191919191924,0.0428698672487377,0.28248223394750294,0.08521171919040557,3.563467625417037,0.3031351619429025
8,42.42424242424243,0.04977560774945246,0.25510644194581383,0.07496464004497982,3.578041825728844,0.2986384664480083
8,42.929292929292934,0.058602883774461385,0.22822209728468082,0.07358062431014203,3.591427906326296,0.294986912947093
8,43.43434343434344,0.06943311919595187,0.20289491515715374,0.07909411342160552,3.6034990446418678,0.29233659563740505
8,43.939393939393945,0.08221359857055915,0.17997145142704157,0.09015576404295375,3.614133259307729,0.2908415408259148
8,44.44444444444445,0.09671804631583626,0.16012660779149412,0.1060047213073001,3.623227644736235,0.29063919899086743
8,44.949494949494955,0.11253963771706099,0.14388858543648977,0.12621133064926726,3.6307141505783953,0.2918340497542574
8,45.45454545454546,0.12911795310939148,0.13163576984820444,0.15044229225023037,3.636573689113724,0.29448253012908143
8,45.959595959595966,0.14578758397374655,0.12358493315935917,0.17831631884539556,3.640845824049467,0.29858211052373945
8,46.46464646464647,0.16183729614703965,0.11979208738076544,0.20933325547137518,3.643632784595396,0.304065895594801
8,46.969696969696976,0.17656467756350602,0.12017429191852852,0.24285584956235662,3.6450976686553385,0.3108030118176073
8,47.47474747474748,0.18931847927598752,0.12454730006736166,0.2781195098348974,3.645458009768021,0.31860373310822115
8,47.979797979797986,0.1995254947896106,0.13266331093910175,0.31425505076477417,3.6449762881162817,0.32722784867552734
8,48.484848484848484,0.20670524543568425,0.14423544433835706,0.35031304188717144,3.643949002383875,0.33639470767686747
8,48.98989898989899,0.21047779438440978,0.1589441096819249,0.3852858709516262,3.6426953616139564,0.34579389976781827
8,49.494949494949495,0.21057032356909183,0.17642877382365932,0.41812547306812115,3.6415461413216836,0.3550960284970516
8,50.0,0.20682630361918544,0.19627207569779287,0.4477571858431975,3.6408327062049746,0.36396357554760755
8,50.505050505050505,0.1992185760834368,0.21798302273932385,0.4730901070259179,3.640875958285931,0.3720620698688937
8,51.01010101010101,0.18786792848521205,0.24098336263343392,0.49302206567287493,3.6419748305527717,0.379071978864417
8,51.515151515151516,0.1730669331947003,0.26459917090344115,0.5064399480948923,3.644393778969205,0.3847018872165412
8,52.02020202020202,0.15530742006083723,0.288057999350807,0.5122207617469646,3.6483488321353885,0.3887033978461212
8,52.525252525252526,0.1353152224561933,0.31049125835555735,0.509242321444898,3.653991566880889,0.3908884415386658
8,53.03030303030303,0.11408821021593951,0.33094267029298713,0.49644341674023323,3.661390450587021,0.3911496094495052
8,53.535353535353536,0.09292486676776295,0.34838877107467575,0.47299217395482546,3.6705093980996186,0.3894837262672916
8,54.04040404040404,0.07340250094101951,0.36178589347522594,0.43864722660435973,3.6811854815403056,0.3860168032994295
8,54.54545454545455,0.05718594592880245,0.3701592240465307,0.3942952322112307,3.6931157707840168,0.3810202148663109
8,55.05050505050505,0.0455293916514211,0.3727424454720058,0.3424224441336602,3.7058743268850263,0.3748967768101285
8,55.55555555555556,0.03864847650861934,0.3691338308542311,0.2869776994927368,3.7189836502723708,0.36811136711968734
8,56.06060606060606,0.03570718235685548,0.35939257041595774,0.23245413903466636,3.7320190386709347,0.36108651699213995
8,56.56565656565657,0.035587403668981894,0.3440358986721497,0.18293817118124694,3.744670113448729,0.3541388234456863
8,57.07070707070707,0.037533204391524834,0.3239752183603243,0.1416822303399488,3.7567282559318094,0.3474889234726634
8,57.57575757575758,0.04123572220285722,0.30042864534068514,0.11085652407061,3.7680419858374017,0.3413042881439459
8,58.08080808080808,0.04667084135200418,0.2747942825069428,0.09117558078752022,3.778480460765671,0.33573486153444665
8,58.58585858585859,0.05393666356396731,0.24847744564515417,0.08181053617580099,3.7879143956280754,0.3309319132668352
8,59.09090909090909,0.06313641628419961,0.2227340685573899,0.08102030867460892,3.7962107939682967,0.3270533463368285
8,59.5959595959596,0.07429396887324892,0.19860178171036844,0.08706372059322426,3.803237181961996,0.3242595063839731
8,60.101010101010104,0.08729523890364874,0.17691172965993335,0.09869181133945869,3.808872467463162,0.3227021897803061
8,60.60606060606061,0.10185868542366315,0.1583226956741447,0.11514201602631455,3.8130215257746354,0.32250963053545284
8,61.111111111111114,0.11753815152314154,0.14333847279161957,0.13593062038319687,3.8156302985435824,0.32377063283228935
8,61.61616161616162,0.13375434476691528,0.1323057207552161,0.16065390839916888,3.8166983599142963,0.3265209210715121
8,62.121212121212125,0.14984536968406795,0.12540781991832542,0.18886210308431342,3.816286556084652,0.3307341789726474
8,62.62626262626263,0.16512172257958166,0.12267268011586141,0.21999952543325138,3.814518866390508,0.3363187707833641
8,63.131313131313135,0.17891568084133722,0.12399889386669517,0.253389054797467,3.811578801027043,0.34311994682331637
8,63.63636363636364,0.1906177461848218,0.12919265395122945,0.2882422105067982,3.807701614225082,0.35092637005239524
8,64.14141414141415,0.19969929159455072,0.13800139728565816,0.32367941736948175,3.803163984129958,0.3594793880828406
8,64.64646464646465,0.20572481171184936,0.15013335307496195,0.35875194770629437,3.798272611144808,0.36848363778205623
8,65.15151515151516,0.20835906784565097,0.16526065351064734,0.3924614476707881,3.7933526779659408,0.37761805204633864
8,65.65656565656566,0.2073739426186794,0.18301014014941022,0.42377595515792277,3.7887365497489705,0.38654688849062535
8,66.16161616161617,0.20265806332981648,0.20294848451138703,0.45164247265787083,3.784752661613537,0.3949308261714384
8,66.66666666666667,0.19423042970724583,0.22456740951210835,0.47499603962256287,3.7817143038553223,0.40243840634782135
8,67.17171717171718,0.18225864570613712,0.24727228425639672,0.4927646769825429,3.7799079326415383,0.4087582127624764
8,67.67676767676768,0.16708196072603448,0.2703759608278785,0.503870796525855,3.779580490386981,0.41361233633260414
8,68.18181818181819,0.14923832884124194,0.2930979778414304,0.5072355889062803,3.780925212954745,0.416771634876563
8,68.68686868686869,0.12949513163688245,0.3145686679690212,0.5018031142022757,3.7840655860548322,0.41807317056094584
8,69.1919191919192,0.10888041458623869,0.33384072333379394,0.48661984142633247,3.789036932860089,0.41744042031104556
8,69.6969696969697,0.08869653460135768,0.34991575464685604,0.46103987211674735,3.7957658989886958,0.41490605294030575
8,70.20202020202021,0.07046420670531212,0.36179774977720175,0.4250952628670713,3.804051814837211,0.4106332317701929
8,70.70707070707071,0.055683082675089764,0.36858927258378066,0.3799971704377357,3.8135609319226105,0.4049243711243719
8,71.21212121212122,0.04533895521408935,0.3696278206577984,0.3284595570112377,3.8238546103008266,0.398195722158954
8,71.71717171717172,0.039426339120425,0.3646233925339978,0.2744083812334509,3.8344665867157524,0.3909016714806133
8,72.22222222222223,0.03710826256169727,0.3537302271906444,0.2220969442596845,3.8449957069341294,0.38344151473119314
8,72.72727272727273,0.03741931123524591,0.33753319828552336,0.17532046609724808,3.855149312373936,0.3761139449219357
8,73.23232323232324,0.03974409860337984,0.3169848417504667,0.1370489288263449,3.8647241504030805,0.36913378896794663
8,73.73737373737374,0.043847245548164875,0.2933152514715351,0.10914004641567528,3.8735655963452085,0.3626712056472911
8,74.24242424242425,0.04972669002519481,0.2678995226250053,0.09200409926928058,3.8815361570340037,0.35688245081867964
8,74.74747474747475,0.057470616801840735,0.24208971150536795,0.084664181127312,3.888500077288966,0.35192508383306964
8,75.25252525252526,0.06715029527525987,0.2170794195100414,0.085441652918607,3.8943203167129816,0.347960992955655
8,75.75757575757576,0.07874292086444358,0.1938526547799299,0.09275813845382169,3.898864640006557,0.3451502732506616
8,76.26262626262627,0.0920814159595468,0.1731986174937455,0.10549857387266373,3.9020175596453206,0.34363903936490325
8,76.76767676767678,0.10683473558158578,0.1557390901451396,0.1229620831418227,3.903695117041218,0.3435440912118531
8,77.27272727272728,0.12251932288600283,0.1419395494170737,0.14466771095528916,3.903859209493738,0.34493769998420015
8,77.77777777777779,0.13853572899156483,0.13210591092310858,0.17018148806328018,3.9025286373045875,0.34783538569202094
8,78.28282828282829,0.15422016266829713,0.1263821863651006,0.1990115260348664,3.899784827913343,0.35218881917932643
8,78.7878787878788,0.16889698586054738,0.1247636918059614,0.2305606544201074,3.8957718441481504,0.3578843883473654
8,79.2929292929293,0.1819235831262635,0.12712635755358012,0.26411768932956414,3.890691290999263,0.36474692510079865
8,79.7979797979798,0.19272219009736213,0.13326275975595922,0.29886970243739414,3.884793516010738,0.37254730317292806
8,80.30303030303031,0.20079901215820992,0.14291172075573433,0.3339218931608611,3.8783667507493456,0.3810123246566864
8,80.80808080808082,0.20575467296601338,0.1557731605585132,0.3683182353123416,3.8717254883308185,0.38983562937575983
8,81.31313131313132,0.20729100295090536,0.17150786686956065,0.4010595083399425,3.865198882915864,0.398688848982272
8,81.81818181818183,0.2052184508225061,0.18972702101905867,0.43111809693150743,3.8591194214751297,0.40723275194219527
8,82.32323232323233,0.19946656562079365,0.2099778024215531,0.4574495274615603,3.8538117366687974,0.4151285022700893
8,82.82828282828284,0.1900984190292728,0.2317300901441495,0.47900070413360735,3.8495812473269653,0.42204933534166383
8,83.33333333333334,0.17732942536788146,0.2543669583161478,0.49471401929598946,3.8467022485718267,0.42769305248554895
8,83.83838383838385,0.16155066999803458,0.27718038911833337,0.5035290122810765,3.84540492914672,0.43179589081461417
8,84.34343434343435,0.14335565487405844,0.2993721572725329,0.5043924133113221,3.845860826409655,0.43414824107553257
8,84.84848484848486,0.12356953560421872,0.3200601890277767,0.49629591727667355,3.8481664105571842,0.4346125762350578
8,85.35353535353536,0.10327521462361235,0.3382932964545191,0.4783783415269076,3.8523245695780064,0.4331438763765048
8,85.85858585858587,0.08381057891078755,0.35308415746240057,0.4501755923150909,3.8582247766309425,0.4298118483634336
8,86.36363636363637,0.06667425299473975,0.36347245963183267,0.41201309881167897,3.8656276627390196,0.42481909745646396
8,86.86868686868688,0.0532289686434538,0.36862965076250087,0.36547454908280597,3.8741674078559676,0.4185016689627463
8,87.37373737373738,0.044198676776899155,0.3679959241003405,0.3135801263224743,3.8833924155037143,0.4112908625547001
8,87.87878787878789,0.03933914571197042,0.36140086684760087,0.2603249642253341,3.892849184575494,0.4036303861354887
8,88.3838383838384,0.037768354988874,0.3491111351727661,0.2098036681925214,3.9021638869346513,0.3958937992043829
8,88.8888888888889,0.03862975784807346,0.3318027349787816,0.16555833876626386,3.9110674542918344,0.3883571833178543
8,89.3939393939394,0.04143006224317034,0.3104937482062287,0.13026328097233653,3.919368603247061,0.3812239669775626
8,89.89898989898991,0.04600817541575899,0.28644675574232226,0.10541323366890595,3.926915357987515,0.37466207219009695
8,90.40404040404042,0.05239022704353642,0.2610272996721502,0.09105237827853618,3.933568283581011,0.36883010814786055
8,90.90909090909092,0.06065956920094041,0.235541018488155,0.08599939190972215,3.939188937859249,0.36388879052728634
8,91.41414141414143,0.07085945935877075,0.21111998016377403,0.08859632352733748,3.9436395108374582,0.36000128860946684
8,91.91919191919193,0.0829239399302341,0.18869128566890958,0.09740250318483905,3.94679080082655,0.357325150840798
8,92.42424242424244,0.09663661349269395,0.1689967376354353,0.11143057500792788,3.94853516982171,0.35599900581104393
8,92.92929292929294,0.11162039893032752,0.15261542061657413,0.1300474451222485,3.948801352476203,0.35612708838055396
8,93.43434343434345,0.12735671894065187,0.13996978499101004,0.15278555934697996,3.947567924650727,0.35776478451111127
8,93.93939393939395,0.1432271633886474,0.131321617850447,0.17919126037323765,3.944872796594383,0.36090788703351123
8,94.44444444444446,0.15856537272766114,0.12677353663296106,0.20873893093135001,3.940817120143643,0.365487283017264
8,94.94949494949496,0.17270707579651856,0.1262870371609105,0.24079578430205534,3.9355636657297093,0.37136915751048377
8,95.45454545454547,0.18503138104077582,0.12971427604487015,0.27461969418480603,3.9293304210453925,0.3783600675614115
8,95.95959595959597,0.19498810232104918,0.1368327991147886,0.30937419050054427,3.922380990851356,0.38621540512836194
8,96.46464646464648,0.20211427807264618,0.1473710607111276,0.34414805522491204,3.915013362288921,0.3946497361082074
8,96.96969696969697,0.20604290268793055,0.16101880049701717,0.37797548190573427,3.907548169673537,0.403347904351824
8,97.47474747474747,0.2065098269253817,0.1774236801612008,0.40985259033710464,3.900317116474056,0.41197624557779094
8,97.97979797979798,0.20336170766366773,0.19617957800832034,0.4387515731571686,3.8936516525533014,0.4201938090823859
8,98.48484848484848,0.19656760819002989,0.21681260901244956,0.46363097196812675,3.887871733889472,0.42766375159245834
8,98.98989898989899,0.18623407048613172,0.23876905002123502,0.4834433248244939,3.883274331359948,0.4340652188237063
8,99.4949494949495,0.17262549980467745,0.2614075713695518,0.49713789075506315,3.8801212539333383,0.4391062166981971
8,100.0,0.15618784858885737,0.2839966622885014,0.5036641467826702,3.878625753378925,0.44253797740103645
9,0.0,0.5414610714860384,0.4580146804704972,0.5450235150842881,0.4619482818884556,0.4824408639669614
9,0.5050505050505051,0.47960124422356143,0.4811568858534627,0.628986654381013,0.5561125276193267,0.47521689715959314
9,1.0101010101010102,0.4121469269542009,0.5110544954950837,0.6938357342383427,0.6475372580112044,0.4684079998112038
9,1.5151515151515151,0.33869212382453884,0.5449860365745705,0.738414020569224,0.7367196819037289,0.46157920417176235
9,2.0202020202020203,0.25987049107012106,0.5802652162635404,0.7617093919137418,0.8241542676667704,0.45428700632652697
9,2.5252525252525255,0.17778642742125694,0.614313893678384,0.7620029486784293,0.9103073415314418,0.4461049345769445
9,3.0303030303030303,0.09757004391369137,0.6445946090243516,0.7347400271274747,0.9955607027163502,0.43668116772760207
9,3.5353535353535355,0.033915482888634836,0.6683951541758332,0.6724693303971541,1.0800461348912844,0.4259074645800316
9,4.040404040404041,0.012515037555077596,0.6832275394642452,0.5817842544161044,1.163207548440217,0.4143673221569317
9,4.545454545454546,0.010958166275284339,0.6885489114431971,0.4868809114647274,1.2442014210509842,0.4029501737991167
9,5.050505050505051,0.010858508652641064,0.6851689980439645,0.3952692109086682,1.3228775290040624,0.39186323987094746
9,5.555555555555556,0.0109930417112837,0.6738902117938611,0.3085753564229704,1.399286584791635,0.3811129080430212
9,6.0606060606060606,0.011324593460584514,0.6553882576550369,0.22869498453012238,1.4734869678228706,0.37069646051055527
9,6.565656565656566,0.011867937261320646,0.630356030178032,0.15831967342764425,1.545534497474023,0.3606123003850886
9,7.070707070707071,0.01265428079085795,0.5996944619217108,0.10095028853544175,1.6154816002145853,0.35086085733145694
9,7.575757575757576,0.013726724490008186,0.5646714297873827,0.05990659980973176,1.6833767806000308,0.34144520323987065
9,8.080808080808081,0.015136940767332156,0.5268737362026354,0.03572212119382252,1.7492641867259402,0.3323715841141939
9,8.585858585858587,0.01694856618631615,0.4878406993131413,0.024567703801618733,1.8131831572598136,0.32364997971996595
9,9.090909090909092,0.019250569881159276,0.4486871618637663,0.02101447650588451,1.8751673509088493,0.3152950946269947
9,9.595959595959597,0.022173156325218154,0.4100762878766226,0.021294133681378467,1.9352430852998537,0.3073281679110797
9,10.101010101010102,0.02589895357030355,0.37240701442243057,0.023655582721674027,1.9934268883704058,0.2997796169484115
9,10.606060606060607,0.03066816168157576,0.3359777720240072,0.027529053753093745,2.0497224894422836,0.292692303369172
9,11.111111111111112,0.036773989945217724,0.3010760225012231,0.03291389291468996,2.1041176279172173,0.286125052323057
9,11.616161616161618,0.0445400997516714,0.2680220296083176,0.040092577368998704,2.1565814483482555,0.2801556521009684
9,12.121212121212121,0.05427282565250711,0.2371886666924839,0.04950353581592802,2.207063792512866,0.2748819962598997
9,12.626262626262626,0.06619091426958328,0.20900506999263033,0.06166399907314067,2.2554979831450064,0.2704197114330143
9,13.131313131313131,0.08034916630305147,0.1839443642094395,0.07709726143258493,2.301808051042891,0.26689523145596167
9,13.636363636363637,0.09658345130667233,0.16249223978291713,0.09625321992955561,2.345920581793327,0.26443402963675455
9,14.141414141414142,0.11449462815848593,0.14509883621175718,0.11943186557758176,2.387779078251245,0.2631460323061532
9,14.646464646464647,0.1334726472603751,0.13212321300027235,0.14672139693453126,2.427358368532436,0.263110658815689
9,15.151515151515152,0.15275592328156404,0.1237865161301003,0.1779625744081142,2.4646765743263312,0.26436399679109496
9,15.656565656565657,0.17150024698642838,0.12015211128342283,0.21274600717871295,2.499802811993091,0.26689002200469636
9,16.161616161616163,0.18884973829687915,0.12113992192841586,0.2504321559259584,2.5328600680865936,0.2706165263021152
9,16.666666666666668,0.20399069757990823,0.126564238293444,0.29019047145304644,2.564023523016644,0.27541558843968716
9,17.171717171717173,0.21618093461377455,0.136173793076869,0.33104155696303417,2.593515884122177,0.28110711419715073
9,17.67676767676768,0.2247865379579931,0.14967545071880445,0.3718893727237703,2.621600217072226,0.2874650144579814
9,18.181818181818183,0.2292849517315445,0.16673619274315307,0.41155926092254125,2.6485712419063376,0.2942251049663121
9,18.68686868686869,0.22927617832491548,0.1869688593240442,0.44881869108121747,2.674746609024484,0.301093227656118
9,19.191919191919194,0.22450638145096063,0.20990995968167597,0.48239278436809235,2.7004570524803593,0.3077547024760494
9,19.6969696969697,0.21488577469854783,0.2349979900762516,0.5109782978534931,2.726035503699028,0.3138850579811672
9,20.202020202020204,0.2005193457998752,0.2615574405867132,0.5332434483836629,2.7518052205365704,0.3191620041589214
9,20.70707070707071,0.1817452168437293,0.2887891540864366,0.5478150398686258,2.7780659336889646,0.3232796767487448
9,21.212121212121215,0.15918466747454801,0.3157660345668742,0.5532502546667687,2.80507742198746,0.3259657949341929
9,21.71717171717172,0.13381282332793595,0.34143194497926566,0.5480130343592581,2.833039236536293,0.3270030815384275
9,22.222222222222225,0.10705860429623514,0.36460510685601827,0.5305260185418287,2.8620644743262442,0.32625715378720005
9,22.72727272727273,0.08092889527908487,0.383997669840392,0.4994515526732327,2.8921452184810357,0.32371342541573506
9,23.232323232323235,0.0580466490875344,0.3982829903936651,0.4544443556956998,2.923110006270565,0.3195228658003339
9,23.73737373737374,0.0411395340106815,0.4062618005910424,0.3973858455855077,2.9545933663379564,0.31403659270975715
9,24.242424242424242,0.03141374352755585,0.4071266898506566,0.33305282960658933,2.9860831381143256,0.30776262007204896
9,24.747474747474747,0.02741069378752278,0.4006796174468223,0.26765398498801163,3.017089730820608,0.30119815502816677
9,25.252525252525253,0.026737331292684362,0.38732652251146965,0.20654566023357396,3.047293836742501,0.2946794090866905
9,25.757575757575758,0.027936410844489126,0.36793857462506885,0.15370465395987615,3.0765324044527125,0.28839162545544794
9,26.262626262626263,0.030505015070313023,0.34374755819764785,0.11208742327512433,3.104716854122412,0.28244823388305146
9,26.767676767676768,0.034411797773202045,0.3162566907599102,0.08334037091221436,3.131778374325219,0.27694455097832
9,27.272727272727273,0.03981717594302765,0.28707221046341236,0.06710188776310193,3.1576437112036233,0.27198185411298226
9,27.77777777777778,0.04694519114882472,0.25767387670923686,0.061210417627961214,3.182226146135393,0.26767662196573755
9,28.282828282828284,0.056006998788708434,0.22926739870922921,0.06306495626133453,3.2054242443267427,0.2641621129751147
9,28.78787878787879,0.06713264062581209,0.20278887739720652,0.07075943084063369,3.2271263114467907,0.2615841973985522
9,29.292929292929294,0.08030708490808011,0.1789827658942094,0.08327435315933626,3.2472202097159393,0.2600916662954291
9,29.7979797979798,0.09532602907997281,0.15846232762262602,0.10017238130364949,3.265607503521124,0.25982193446152146
9,30.303030303030305,0.11178553413290301,0.1417253319750845,0.1212577934758411,3.2822195125171145,0.2608844923520793
9,30.80808080808081,0.12910912658792553,0.12913677924115538,0.1463488132447795,3.297032156620073,0.2633452041225133
9,31.313131313131315,0.1466006113855759,0.12090619000433714,0.17515216079678944,3.3100767117741117,0.267214404916578
9,31.81818181818182,0.16350802822297367,0.11708181627647536,0.20721132008318902,3.321445017212685,0.2724403690335496
9,32.323232323232325,0.17908367812640025,0.11757107044951791,0.24190146766908932,3.3312889136686876,0.27890849567730525
9,32.82828282828283,0.19263018831319914,0.12217995622341205,0.27844896596494045,3.3398149260739967,0.286445324931493
9,33.333333333333336,0.20352988324940885,0.13065311906384303,0.3159606229268922,3.3472757642288595,0.29482589825553074
9,33.83838383838384,0.21126060875998312,0.14269909381226273,0.3534527456569495,3.353960189738306,0.3037829700081257
9,34.343434343434346,0.21540432961327932,0.15799557694685337,0.3898759773051627,3.3601823448266144,0.3130169966254924
9,34.84848484848485,0.2156545283654861,0.1761788024984964,0.42413483084920833,3.366271053330701,0.32220639938069656
9,35.35353535353536,0.21182663790917636,0.1968250830367442,0.4551025669221576,3.372559121842799,0.3310180736773222
9,35.85858585858586,0.20387308941055732,0.21943178434205385,0.48163168194223016,3.379372396650048,0.33911837257107763
9,36.36363636363637,0.19190434796388794,0.24340214408888394,0.5025583600813517,3.387018162825742,0.34618501855765726
9,36.86868686868687,0.1762160824743928,0.268035793036322,0.5166987734484048,3.395772365610157,0.3519204702576466
9,37.37373737373738,0.15732253659940773,0.29252524568242644,0.5228442487011514,3.4058650211180144,0.35606740611296406
9,37.87878787878788,0.13599813203259795,0.31595698198334166,0.5197658068951228,3.417463256247091,0.35842691272923455
9,38.38383838383839,0.11332821545404174,0.3373187307364765,0.506266311205973,3.430650868764724,0.3588805951436636
9,38.88888888888889,0.09075747875401721,0.3555187184372442,0.481369941009398,3.445403921795806,0.3574171427212188
9,39.3939393939394,0.07008289344901,0.3694361959368871,0.4447494248479991,3.461563643402975,0.35416221643563073
9,39.8989898989899,0.053227535387383194,0.3780227189299806,0.39739493898999634,3.4788182698045857,0.34939986857488065
9,40.40404040404041,0.041574760622297556,0.38046778502296313,0.34219961682431194,3.4967215719296796,0.3435573856060215
9,40.909090909090914,0.035142514820775836,0.37637932086716774,0.2836856204041781,3.514780828280388,0.3371194832899977
9,41.41414141414142,0.032718206941716,0.36587713513552966,0.2267614311817095,3.5325800631727695,0.3305046642364771
9,41.919191919191924,0.032966597123874807,0.34956343999239287,0.17566196572823226,3.5498376177223956,0.3240050356343822
9,42.42424242424243,0.035111514586933956,0.3284395216466587,0.13365383381588378,3.5663760636286654,0.31781355473637435
9,42.929292929292934,0.03889393535909656,0.3038115200152585,0.10283818322795302,3.5820684404895418,0.3120760355194504
9,43.43434343434344,0.04434097801476541,0.27715284383071914,0.08371368531782052,3.596801470787473,0.3069272391501569
9,43.939393939393945,0.0515920417274268,0.2499143327427821,0.07511376783408819,3.610458311759642,0.3025080313504951
9,44.44444444444445,0.060785791424727696,0.2233618547849693,0.07500987660436338,3.622914398538256,0.29896968055483647
9,44.949494949494955,0.07197835318032819,0.19852055792577897,0.08154228102510966,3.6340420255134944,0.29646940725922194
9,45.45454545454546,0.08508295746663463,0.17620545821089986,0.09347781970102217,3.6437212379147432,0.2951594424622199
9,45.959595959595966,0.09983670595683405,0.157065596218403,0.11012377161502437,3.651854587437432,0.2951719260374131
9,46.46464646464647,0.11580077515275125,0.14160281665741617,0.13107074637817936,3.6583827621278457,0.29660258124015737
9,46.969696969696976,0.13239141460617082,0.13016637254058538,0.15597534500698845,3.6632979675201316,0.29949630753660783
9,47.47474747474748,0.14893286861850225,0.12294249970950921,0.1844308536667735,3.6666524972868033,0.30383732541764236
9,47.979797979797986,0.1647146941396423,0.11995936260407553,0.21590839879610932,3.668561467626342,0.3095450407323118
9,48.484848484848484,0.17904507367458003,0.12111280631289778,0.2497438479210108,3.6691999811385614,0.3164754815949153
9,48.98989898989899,0.1912893004839633,0.1262049181992456,0.28515146381795164,3.668795876952368,0.32442727078677813
9,49.494949494949495,0.2008943071288797,0.13497989097866483,0.321246252379539,3.6676198233753237,0.33315045699626994
9,50.0,0.2074012287151529,0.147144983609362,0.357068518610749,3.6659741766860545,0.3423568235959203
9,50.505050505050505,0.21045278547923366,0.1623737963692176,0.39160440546833136,3.6641816570400256,0.3517306389550828
9,51.01010101010101,0.20979997178197635,0.1802961799428101,0.42380314488227966,3.6625742001789456,0.3609394874453284
9,51.515151515151516,0.20531187886617525,0.2004820095265885,0.4525899750569908,3.6614819778875636,0.3696451868075702
9,52.02020202020202,0.19698991246043293,0.2224249241730003,0.47687535176777074,3.661222265766775,0.37751510334015864
9,52.525252525252526,0.18498676717519552,0.2455296293937775,0.4955596458625872,3.6620877893760357,0.38423423203494034
9,53.03030303030303,0.1696305319759199,0.2691049707046624,0.5075335764746444,3.664333997170431,0.3895186629184251
9,53.535353535353536,0.15145433360363264,0.29236201359021874,0.5116780970735076,3.668164789029051,0.3931308688960885
9,54.04040404040404,0.1312302769777564,0.31441733758338897,0.5068836926836514,3.673716090300866,0.39489748810921654
9,54.54545454545455,0.11000591897675346,0.3343036174258682,0.49212577894068005,3.6810367397971606,0.3947302044980188
9,55.05050505050505,0.08912806760735552,0.35099351604395546,0.46666266270917356,3.6900669458505804,0.39264950205840293
9,55.55555555555556,0.0701988948583029,0.36345386339175334,0.43043078450083344,3.700616856703609,0.3888088482202971
9,56.06060606060606,0.054835853722488594,0.3707432229402413,0.3845911404222829,3.7123575326046,0.383506771334297
9,56.56565656565657,0.04412712643856617,0.37215741076530273,0.3319220434397148,3.7248469955134706,0.3771637660081001
9,57.07070707070707,0.03806841469646192,0.3673787328565696,0.27652526863549004,3.73761091938184,0.3702433271061572
9,57.57575757575758,0.03572158934904597,0.35655372501157123,0.2228460158210194,3.750243695989767,0.36315040428526746
9,58.08080808080808,0.03602067219183013,0.3402755613582304,0.1748157970293188,3.762455523039074,0.35618204826935784
9,58.58585858585859,0.038304526360650584,0.31951568339704634,0.1354978380590151,3.774050350329202,0.3495469719813463
9,59.09090909090909,0.04233091849254335,0.29553159629109593,0.10681582901342644,3.784881366893337,0.34340843043951264
9,59.5959595959596,0.04810705289441134,0.2697312588844978,0.08918862912727918,3.794817802268055,0.3379166982444576
9,60.101010101010104,0.055737100933114424,0.24349751474341347,0.0815676470244873,3.803728953235475,0.33322488756493307
9,60.60606060606061,0.06531216451752456,0.2180454508554214,0.08216644024973165,3.811480816839676,0.3294923602094028
9,61.111111111111114,0.07683112523641379,0.19437097815410476,0.08932718358525102,3.8179418643434695,0.32687897127889837
9,61.61616161616162,0.09014735809282651,0.17327050414425765,0.10190459331551252,3.822994816983102,0.32553310439633765
9,62.121212121212125,0.10494561402714818,0.1553729506503574,0.11920281269870739,3.8265515542943063,0.32557626589232186
9,62.62626262626263,0.12075094939957288,0.14115268826465,0.1407621109949166,3.8285679034024116,0.3270874582140443
9,63.131313131313135,0.13696474538323197,0.13092536569772825,0.1661734330762411,3.8290553485735357,0.3300903291740245
9,63.63636363636364,0.15291697404698576,0.12484355371786536,0.1949669750112676,3.828087513889261,0.33454533603941405
9,64.14141414141415,0.16792052176117558,0.12290826503560981,0.22656237829794515,3.825800868844281,0.34034761689349025
9,64.64646464646465,0.18131828894875127,0.12499799403184156,0.2602592518569884,3.8223901587692346,0.3473301817685543
9,65.15151515151516,0.19251670596814352,0.1309059449900865,0.29525001790377864,3.8180999677965186,0.3552711269301887
9,65.65656565656566,0.20100598045891388,0.1403713924666271,0.33064075714798685,3.8132140721171743,0.363903281437158
9,66.16161616161617,0.20637093315658386,0.1530959428684925,0.3654727696985788,3.8080439362773744,0.3729249664422286
9,66.66666666666667,0.20829777417048503,0.16874387338811314,0.39874136526638343,3.8029171893092295,0.3820110391052439
9,67.17171717171718,0.20658131764297222,0.18693144007616794,0.4294111572956921,3.798166360315707,0.3908239383763259
9,67.67676767676768,0.20113533659377902,0.20721176021604598,0.4564279400138354,3.7941177597825977,0.3990248406503248
9,68.18181818181819,0.19200693916016318,0.22906058257650522,0.47872707159820876,3.7910801956909292,0.4062852186884044
9,68.68686868686869,0.17939567514709914,0.25186594535286044,0.4952376298890389,3.7893331271439537,0.41229923839693694
9,69.1919191919192,0.16367723121359595,0.2749230894691061,0.5048838104625436,3.789113752513364,0.416797510595539
9,69.6969696969697,0.14543116957848407,0.2974346655586355,0.506591380683825,3.790602502052656,0.41956273284099077
9,70.20202020202021,0.1254718645013865,0.3185162401113299,0.499320273279847,3.7939065394866516,0.420447661897921
9,70.70707070707071,0.1048780352253005,0.3372097042730558,0.48216001102560974,3.7990410407805952,0.4193957013449524
9,71.21212121212122,0.08499786512281798,0.3525139805600467,0.4545665371715131,3.8059086262997566,0.41646382662255044
9,71.71717171717172,0.06736777042675116,0.3634461054659,0.41676579202823366,3.8142821250256045,0.41184257157374854
9,72.22222222222223,0.05342515620114359,0.36914545645035735,0.37024596750585853,3.8238038212330907,0.4058597642575747
9,72.72727272727273,0.04398487122810146,0.36901424957279466,0.3179921727917402,3.8340228346885126,0.3989457713423918
9,73.23232323232324,0.03884666324175009,0.36284634122446785,0.2640543858088053,3.8444794632177834,0.391550355233547
9,73.73737373737374,0.037099457803993284,0.35088164337933925,0.2126309985257966,3.854792341432879,0.38405463380393573
9,74.24242424242425,0.03783033579206179,0.33377992514941107,0.1673692969158155,3.864688370787639,0.3767388765721302
9,74.74747474747475,0.04050634867949875,0.31255289988469864,0.13104566163219752,3.873976143158031,0.36980683862824937
9,75.25252525252526,0.04494942274652942,0.28846764926697527,0.10525919433361242,3.8825056850846247,0.3634246160739098
9,75.75757575757576,0.051183825336047935,0.26290528472018015,0.09013136854480897,3.8901401028350437,0.3577483989461209
9,76.26262626262627,0.05930049019937714,0.23719345995005484,0.08449124894854884,3.896742986533622,0.3529369388180628
9,76.76767676767678,0.06935637411536189,0.2124854654713097,0.08663471458548412,3.9021773397354553,0.3491526260299506
9,77.27272727272728,0.08130261539136015,0.1897251166532948,0.09506511817864505,3.906313064537191,0.3465539400233434
9,77.77777777777779,0.0949400756550673,0.1696673772993553,0.10875984762387313,3.909039698224638,0.3452824109104146
9,78.28282828282829,0.10990596746753055,0.15290346360818613,0.12707490030062996,3.9102813306734157,0.34544708028434573
9,78.7878787878788,0.12569082237336177,0.13986834959321115,0.14954799204765548,3.9100104722067153,0.34710968363576894
9,79.2929292929293,0.14167899852651,0.13083635753453157,0.1757384353601167,3.9082581414052107,0.35027333704650937
9,79.7979797979798,0.15720119510625183,0.12592119878926558,0.20513503658097773,3.9051184407447797,0.35487656696852016
9,80.30303030303031,0.17158592386165233,0.12509263253675276,0.23711762151602792,3.9007474787842966,0.36079296530944915
9,80.80808080808082,0.18420202227948076,0.12820795356691964,0.27095369979360234,3.895357405622444,0.36783581240100627
9,81.31313131313132,0.19448774337378727,0.135047669840613,0.3058128747086173,3.889207080454257,0.37576624965686084
9,81.81818181818183,0.20196781256830554,0.145342543897813,0.34078721604107864,3.88259096723682,0.3843034615160652
9,82.32323232323233,0.20626277194791118,0.1587853171752336,0.37491148549600206,3.875827463882974,0.39313568626231077
9,82.82828282828284,0.2070956195180472,0.17502804761113125,0.4071805154247954,3.8692473418033675,0.40193138275769513
9,83.33333333333334,0.20429969978746396,0.19367044596628447,0.4365633620239337,3.8631824558658794,0.4103503901765055
9,83.83838383838385,0.19782990835668973,0.21424547107754466,0.4620141570206864,3.8579545420865125,0.418055251027779
9,84.34343434343435,0.18777777046364094,0.23620662115408167,0.4824798451787289,3.8538637900230728,0.42472299829051713
9,84.84848484848486,0.17439145073028897,0.25891948341669424,0.4969029566576402,3.8511767510894157,0.4300579104872928
9,85.35353535353536,0.15809948828199583,0.281658522420048,0.5042246649957082,3.85011307299588,0.43380570853959566
9,85.85858585858587,0.1395380199505256,0.3036088133439839,0.5033976333039907,3.850830678794648,0.43576960457911545
9,86.36363636363637,0.1195802184207734,0.3238739465125346,0.4934332661115216,3.8534088987517094,0.43582877387510094
9,86.86868686868688,0.09935921042418838,0.3414933615436783,0.4735273969482172,3.857829610970592,0.4339592077617601
9,87.37373737373738,0.08025378266085828,0.35548021739968055,0.4433350790148272,3.8639577041927606,0.43025571960492065
9,87.87878787878789,0.06376374693457028,0.3648915444547547,0.40339623203603675,3.8715278834619165,0.42494792996948155
9,88.3838383838384,0.05116619751878383,0.36894154969580406,0.35557550711802843,3.880152903497055,0.41839495644144337
9,88.8888888888889,0.04300352942407991,0.36713963987845827,0.30313601772726867,3.8893735046642623,0.4110377526431852
9,89.3939393939394,0.038862838475651584,0.3593999202826685,0.25015383506748906,3.8987468070214724,0.4033113507113433
9,89.89898989898991,0.037822274802305815,0.3460723696202486,0.20064674698198928,3.9079195157774613,0.3955703410352965
9,90.40404040404042,0.039087119992045186,0.32790478506113296,0.15800382419704873,3.91664051018652,0.3880739616317017
9,90.90909090909092,0.04223874550203492,0.3059705195387524,0.12469469333443778,3.9247286697997206,0.3810162588838625
9,91.41414141414143,0.047164026970714215,0.28156320994765527,0.10194391438443993,3.9320358092587564,0.3745619904003101
9,91.91919191919193,0.05390876127518626,0.2560476915700374,0.08951978336763472,3.93842294788646,0.3688698924300729
9,92.42424242424244,0.06255457275830817,0.2307010920649237,0.08608639677489363,3.943751377839313,0.36410152891945985
9,92.92929292929294,0.0731273801461454,0.20661512920014805,0.0899900365409908,3.947884085441931,0.360419850615555
9,93.43434343434345,0.08553364526119824,0.18467842367545842,0.09987578472131552,3.9506949654540118,0.35797984323291016
9,93.93939393939395,0.09952508125900694,0.16559965619744946,0.11483888975105028,3.9520823941637,0.3569145506018308
9,94.44444444444446,0.11469457402614397,0.14992731796919181,0.13429245790904337,3.9519839959171765,0.35731957629521777
9,94.94949494949496,0.13050033910965508,0.13805285638394715,0.15778065742763353,3.950389509141715,0.35923917313949677
9,95.45454545454547,0.146310803374619,0.13020646656223583,0.18483981803814706,3.947349251495721,0.3626564853527474
9,95.95959595959597,0.16145666350711446,0.12646135565799807,0.21492448075114115,3.942976880311069,0.3674893692308633
9,96.46464646464648,0.1752797677101094,0.12675507436238814,0.2473796487923068,3.937446750959482,0.37359162593909506
9,96.96969696969697,0.18717174249651022,0.13092280834250128,0.28144327794706187,3.9309867409390096,0.3807588807921232
9,97.47474747474747,0.19659886688411568,0.13873109646071596,0.31626278964168414,3.9238682156855753,0.38873752502526554
9,97.97979797979798,0.20311677727164465,0.14990056368789587,0.3509149671651807,3.916394615940457,0.3972352838802431
9,98.48484848484848,0.20637838458162666,0.16411332224208236,0.38442564695102527,3.9088897156005475,0.40593238064674436
9,98.98989898989899,0.2061408329406847,0.18100751778568766,0.41578557370946234,3.9016860944750964,0.41449275199056
9,99.4949494949495,0.20227399212973732,0.2001647722101541,0.44396397093816403,3.8951138479382985,0.42257528865787264
9,100.0,0.19477282878590776,0.22109635717991338,0.4679181150245786,3.889489320124449,0.42984530590504766
