sim_id,time,MKKK,MKKK_P,MKK,MKK_P,MKK_PP,MAPK,MAPK_P,MAPK_PP
0,0.0,0.5181735453220307,0.47503079672216675,0.48642808521594977,0.4712246943263673,0.49346521820818595,0.5441566562738753,0.5280663052314741,0.4902298750865187
0,0.5050505050505051,0.46929368946363265,0.523910652580565,0.4977698713811751,0.4716153605860293,0.4817327657832986,0.5525223058652353,0.5274221160791405,0.48250841464749245
0,1.0101010101010102,0.4260409346753956,0.5671634073688022,0.5090943319785055,0.47173094067342747,0.47029272509857023,0.5608790410808038,0.526670998664193,0.47490279684687153
0,1.5151515151515151,0.3877992652013408,0.6054050768428569,0.5203965003037717,0.4715849436961533,0.45913655375057816,0.5692252256171788,0.5258161696522304,0.467411441322459
0,2.0202020202020203,0.35401286065053345,0.6391914813936643,0.5316716339992528,0.47119033197302934,0.44825603177822104,0.5775592764358803,0.5248607968833313,0.46003276327265663
0,2.5252525252525255,0.3241833786108791,0.6690209634333188,0.542915199754387,0.4705594923336405,0.43764330566247556,0.5858796594592981,0.5238079780748277,0.45276519905774254
0,3.0303030303030303,0.29786387224448946,0.6953404697997084,0.5541228572794719,0.469704287516767,0.4272908529542641,0.5941848863551266,0.5226607459277329,0.4456072043090089
0,3.5353535353535355,0.27465416259845166,0.7185501794457462,0.5652904513623339,0.46863608602697354,0.4171914603611957,0.6024735134438597,0.5214220693962881,0.43855725375172055
0,4.040404040404041,0.25419681284158047,0.7390075292026174,0.5764140061465799,0.4673657864503757,0.4073382051535474,0.6107441408915749,0.5200948546395723,0.4316138410607212
0,4.545454545454546,0.23617299054799168,0.7570313514962062,0.5874897192175522,0.4659038427835863,0.39772443574936445,0.6189954116909027,0.5186819462783401,0.42477547862262555
0,5.050505050505051,0.22029911238489963,0.7729052296592981,0.5985139568663381,0.4642602849473437,0.3883437559368212,0.627226010778219,0.5171861284870015,0.4180406973266478
0,5.555555555555556,0.2063238625144099,0.7868804795297879,0.6094832503674878,0.4624447363847021,0.379190010998313,0.6354346642438833,0.5156101259665508,0.41140804638143424
0,6.0606060606060606,0.19402420799155395,0.7991801340526439,0.6203942909471507,0.4604664376979587,0.3702572691053935,0.6436201382458688,0.5139566052854161,0.4048760930605834
0,6.565656565656566,0.18320214535633803,0.8100021966878598,0.6312439242832178,0.45833426784394526,0.3615398056233397,0.6517812380349455,0.5122281760873589,0.39844342246956393
0,7.070707070707071,0.17368205879867146,0.8195222832455263,0.6420291475170228,0.4560567594014418,0.3530320908320384,0.6599168071096307,0.510427392141544,0.39210863734069373
0,7.575757575757576,0.1653085218796198,0.827895820164578,0.6527471059766737,0.4536421123951348,0.34472877937869434,0.6680257264362552,0.5085567523139987,0.3858703578416145
0,8.080808080808081,0.15794432512127732,0.8352600169229204,0.6633950899363792,0.4510982071712486,0.3366247006428752,0.6761069136946531,0.5066187015081701,0.3797272213890452
0,8.585858585858587,0.15146854626548026,0.8417357957787174,0.6739705311757191,0.44843261739580564,0.3287148491789783,0.684159322509196,0.5046156316243152,0.3736778824583571
0,9.090909090909092,0.14577454139717583,0.8474298006470219,0.6844709989814518,0.4456526241873725,0.3209943745816787,0.6921819416165393,0.502549882598378,0.36772101237695115
0,9.595959595959597,0.14076827170985445,0.8524360703343432,0.6948941968142145,0.4427652279400384,0.3134585729962502,0.700173794081259,0.5004237433843723,0.361855299126237
0,10.101010101010102,0.1363668965377893,0.8568374455064083,0.7052379592826781,0.4397771586165064,0.30610287985131857,0.7081339365690812,0.49823945286603577,0.3560794471567513
0,10.606060606060607,0.13249667510210814,0.8607076669420894,0.715500247787031,0.4366948907154077,0.29892285924806444,0.716061458503305,0.4959992009092673,0.3503921771792958
0,11.111111111111112,0.1290932250765251,0.8641111169676724,0.7256791485306677,0.4335246452010798,0.2919142040187555,0.7239554815672009,0.4937051290009729,0.3447922260236943
0,11.616161616161618,0.12609996779569257,0.867104374248505,0.735772868625493,0.4302724016312073,0.28507272749380275,0.7318151589321844,0.4913593312155081,0.3392783464441756
0,12.121212121212121,0.12346720502495563,0.8697371370192418,0.74577973310048,0.4269439064252036,0.27839435822481945,0.7396396745811872,0.48896385506727374,0.3338493069434072
0,12.626262626262626,0.12115124662821987,0.8720530954159775,0.7556981812947601,0.4235446817398011,0.27187513471594194,0.747428242635099,0.4865207023600674,0.32850389159670174
0,13.131313131313131,0.11911359073534378,0.8740907513088536,0.765526763390365,0.420080033932661,0.2655112004274771,0.7551801066875843,0.4840318300266752,0.3232408998776085
0,13.636363636363637,0.11732037080169416,0.8758839712425032,0.775264137404978,0.4165550602753232,0.25929880007020184,0.7628945391823123,0.4814991509177941,0.3180591464917616
0,14.141414141414142,0.11574133306569301,0.8774630089785043,0.7849090653874031,0.4129746587337428,0.25323427362935713,0.7705708407176614,0.47892453467734386,0.31295746119686274
0,14.646464646464647,0.11435032764687168,0.8788540143973256,0.7944604108067711,0.4093435297333182,0.2473140572104138,0.7782083395829558,0.4763098083426319,0.3079346886662803
0,15.151515151515152,0.11312446754588573,0.8800798744983116,0.8039171351051507,0.4056661847226772,0.24153467792267513,0.7858063911035629,0.4736567571706126,0.3029896883176926
0,15.656565656565657,0.11204368116375221,0.8811606608804451,0.8132782947288896,0.40194695241750866,0.23589275060410483,0.7933643770488223,0.47096712538959956,0.29812133415344616
0,16.161616161616163,0.11109036502408995,0.8821139770201073,0.8225430377466099,0.3981899851790346,0.23038497482485862,0.8008817050549017,0.468242616933495,0.29332851460347126
0,16.666666666666668,0.11024889238444568,0.8829554496597515,0.8317106005503667,0.3943992658907037,0.22500813130943262,0.8083578080343958,0.46548489619166245,0.2886101323658097
0,17.171717171717173,0.10950554226741734,0.8836987997767799,0.8407803050324195,0.39057861238990177,0.21975908032818187,0.8157921436497121,0.46269558868376265,0.2839651042583933
0,17.67676767676768,0.10884828851265582,0.8843560535315413,0.8497515556079204,0.3867316827245632,0.21463475941801957,0.8231841937737113,0.45987628174913686,0.2793923610690198
0,18.181818181818183,0.10826659594990265,0.8849377460942945,0.8586238361543309,0.3828619804986786,0.20963218109749368,0.8305334639574895,0.4570285252276474,0.27489084740673103
0,18.68686868686869,0.10775126815017862,0.8854530738940185,0.8673967070849902,0.3789728598199854,0.20474843084552755,0.8378394829111591,0.45415383212513394,0.27045952155557496
0,19.191919191919194,0.10729422140130362,0.8859101206428935,0.8760698023491053,0.37506753067507764,0.19998066472632003,0.8451018019848919,0.4512536792783832,0.2660973553285927
0,19.6969696969697,0.10688835067160093,0.8863159913725963,0.8846428266971099,0.3711490635387765,0.19532610751461663,0.8523199946645311,0.448329508003409,0.2618033339239278
0,20.202020202020204,0.10652747750718218,0.8866768645370151,0.8931155531607324,0.3672203933536531,0.1907820512361175,0.8594936560987738,0.4453827247065658,0.2575764557865283
0,20.70707070707071,0.10620603814559886,0.8869983038985985,0.9014878197598016,0.36328432565975366,0.1863458523309478,0.8666224025445008,0.4424147015914303,0.2534157324559368
0,21.212121212121215,0.1059193785173163,0.887284963526881,0.9097595278600081,0.35934353793591645,0.18201493195457855,0.8737058710237712,0.4394267771180605,0.2493201884500362
0,21.71717171717172,0.10566308413938562,0.8875412579048118,0.9179306379695674,0.3554005884562952,0.17778677132464046,0.8807437186337684,0.43642025686831787,0.24528886108978157
0,22.222222222222225,0.10543360346974516,0.8877707385744521,0.9260011692005974,0.35145791479567684,0.1736589137542289,0.8877356223648456,0.43339641381695015,0.24132080041007228
0,22.72727272727273,0.10522755016597482,0.8879767918782224,0.9339711947721266,0.3475178431717264,0.16962895980664994,0.8946812783653978,0.43035648924940434,0.23741506897706588
0,23.232323232323235,0.10504214811037324,0.888162193933824,0.9418408415048465,0.3435825876808345,0.1656945685648219,0.9015804017494702,0.4273016930458134,0.23357074179658438
0,23.73737373737374,0.1048748881686409,0.8883294538755564,0.9496102860804316,0.3396542571317295,0.16185345453834166,0.9084327259789322,0.4242332044612689,0.22978690615166686
0,24.242424242424242,0.1047236073117832,0.8884807347324141,0.957279753710821,0.33573485693709815,0.15810338710258348,0.9152380025478025,0.4211521725545916,0.22606266148947388
0,24.747474747474747,0.10458641855223247,0.8886179234919648,0.9648495153901443,0.33182629347707193,0.15444218888328629,0.9219960004966989,0.41805971681403625,0.22239711928113276
0,25.252525252525253,0.10446166034482325,0.888742681699374,0.9723198859991585,0.3279303772790497,0.1508677344722941,0.9287065060254381,0.4149569276702186,0.21878940289621127
0,25.757575757575758,0.10434786841048876,0.8888564736337085,0.9796912220788748,0.3240488265297013,0.14737794914192628,0.9353693220687498,0.4118448670507879,0.21523864747233037
0,26.262626262626263,0.10424375875526522,0.888960583288932,0.9869639198355102,0.3201832702264024,0.14397080768858975,0.9419842678998561,0.40872456890380143,0.21174399978821046
0,26.767676767676768,0.10414819610135775,0.8890561459428394,0.9941384132135979,0.31633525131465784,0.1406443332222468,0.9485511787406231,0.40559703971320943,0.2083046181380355
0,27.272727272727273,0.10406017418995665,0.8891441678542406,1.0012151718339646,0.31250622993945465,0.13739659597708315,0.9550699053554764,0.40246325903302754,0.20491967220336407
0,27.77777777777778,0.10397883037639699,0.8892255116678002,1.0081946994634383,0.30869758585416124,0.1342257124329029,0.9615403137095152,0.39932417994806463,0.2015883429342883
0,28.282828282828284,0.10390338273274212,0.889300959311455,1.0150775317568088,0.3049106221239704,0.1311298438697233,0.9679622845376995,0.3961807296364359,0.1983098224177327
0,28.78787878787879,0.10383317651663553,0.8893711655275617,1.0218642351512714,0.3011465668317217,0.1281071957675093,0.9743357130505604,0.39303380977582203,0.19508331376548566
0,29.292929292929294,0.10376761746139625,0.889436724582801,1.0285554044562766,0.29740657699848416,0.12515601629574152,0.9806605084882047,0.3898842971234192,0.1919080309802441
0,29.7979797979798,0.10370619977380212,0.889498142270395,1.0351516620372967,0.29369173998598236,0.1222745957272231,0.9869365938552364,0.38673304388899654,0.18878319884763517
0,30.303030303030305,0.10364847193877484,0.8895558701054224,1.041653655393927,0.290003077289787,0.11946126506678817,0.9931639054764333,0.38358087831274756,0.18570805280268737
0,30.80808080808081,0.10359404106790106,0.8896103009762962,1.0480620565239138,0.2863415457959324,0.1167143954306562,0.9993423927506044,0.3804286050171283,0.1826818388241355
0,31.313131313131315,0.10354256037869129,0.8896617816655059,1.054377559756105,0.2827080411433262,0.11403239685107129,1.0054720177354044,0.3772770055512127,0.17970381330525126
0,31.81818181818182,0.10349374291060214,0.8897105991335951,1.0606008814663472,0.27910339844558324,0.11141371783857204,1.0115527549430539,0.3741268386950533,0.1767732429537613
0,32.323232323232325,0.10344730073723862,0.8897570413069587,1.066732756331188,0.27552839802472756,0.10885684339458694,1.0175845907425174,0.3709788412118756,0.17388940463747538
0,32.82828282828283,0.10340297426612616,0.8898013677780712,1.0727739373832497,0.2719837655934003,0.10636029477385246,1.023567523196145,0.367833728105797,0.17105158528992642
0,33.333333333333336,0.10336063029017896,0.8898437117540183,1.0787251988229347,0.2684701683859533,0.10392263054161456,1.0295015622176515,0.3646921925134101,0.1682590818608068
0,33.83838383838384,0.1033200269166189,0.8898843151275784,1.0845873253068206,0.26498823112960906,0.10154244131407293,1.0353867281647262,0.36155490737822715,0.16551120104891498
0,34.343434343434346,0.10328095547559694,0.8899233865686004,1.090361116547181,0.2615385295542065,0.09921835164911516,1.0412230522034716,0.3584225251071522,0.1628072592812447
0,34.84848484848485,0.10324335886785434,0.889960983176343,1.0960473922241012,0.2581215835606855,0.09694902196571595,1.0470105767212252,0.3552956771707213,0.1601465826999221
0,35.35353535353536,0.10320707563878888,0.8899972664054084,1.1016469785348093,0.2547378770356114,0.09473314218008184,1.0527493535840033,0.35217497616095317,0.15752850684691205
0,35.85858585858586,0.10317195605554182,0.8900323859886554,1.1071607127172278,0.25138785156229804,0.09256943347097654,1.0584394445015077,0.34906101544631063,0.15495237664405012
0,36.36363636363637,0.10313792561568366,0.8900664164285137,1.1125894465143744,0.24807190173263433,0.09045664950349355,1.0640809212680213,0.34595436896692217,0.15241754635692506
0,36.86868686868687,0.10310492140529232,0.890099420638905,1.1179340409816831,0.2447903829251792,0.08839357384364001,1.069673864988085,0.34285559218938955,0.14992337941439396
0,37.37373737373738,0.103072843372862,0.8901314986713353,1.1231953621017994,0.24154361791425136,0.08637901773445135,1.0752183653968599,0.3397652229535703,0.14746924824143828
0,37.87878787878788,0.10304162683595663,0.8901627152082408,1.1283742858753056,0.23833188987599918,0.0844118219991973,1.0807145213087517,0.3366837810287222,0.14505453425439482
0,38.38383838383839,0.10301123013734804,0.8901931119068494,1.133471697517943,0.2351554438780632,0.08249085635449571,1.0861624403760424,0.33361176845774676,0.14267862775807946
0,38.88888888888889,0.102981597563798,0.8902227444803994,1.1384884843116616,0.23201449734037835,0.08061501609846194,1.0915622380218721,0.3305496708530415,0.14034092771695508
0,39.3939393939394,0.10295268624101875,0.8902516558031786,1.1434255399111752,0.22890923424692008,0.07878322359240636,1.0969140378416884,0.32749795700175943,0.13804084174842088
0,39.8989898989899,0.10292445659371176,0.8902798854504856,1.148283765128029,0.22583980433463832,0.07699442828783426,1.1022179715902516,0.3244570789435616,0.13577778605805543
0,40.40404040404041,0.10289687213310543,0.8903074699110919,1.1530640610292313,0.222806333243901,0.07524760347736931,1.1074741780678177,0.321427473330175,0.13355118519387593
0,40.909090909090914,0.10286989699589852,0.8903344450482988,1.1577673322198516,0.21980891815547815,0.07354174737517177,1.1126828034426415,0.3184095611149936,0.1313604720342337
0,41.41414141414142,0.10284352520846068,0.8903608168357366,1.1623944922423224,0.2168476201413786,0.07187588536680053,1.1178440018844529,0.3154037468752475,0.12920508783216825
0,41.919191919191924,0.1028177231786398,0.8903866188655576,1.1669464493442545,0.21392248525598434,0.07024906315026286,1.1229579333939574,0.31241042141087955,0.12708448178703163
0,42.42424242424243,0.10279245840998008,0.8904118836342173,1.1714241128042335,0.21103353556940468,0.06866034937686362,1.1280247645668493,0.309429960915006,0.1249981111100133
0,42.929292929292934,0.1027676958727126,0.8904366461714848,1.1758283915460317,0.20818077147592257,0.06710883472854755,1.1330446682570479,0.306462727430425,0.1229454409043957
0,43.43434343434344,0.10274339409933973,0.8904609479448576,1.1801601926871548,0.2053641740984495,0.06559363096489762,1.1380178232305616,0.3035090693170745,0.12092594404423265
0,43.939393939393945,0.10271957183087839,0.8904847702133191,1.1844204351999053,0.20258368554762102,0.06411387700297594,1.142944416004032,0.3005693191612121,0.1189391014266245
0,44.44444444444445,0.10269626323435943,0.890508078809838,1.1886100397842942,0.19983922404182383,0.06266873392438418,1.1478246392429943,0.2976437957135024,0.11698440163537203
0,44.949494949494955,0.10267339244313575,0.8905309496010617,1.1927299015177402,0.19713072426740785,0.06125737196535452,1.1526586876692813,0.2947328087441336,0.11506134017845403
0,45.45454545454546,0.10265092652655053,0.8905534155176469,1.1967809219447212,0.19445809063114985,0.059878985174631603,1.157446762564746,0.29183665383081786,0.11316942019630503
0,45.959595959595966,0.10262882524125715,0.8905755168029403,1.2007639977827522,0.19182121409039718,0.058532785877353374,1.1621890700007562,0.2889556144945181,0.11130815209659434
0,46.46464646464647,0.10260704617893265,0.8905972958652648,1.204680021728267,0.18921997124760967,0.05721800477462615,1.166885820823958,0.286089962277357,0.1094770534905537
0,46.969696969696976,0.10258567757081055,0.890618664473387,1.208529915837993,0.1866541756383904,0.055933906274119434,1.1715372354768134,0.28323995113797745,0.10767564997707799
0,47.47474747474748,0.1025646563989103,0.8906396856452872,1.2123145590888091,0.18412368431901593,0.05467975434267779,1.1761435331123675,0.2804058303066666,0.10590347317283481
0,47.979797979797986,0.10254397822704137,0.8906603638171561,1.21603484041475,0.18162832030863707,0.05345483702711581,1.180704939332028,0.2775878352519407,0.10416006200790034
0,48.484848484848484,0.10252364198504735,0.8906807000591501,1.2196916450822721,0.17916789283262463,0.05225845983560611,1.1852216840538226,0.27478619024313194,0.10244496229491416
0,48.98989898989899,0.10250363081508228,0.8907007112291152,1.2232858573640861,0.1767421934352499,0.05108994695116688,1.189694001976535,0.2720011078317968,0.10075772678353682
0,49.494949494949495,0.10248395735088929,0.8907203846933083,1.2268183534972712,0.17435100713050056,0.049948637122731114,1.1941221309498409,0.26923279090532154,0.09909791473670641
0,50.0,0.10246463056449528,0.8907397114797022,1.230290006468075,0.17199410524737332,0.048833886035054425,1.1985063128934121,0.2664814316094601,0.09746509208899642
0,50.505050505050505,0.10244565487475407,0.8907586871694434,1.2337016832476932,0.16967124978609852,0.04774506471671107,1.2028467932227924,0.2637472120893368,0.0958588312797394
0,51.01010101010101,0.10242698853884104,0.8907773535053565,1.237054239334253,0.16738220137273047,0.04668155704351947,1.207143820134937,0.2610303053509299,0.0942787111060016
0,51.515151515151516,0.10240864949346726,0.8907956925507302,1.2403485315141736,0.165126701629026,0.04564276460730331,1.211397645804365,0.2583308740132957,0.09272431677420795
0,52.02020202020202,0.10239063287439307,0.8908137091698044,1.2435854073538735,0.16290448821892953,0.04462810217770002,1.2156085251390931,0.25564907175472296,0.09119523969805249
0,52.525252525252526,0.1023729322052571,0.8908314098389404,1.2467657077933152,0.160715291371533,0.043636998585655014,1.2197767159921489,0.25298504313083825,0.08969107746888155
0,53.03030303030303,0.10235554016503559,0.8908488018791619,1.2498902675981673,0.15855883324744505,0.04266889690489072,1.223902479255252,0.2503389234951581,0.08821143384145853
0,53.535353535353536,0.10233844421772159,0.8908658978264758,1.2529599124824244,0.15643483313525294,0.041723252132825885,1.2279860778503369,0.2477108403313484,0.08675591841018342
0,54.04040404040404,0.1023216292579688,0.8908827127862287,1.2559754607777263,0.15434300468662288,0.04079953228615408,1.2320277772261443,0.24510091265770845,0.08532414670801593
0,54.54545454545455,0.10230509547011095,0.8908992465740866,1.2589377277416627,0.15228304972406903,0.03989722028477157,1.2360278459256524,0.24250925040617954,0.08391574026003662
0,55.05050505050505,0.10228887107076942,0.890915470973428,1.261847528788127,0.15025465356630055,0.039015815396075806,1.2399865560454735,0.23993595391950326,0.0825303266268917
0,55.55555555555556,0.10227292400632483,0.8909314180378727,1.2647056553046516,0.14825752206088708,0.03815482038496476,1.2439041788534366,0.23738111930594838,0.08116753843248345
0,56.06060606060606,0.1022572409469549,0.8909471010972426,1.2675128958564303,0.14629134956371254,0.037313752330360585,1.2477809884225766,0.23484483409588544,0.07982701407340646
0,56.56565656565657,0.10224180446441887,0.8909625375797786,1.2702700297681218,0.14435582894403343,0.036492139038348394,1.251617260386359,0.2323271788006317,0.07850839740487786
0,57.07070707070707,0.10222659235474807,0.8909777496894494,1.2729778267134495,0.14245065244902114,0.035689518588032945,1.2554132717550304,0.2298282271875596,0.07721133764927855
0,57.57575757575758,0.10221162781071441,0.8909927142334831,1.27563706453994,0.1405754845292994,0.03490544868126426,1.2591693042029415,0.22734804231326242,0.07593549007566469
0,58.08080808080808,0.10219695658836177,0.8910073854558358,1.2782485209131471,0.13872997492058364,0.034139501916773014,1.2628856423725316,0.2248866786469534,0.07468051557238357
0,58.58585858585859,0.10218252350783819,0.8910218185363594,1.2808129288613546,0.13691382723325266,0.03339124165589656,1.2665625653069388,0.22244419259150475,0.07344607869342497
0,59.09090909090909,0.10216831660660054,0.8910360254375971,1.2833310283025554,0.13512671995609968,0.0326602494918489,1.2702003561523867,0.22002063067664013,0.0722318497628416
0,59.5959595959596,0.10215432128628554,0.8910500207579121,1.2858035494336424,0.13336833223121036,0.03194611608565129,1.2737992988908626,0.2176160336026582,0.07103750409834769
0,60.101010101010104,0.102140519939764,0.8910638221044336,1.2882312124291573,0.1316383445506764,0.031248440770670495,1.2773596781772427,0.21523043649015078,0.06986272192447499
0,60.60606060606061,0.10212694104272278,0.8910774010014747,1.290614752725603,0.12993639922146893,0.03056684580343213,1.2808817846442069,0.21286386234456614,0.06870718960309531
0,61.111111111111114,0.10211360952136708,0.8910907325228304,1.292954895240755,0.12826214112711357,0.029900961382635562,1.284365909294256,0.21051632906293763,0.06757059823467458
0,61.61616161616162,0.10210048870587464,0.8911038533383229,1.295252324240694,0.12661526533307127,0.029250408176739177,1.2878123369616215,0.20818785759481304,0.06645264203543384
0,62.121212121212125,0.10208757357936038,0.8911167684648371,1.2975077314645593,0.12499544163632346,0.028614824649621624,1.2912213564983177,0.20587845934965515,0.06535302074389548
0,62.62626262626263,0.10207485887090843,0.8911294831732891,1.2997217995123012,0.12340234091019783,0.027993857328005398,1.2945932571255112,0.20358814077214915,0.064271438694208
0,63.131313131313135,0.10206233899646909,0.8911420030477284,1.3018952017057626,0.12183563554581882,0.02738716049892282,1.2979283283053378,0.20131690354887027,0.06320760473766042
0,63.63636363636364,0.10205002091165155,0.891154321132546,1.3040286203157805,0.120294969387045,0.0267944080476786,1.3012268644282532,0.19906473869374364,0.06216123346987162
0,64.14141414141415,0.10203790625483186,0.8911664357893656,1.306122721107506,0.11878000022217282,0.02621527642082529,1.304489158047109,0.19683163519219998,0.06113204335255947
0,64.64646464646465,0.10202598755370927,0.8911783544904882,1.3081781478897216,0.11729040904839191,0.025649440812390383,1.307715498356235,0.19461758197820148,0.06011975625743207
0,65.15151515151516,0.10201426363354067,0.8911900784106569,1.3101955443768303,0.11582586396906347,0.02509658940461018,1.3109061768318506,0.19242256080823006,0.05912409895178787
0,65.65656565656566,0.10200273373102138,0.8912016083131762,1.3121755457615278,0.11438603440247139,0.024556417586504644,1.3140614849306786,0.19024654923039824,0.05814480243079159
0,66.16161616161617,0.10199139750584248,0.8912129445383551,1.3141187786763955,0.11297059135632592,0.024028627717782247,1.3171817139881157,0.18808952075761864,0.05718160184613405
0,66.66666666666667,0.1019802464360127,0.8912240956081848,1.3160258677255874,0.11157919474988238,0.02351293527503381,1.3202671582268273,0.18595144088277818,0.056234237482263125
0,67.17171717171718,0.10196927817330241,0.8912350638708951,1.3178974245088475,0.11021151525094064,0.023009057990715363,1.323318109476836,0.1838322741739339,0.05530245294109847
0,67.67676767676768,0.1019584933642618,0.8912458486799357,1.319734050015968,0.10886722975415992,0.022516717980375505,1.3263348582254655,0.18173198290780254,0.054385995458600477
0,68.18181818181819,0.10194788987065327,0.8912564521735442,1.3215363390042587,0.10754601295003455,0.022035645796210056,1.32931769560608,0.17965052444826726,0.05348461653752129
0,68.68686868686869,0.10193746545121854,0.891266876592979,1.323304877924037,0.10624754161339918,0.02156557821306716,1.3322669123323225,0.17758785270812832,0.0525980715514177
0,69.1919191919192,0.1019272177330341,0.8912771243111633,1.3250402449108736,0.10497149481749896,0.02110625802213082,1.3351827986107978,0.17554391830287203,0.051726119678198734
0,69.6969696969697,0.10191714210086757,0.8912871999433299,1.3267430127166173,0.10371754656297577,0.0206574384709102,1.3380656465420921,0.17351866524955128,0.0508685248002249
0,70.20202020202021,0.10190723560117684,0.8912971064430206,1.328413743150647,0.10248538031924073,0.020218874280615487,1.3409157453332923,0.17151203764641915,0.050025053612157075
0,70.70707070707071,0.10189749506684442,0.8913068469773531,1.3300529896786555,0.10127468251098333,0.019790325560864533,1.3437333834176874,0.16952397676239764,0.049195476411783394
0,71.21212121212122,0.10188791654731512,0.8913164254968824,1.3316612981788338,0.10008514076049117,0.01937155881117829,1.3465188490143003,0.16755442029274512,0.04837956728482293
0,71.71717171717172,0.10187849569427004,0.8913258463499275,1.333239206349301,0.09891644561115427,0.018962345790047935,1.3492724295453902,0.165603303200349,0.047577103846129225
0,72.22222222222223,0.10186922772457006,0.8913351143196274,1.3347872437122237,0.09776829071088852,0.018562463327391192,1.3519944115591898,0.16367055785553558,0.04678786717714311
0,72.72727272727273,0.10186011802516486,0.8913442240190327,1.3363059384224631,0.09664035913934642,0.01817170018869381,1.3546850839267255,0.1617561097086784,0.04601164295646455
0,73.23232323232324,0.10185116009546796,0.8913531819487296,1.3377958031916322,0.0955323522628934,0.017789842295977767,1.3573447309897577,0.159859886673631,0.045248218928479765
0,73.73737373737374,0.10184234937735494,0.8913619926668427,1.3392573441588806,0.09444397186263932,0.017416681728983432,1.3599736367498236,0.1579818134465324,0.04449738639551244
0,74.24242424242425,0.1018336824493636,0.891370659594834,1.3406910604034772,0.09337492131879267,0.017052016028233554,1.3625720845544653,0.15612181196831396,0.04375894006908924
0,74.74747474747475,0.10182515582378028,0.8913791862204173,1.342097443203475,0.0923249073120709,0.016695647234957756,1.3651403566612816,0.15427980205390382,0.04303267787668315
0,75.25252525252526,0.10181676594727967,0.8913875760969179,1.343476976063934,0.09129363995804189,0.01634738172852763,1.3676787341722632,0.15245570151621265,0.04231840090339262
0,75.75757575757576,0.10180851614847874,0.8913958258957189,1.3448301436064163,0.09028081532897356,0.01600703881511369,1.3701875009848885,0.15064942081273344,0.04161591479424648
0,76.26262626262627,0.10180040123325804,0.8914039408109395,1.3461574119466573,0.08928615464523618,0.015674431158610093,1.3726669348189813,0.14886087531605458,0.04092502645683268
0,76.76767676767678,0.10179241891798717,0.8914119231262104,1.3474592433058445,0.08830937542464143,0.015349379020017475,1.3751173137614565,0.14708997642367247,0.040245546406739545
0,77.27272727272728,0.10178456742660273,0.8914197746175949,1.348736092972932,0.08735019771052767,0.015031707067043907,1.3775389148108976,0.14533663357709758,0.039577288203873254
0,77.77777777777779,0.10177684524266273,0.8914274968015349,1.3499884090157743,0.08640834483633919,0.014721243898389995,1.379932013668157,0.143600754581841,0.038920068341870576
0,78.28282828282829,0.10176925101059364,0.8914350910336039,1.35121663246319,0.08548354320316018,0.014417822084153391,1.3822968847724089,0.14188224558897272,0.0382737062304869
0,78.7878787878788,0.10176177898016918,0.8914425630640284,1.3524212021223985,0.08457551096691025,0.014121284661194854,1.3846338046146818,0.14018100647056828,0.037638025506618544
0,79.2929292929293,0.10175442995698936,0.8914499120872081,1.3536025432690435,0.08368398531107497,0.013831469170384934,1.3869430436483785,0.13849694222075273,0.037012850722737314
0,79.7979797979798,0.1017472025160457,0.8914571395281519,1.3547610768651028,0.08280870060558601,0.01354822027981461,1.3892248727141945,0.136829953958458,0.036398009919216025
0,80.30303030303031,0.10174009540279794,0.8914642466413996,1.3558972171409363,0.08194939440499602,0.013271386204571082,1.3914795612378124,0.13517994149257886,0.03579333386147723
0,80.80808080808082,0.1017331075410842,0.8914712345031133,1.3570113716664107,0.08110580749143587,0.013000818592656734,1.3937073771875164,0.13354680341376873,0.03519865599058332
0,81.31313131313132,0.10172623748587702,0.8914781045583205,1.3581039414939855,0.0802776834231986,0.01273637283331916,1.395908587275088,0.1319304368276819,0.03461381248909857
0,81.81818181818183,0.10171947895052884,0.8914848630936687,1.359175321810645,0.07946476458759638,0.01247791135226171,1.3980834588769542,0.13033073455287128,0.034038643162043074
0,82.32323232323233,0.101712833023655,0.8914915090205425,1.360225900426428,0.07866680311619409,0.012225294207881068,1.4002322546415382,0.12874759309791467,0.03347298885241555
0,82.82828282828284,0.10170629792617208,0.8914980441180255,1.3612560591743255,0.07788355179920899,0.011978386776968759,1.402355236939051,0.12718090613254623,0.032916693520271184
0,83.33333333333334,0.10169987184193677,0.8915044702022608,1.3622661736155075,0.0771147666421506,0.01173705749284513,1.4044526665821173,0.12563056640255,0.03236960360720126
0,83.83838383838385,0.10169355290737496,0.8915107891368226,1.3632566131128165,0.07636020689249863,0.01150117774518807,1.406524802791401,0.12409646580974852,0.03183156799071904
0,84.34343434343435,0.10168733929668326,0.8915170027475143,1.364227740884932,0.07561963445914566,0.011270622406425372,1.408571903519741,0.12257849494824068,0.031302438123886805
0,84.84848484848486,0.10168122951439343,0.8915231125298041,1.3651799140185985,0.07489281201431996,0.011045271717584616,1.4105942265541476,0.12107654146085993,0.030782068576861058
0,85.35353535353536,0.10167522135858914,0.8915291206856084,1.3661134837497013,0.07417950954176529,0.010825004459036428,1.4125920256311462,0.11959049595887158,0.030270315001850817
0,85.85858585858587,0.10166931281991441,0.8915350292242832,1.3670287953528468,0.07347949858550945,0.010609703812146874,1.4145655538136686,0.11812024692810691,0.029767035850093257
0,86.36363636363637,0.10166350181470563,0.8915408402294919,1.3679261882667293,0.07279255390624559,0.01039925557752814,1.4165150624945035,0.11666568226827734,0.029272091829087656
0,86.86868686868688,0.10165778617640044,0.8915465558677971,1.3688059961672658,0.07211845349670197,0.010193548086535262,1.4184408013686,0.1152266893628376,0.028785345860430935
0,87.37373737373738,0.10165216451370446,0.8915521775304931,1.3696685471970786,0.0714569774909319,0.009992473062492452,1.4203430189077835,0.11380315438510658,0.028306663298978796
0,87.87878787878789,0.10164663720211939,0.8915577048420781,1.3705141642190362,0.0708079069034194,0.009795926628047359,1.4222219629127768,0.11239496148687693,0.0278359121922151
0,88.3838383838384,0.10164120107921656,0.8915631409649809,1.3713431639340425,0.07017103040291126,0.009603803413549298,1.4240778774155953,0.11100199753496,0.027372961641313354
0,88.8888888888889,0.10163585449115169,0.8915684875530459,1.372155857866036,0.06954613787690546,0.00941600200756158,1.4259110055820423,0.10962414772675008,0.026917683283076255
0,89.3939393939394,0.1016305958143629,0.8915737462298347,1.3729525521700099,0.06893302232253673,0.009232423257956335,1.4277215888320913,0.10826129695512102,0.026469950804656358
0,89.89898989898991,0.10162542345803846,0.891578918586159,1.3737335477071402,0.06833147984783432,0.009052970195528419,1.429509866818598,0.106913329868545,0.02602963990472573
0,90.40404040404042,0.10162033615018462,0.8915840058940129,1.3744991403209135,0.06774130827751548,0.008877549152074157,1.4312760780337475,0.10558012996619537,0.02559662859192577
0,90.90909090909092,0.10161533295538165,0.8915890090888159,1.37524962092309,0.0671623070790162,0.008706069748396772,1.4330204598216068,0.10426157960604299,0.025170797164219036
0,91.41414141414143,0.10161041226106791,0.8915939297831296,1.3759852748486223,0.06659428236391138,0.00853844053796943,1.4347432461075607,0.10295756352277582,0.0247520269615323
0,91.91919191919193,0.10160557286367605,0.8915987691805215,1.3767063826988224,0.06603704155694795,0.008374573494732708,1.4364446697756739,0.10166796520048352,0.024340201615711373
0,92.42424242424244,0.10160081364329543,0.8916035284009021,1.3774132201841627,0.06549039501027774,0.008214382556062522,1.4381249619218208,0.10039266804820919,0.02393520662183876
0,92.92929292929294,0.10159613356885511,0.8916082084753424,1.3781060582013283,0.06495415599135458,0.008057783557820218,1.439784351838407,0.09913155545082901,0.023536929302632556
0,93.43434343434345,0.10159153098460111,0.8916128110595963,1.3787851627527508,0.06442813961406313,0.007904695383689125,1.441423067670176,0.09788450975146892,0.023145259170223597
0,93.93939393939395,0.10158700407483671,0.8916173379693607,1.3794507951243833,0.06391216350233866,0.007755039123781106,1.4430413359698229,0.09665141298558451,0.022760087636461254
0,94.44444444444446,0.10158255229888209,0.8916217897453154,1.3801032122761152,0.06340604988037588,0.007608735594011939,1.4446393803476758,0.09543214905741605,0.02238130718677669
0,94.94949494949496,0.10157817456191444,0.8916261674822831,1.3807426665167941,0.0629096228633498,0.007465708370359055,1.4462174231692184,0.09422660106384498,0.02200881235880523
0,95.45454545454547,0.10157386980602733,0.8916304722381702,1.3813694057096844,0.0624227093067725,0.0073258827340460485,1.4477756849927537,0.09303465221626563,0.021642499382849234
0,95.95959595959597,0.1015696370099664,0.891634705034231,1.3819836733483262,0.06194513878638077,0.00718918561579594,1.4493143845592131,0.09185618588336672,0.02128226614928875
0,96.46464646464648,0.1015654746483631,0.8916388673958343,1.3825857080216377,0.06147674303408595,0.007055546694779433,1.4508337394396502,0.0906910845350916,0.020928012617126648
0,96.96969696969697,0.10156138129513344,0.891642960749064,1.3831757441719008,0.061017356525362235,0.006924897053240027,1.452333965290508,0.08953923101264495,0.020579640288715506
0,97.47474747474747,0.1015573561049078,0.8916469859392897,1.3837540127149266,0.060566816943890794,0.006797168091685753,1.4538152752572973,0.0884005095505411,0.02023705178403017
0,97.97979797979798,0.10155339790601854,0.8916509441381789,1.384320740091305,0.060124964248935125,0.006672293410263085,1.455277881067742,0.08727480397599906,0.019900151548127323
0,98.48484848484848,0.1015495055138419,0.8916548365303556,1.384876148696633,0.059691640970828595,0.0065502080830413725,1.4567219926399901,0.08616199838927399,0.01956884556260421
0,98.98989898989899,0.10154567772717464,0.8916586643170228,1.3854204569535788,0.059266692187481824,0.0064308486094422765,1.4581478180765077,0.08506197719960981,0.01924304131575086
0,99.4949494949495,0.10154191372472161,0.8916624283194757,1.3859538785794525,0.058849965113868696,0.006314154057181955,1.4595555643100142,0.08397462402816126,0.01892264825369305
0,100.0,0.10153821247493015,0.8916661295692673,1.3864766238376123,0.05844130964588727,0.006200064267003466,1.4609454361415204,0.08289982340491145,0.0186075770454365
1,0.0,0.5314299546881797,0.529736700594185,0.48476630439677615,0.48196261933353063,0.5025704345557895,0.456625044574631,0.5464294616921839,0.46440215573617016
1,0.5050505050505051,0.4817624336570151,0.5794042216253495,0.49634083994823525,0.4823079558063596,0.4906505625315017,0.4653032740202926,0.545056510728072,0.45709687725462045
1,1.0101010101010102,0.43780792914446026,0.6233587261379042,0.5078960839647297,0.4823754390140749,0.479027835307292,0.47396040171486903,0.5435954887382854,0.44990077154983055
1,1.5151515151515151,0.3989420804478529,0.6622245748345116,0.5194270172751774,0.4821788087777368,0.46769353223318233,0.4825951146440161,0.5420491763265842,0.4428123710323846
1,2.0202020202020203,0.36460115006595134,0.6965655052164131,0.5309288520275146,0.4817312458012848,0.4566392604572971,0.49120614679367347,0.5404203143518215,0.43583020085749
1,2.5252525252525255,0.3342795169370637,0.7268871383453007,0.5423970164823679,0.4810453360036101,0.44585700580011856,0.4997922726660133,0.5387115842251962,0.4289528051117757
1,3.0303030303030303,0.30752370537430057,0.7536429499080639,0.5538271379953588,0.48013312413924947,0.4353390961514886,0.5083523046542242,0.5369256124216153,0.42217874492714563
1,3.5353535353535355,0.28392757874521135,0.7772390765371532,0.5652150337190971,0.47900614687571147,0.42507817769128825,0.5168850920905528,0.535064971573732,0.41550659833870024
1,4.040404040404041,0.26312822703565936,0.7980384282467051,0.576556704231213,0.4776754587286789,0.41506719532620506,0.5253895206485747,0.5331321811396276,0.4089349602147829
1,4.545454545454546,0.24480198482246063,0.8163646704599039,0.5878483274528801,0.4761516573316994,0.40529937350151757,0.5338645116090958,0.5311297082885276,0.40246244210536175
1,5.050505050505051,0.22866082339856014,0.8325058318838044,0.5990862531212107,0.47444490642538334,0.395768198739503,0.5423090211297533,0.5290599687910836,0.39608767208214807
1,5.555555555555556,0.21444932939449426,0.8467173258878702,0.6102669986733356,0.47256495442770646,0.3864674051850551,0.55072203962721,0.5269253277684304,0.38980929460734454
1,6.0606060606060606,0.20194092153587126,0.8592257337464931,0.6213872443357357,0.470521157404364,0.3773909565459986,0.5591025909824794,0.524728100658205,0.3836259703623006
1,6.565656565656566,0.1909345754792193,0.8702320798031452,0.6324438272579075,0.46832250114652835,0.3685330298816636,0.5674497317852505,0.5224705541384898,0.3775363760792447
1,7.070707070707071,0.1812519480899395,0.879914707192425,0.6434337379150039,0.4659776184940607,0.3598880018770355,0.5757625506295065,0.5201549069934227,0.37153920438005567
1,7.575757575757576,0.17273503301848275,0.8884316222638818,0.6543541164844898,0.4634948044409312,0.3514504373606789,0.5840401674763117,0.5177833308995827,0.36563316362709036
1,8.080808080808081,0.16524430774481988,0.8959223475375447,0.6652022498825217,0.4608820282770374,0.3432150801265402,0.5922817330854189,0.5153579511306511,0.35981697778691496
1,8.585858585858587,0.15865689708592795,0.9025097581964368,0.6759755682038463,0.4581469465232321,0.33517684355902055,0.6004864284224983,0.5128808472923673,0.35408938628811926
1,9.090909090909092,0.15286439113984057,0.908302264142524,0.6866716403950438,0.45529691841710407,0.3273307994739511,0.608653463976572,0.5103540541679183,0.3484491438584945
1,9.595959595959597,0.1477711588100717,0.913395496472293,0.6972881707992934,0.4523390181003717,0.3196721693864341,0.6167820791402178,0.5077795624903954,0.34289502037237163
1,10.101010101010102,0.1432931079734585,0.9178735473089061,0.7078229962409897,0.4492800441769821,0.31219631786812824,0.6248715416413787,0.505159319655341,0.33742580070626516
1,10.606060606060607,0.13935532234141426,0.9218113329409504,0.7182740813000507,0.44612653650058637,0.3048987404854634,0.6329211468484481,0.5024952305791195,0.3320402845754171
1,11.111111111111112,0.13589232357899259,0.9252743317033721,0.7286395163976122,0.4428847779579939,0.2977750639304943,0.6409302173567425,0.499789158234712,0.3267372864115304
1,11.616161616161618,0.13284648480791086,0.9283201704744538,0.738917513758579,0.43956080706076966,0.2908210374667516,0.6488981023688721,0.4970429244241034,0.32151563521000925
1,12.121212121212121,0.13016730542561583,0.9309993498567488,0.7491064044926351,0.4361604253422748,0.28403252845119004,0.6568241771689066,0.4942583104431758,0.3163741743909025
1,12.626262626262626,0.12781035176981798,0.9333563035125466,0.7592046349686916,0.4326892071575805,0.2774055161598278,0.6647078425548969,0.49143705779472463,0.31131176165336344
1,13.131313131313131,0.1257364576016877,0.9354301976806769,0.76921076307971,0.42915250849223585,0.2709360867141542,0.6725485243016919,0.488580868866856,0.3063272688344371
1,13.636363636363637,0.12391135691779803,0.9372552983645666,0.7791234555184695,0.42555547254830106,0.2646204302193302,0.6803456726723941,0.4856914075559256,0.3014195817746653
1,14.141414141414142,0.12230420132513814,0.9388624539572266,0.7889414835199675,0.42190304221893243,0.2584548325472013,0.6880987618053216,0.48277030003132326,0.2965876001663402
1,14.646464646464647,0.1208883966560546,0.9402782586263101,0.798663720524407,0.4181999599520497,0.25243567780964454,0.6958072893573273,0.47981913520857333,0.2918302374370844
1,15.151515151515152,0.1196405346151583,0.9415261206672064,0.8082891385093524,0.4144507776731469,0.24655944210360195,0.7034707759448977,0.4768394654514776,0.28714642060660966
1,15.656565656565657,0.1185402855780233,0.9426263697043414,0.8178168051021515,0.4106598614873845,0.2408226916965651,0.7110887646899159,0.47383280715558085,0.28253509015748834
1,16.161616161616163,0.11756972670021743,0.9435969285821473,0.8272458803147756,0.4068313993593529,0.23522207861197267,0.718660820712088,0.4708006413914134,0.27799519989948346
1,16.666666666666668,0.11671302092167864,0.9444536343606862,0.8365756129350487,0.40296940771729317,0.2297543376337594,0.7261865306572488,0.4677444145076222,0.27352571683811383
1,17.171717171717173,0.11595624380481119,0.9452104114775536,0.8458053378233193,0.3990777361847628,0.22441628427801927,0.7336655022466902,0.4646655387104264,0.2691256210458683
1,17.67676767676768,0.11528709610466653,0.9458795591776983,0.8549344727289685,0.3951600734739038,0.219204812083229,0.7410973638168399,0.46156539265353186,0.2647939055326131
1,18.181818181818183,0.1146948682923727,0.9464717869899922,0.8639625154996347,0.3912199516515133,0.2141168911349532,0.7484817638929779,0.4584453219895258,0.2605295761204811
1,18.68686868686869,0.11417019006393529,0.9469964652184296,0.8728890409585165,0.3872607518134934,0.20914956551409114,0.7558183707449678,0.455306639940862,0.2563316513171551
1,19.191919191919194,0.11370484086555202,0.9474618144168129,0.8817136979408957,0.38328570927256067,0.20429995107264454,0.7631068719534299,0.45215062785925025,0.2521991621903048
1,19.6969696969697,0.11329160855891321,0.9478750467234517,0.8904362064641127,0.37929791835568155,0.19956523346630664,0.7703469739840701,0.4489785357758693,0.24813115224304552
1,20.202020202020204,0.11292415886429998,0.9482424964180649,0.8990563550257715,0.37530033698863213,0.19494266627169746,0.7775384017747129,0.44579158293705057,0.24412667729122145
1,20.70707070707071,0.1125969555496721,0.9485696997326928,0.9075739979942821,0.3712957909283059,0.19042956936351332,0.7846808983262645,0.44259095833574347,0.24018480534097697
1,21.212121212121215,0.11230504930674151,0.9488616059756234,0.9159890525262588,0.3672869792181182,0.18602332654172427,0.7917742242704034,0.4393778212689029,0.23630461646367865
1,21.71717171717172,0.112044257593315,0.9491223976890499,0.9243014966960293,0.36327647631588933,0.18172138527418297,0.7988181575371375,0.4361533017821961,0.23248520268365142
1,22.222222222222225,0.11181062376302507,0.9493560315193397,0.9325113655794753,0.3592667400844156,0.1775212526222108,0.8058124928320733,0.4329185013298029,0.22872566784110865
1,22.72727272727273,0.11160102023763523,0.9495656350447296,0.940618750798187,0.35526011022837245,0.1734204972595424,0.8127570414524066,0.42967449305097266,0.22502512749960574
1,23.232323232323235,0.11141235371262964,0.9497543015697352,0.9486237956129524,0.35125881867313635,0.16941674400001283,0.8196516306586878,0.42642232254941415,0.221382708794883
1,23.73737373737374,0.11124223128664608,0.9499244239957187,0.9565266953908098,0.347264986531553,0.16550767636373864,0.8264961035743414,0.42316300807532425,0.21779755035331932
1,24.242424242424242,0.11108834620798615,0.9500783090743786,0.9643276925840424,0.3432806338398168,0.16169103186224204,0.8332903185594209,0.4198975413024103,0.21426880214115382
1,24.747474747474747,0.11094881782128099,0.9502178374610838,0.9720270769579453,0.33930767827924946,0.15796460304890614,0.840034149074027,0.41662688755116584,0.21079562537779226
1,25.252525252525253,0.11082193674855781,0.950344718533807,0.9796251813614085,0.3353479422892373,0.1543262346354549,0.846727483134079,0.4133519864727301,0.20737719239617605
1,25.757575757575758,0.11070623344386973,0.950460421838495,0.9871223812614829,0.33140315388530633,0.1507738231393114,0.8533702231078085,0.41007375234868687,0.20401268654648977
1,26.262626262626263,0.11060038998632696,0.9505662652960377,0.9945190913799739,0.3274749519214114,0.14730531498471539,0.8599622852500961,0.40679307468556347,0.2007013020673255
1,26.767676767676768,0.1105032702156927,0.950663385066672,1.0018157647137313,0.32356488772211445,0.1439187058502548,0.866503599454741,0.40351081856522286,0.1974422439830212
1,27.272727272727273,0.11041384614651259,0.9507528091358521,1.0090128898738249,0.31967442937962987,0.14061203903264605,0.8729941088513836,0.40022782516884914,0.19423472798275226
1,27.77777777777778,0.11033122611058374,0.950835429171781,1.0161109896710838,0.31580496395146634,0.13738340466355073,0.8794337695171551,0.39694491217284605,0.1910779803129838
1,28.282828282828284,0.1102546334856914,0.9509120217966733,1.0231106191956594,0.3119578005512469,0.1342309385391946,0.8858225501424883,0.393662874195926,0.18797123766457072
1,28.78787878787879,0.1101833693098607,0.950983285972504,1.0300123638668572,0.3081341735478451,0.13115282087139826,0.8921604316924626,0.39038248325107955,0.1849137470594428
1,29.292929292929294,0.11011684958995052,0.9510498056924143,1.0368168382660867,0.3043352443952585,0.12814727562475536,0.8984474071403175,0.3871044891169964,0.18190476574567102
1,29.7979797979798,0.11005454155649698,0.9511121137258677,1.043524683735156,0.30056210554680907,0.12521256900413555,0.9046834810896471,0.3838296198338791,0.17894356107945877
1,30.303030303030305,0.10999599399676455,0.9511706612856001,1.050136567738265,0.29681578161225486,0.12234700893558066,0.9108686695538397,0.38055858202337534,0.1760294104257699
1,30.80808080808081,0.10994080291548168,0.9512258523668831,1.056653181267941,0.2930972333967393,0.11954894362142027,0.9170029995621332,0.3772920614025458,0.1731616010383061
1,31.313131313131315,0.10988861733135609,0.9512780379510087,1.0630752385134925,0.2894073587458138,0.11681676102679411,0.923086508967694,0.3740307230717293,0.1703394299635618
1,31.81818181818182,0.1098391242260677,0.9513275310562972,1.0694034743680987,0.28574699637289663,0.11414888754510506,0.9291192460615759,0.37077521201958946,0.1675622039218196
1,32.323232323232325,0.10979207365069404,0.9513745816316708,1.0756386448633828,0.28211692555181106,0.11154378787090655,0.9351012694555656,0.36752615332714805,0.16482923922027143
1,32.82828282828283,0.10974720790545268,0.9514194473769122,1.081781522729711,0.27851787287026414,0.10899996268612537,0.9410326475106607,0.36428415288080407,0.1621398616115202
1,33.333333333333336,0.10970428484253464,0.9514623704398302,1.0878328973471054,0.2749505125780287,0.1065159483609664,0.9469134581763492,0.36104979762508815,0.15949340620154773
1,33.83838383838384,0.10966317968381144,0.9515034755985534,1.0937935781427028,0.2714154618710223,0.1040903182723757,0.9527437891612947,0.3578236554431289,0.15688921739856146
1,34.343434343434346,0.1096237109521784,0.9515429443301865,1.0996643857100281,0.2679132941826803,0.10172167839339245,0.9585237369339714,0.354606276350358,0.15432664871865553
1,34.84848484848485,0.10958567947856764,0.9515809758037972,1.105446152417999,0.2644445385589637,0.09940866730913836,0.9642534066271945,0.35139819267375044,0.15180506270204
1,35.35353535353536,0.10954895101496269,0.9516177042674021,1.1111397254866633,0.2610096754601016,0.09714995733933623,0.9699329121837578,0.3481999189596012,0.14932383085962594
1,35.85858585858586,0.10951349960244283,0.951653155679922,1.1167459683645005,0.2576091350571913,0.09494425486440945,0.975562376340876,0.3450119520621356,0.1468823335999734
1,36.36363636363637,0.1094791491817775,0.9516875061005874,1.1222657459957408,0.25424331892896085,0.09279029336139955,0.9811419290488386,0.34183477299383114,0.14447995996031526
1,36.86868686868687,0.10944577465899233,0.9517208806233726,1.1276999344217367,0.25091258639901826,0.09068683746534605,0.9866717082528716,0.3386688461170902,0.14211610763302304
1,37.37373737373738,0.1094133814226446,0.9517532738597202,1.1330494272311797,0.2476172455663471,0.08863268548857385,0.992151860380306,0.33551461866281496,0.13979018295986387
1,37.87878787878788,0.10938186629178742,0.9517847889905774,1.138315116294139,0.2443575813959656,0.08662666059599598,0.9975825382998188,0.3323725231054108,0.1375016005977552
1,38.38383838383839,0.10935115931833868,0.9518154959640261,1.1434979017125002,0.2411338416702992,0.08466761490330102,1.0029639021492207,0.329242976297875,0.13524978355588912
1,38.88888888888889,0.10932121377646122,0.9518454415059036,1.1485986918849072,0.237946237249538,0.08275442915165478,1.0082961192256292,0.3261263796612983,0.13303416311605734
1,39.3939393939394,0.10929199828939228,0.9518746569929725,1.1536184017755136,0.2347949448659169,0.08088601164466926,1.0135793636625765,0.3230231196201231,0.13085417872028532
1,39.8989898989899,0.10926346796479128,0.9519031873175735,1.158557946564014,0.23168011649254727,0.07906129522953848,1.0188138155972983,0.3199335686210611,0.12870927778462543
1,40.40404040404041,0.10923558994913474,0.95193106533323,1.1634182462433316,0.22860187311281507,0.07727923892995303,1.0239996615413671,0.3168580847749062,0.12659891568671183
1,40.909090909090914,0.10920833043374718,0.9519583248486175,1.1682002273445553,0.22556030254424875,0.07553882839729545,1.0291370944976739,0.3137970117792341,0.12452255572607712
1,41.41414141414142,0.10918166158911959,0.9519849936932452,1.1729048141248806,0.22255547239269996,0.07383907176851892,1.0342263127341336,0.31075068040632353,0.12247966886252815
1,41.919191919191924,0.10915555456710907,0.9520111007152556,1.1775329332657378,0.21958742362558242,0.07217900139477917,1.0392675202499548,0.3077194080227329,0.12046973373029748
1,42.42424242424243,0.10912998806052583,0.9520366672218389,1.1820855143320468,0.21665617013195046,0.07055767382210251,1.0442609267144691,0.304703498720372,0.1184922365681439
1,42.929292929292934,0.10910494003789954,0.9520617152444651,1.1865634867815815,0.21376170340288186,0.06897416810163642,1.0492067469671826,0.30170324396127934,0.11654667107452299
1,43.43434343434344,0.10908038191756893,0.9520862733647958,1.1909677777302294,0.21090399610045257,0.06742758445541781,1.054105200613564,0.2987189231105214,0.1146325382788996
1,43.939393939393945,0.1090562899336632,0.9521103653487014,1.1952993144639632,0.20808299863898244,0.06591704518315422,1.0589565122220512,0.2957508032661928,0.11274934651474122
1,44.44444444444445,0.10903266149677122,0.9521339937855935,1.1995590264356701,0.20529863649354377,0.06444169535688604,1.0637609114559163,0.29279913916443057,0.11089661138263825
1,44.949494949494955,0.1090094696606261,0.9521571856217386,1.2037478366588166,0.20255082322404153,0.06300069840324189,1.0685186318617717,0.289864174658902,0.10907385548231154
1,45.45454545454546,0.10898669584488206,0.9521799594374826,1.2078666669319151,0.19983945301108313,0.06159323834310158,1.0732299114103183,0.2869461421470024,0.10728060844566444
1,45.959595959595966,0.10896433232073395,0.9522023229616308,1.2119164392156108,0.1971643988872482,0.060218520183240955,1.0778949925843855,0.2840452625208001,0.10551640689779951
1,46.46464646464647,0.1089423676017689,0.9522242876805959,1.2158980705579374,0.1945255205347011,0.05887576719346123,1.082514121569997,0.2811617461822207,0.10378079425076764
1,46.969696969696976,0.10892078970142705,0.9522458655809377,1.2198124735983336,0.1919226638124163,0.05756422087534985,1.0870875482103801,0.2782957931549205,0.10207332063768455
1,47.47474747474748,0.10889958907998003,0.9522670662023847,1.2236605582002131,0.18935565859668813,0.05628314148919864,1.0916155261326126,0.2754475929888979,0.1003935428814747
1,47.979797979797986,0.10887875564435646,0.9522878996380082,1.2274432318178496,0.18682431849140888,0.05503180797684135,1.0960983127099984,0.272617324858211,0.09874102443477582
1,48.484848484848484,0.10885828280829887,0.9523083724740659,1.231161394487318,0.18432844859251507,0.053809515206266575,1.1005361681760761,0.2698051586808768,0.09711533514603228
1,48.98989898989899,0.10883816411246781,0.9523284911698969,1.234815942024104,0.18186784096892109,0.052615575293074604,1.1049293560181506,0.26701125469921405,0.0955160512856206
1,49.494949494949495,0.10881838703166283,0.952348268250702,1.2384077696658347,0.1794422692689806,0.05144931935128434,1.1092781435333756,0.2642357628481313,0.09394275562147834
1,50.0,0.1087989460465928,0.952367709235772,1.2419377621464158,0.17705150423785398,0.05031009190182991,1.1135828000000958,0.2614788250403942,0.09239503696249507
1,50.505050505050505,0.10877983480319377,0.952386820479171,1.2454067988525501,0.17469530603436287,0.049197253399186715,1.1178435974806016,0.2587405742362295,0.09087249028615423
1,51.01010101010101,0.1087610469360541,0.9524056083463107,1.2488157527315695,0.17237342615990425,0.04811017939462603,1.1220608105336778,0.25602113484518974,0.08937471662411775
1,51.515151515151516,0.10874257640182149,0.9524240788805434,1.2521654895526744,0.17008560884373267,0.04704825988969278,1.1262347159888146,0.25332062305266984,0.0879013229615008
1,52.02020202020202,0.10872441574894524,0.9524422395334197,1.255456879662875,0.16783157303536228,0.04601090558786264,1.1303655949365143,0.2506391444288562,0.08645192263761457
1,52.525252525252526,0.1087065588462342,0.9524600964361306,1.25869077733996,0.16561104469936122,0.04499753624677855,1.1344537289693932,0.24797679858838037,0.08502613444521159
1,53.03030303030303,0.10868899997521486,0.95247765530715,1.2618680265703495,0.16342374808814222,0.04400758362760821,1.138499401111806,0.24533367810006643,0.08362358279111284
1,53.535353535353536,0.10867173301881781,0.952494922263547,1.2649894661269103,0.16126939810148805,0.04304049405770164,1.1425028966252653,0.2427098675490028,0.08224389782871704
1,54.04040404040404,0.10865475179300262,0.9525119034893622,1.268055926340847,0.15914770554020327,0.04209572640504964,1.1464645023401543,0.24010544440593656,0.08088671525689423
1,54.54545454545455,0.10863805232236273,0.9525286029600022,1.2710682421454271,0.15705835698067977,0.041172759159992904,1.1503845089524585,0.23752047624229056,0.07955167680823604
1,55.05050505050505,0.10862163031693775,0.9525450249654271,1.2740272384708788,0.15500103781560862,0.04027108199961258,1.154263208254521,0.23495502419529518,0.07823842955316908
1,55.55555555555556,0.10860547920567964,0.9525611760766852,1.276933718846517,0.15297545028747211,0.03939018915211079,1.1581008909534436,0.2324091457081146,0.07694662534142702
1,56.06060606060606,0.10858959358661574,0.9525770616957492,1.2797884852118302,0.15098128279771342,0.038529590276556426,1.1618978502077753,0.22988289021507868,0.07567592158013135
1,56.56565656565657,0.10857396799779401,0.9525926872845709,1.282592330767681,0.14901822130645018,0.03768880621196889,1.1656543802244532,0.22737630092129063,0.0744259808572416
1,57.07070707070707,0.10855859855037217,0.9526080567319928,1.2853460469761748,0.1470859384027122,0.03686737290721278,1.1693707775665345,0.22488941321832906,0.07319647121812158
1,57.57575757575758,0.10854348307142907,0.9526231722109358,1.2880504240659787,0.14518409272868515,0.03606484149143596,1.1730473411652123,0.2224222547159396,0.07198706612183356
1,58.08080808080808,0.10852861542481601,0.9526380398575489,1.2907062261658473,0.14331236885320622,0.03528076326704643,1.1766843672699403,0.21997485158679658,0.07079744314624864
1,58.58585858585859,0.10851399129873623,0.9526526639836287,1.2933142164095381,0.1414704374778346,0.03451470439872711,1.180282154368277,0.21754722247726363,0.06962728515744487
1,59.09090909090909,0.10849960646967853,0.9526670488126864,1.2958751492530813,0.1396579679149816,0.03376624111803706,1.1838410015643144,0.21513938057645524,0.06847627986221612
1,59.5959595959596,0.10848545698367222,0.9526811982986927,1.2983897723739184,0.13787462512518175,0.03303496078699987,1.1873612089660959,0.21275133316207592,0.06734411987481417
1,60.101010101010104,0.10847153975218997,0.9526951155301749,1.3008588330379964,0.13612005927355864,0.03232046597454493,1.1908430791756182,0.21038307973283124,0.06623050309453665
1,60.60606060606061,0.1084578506096601,0.9527088046727049,1.3032830571149572,0.1343939410822721,0.031622360088870774,1.1942869120290478,0.20803461879355944,0.06513513118037884
1,61.111111111111114,0.10844438596379359,0.9527222693185714,1.3056631668069596,0.13269593236375304,0.03094025911538739,1.1976930088905207,0.20570594239338175,0.06405771071908391
1,61.61616161616162,0.10843114233283715,0.9527355129495279,1.3079998756085107,0.1310256946766367,0.030273788000952796,1.2010616713271072,0.2033970378667784,0.06299795280910081
1,62.121212121212125,0.1084181163155036,0.9527485389668614,1.310293888393692,0.12938288936743347,0.02962258052497441,1.2043932010655631,0.20110788792889314,0.06195557300852995
1,62.62626262626263,0.10840530371417285,0.9527613515681921,1.3125459075762895,0.12776716648595965,0.028986284223850918,1.2076879019856799,0.19883846807446828,0.06093029194283821
1,63.131313131313135,0.10839270152814083,0.9527739537542241,1.3147566186854038,0.12617819141392864,0.028364548186767573,1.210946075210436,0.1965887531163103,0.059921833676240134
1,63.63636363636364,0.10838030638525845,0.9527863488971066,1.316926701485591,0.12461562469308084,0.027757032107428272,1.2141680227627316,0.19435871238197874,0.0589299268582762
1,64.14141414141415,0.10836811494692125,0.9527985403354438,1.3190568269437635,0.12307912778364329,0.027163403558693337,1.217354046475709,0.19214831119451595,0.05795430433276153
1,64.64646464646465,0.10835612389937985,0.9528105313829851,1.321147657163077,0.1215683633869399,0.026583337736083276,1.220504447898079,0.18995751103583525,0.05699470306907226
1,65.15151515151516,0.1083443300436589,0.9528223252387061,1.323199850899067,0.12008298541879525,0.026016521968237772,1.2236195301099837,0.18778626716577831,0.056050864727224536
1,65.65656565656566,0.1083327300938018,0.9528339251885632,1.3252140525640357,0.11862265959487486,0.02546264612718936,1.2266995938876761,0.18563453376705344,0.05512253434825713
1,66.16161616161617,0.10832132078338091,0.9528453344989841,1.3271908986824212,0.11718705166279988,0.024921407940878756,1.2297449398408378,0.1835022611362006,0.05420946102594831
1,66.66666666666667,0.10831009885368867,0.9528565564286764,1.3291310176480993,0.11577582805213643,0.02439251258586435,1.2327558682574684,0.1813893959274652,0.05331139781805319
1,67.17171717171718,0.10829906103499069,0.9528675942473743,1.3310350290889164,0.1143886572525546,0.02387567194462899,1.2357326788143486,0.17929588157569057,0.052428101612947635
1,67.67676767676768,0.10828820481513715,0.9528784504672279,1.3329035484713914,0.11302520155246477,0.023370608262243797,1.238675672029833,0.1772216563964756,0.05155933357667813
1,68.18181818181819,0.10827752725287028,0.9528891280294948,1.3347371800288883,0.11168513023533513,0.0228770480218766,1.2415851468490366,0.17516665684303712,0.05070485831091317
1,68.68686868686869,0.10826702512073207,0.9528996301616329,1.3365365176297894,0.11036811818485685,0.0223947224714538,1.2444614008589798,0.1731308172565298,0.049864443887477405
1,69.1919191919192,0.10825669545885623,0.9529099598235088,1.3383021480993538,0.10907383998102885,0.02192337020571742,1.2473047313164671,0.17111406853274522,0.0490378621537747
1,69.6969696969697,0.10824653533452229,0.9529201199478428,1.3400346497986109,0.10780197271227882,0.021462735775210476,1.2501154346049566,0.16911633888344657,0.048224888514583855
1,70.20202020202021,0.10823654215714466,0.9529301131252204,1.341734595196914,0.10655219120152226,0.021012571887663787,1.252893807151777,0.16713755262857055,0.04742530222263971
1,70.70707070707071,0.10822671342929996,0.9529399418530651,1.3434025488729302,0.10532417207262579,0.02057263734054416,1.255640144586484,0.16517763137273447,0.0466388860437688
1,71.21212121212122,0.10821704628995411,0.9529496089924109,1.3450390638311627,0.1041176010742546,0.02014269338068282,1.25835474025114,0.1632364960602776,0.04586542569156987
1,71.71717171717172,0.1082075381413801,0.9529591171409849,1.3466446866030533,0.10293216341627702,0.019722508266769766,1.2610378870903598,0.16131406444869667,0.045104710463930844
1,72.22222222222223,0.10819818644812988,0.9529684688342351,1.348219955636616,0.1017675470846725,0.019311855564811624,1.263689876959197,0.15941025208245446,0.044356532961335855
1,72.72727272727273,0.1081889886648843,0.9529776666174807,1.349765402234485,0.10062344094696886,0.018910515104646412,1.2663110010649077,0.15752497170936644,0.04362068922871324
1,73.23232323232324,0.10817994218444565,0.9529867130979194,1.351281551243779,0.09949953341461104,0.018518273627710108,1.268901550271254,0.15565813288889604,0.042896978842837524
1,73.73737373737374,0.10817104468849392,0.9529956105938712,1.3527689167833563,0.09839552224158807,0.01813491926115574,1.271461812654136,0.1538096454378073,0.042185203911044224
1,74.24242424242425,0.10816229381466438,0.9530043614677006,1.3542280063949406,0.09731110541961803,0.01776024647154155,1.273992075723005,0.15197941636202633,0.041485169917956345
1,74.74747474747475,0.10815368725318973,0.9530129680291753,1.355659319901415,0.09624598395062034,0.017394054434064766,1.2764926257107019,0.1501673508812055,0.04079668541108023
1,75.25252525252526,0.10814522269684498,0.9530214325855201,1.3570633496861153,0.09519986131122696,0.017036147288757825,1.278963747712619,0.14837335226064435,0.04011956202972444
1,75.75757575757576,0.10813689756359933,0.9530297577187657,1.3584405820218617,0.09417244002172055,0.016686336242517853,1.281405726689323,0.14659732040637327,0.03945361490729132
1,76.26262626262627,0.10812870976425983,0.9530379455181053,1.3597914935737547,0.0931634315275286,0.016344433184816633,1.2838188444993563,0.14483915614666434,0.03879866135696702
1,76.76767676767678,0.10812065706595138,0.9530459982164137,1.361116554387024,0.09217254819253089,0.016010255706545184,1.2862033822663204,0.14309875787264484,0.0381545218640226
1,77.27272727272728,0.1081127372633005,0.9530539180190646,1.3624162271445397,0.09119950558201909,0.015683625559541222,1.2885596196775706,0.14137602257411205,0.03752101975130511
1,77.77777777777779,0.10810494817650308,0.953061707105862,1.3636909672238537,0.09024402254026423,0.015364368521982122,1.2908878349405633,0.13967084593331947,0.036897981129105265
1,78.28282828282829,0.10809728770783764,0.9530693675745274,1.3649412244389718,0.0893058163662086,0.015052317480919536,1.2931883062321223,0.1379831202550491,0.03628523551581657
1,78.7878787878788,0.10808975371290028,0.9530769015694648,1.3661674394413503,0.0883846135286029,0.014747305316146798,1.2954613084149922,0.13631273925587853,0.03568261433211715
1,79.2929292929293,0.10808234409443752,0.9530843111879276,1.3673700465374294,0.08748014171167949,0.0144491700369909,1.2977071154403894,0.13465959461264593,0.035089951949952666
1,79.7979797979798,0.10807505677721489,0.9530915985051501,1.3685494730769423,0.08659213183845305,0.014157753370704504,1.299925999711752,0.1330235769150936,0.0345070853761424
1,80.30303030303031,0.10806788970570849,0.9530987655766565,1.3697061394991115,0.0857203181798323,0.013872900607156105,1.3021182320314795,0.13140457577357825,0.03393385419793026
1,80.80808080808082,0.1080608410662139,0.9531058142161511,1.3708404605794982,0.08486443486754032,0.013594462839061641,1.3042840826507165,0.12980247831146388,0.03337010104080788
1,81.31313131313132,0.10805390887360697,0.9531127464087581,1.3719528433217643,0.08402422246083203,0.013322292503503816,1.3064238192350341,0.12821717217464718,0.03281567059330685
1,81.81818181818183,0.1080470911724588,0.9531195641099063,1.3730436880936594,0.08319942479162352,0.01305624540081724,1.3085377078123075,0.1266485441732106,0.03227041001747006
1,82.32323232323233,0.10804038607381357,0.9531262692085516,1.3741133888951895,0.08238978841010483,0.01279618098080576,1.310626012922866,0.12509648009146268,0.031734168988659564
1,82.82828282828284,0.10803379171883074,0.9531328635635343,1.37516233324058,0.08159506318765627,0.012541961857863734,1.3126889974146307,0.12356086501795055,0.031206799570406958
1,83.33333333333334,0.10802730632701212,0.953139348955353,1.3761909027721846,0.08081500029420782,0.012293455219707646,1.3147269231266299,0.12204158235230411,0.030688156524054145
1,83.83838383838385,0.10802092813159342,0.9531457271507716,1.3771994726142596,0.08004935495813016,0.012050530713710199,1.3167400499122448,0.12053851529503448,0.030178096795709004
1,84.34343434343435,0.10801465536854434,0.9531519999138207,1.3781884113254341,0.07929788695392721,0.011813060006738608,1.3187286354512546,0.11905154715767167,0.02967647939406183
1,84.84848484848486,0.10800848632703061,0.9531581689553345,1.3791580815375788,0.07856035848486449,0.011580918263656792,1.3206929359662394,0.11758056032042724,0.02918316571632166
1,85.35353535353536,0.10800241933061229,0.9531642359517528,1.3801088398211445,0.07783653500134352,0.01135398346361206,1.3226332059198265,0.11612543671401261,0.0286980193691492
1,85.85858585858587,0.1079964526899232,0.9531702025924419,1.381041036867842,0.0771261842598738,0.011132137158384254,1.3245496984058858,0.11468605724537866,0.02822090635172372
1,86.36363636363637,0.1079905847232433,0.9531760705591218,1.3819550175228854,0.07642907674614319,0.010915264017071461,1.3264426649483259,0.11326230213550961,0.027751694919152765
1,86.86868686868688,0.10798481386138445,0.9531818414209806,1.382851120630417,0.07574498779210964,0.010703249863573471,1.328312354564214,0.11185405238986254,0.027290255048911815
1,87.37373737373738,0.10797913852535733,0.9531875167570077,1.3837296793823965,0.07507369512782394,0.010495983775879555,1.3301590148094913,0.11046118821640664,0.026836458977090374
1,87.87878787878789,0.10797355716372783,0.9531930981186373,1.384591021313656,0.07441497964172554,0.010293357330718348,1.3319828914313199,0.10908358958889075,0.026390180982777595
1,88.3838383838384,0.10796806823402297,0.9531985870483421,1.3854354683542678,0.07376862499006334,0.010095264941768963,1.33378422855654,0.10772113597580271,0.025951297470645646
1,88.8888888888889,0.10796267017341162,0.9532039851089534,1.3862633368663386,0.07313441697505949,0.009901604444701815,1.335563269001984,0.10637370587645727,0.025519687124547004
1,89.3939393939394,0.10795736151902628,0.9532092937633387,1.3870749378980822,0.07251214614965137,0.009712274238366342,1.3373202528845927,0.10504117904809496,0.025095230070300588
1,89.89898989898991,0.1079521407983405,0.9532145144840246,1.3878705771040145,0.07190160546414523,0.009527175717940347,1.3390554188441242,0.10372343459786637,0.024677808560997744
1,90.40404040404042,0.10794700655917419,0.9532196487231909,1.3886505548678871,0.07130259092354368,0.009346212494669196,1.3407690036794315,0.10242035158576043,0.02426730673779645
1,90.90909090909092,0.10794195737279501,0.9532246979095701,1.389415166361655,0.07071490146820582,0.009169290456239397,1.342461242398784,0.10113180896991297,0.023863610634291446
1,91.41414141414143,0.10793699187390743,0.9532296634084577,1.3901647014239944,0.07013833780283425,0.008996319059271392,1.3441323688693607,0.09985768458207825,0.023466608551549594
1,91.91919191919193,0.1079321086578373,0.9532345466245278,1.390899445137395,0.06957270529684456,0.00882720785186061,1.3457826141471454,0.098597857857669,0.023076189998174186
1,92.42424242424244,0.10792730636188463,0.9532393489204805,1.3916196775043346,0.0690178116340636,0.00866186914770203,1.347412207798299,0.09735220772370515,0.02269224648098428
1,92.92929292929294,0.10792258364271036,0.9532440716396547,1.3923256736320377,0.06847346742652007,0.008500217227542297,1.3490213775317932,0.09612061322020458,0.022314671250990684
1,93.43434343434345,0.10791793917576387,0.9532487161066012,1.3930177038094143,0.06793948619984688,0.00834216827683902,1.3506103491900554,0.0949029535420838,0.021943359270849266
1,93.93939393939395,0.1079133717234173,0.9532532835589478,1.3936960332600699,0.06741568326282875,0.008187641763201466,1.35217934742898,0.09369910693846144,0.02157820763554696
1,94.44444444444446,0.10790887999153978,0.9532577752908253,1.3943609228927454,0.06690187801286257,0.008036557380491997,1.3537285942752655,0.09250895313021824,0.021219114597504765
1,94.94949494949496,0.10790446272764936,0.9532621925547158,1.395012628912806,0.06639789231799198,0.007888837055302063,1.3552583101076048,0.09133237171010422,0.020865980185279548
1,95.45454545454547,0.10790011870383459,0.9532665365785304,1.3956514029769989,0.06590355077038275,0.007744404538718418,1.3567687134817192,0.0901692424591367,0.020518706062132665
1,95.95959595959597,0.10789584671292227,0.9532708085694428,1.3962774922857608,0.06541868072466632,0.007603185275672855,1.358260021088298,0.0890194454427107,0.020177195471979922
1,96.46464646464648,0.10789164557108961,0.9532750097112753,1.3968911392991208,0.06494311168014597,0.007465107306833422,1.3597324482026414,0.08788286026752407,0.019841353532823177
1,96.96969696969697,0.10788751411284535,0.9532791411695196,1.397492582424187,0.06447667627807396,0.007330099583839247,1.3611862079030514,0.08675936744470514,0.01951108665523194
1,97.47474747474747,0.10788345119253105,0.9532832040898339,1.3980820558724618,0.06401920991892597,0.007198092494712445,1.362621511341271,0.08564884795328863,0.019186302708428877
1,97.97979797979798,0.10787945568525177,0.9532871995971132,1.3986597895898507,0.06357055050051874,0.007069018195730641,1.3640385679207965,0.08455118296128246,0.018866911120909664
1,98.48484848484848,0.10787552648605689,0.9532911287963081,1.3992260094094395,0.06313053852643354,0.006942810350227072,1.365437585192888,0.08346625402964762,0.01855282278045295
1,98.98989898989899,0.10787166249231171,0.9532949927900533,1.3997809367885343,0.06269901682657965,0.006819404670986268,1.3668187691324658,0.08239394264754743,0.018243950222975522
1,99.4949494949495,0.10786786262275569,0.9532987926596093,1.4003247892519584,0.06227583081384238,0.006698738220299515,1.3681823238281758,0.08133413080947097,0.01794020736534182
1,100.0,0.10786412582982656,0.9533025294525383,1.4008577807057103,0.06186082864232928,0.006580748938060517,1.3695284512799915,0.08028670140111344,0.017641509321883752
2,0.0,0.5306884737852546,0.47859975145335665,0.4886284869494972,0.543291740640763,0.4709076254519327,0.5486333656259835,0.4750794121214665,0.5405846475849678
2,0.5050505050505051,0.48085930040895175,0.5284289248296594,0.5016437808088232,0.5414507261819956,0.4597333460513744,0.5561851098032111,0.47606414127721874,0.532048174251988
2,1.0101010101010102,0.43672609260342216,0.5725621326351888,0.5145887173363636,0.5393979937364257,0.4488411419694038,0.5637535342224704,0.47690314902110653,0.5236407420888413
2,1.5151515151515151,0.3976708237373565,0.6116174015012545,0.5274597861155975,0.5371458466087141,0.4382222203178813,0.5713363625051826,0.47760051443855783,0.5153605483886778
2,2.0202020202020203,0.3631350548094983,0.6461531704291127,0.5402536969733235,0.5347059727929021,0.4278681832759673,0.5789313834164813,0.4781602541435095,0.5072057877724275
2,2.5252525252525255,0.3326174077797497,0.6766708174588613,0.5529673490742899,0.5320894419998463,0.41777106196805674,0.586536451734216,0.47858629278957354,0.4991746808086289
2,3.0303030303030303,0.30566762693721133,0.7036205983013997,0.5655978125709237,0.529306769298724,0.407923271172545,0.5941494836771812,0.4788824699520096,0.4912654717032276
2,3.5353535353535355,0.2818820654709539,0.727406159767657,0.5781423174548251,0.5263679561294617,0.3983175794579058,0.6017684552845673,0.479052542058239,0.4834764279896123
2,4.040404040404041,0.2608997277974582,0.7483884974411528,0.5905982452716989,0.5232825238116096,0.3889470839588843,0.6093914011871999,0.47910018386698555,0.4758058402782333
2,4.545454545454546,0.24239824981031163,0.7668899754282993,0.6029631215370153,0.520059546172852,0.37980518533232555,0.6170164131311839,0.4790289902999483,0.4682520219012864
2,5.050505050505051,0.22609055388802068,0.7831976713505903,0.6152346097783792,0.5167076760600283,0.3708855672037854,0.6246416386756893,0.47884247806118035,0.46081330859554887
2,5.555555555555556,0.21172189884428042,0.7975663263943306,0.6274105070589856,0.5132351674223631,0.3621821785608442,0.6322652800417691,0.4785440870639814,0.45348805822666827
2,6.0606060606060606,0.19906598404721845,0.8102222411913924,0.6394887382555743,0.5096499041393371,0.35368921064728154,0.6398855925551571,0.47813718236334435,0.4462746504139172
2,6.565656565656566,0.1879217369928683,0.8213664882457427,0.6514673500774534,0.5059594255776454,0.34540107738709425,0.6475008832440144,0.47762505590194104,0.4391714861864631
2,7.070707070707071,0.1781106376450858,0.8311775875935251,0.6633445080997536,0.50217094471362,0.33731240022881925,0.655109509611003,0.4770109280407767,0.4321769876806389
2,7.575757575757576,0.16947451554289844,0.8398137096957125,0.6751184937377989,0.4982913638749759,0.32941799542941824,0.6627098785166646,0.4762979489538624,0.4252895978618916
2,8.080808080808081,0.16187356581576806,0.8474146594228427,0.6867877014208386,0.4943272890554432,0.32171286256591114,0.6703004451078992,0.4754891999674376,0.4185077802570817
2,8.585858585858587,0.155184500653005,0.8541037245856058,0.6983506356773274,0.490285043679407,0.3141921736854585,0.6778797117531927,0.4745876948916732,0.4118300186875526
2,9.090909090909092,0.1492984698835871,0.8599897553550236,0.7098059074206732,0.48617068481143455,0.3068512608100852,0.6854462268440806,0.47359638151949734,0.40525481696884064
2,9.595959595959597,0.14411939337436871,0.8651688318642421,0.721152231248518,0.4819900156680139,0.29968560612566103,0.6929985836991789,0.47251814300050526,0.3987806986327344
2,10.101010101010102,0.13956260738104312,0.8697256178575676,0.7323884232076788,0.47774859579909207,0.2926908340354221,0.7005354195599967,0.47135579910165104,0.39240620667077086
2,10.606060606060607,0.13555268261411707,0.8737355426244937,0.7435133966462693,0.4734517584769735,0.28586269791895025,0.7080554143754082,0.4701121077266966,0.3861299032303137
2,11.111111111111112,0.1320236807566122,0.8772645444819986,0.754526161597478,0.469104610058261,0.279197081386454,0.7155572901492073,0.4687897657497827,0.3799503694334285
2,11.616161616161618,0.12891758082966015,0.8803706444089506,0.765425821344134,0.4647120431985637,0.2726899884994954,0.7230398098559666,0.4673914103742232,0.3738662051022286
2,12.121212121212121,0.1261833950250094,0.8831048302136014,0.7762115702498502,0.46027874457595563,0.26633753821638717,0.7305017765202583,0.4659196202920565,0.3678760285201037
2,12.626262626262626,0.12377627669444355,0.8855119485441673,0.7868826909059233,0.455809203686361,0.2601359584499087,0.7379420322874138,0.4643769168546165,0.3619784761903882
2,13.131313131313131,0.12165666286658329,0.8876315623720276,0.7974385511927439,0.451307721619456,0.2540815802299932,0.7453594575037349,0.46276576523173335,0.35617220259695037
2,13.636363636363637,0.11978981659537481,0.889498408643236,0.8078786022775067,0.4467784163177252,0.24817083444696114,0.7527529698956164,0.4610885754505803,0.3504558799862219
2,14.141414141414142,0.11814454825075375,0.8911436769878571,0.8182023751600848,0.4422252343053885,0.24240024357671977,0.7601215235490539,0.45934770367703026,0.34482819810633436
2,14.646464646464647,0.11669395011202484,0.8925942751265861,0.8284094792415859,0.43765194893349446,0.23676642486711275,0.7674641083749165,0.45754545290796184,0.33928786404954003
2,15.151515151515152,0.11541438377043353,0.8938738414681773,0.8384995993213681,0.43306217011010695,0.23126608361071802,0.7747797491738942,0.4556840741475692,0.33383360201095497
2,15.656565656565657,0.11428518795836211,0.8950030372802488,0.8484724934131177,0.4284593490528558,0.2258960105762196,0.7820675048760443,0.4537657673722128,0.3284641530841613
2,16.161616161616163,0.11328820421474184,0.896000021023869,0.8583279900633045,0.42384678475460325,0.22065307822428548,0.7893264677427062,0.45179268254083965,0.32317827504887253
2,16.666666666666668,0.11240731650947867,0.8968809087291322,0.8680659854566569,0.41922763069809044,0.21553423688744588,0.7965557625789614,0.44976692059308443,0.3179747421603725
2,17.171717171717173,0.1116283608553053,0.8976598643833056,0.8776864414134821,0.4146048982978622,0.2105365133308489,0.8037545460366354,0.447690534338009,0.312852344957774
2,17.67676767676768,0.11093889045332156,0.8983493347852893,0.8871893829509389,0.409981461782709,0.2056570083085454,0.8109220058967522,0.44556552936722527,0.30780989006844084
2,18.181818181818183,0.11032799174603025,0.8989602334925806,0.8965748958876252,0.4053600627476128,0.20089289440695515,0.8180573603666752,0.4433938649504117,0.30284620001533147
2,18.68686868686869,0.10978614904767574,0.8995020761909351,0.905843124474711,0.40074331445189926,0.19624141411558294,0.8251598574110364,0.4411774548895676,0.29796011303181447
2,19.191919191919194,0.10930499034364935,0.8999832348949616,0.9149942688956714,0.396133706931812,0.19169987721470996,0.8322287740557286,0.43891816840607756,0.29315048287061224
2,19.6969696969697,0.10887716216447768,0.9004110630741332,0.924028583079198,0.39153361097844946,0.18726565898454586,0.8392634157332001,0.43661783097813217,0.2884161786210861
2,20.202020202020204,0.10849623063723439,0.9007919946013764,0.9329463725721253,0.3869452819122075,0.18293619855786053,0.8462631156530326,0.43427822514775866,0.2837560845316272
2,20.70707070707071,0.10815649428694557,0.9011317309516652,0.94174799218289,0.38237086413645816,0.1787089967228452,0.8532272341275237,0.4319010913818559,0.27916909982303895
2,21.212121212121215,0.10785299317843597,0.9014352320601748,0.9504338439822071,0.37781239420454565,0.17458161485544063,0.8601551580090461,0.42948812879933884,0.27465413852403364
2,21.71717171717172,0.10758132686521185,0.9017068983733989,0.9590043749573948,0.37327180532926385,0.17055167275553473,0.8670463000161361,0.42704099603154505,0.2702101292847374
2,22.222222222222225,0.10733759667722215,0.9019506285613886,0.9674600749921876,0.36875093084382843,0.16661684720617717,0.8739000981642363,0.4245613119575719,0.2658360152106104
2,22.72727272727273,0.10711847801374048,0.9021697472248702,0.9758014750878744,0.3642515066380825,0.16277487131623636,0.8807160152452207,0.42205065638098255,0.26153075370621537
2,23.232323232323235,0.10692092058391105,0.9023673046546997,0.9840291448843357,0.35977517647311613,0.15902353168474148,0.8874935381175821,0.4195105709336189,0.2572933162812176
2,23.73737373737374,0.10674241566613357,0.9025458095724772,0.9921436915625887,0.35532349252559664,0.1553606689540079,0.8942321773619255,0.41694255954222725,0.2531226884282659
2,24.242424242424242,0.10658064528474737,0.9027075799538633,1.0001457570115737,0.35089792142632004,0.15178417460429947,0.9009314664919003,0.4143480894267665,0.2490178694137518
2,24.747474747474747,0.10643367020879095,0.9028545550298197,1.0080360169759088,0.34649984491330416,0.14829199115298025,0.9075909616483793,0.411728591522038,0.24497787216200137
2,25.252525252525253,0.10629974347400772,0.9029884817646029,1.0158151783655212,0.3421305648090543,0.14488210986761768,0.9142102408612283,0.4090854614144007,0.24100172305678974
2,25.757575757575758,0.10617735119704165,0.903110874041569,1.0234839783347824,0.33779130453975265,0.14155257016765807,0.9207889037099569,0.4064200598053069,0.23708846181715496
2,26.262626262626263,0.10606513809361656,0.9032230871449941,1.031043181810231,0.3334832132437372,0.1383014579882249,0.9273265706450711,0.4037337133757387,0.23323714131160897
2,26.767676767676768,0.10596194146156197,0.9033262837770487,1.0384935806830027,0.3292073671576326,0.1351269052015579,0.9338228826664993,0.4010277152304632,0.2294468274354562
2,27.272727272727273,0.10586668766882024,0.9034215375697905,1.045835991302443,0.3249647739436046,0.13202708779614544,0.9402775006383144,0.3983033257694569,0.22571659892464746
2,27.77777777777778,0.10577849381360449,0.9035097314250062,1.053071254006754,0.3207563732479658,0.12900022578747342,0.9466901050337561,0.3955617730542011,0.22204554724446163
2,28.282828282828284,0.10569652636054643,0.9035916988780643,1.0602002304734726,0.3165830414342558,0.12604458113446476,0.9530603952249074,0.39280425370858246,0.21843277639892894
2,28.78787878787879,0.10562010673363012,0.9036681185049806,1.0672238035337047,0.31244559173124625,0.1231584577772423,0.9593880892725636,0.39003193323269936,0.21487740282715576
2,29.292929292929294,0.10554860720236185,0.9037396180362489,1.0741428745172923,0.30834477878293,0.12034019974197097,0.965672923227059,0.3872459468904492,0.21137855521491059
2,29.7979797979798,0.10548149886327135,0.9038067263753394,1.0809583631632904,0.3042812989621488,0.11758819091675404,0.9719146509216117,0.3844474000200321,0.20793537439077506
2,30.303030303030305,0.10541830688619823,0.9038699183524126,1.0876712051028072,0.30025579443122896,0.11490085350815696,0.9781130433104724,0.38163736887707006,0.20454701314487636
2,30.80808080808081,0.10535862123946234,0.9039296039991485,1.0942823517894673,0.2962688536055067,0.11227664764721906,0.9842678882576971,0.37881690095146753,0.2012126361232542
2,31.313131313131315,0.10530207099278749,0.9039861542458233,1.1007927681346534,0.2923210149253085,0.1097140699822311,0.9903789899071394,0.375987015772631,0.1979314196526485
2,31.81818181818182,0.10524835923941231,0.9040398659991986,1.1072034330862837,0.2884127662681434,0.10721165368776607,0.9964461685895686,0.37314870508889747,0.19470255165395273
2,32.323232323232325,0.10519719254540436,0.9040910326932066,1.1135153361530208,0.2845445505172441,0.10476796637192821,1.002469259988019,0.37030293391099994,0.1915252314333999
2,32.82828282828283,0.10514829680572146,0.9041399284328894,1.1197294770343045,0.2807167663770754,0.10238160963081314,1.0084481148718967,0.3674506408930406,0.1883986695674815
2,33.333333333333336,0.10510148965119266,0.9041867355874182,1.1258468671838566,0.2769297662060494,0.10005121965228675,1.0143825991904234,0.3645927382947207,0.18532208784727455
2,33.83838383838384,0.10505658252545841,0.9042316427131525,1.1318685254834033,0.2731838629165217,0.0977754646422678,1.0202725930771341,0.3617301132123414,0.1822947190429432
2,34.343434343434346,0.10501335093973611,0.9042748742988748,1.1377954762752975,0.2694793332436715,0.09555304352322375,1.0261179902903863,0.35886362830179447,0.17931580674023778
2,34.84848484848485,0.10497164672094582,0.9043165785176651,1.1436287527510256,0.2658164128294081,0.09338268746175926,1.0319186986468827,0.35599412134438585,0.17638460534115025
2,35.35353535353536,0.10493139881048251,0.9043568264281284,1.1493693962385176,0.26219529758646554,0.09126315921720972,1.0376746396954388,0.3531224056979685,0.1735003799390115
2,35.85858585858586,0.10489242743339021,0.9043957978052207,1.1550184476607965,0.2586161569290833,0.0891932484523131,1.0433857469344059,0.35024927244546794,0.17066240595254492
2,36.36363636363637,0.1048546089962906,0.9044336162423203,1.160576953785329,0.2550791245787282,0.08717177467813564,1.0490519667760454,0.3473754893416796,0.16786996921469372
2,36.86868686868687,0.10481791819494272,0.9044703070436682,1.1660459698072836,0.2515842950283628,0.08519758820654658,1.0546732588149341,0.3445018005703226,0.1651223659471619
2,37.37373737373738,0.10478223893070648,0.9045059863079045,1.1714265471102232,0.24813174214386396,0.08326956378810565,1.0602495933941452,0.34162892965382513,0.1624189022844484
2,37.87878787878788,0.10474749450364118,0.9045407307349698,1.1767197404022982,0.2447215087808887,0.081386603859006,1.0657809527108624,0.3387575782340449,0.1597588943875114
2,38.38383838383839,0.10471364289611536,0.9045745823424955,1.181926609351481,0.24135360478186205,0.07954763890884949,1.0712673309691902,0.3358884259604755,0.15714166840275295
2,38.88888888888889,0.10468062628208843,0.9046075989565225,1.1870482104306546,0.23802801922414724,0.07775162338739089,1.0767087326085658,0.33302213263399755,0.1545665600898554
2,39.3939393939394,0.10464839796245715,0.9046398272761538,1.1920856004142344,0.2347447156291699,0.07599753699878846,1.0821051727954465,0.3301593376998423,0.15203291483712986
2,39.8989898989899,0.10461691650793846,0.9046713087306726,1.1970398369309947,0.23150363147428588,0.07428438463691224,1.0874566773694474,0.3273006603765006,0.14954008758647092
2,40.40404040404041,0.10458614361808469,0.9047020816205263,1.2019119758505763,0.22830468233919565,0.07261119485242087,1.0927632821252673,0.3244467005682042,0.14708744263894727
2,40.909090909090914,0.10455604276118446,0.9047321824774266,1.2067030698473942,0.22514776432936043,0.07097701886543809,1.0980250323373109,0.32159803949155763,0.1446743535035503
2,41.41414141414142,0.10452658924806542,0.9047616359905456,1.2114141716280598,0.22203274955827162,0.06938093185586137,1.1032419832581928,0.3187552391517187,0.14230020292250758
2,41.919191919191924,0.10449777121431579,0.9047904540242953,1.216046333245915,0.21895948744896854,0.0678220323473091,1.1084141998002903,0.31591884278354554,0.13996438274858325
2,42.42424242424243,0.10446955007906607,0.904818675159545,1.2206005975941154,0.21592781787551313,0.06629943757256421,1.1135417545763384,0.3130893772354586,0.13766629352062196
2,42.929292929292934,0.10444189278936176,0.9048463324492493,1.2250780046389649,0.21293756203360967,0.0648122863696182,1.1186247290309306,0.3102673516949165,0.13540534460657186
2,43.43434343434344,0.1044147607290994,0.9048734645095117,1.2294795887548746,0.2099885267556666,0.06335973753165162,1.1236632127061048,0.30745325862238176,0.13318095400393246
2,43.939393939393945,0.1043881078658694,0.9049001173727417,1.233806377956206,0.20708050595987817,0.06194096912610861,1.1286573029046907,0.3046475742144983,0.13099254821322992
2,44.44444444444445,0.10436203934398898,0.904926185894622,1.2380594228142427,0.20421323712236128,0.0605551931055886,1.133607110660831,0.30185075138839357,0.1288395632831943
2,44.949494949494955,0.10433647481898255,0.9049517504196285,1.2422397337433588,0.20138649658223418,0.05920162271659962,1.138512747241784,0.29906323585145794,0.12672144223917695
2,45.45454545454546,0.104311374469361,0.90497685076925,1.2463483223915426,0.19860003711464916,0.05787949353600087,1.1433743327686892,0.29628545594305844,0.12463763662067122
2,45.959595959595966,0.1042867014155671,0.9050015238230439,1.250386194262005,0.19585359939526756,0.05658805938492016,1.148191994475444,0.2935178247630997,0.12258760609387528
2,46.46464646464647,0.10426241067046856,0.9050258145681425,1.2543543462435502,0.19314691602730039,0.055326590771342,1.1529658660105397,0.29076074106387056,0.12057081825800858
2,46.969696969696976,0.10423849815803084,0.9050497270805802,1.2582537770053377,0.19047969606059262,0.054094379976262236,1.1576960895224166,0.2880145868337912,0.11858674897621105
2,47.47474747474748,0.10421501639716986,0.9050732088414412,1.2620854900673022,0.18785162061908717,0.052890742355803294,1.1623828161554295,0.285279726770755,0.11663488240623436
2,47.979797979797986,0.10419191430007363,0.9050963109385374,1.2658504582249341,0.1852623971397721,0.05171499767748645,1.1670261981596848,0.2825565177255969,0.11471470944713709
2,48.484848484848484,0.10416918953928972,0.9051190356993213,1.2695496566517968,0.1827117094522984,0.05056648693809744,1.171626395903993,0.27984530042750316,0.11282572900092269
2,48.98989898989899,0.10414683550867308,0.905141389729938,1.2731840542772181,0.18019923102774757,0.04944456773722681,1.1761835759483357,0.27714640182173533,0.11096744756234778
2,49.494949494949495,0.10412484245268024,0.9051633827859308,1.2767546135426013,0.17772462563623526,0.04834861386335605,1.180697910816787,0.2744601354031646,0.10913937911246714
2,50.0,0.10410322346998663,0.9051850017686244,1.2802622876477094,0.1752875520742953,0.047278013320187884,1.1851695779592997,0.27178680255365023,0.10734104481946888
2,50.505050505050505,0.10408198955164517,0.9052062356869659,1.2837080229397888,0.172887660553615,0.046232169548788817,1.1895987603754408,0.2691266918226217,0.10557197313435625
2,51.01010101010101,0.10406112751424848,0.9052270977243625,1.2870927546778155,0.17052459926061453,0.04521049910376257,1.1939856456323417,0.26648008014166247,0.1038316995584146
2,51.515151515151516,0.10404061160776892,0.905247613630842,1.2904174081254398,0.16819801306260077,0.04421243185415216,1.1983304258672773,0.26384723289396766,0.10211976657117376
2,52.02020202020202,0.10402045422062034,0.9052677710179906,1.2936829040376614,0.16590753584150472,0.04323741316302645,1.2026332985055013,0.2612284031687869,0.1004357236581306
2,52.525252525252526,0.10400064925261299,0.905287575985998,1.2968901520855627,0.16365280032156995,0.042284900635059956,1.2068944650145177,0.2586238332532975,0.09877912706460362
2,53.03030303030303,0.10398118985931139,0.9053070353792997,1.300040053130464,0.16143343477650268,0.04135436513522606,1.2111141313135838,0.2560337541931738,0.09714953982566121
2,53.535353535353536,0.10396206674248185,0.9053261584961292,1.303133498493331,0.15924906457047666,0.04044528997838491,1.215292507336695,0.25345838639301965,0.0955465316027043
2,54.04040404040404,0.10394326562406209,0.905344959614549,1.306171368903908,0.15709931429652088,0.03955716984176352,1.2194298064436582,0.25089794041091534,0.09396967847784525
2,54.54545454545455,0.10392476935490402,0.905363455883707,1.3091545352679042,0.15498380652383745,0.03868951125045101,1.2235262456934957,0.24835261665106367,0.09241856298785955
2,55.05050505050505,0.10390658028336713,0.905381644955244,1.312083863132943,0.1529021551097821,0.037841834799467525,1.2275820467435403,0.24582260433665104,0.09089277425222737
2,55.55555555555556,0.10388869830658023,0.9053995269320309,1.3149602078711884,0.15085397303641945,0.0370136721345847,1.2315974344974467,0.2433080832071489,0.08939190762782309
2,56.06060606060606,0.10387110488753622,0.9054171203510749,1.3177844111309789,0.14883887824913344,0.0362045636620802,1.2355726360705315,0.2408092248302264,0.08791556443166088
2,56.56565656565657,0.10385379011590525,0.9054344351227058,1.3205573064444216,0.14685648507999186,0.035414061517779157,1.23950788204468,0.2383261911330698,0.0864633521546689
2,57.07070707070707,0.10383675335903819,0.9054514718795729,1.3232797213451657,0.14490640104854252,0.03464173064848439,1.2434034069696116,0.23585913383186755,0.0850348845309396
2,57.57575757575758,0.10381999297619934,0.9054682322624117,1.325952472665506,0.14298823464822455,0.03388714572846197,1.2472594479071413,0.23340819627413056,0.08362978115114703
2,58.08080808080808,0.10380350407035559,0.9054847211682555,1.3285763653770557,0.1411015974529256,0.03314989021221129,1.2510762439641427,0.23097351406552993,0.0822476673027462
2,58.58585858585859,0.10378728669949282,0.9055009385391183,1.3311521960427775,0.13924609883216546,0.03242955816724963,1.2548540371121388,0.22855521411498925,0.0808881741052907
2,59.09090909090909,0.10377133123020531,0.9055168940084057,1.3336807523117375,0.13742134663621547,0.0317257540942396,1.2585930722267358,0.2261534145960652,0.07955093850961782
2,59.5959595959596,0.10375563430016148,0.9055325909384496,1.336162811901133,0.13562694955683127,0.031038091584228357,1.2622935962425055,0.22376822609376398,0.07823560299614912
2,60.101010101010104,0.10374019791469885,0.9055480273239122,1.338599142631248,0.1338625172828828,0.030366193128061957,1.2659558580510046,0.22139975177838309,0.07694181550303088
2,60.60606060606061,0.10372502221992805,0.905563203018683,1.3409905028551814,0.1321276598292288,0.029709690357782544,1.2695801086774137,0.2190480872145572,0.07566922944044785
2,61.111111111111114,0.10371009723647145,0.9055781280021395,1.343337640977846,0.13042198807411237,0.029068223990234187,1.2731666013627156,0.21671332026104576,0.07441750370865723
2,61.61616161616162,0.10369541902852698,0.905592806210084,1.345641295832352,0.12874511420769352,0.028441443002147022,1.276715590911788,0.21439553201209233,0.07318630240853831
2,62.121212121212125,0.10368098525931499,0.905607239979296,1.3479021965438531,0.12709665196512684,0.027829004533212597,1.2802273336910666,0.21209479682756055,0.07197529481379164
2,62.62626262626263,0.10366679079541546,0.9056214344431955,1.3501210623946103,0.12547621686014976,0.027230573787432554,1.2837020876246699,0.20981118236523114,0.07078415534251765
2,63.131313131313135,0.10365283334906224,0.9056353918895488,1.3522986040631764,0.12388342402121204,0.026645824957804234,1.2871401126615325,0.20754474901448863,0.06961256365639754
2,63.63636363636364,0.10363910736318872,0.9056491178754222,1.3544355216728643,0.12231789235434022,0.026074439014988217,1.2905416695837841,0.20529555149679932,0.06846020425183526
2,64.14141414141415,0.10362560638379578,0.9056626188548152,1.3565325055776492,0.12077924317283528,0.025516104291708242,1.2939070203164902,0.20306363849963946,0.06732676651628913
2,64.64646464646465,0.10361232367191017,0.9056759015667009,1.3585902365802824,0.11926709997463963,0.024970516487270545,1.2972364279259851,0.2008490527183182,0.06621194468811543
2,65.15151515151516,0.10359926076347538,0.9056889644751357,1.3606093881149666,0.11778108478642518,0.024437380140800796,1.3005301573477746,0.19865182996603453,0.06511543801860989
2,65.65656565656566,0.10358641184355685,0.9057018133950542,1.3625906222445716,0.11632082556023228,0.023916405237388683,1.303788473660269,0.1964720014341764,0.06403695023797362
2,66.16161616161617,0.10357377194990604,0.905714453288705,1.3645345917844796,0.11488595258610969,0.023407308671603334,1.3070116428130076,0.19430959279972299,0.0629761897196883
2,66.66666666666667,0.10356133716013369,0.9057268880784773,1.3664419403653811,0.11347609859986174,0.022909814076949607,1.3101999315291704,0.19216462439330756,0.06193286940994092
2,67.17171717171718,0.1035491051445018,0.9057391200941093,1.3683133040037465,0.1120908959922689,0.022423653046177043,1.3133536079986892,0.19003711033145973,0.0609067070022702
2,67.67676767676768,0.10353707282062094,0.9057511524179901,1.370149307963826,0.11072998300796197,0.021948562070404565,1.3164729401619142,0.18792706080069024,0.059897424369814656
2,68.18181818181819,0.10352523788541022,0.9057629873532008,1.3719505687471094,0.10939300018033611,0.021484284114747104,1.3195581965926582,0.18583448094336105,0.0589047477963998
2,68.68686868686869,0.10351359869863401,0.9057746265399771,1.3737176939018396,0.10807959091762553,0.021030568222727364,1.32260964627611,0.18375937118831107,0.057928407867997904
2,69.1919191919192,0.10350214885870299,0.905786076379908,1.3754512826112473,0.10678940010521318,0.02058717032573199,1.3256275591724185,0.18170172651818067,0.05696813964181989
2,69.6969696969697,0.1034908875693096,0.9057973376693015,1.3771519245552368,0.1055220774479758,0.02015385103897972,1.328612204771648,0.17966153846755584,0.05602368209321515
2,70.20202020202021,0.10347981260766348,0.9058084126309476,1.3788202007825936,0.1042772753770439,0.019730376882554995,1.3315638529221265,0.17763879403298044,0.05509477837731189
2,70.70707070707071,0.10346892177444347,0.9058193034641676,1.3804566836027112,0.10305464960098443,0.019316519838497012,1.3344827735543972,0.17563347608289517,0.05418117569512652
2,71.21212121212122,0.10345821018000982,0.9058300150586013,1.3820619369364597,0.10185385801521761,0.018912058090515337,1.337369237193252,0.17364556268049355,0.05328262545867336
2,71.71717171717172,0.10344767579918296,0.9058405494394282,1.3836365157783064,0.10067456322850246,0.018516774035383814,1.3402235136494005,0.17167502892956274,0.05239888275345559
2,72.22222222222223,0.10343731543045716,0.905850909808154,1.385180966690663,0.09951643090498863,0.01813045544654114,1.3430458728142538,0.16972184590583425,0.051529706612330854
2,72.72727272727273,0.10342712574942231,0.9058610994891888,1.3866958277912385,0.09837913019998068,0.017752895050973525,1.3458365843926878,0.16778598106044404,0.05067485987928713
2,73.23232323232324,0.10341710510895313,0.905871120129658,1.3881816293640783,0.09726233232773905,0.017383891350375325,1.3485959184079488,0.16586739755965246,0.04983410936481769
2,73.73737373737374,0.10340724966372296,0.9058809755748881,1.3896388927848167,0.09616571380927284,0.01702324644810311,1.3513241438981285,0.16396605611016357,0.04900722532412688
2,74.24242424242425,0.10339755616371576,0.9058906690748953,1.3910681314267517,0.09508895422107642,0.016670767394364443,1.3540215297375693,0.16208191386383033,0.04819398173101921
2,74.74747474747475,0.10338802143963034,0.9059002037989807,1.3924698505837985,0.09403173668636802,0.016326265772026085,1.3566883443955278,0.1602149247831191,0.04739415615377203
2,75.25252525252526,0.10337864430654028,0.9059095809320707,1.393844548107092,0.0929937464961684,0.015989558438932183,1.3593248563923457,0.15836503904847754,0.04660752989159579
2,75.75757575757576,0.10336942131275689,0.9059188039258541,1.3951927132300794,0.09197467436074042,0.01566046545137286,1.3619313330566785,0.15653220479867935,0.045833887477061054
2,76.26262626262627,0.10336034992274455,0.9059278753158665,1.3965148275816397,0.09097421406826159,0.015338811392291448,1.364508041334788,0.15471636705329014,0.04507301694434058
2,76.76767676767678,0.10335142770277352,0.9059367975358376,1.3978113650825406,0.08999206296527884,0.015024424994373196,1.3670552475775248,0.15291746803729206,0.044324709717601905
2,77.27272727272728,0.10334265217348915,0.9059455730651219,1.3990827923184685,0.08902792106677906,0.014717139656944904,1.3695732178912199,0.15113544672353488,0.04358876071766417
2,77.77777777777779,0.10333402121674287,0.9059542040218682,1.40032956792677,0.08808149331155746,0.014416791803865018,1.3720622170839727,0.14937024033603807,0.04286496791240823
2,78.28282828282829,0.1033255327905183,0.9059626924480928,1.401552143214412,0.08715248789119749,0.01412322193658292,1.374522509365357,0.1476217834054923,0.04215313256156946
2,78.7878787878788,0.10331718478697785,0.9059710404516332,1.4027509621266556,0.08624061656933622,0.013836274346200536,1.3769543581790071,0.14589000803251598,0.04145305912089596
2,79.2929292929293,0.10330897420506306,0.905979251033548,1.4039264613996791,0.08534559420351193,0.013555797439001307,1.3793580264482286,0.14417484356707422,0.04076455531711613
2,79.7979797979798,0.10330089937086441,0.9059873258677467,1.4050790704740013,0.08446714008488634,0.013281642483304625,1.3817337757248935,0.14247621785519282,0.04008743175233263
2,80.30303030303031,0.10329295819693028,0.9059952670416808,1.4062092117187837,0.08360497691534992,0.01301366440805879,1.384081866763694,0.14079405644872342,0.03942150212000155
2,80.80808080808082,0.10328514854556228,0.9060030766930487,1.4073173004881976,0.08275883094671951,0.012751721607275293,1.3864025594047815,0.1391282828014571,0.038766583126180296
2,81.31313131313132,0.10327746803330326,0.9060107572053078,1.4084037452179587,0.08192843166443416,0.012495676159799638,1.3886961127436728,0.1374788180520491,0.038122494536697284
2,81.81818181818183,0.10326991459819056,0.9060183106404205,1.4094689474880178,0.08111351278754075,0.012245392766633955,1.390962784419181,0.1358455820861166,0.03748905882712137
2,82.32323232323233,0.10326248602428977,0.9060257392143213,1.4105133021315155,0.08031381146927809,0.01200073944139882,1.3932028311070308,0.1342284928496742,0.03686610137571402
2,82.82828282828284,0.10325518021643612,0.9060330450221749,1.4115371973267783,0.07952906833865786,0.011761587376756255,1.3954165084436079,0.13262746648808688,0.036253450400724495
2,83.33333333333334,0.10324799541908025,0.9060402298195307,1.4125410146984918,0.07875902725948629,0.011527811084214247,1.3976040711364306,0.13104241721381035,0.03565093698217829
2,83.83838383838385,0.10324092936221503,0.906047295876396,1.4135251293586824,0.07800343623293292,0.011299287450577187,1.3997657723503563,0.12947325823105918,0.03505839475100367
2,84.34343434343435,0.10323397997334482,0.9060542452652661,1.414489910035555,0.07726204663096742,0.011075896375669915,1.4019018641509318,0.12791990111777285,0.03447566006371446
2,84.84848484848486,0.10322714532529235,0.9060610799133186,1.4154357191541103,0.07653461321167679,0.010857520676405491,1.404012597458825,0.12638225591943159,0.033902571954162755
2,85.35353535353536,0.10322042373950126,0.9060678014991097,1.4163629129268411,0.075820893977134,0.010644046138217239,1.4060982221023781,0.1248602311000968,0.03333897212994448
2,85.85858585858587,0.10321381323565541,0.9060744120029556,1.4172718414325987,0.07512065087916811,0.010435360730425716,1.4081589863039838,0.12335373432726676,0.032784704701168815
2,86.36363636363637,0.10320731202405961,0.9060809132145514,1.418162848714334,0.07443364917255443,0.010231355155304038,1.4101951370696335,0.12186267192662271,0.03223961633616324
2,86.86868686868688,0.1032009183140701,0.9060873069245409,1.4190362728379233,0.0737596574187541,0.010031922785515039,1.412206920168988,0.12038694893664033,0.031703556226790976
2,87.37373737373738,0.10319463030372081,0.9060935949348902,1.4198924459745121,0.0730984474350956,0.009836959632584748,1.4141945801328717,0.1189264691399652,0.031176376059582355
2,87.87878787878789,0.10318844636581696,0.906099778872794,1.420731694569646,0.07244979473121266,0.009646363741333782,1.4161583598472427,0.11748113569901561,0.030657929786160942
2,88.3838383838384,0.10318236487773583,0.9061058603608751,1.4215543393550159,0.07181347806184515,0.009460035625331452,1.41809850087895,0.11605085069582158,0.030148073757647723
2,88.8888888888889,0.10317638413975418,0.9061118410988568,1.4223606953957926,0.07118927940402256,0.009277878242377267,1.4200152434805549,0.11463551514854523,0.029646666703319394
2,89.3939393939394,0.1031705023988887,0.9061177228397223,1.4231510721886649,0.0705769839573604,0.009099796896167179,1.4219088265404658,0.11323502911440829,0.02915356967754538
2,89.89898989898991,0.10316471812977143,0.9061235071088396,1.4239257738802604,0.0699763803830285,0.00892569877890352,1.423779487276001,0.11184929218511658,0.028668645871301888
2,90.40404040404042,0.1031590297437454,0.9061291954948656,1.4246850992177706,0.06938726051178884,0.00875549331263285,1.4256274614983155,0.11047820310916685,0.02819176072493695
2,90.90909090909092,0.10315343565979147,0.9061347895788194,1.4254293415906587,0.06880941928871075,0.008589092162822975,1.4274529836412089,0.1091216597711871,0.027722781920023462
2,91.41414141414143,0.10314793430710847,0.9061402909315025,1.426158789157196,0.06824265480244793,0.008426409082548506,1.429256286670818,0.10777955935831324,0.027261579303288225
2,91.91919191919193,0.10314252413747318,0.9061457011011378,1.4268737250525367,0.06768676842109186,0.008267359568563856,1.4310376018620572,0.10645179873342853,0.02680802473693367
2,92.42424242424244,0.10313720360543199,0.906151021633179,1.4275744273286037,0.06714156457747533,0.008111861136113384,1.4327971590133597,0.10513827412799225,0.026361992191067614
2,92.92929292929294,0.10313197126245284,0.9061562539761582,1.4282611689832603,0.06660685069556392,0.00795983336336832,1.434535186496672,0.10383888108747696,0.025923357748270568
2,93.43434343434345,0.10312682568466883,0.9061613995539421,1.4289342181174518,0.06608243724119732,0.007811197683543312,1.4362519111314462,0.10255351469555728,0.02549199950541599
2,93.93939393939395,0.10312176538392769,0.9061664598546832,1.429593838110035,0.06556813779150486,0.007665877140652522,1.4379475580331567,0.10128206983841577,0.025067797460847186
2,94.44444444444446,0.10311678893098826,0.9061714363076226,1.4302402875678526,0.06506376886700915,0.007523796607330596,1.4396223507855372,0.10002444095924244,0.024650633587640015
2,94.94949494949496,0.10311189496388286,0.9061763302747281,1.4308738203308229,0.06456914985984206,0.007384882851527521,1.441276511507578,0.09878052197475849,0.024240391850082997
2,95.45454545454547,0.10310708214111679,0.9061811430974942,1.4314946856679156,0.06408410308794565,0.007249064286331202,1.4429102606972575,0.09755020655072591,0.02383695808443627
2,95.95959595959597,0.10310234911806282,0.9061858761205481,1.4321031284158041,0.06360845380743152,0.007116270818956882,1.444523817145061,0.09633338826572602,0.023440219921632695
2,96.46464646464648,0.10309769459629214,0.9061905306423189,1.4326993889372541,0.06314203009336859,0.006986434011569791,1.4461173980669555,0.09512996042359666,0.023050066841867525
2,96.96969696969697,0.10309311726594135,0.9061951079726696,1.4332837030962766,0.06268466278023967,0.006859487165676134,1.4476912191845785,0.09393981594570204,0.022666390202139168
2,97.47474747474747,0.10308861585671655,0.9061996093818944,1.4338563025048439,0.062236185497147954,0.006735365040200493,1.4492454945454416,0.0927628476896305,0.022289083097347798
2,97.97979797979798,0.10308418914363718,0.9062040360949738,1.4344174146172217,0.06179643464242284,0.006614003782547768,1.4507804364940942,0.09159894852121833,0.021918040317107257
2,98.48484848484848,0.10307983591519103,0.90620838932342,1.4349672626977463,0.06136524930789587,0.0064953410365500884,1.4522962557686632,0.09044801118170928,0.021553158382047376
2,98.98989898989899,0.10307555493609255,0.9062126703025184,1.4355060657675789,0.060942471230948383,0.006379316043665295,1.453793161591716,0.08930992815898013,0.021194335581723893
2,99.4949494949495,0.10307134501317101,0.9062168802254399,1.4360340389053803,0.06052794480244667,0.006265869334365576,1.4552713614727486,0.08818459204220623,0.020841471817465144
2,100.0,0.10306720498479628,0.9062210202538147,1.4365513932860872,0.06012151702708113,0.0061549427290242004,1.4567310612286488,0.08707189551220319,0.020494468591567942
3,0.0,0.49222541676078746,0.4741062377657808,0.49065897994418994,0.5412166705562675,0.4614897308128197,0.5039148475303082,0.4809744066492241,0.49747277989995253
3,0.5050505050505051,0.44603399800649174,0.5202976565200765,0.503625233501003,0.5392070698607677,0.4505330779515064,0.5115737751813019,0.4811804645981414,0.4896077943000417
3,1.0101010101010102,0.4051763106732374,0.5611553438533308,0.5165187029310199,0.536994618853992,0.4398520595282652,0.5192367758062282,0.4812634394450999,0.48186181882815665
3,1.5151515151515151,0.3690651620618174,0.5972664924647509,0.5293360123545858,0.5345911900279018,0.4294381789307898,0.5269019443072074,0.481226894030875,0.47423319574140227
3,2.0202020202020203,0.3371713410704943,0.6291603134560741,0.5420739971988708,0.5320080682520982,0.41928331586230827,0.5345674331990019,0.48107433740905803,0.46672026347142465
3,2.5252525252525255,0.3090209343253927,0.6573107202011759,0.5547296740102136,0.5292559457462994,0.40937976155676425,0.5422314513172193,0.4808091988308601,0.45932138393140526
3,3.0303030303030303,0.2841894060581285,0.6821422484684401,0.5673002236171529,0.526344982966781,0.3997201747293432,0.5498922599467699,0.4804348337870532,0.4520349403456614
3,3.5353535353535355,0.2622970086221083,0.7040346459044603,0.5797829808310985,0.5232848482754091,0.39029755220676965,0.5575481714287119,0.4799545256623794,0.4448593369883933
3,4.040404040404041,0.2430047986488137,0.7233268558777549,0.5921754269041547,0.5200847500552658,0.3811052043538569,0.565197548160235,0.4793714869247635,0.43779299899448615
3,4.545454545454546,0.22601071524242122,0.7403209392841473,0.6044751827878102,0.5167534671877482,0.3721367313377188,0.5728388013994402,0.47868886060527877,0.4308343720747657
3,5.050505050505051,0.21104623436977804,0.7552854201567906,0.6166800035647994,0.513299374694148,0.36338600305432994,0.5804703901680549,0.4779097216626106,0.4239819222488192
3,5.555555555555556,0.19787391226151466,0.7684577422650539,0.6287877749352626,0.509730461603004,0.35484714477501084,0.5880908204411609,0.47703707798638567,0.4172341356519382
3,6.0606060606060606,0.1862827746557163,0.7800488798708524,0.6407965066869916,0.5060543643904181,0.3465145102358675,0.595698643591536,0.47607387232808734,0.4105895181598614
3,6.565656565656566,0.17608489483957918,0.7902467596869894,0.652704327364685,0.5022783923419243,0.338382661606668,0.6032924551128671,0.475022983893996,0.40404659507262164
3,7.070707070707071,0.16711424690340376,0.7992174076231647,0.6645094826844838,0.49840953553493433,0.33044636309385894,0.6108708940378944,0.4738872290774053,0.397603910964185
3,7.575757575757576,0.15922455377496303,0.8071071007516055,0.6762103327607739,0.4944544798609332,0.32270056869157004,0.6184326420184925,0.4726693626089705,0.39126002945202176
3,8.080808080808081,0.1522866335709025,0.814045020955666,0.6878053480931097,0.49041962650629767,0.31514040671386995,0.625976422195363,0.4713720789699614,0.38501353291416024
3,8.585858585858587,0.14618618171369988,0.8201454728128686,0.699293106250498,0.4863111081021467,0.30776116696063255,0.633500998150255,0.46999801370662586,0.3788630222226039
3,9.090909090909092,0.1408223293687015,0.825509325157867,0.7106722895804277,0.482134799320661,0.3005582924121888,0.6410051730631882,0.4685497444925844,0.37280711652371207
3,9.595959595959597,0.13610626597589148,0.830225388550677,0.7219416826288952,0.4778963276164669,0.29352737106791527,0.6484877888650455,0.46702979219722107,0.366844453017218
3,10.101010101010102,0.1319597738237083,0.8343718807028602,0.7331001692060223,0.4736010849904606,0.2866641271167946,0.6559477253312548,0.465440622027956,0.3609736867202739
3,10.606060606060607,0.12831400339815088,0.8380176511284176,0.7441467297884925,0.46925423801238136,0.27996441351240364,0.6633838992248426,0.4637846446127116,0.35519349024193025
3,11.111111111111112,0.12510838739740074,0.8412232671291677,0.7550804390478641,0.4648607369487242,0.2734242053166892,0.6707952634658708,0.4620642170504659,0.34950255356314786
3,11.616161616161618,0.12228909505295538,0.8440425594736131,0.7659004628199173,0.46042532803634434,0.2670395904570159,0.678180806266615,0.46028164399942173,0.3438995838134479
3,12.121212121212121,0.11980914087443809,0.8465225136521303,0.7766060560680209,0.4559525559243905,0.26080676932086616,0.6855395504324845,0.4584391785756495,0.33838330507135067
3,12.626262626262626,0.11762720345574566,0.8487044510708227,0.7871965600231557,0.45144677389003984,0.254722047400082,0.692870552551899,0.4565390233758496,0.332952458151736
3,13.131313131313131,0.11570705958146216,0.8506245949451061,0.7976713999675612,0.446912149981047,0.24878183136466941,0.7001729022493389,0.4545833314278522,0.32760580040229353
3,13.636363636363637,0.11401689412983824,0.85231476039673,0.808030082655809,0.4423526743465485,0.2429826243109202,0.7074457214423497,0.4525742071342634,0.3223421055028714
3,14.141414141414142,0.11252866958594719,0.8538029849406211,0.8182721933678452,0.4377721668073096,0.23732102113812287,0.7146881636140141,0.45051370719769324,0.3171601632677772
3,14.646464646464647,0.11121792553444336,0.8551137289921249,0.8283973938566195,0.43317428091931315,0.2317937065373451,0.7218994131457069,0.4484038414754824,0.3120587794582952
3,15.151515151515152,0.11006263774744113,0.8562690167791271,0.8384054193263754,0.42856251423662256,0.22639744775027973,0.7290786844985109,0.446246574012994,0.30703677556797954
3,15.656565656565657,0.10904381049921144,0.8572878440273569,0.8482960763123726,0.42394020848680913,0.22112909651409587,0.7362252217006802,0.4440438237139349,0.3020929886648694
3,16.161616161616163,0.10814464147185787,0.8581870130547105,0.8580692400063037,0.41931055779731574,0.2159855835096583,0.7433382975955001,0.4417974652939005,0.29722627119008393
3,16.666666666666668,0.10735064084857272,0.8589810136779956,0.8677248519946863,0.414676611505214,0.21096391781337726,0.7504172132691419,0.4395093300197351,0.2924354907906076
3,17.171717171717173,0.10664900712696535,0.859682647399603,0.8772629179677953,0.4100412807799511,0.20606118256553127,0.7574612973613278,0.43718120658705123,0.2877195301311055
3,17.67676767676768,0.10602851386939598,0.8603031406571724,0.8866835049119625,0.40540734342418716,0.20127453297712805,0.7644699054597482,0.4348148418994716,0.2830772867202646
3,18.181818181818183,0.1054792163452153,0.860852438181353,0.8959867389213172,0.4007774486710132,0.19660119372094725,0.7714424194724584,0.4324119418731587,0.27850767273386756
3,18.68686868686869,0.10499237776260005,0.8613392767639683,0.9051728028449014,0.3961541211247213,0.1920384573436549,0.7783782470543311,0.42997417217741524,0.2740096148477381
3,19.191919191919194,0.10456035689817753,0.8617712976283908,0.91424193412969,0.39153976461679696,0.18758368256679073,0.7852768210281319,0.4275031589812689,0.26958205407008373
3,19.6969696969697,0.10417644772863319,0.8621552067979352,0.9231944224401936,0.3869366666481584,0.1832342922249258,0.7921375988052999,0.425000489700168,0.26522394557401663
3,20.202020202020204,0.10383481080634616,0.8624968437202222,0.9320306074801371,0.38234700208222716,0.17898777175091354,0.7989600618368501,0.42246771370667063,0.26093425853596386
3,20.70707070707071,0.10353031362924117,0.8628013408973272,0.9407508767095132,0.37777283747308077,0.17484166713068386,0.8057437150600312,0.4199063430458533,0.2567119759736001
3,21.212121212121215,0.10325847678326901,0.8630731777432994,0.9493556634416147,0.3732161342997133,0.17079358357194982,0.8124880863810138,0.41731785310835257,0.25255609459011824
3,21.71717171717172,0.10301530180553886,0.8633163527210295,0.9578454442497082,0.3686787537656941,0.16684118329787564,0.8191927260693967,0.41470368340807434,0.24846562460201338
3,22.222222222222225,0.10279738849381696,0.8635342660327515,0.9662207378713535,0.3641624580869053,0.1629821853550191,0.8258572063886038,0.4120652380795036,0.2444395896113772
3,22.72727272727273,0.10260159381085353,0.8637300607157149,0.9744821018784507,0.3596689171389996,0.15921436229582753,0.8324811208585432,0.40940388681216616,0.24047702640877522
3,23.232323232323235,0.10242529546583742,0.863906359060731,0.9826301321482606,0.35519970827785197,0.15553554088716537,0.8390640840179069,0.40672096519123846,0.23657698487033926
3,23.73737373737374,0.1022661033069642,0.8640655512196043,0.9906654598484373,0.3507563222659407,0.1519435991988999,0.8456057307162921,0.40401777559694413,0.2327385277662484
3,24.242424242424242,0.10212196127041293,0.8642096932561554,0.9985887503068382,0.3463401647475238,0.14843646625891588,0.8521057157824887,0.40129558765714995,0.22896073063984607
3,24.747474747474747,0.10199108704833539,0.864340567478233,1.006400700976991,0.34195255971468574,0.14501212062160104,0.8585637135050962,0.3985556389226926,0.225242681651696
3,25.252525252525253,0.10187189032450968,0.8644597642020586,1.0141020396040135,0.33759475282178886,0.1416685888874757,0.8649794171444826,0.39579913550604684,0.2215834814289553
3,25.757575757575758,0.10176301582265743,0.8645686387039109,1.0216935228743094,0.33326791344379264,0.13840394499517597,0.8713525385523028,0.39302725259197824,0.21798224293520368
3,26.262626262626263,0.10166325004252211,0.8646684044840462,1.0291759342587523,0.32897313847164483,0.13521630858288097,0.8776828076284611,0.39024113514128217,0.21443809130974142
3,26.767676767676768,0.10157154361798111,0.8647601109085872,1.0365500829968712,0.3247114540269147,0.13210384428949226,0.883969971987077,0.387441898347397,0.21095016374501066
3,27.272727272727273,0.10148695641277812,0.8648446981137903,1.0438168018819185,0.32048381914289675,0.1290647602884631,0.8902137964134162,0.38463062833936257,0.2075176093267059
3,27.77777777777778,0.10140868369173263,0.8649229708348358,1.0509769465335494,0.3162911270626177,0.12609730771711114,0.8964140625725887,0.38180838258919036,0.2041395889177056
3,28.282828282828284,0.1013359847520863,0.8649956697744822,1.0580313930370706,0.31213420921155266,0.12319977906465508,0.9025705684437703,0.3789761906408824,0.20081527499483218
3,28.78787878787879,0.10126824907758351,0.865063405448985,1.064981037606316,0.3080138357528703,0.12037050795409202,0.908683128094531,0.3761350544411609,0.1975438515437929
3,29.292929292929294,0.10120490134554304,0.8651267531810254,1.071826794043047,0.30393071993300846,0.117607867337223,0.9147515710840206,0.3732859491048319,0.1943245138906322
3,29.7979797979798,0.10114547338588672,0.8651861811406818,1.0785695936997148,0.29988551819281595,0.11491026942074764,0.9207757422846506,0.3704298231900936,0.19115646860474067
3,30.303030303030305,0.10108952965649655,0.8652421248700719,1.0852103829096835,0.29587883445426544,0.11227616394932939,0.9267555012842535,0.3675675994650415,0.18803893333018992
3,30.80808080808081,0.1010367060716399,0.8652949484549286,1.0917501230660123,0.2919112202324391,0.10970403801482705,0.9326907222201408,0.3647001751688011,0.18497113669054302
3,31.313131313131315,0.10098667228477605,0.8653449822417923,1.0981897881633211,0.2879831785927107,0.10719241455724654,0.9385812932050215,0.3618284227499061,0.18195231812455728
3,31.81818181818182,0.10093914621795284,0.8653925083086156,1.104530364909549,0.2840951643228244,0.10473985208090496,0.9444271161619456,0.35895319012682964,0.1789817277907096
3,32.323232323232325,0.1008938711794309,0.8654377833471375,1.1107728504350032,0.28024758760123347,0.10234494327704186,0.9502281062788432,0.3560753013926259,0.17605862640801576
3,32.82828282828283,0.10085063916107383,0.8654810153654946,1.1169182528062236,0.27644081354110434,0.10000631496595033,0.9559841919096641,0.35319555699820904,0.17318228517161166
3,33.333333333333336,0.10080925136870368,0.8655224031578648,1.1229675881951393,0.27267516671474334,0.09772262640339568,0.9616953139393579,0.3503147345616816,0.17035198557844528
3,33.83838383838384,0.1007695192787893,0.8655621352477791,1.1289218801049963,0.2689509326010656,0.09549256860721646,0.9673614254793813,0.34743358929168305,0.16756701930842044
3,34.343434343434346,0.1007313094388106,0.8656003450877578,1.1347821607838846,0.2652683557406854,0.09331486478870818,0.9729824919173312,0.34455285399691454,0.16482668816523902
3,34.84848484848485,0.10069449795375679,0.8656371565728117,1.1405494681242763,0.26162764467957683,0.09118826850942509,0.9785584902366766,0.3416732399485129,0.1621303038942952
3,35.35353535353536,0.10065893055050838,0.8656727239760601,1.146224842841194,0.2580289764940105,0.08911156197807367,0.9840894083814942,0.3387954376898456,0.15947718800814492
3,35.85858585858586,0.10062450023543447,0.865707154291134,1.151809331841424,0.25447249203188715,0.08708355743996704,0.9895752456291679,0.33592011666807103,0.156866671782246
3,36.36363636363637,0.10059115864602339,0.865740495880545,1.1573039882296192,0.2509582962081334,0.08510309687552559,0.9950160124181275,0.33304792550254,0.1542980961588174
3,36.86868686868687,0.10055878316588147,0.8657728713606869,1.1627098628027839,0.24748647098438067,0.08316904752611362,1.0004117287712264,0.3301794938960646,0.1517708114121938
3,37.37373737373738,0.1005272877126149,0.8658043668139536,1.1680280099672216,0.24405706684690515,0.08128030449915158,1.0057624250948471,0.3273154317669251,0.1492841772177127
3,37.87878787878788,0.10049665176004084,0.8658350027665277,1.1732594902051017,0.2406700994647789,0.07943579164339769,1.0110681424079067,0.32445632904608634,0.14683756262549183
3,38.38383838383839,0.10046679600206387,0.8658648585245047,1.1784053589545382,0.23732556648590417,0.077634455872836,1.0163289303384861,0.32160275809157773,0.14443034564942095
3,38.88888888888889,0.10043766686552755,0.865893987661041,1.1834666730330026,0.23402343831362563,0.07587526996665034,1.0215448480037819,0.3187552727233609,0.14206191335234225
3,39.3939393939394,0.10040923373661978,0.8659224207899487,1.1884444921107458,0.23076365628001666,0.07415723292251619,1.02671596412549,0.31591440814901567,0.13973166180497915
3,39.8989898989899,0.1003814558278001,0.8659501986987684,1.1933398714340335,0.22754614365363893,0.07247936622560641,1.0318423555795633,0.3130806827383361,0.13743899576158536
3,40.40404040404041,0.10035429971129974,0.8659773548152687,1.1981538649369097,0.22437080138135884,0.07084071499501039,1.0369241077794764,0.3102545976351861,0.1351833286648223
3,40.909090909090914,0.10032773591258373,0.8660039186139848,1.2028875258322524,0.2212375075111705,0.06924034796985609,1.0419613146437376,0.307436636856115,0.13296408257963227
3,41.41414141414142,0.10030173702485237,0.8660299175017162,1.20754190407773,0.2181461212522819,0.06767735598326702,1.0469540779553557,0.30462726811327445,0.1307806880108548
3,41.919191919191924,0.1002762766239811,0.8660553779025875,1.2121180453029374,0.21509648487104185,0.06615085113929958,1.0519025070005115,0.30182694330532567,0.1286325837736478
3,42.42424242424243,0.10025133748313714,0.8660803170434314,1.216616993891284,0.21208841934088649,0.06465996808110827,1.056806719016629,0.2990360980425977,0.12651921702025803
3,42.929292929292934,0.1002269093394368,0.8661047451871317,1.2210397916378994,0.20912172664840184,0.06320386302697759,1.0616668387780228,0.29625515220141846,0.12444004310004358
3,43.43434343434344,0.10020296493699064,0.8661286895895779,1.2253874708922354,0.20619620048341133,0.06178170993763195,1.066482997097188,0.2934845117749341,0.12239452520736267
3,43.939393939393945,0.10017948048790885,0.8661521740386596,1.229661059786411,0.20331161858853847,0.060392702938328977,1.071255331698888,0.29072456788784,0.12038213449275668
3,44.44444444444445,0.10015642839527063,0.8661752261312979,1.2338615799162773,0.20046774656202251,0.05903605483497858,1.0759839866124823,0.28797569758218644,0.11840234988481603
3,44.949494949494955,0.10013377597966729,0.8661978785469012,1.2379900456560027,0.19766433918161122,0.057710996475664494,1.0806691118849636,0.28523826421985576,0.11645465797466548
3,45.45454545454546,0.10011159865732505,0.8662200558692434,1.242047492054792,0.19490109824404891,0.05641679101443749,1.0853108689758253,0.28251261108057885,0.11453855402308068
3,45.959595959595966,0.10008983397703537,0.8662418205495331,1.246034913044835,0.1921777668556391,0.05515270141280422,1.0899094183227382,0.2797990763118818,0.11265353944486467
3,46.46464646464647,0.10006845585968585,0.8662631986668826,1.2499533045869655,0.18949406407223598,0.053918012654076405,1.0944649277677476,0.27709798289683407,0.11079912341490296
3,46.969696969696976,0.1000474378104749,0.8662842167160936,1.253803655116211,0.18684969971634963,0.05271202648071702,1.0989775705072384,0.27440964116795014,0.10897482240429619
3,47.47474747474748,0.10002674771021511,0.8663049068163534,1.257586943873625,0.18424437719618242,0.051534060243470445,1.103447524609612,0.2717343494436273,0.10718016002624547
3,47.979797979797986,0.1000064061364345,0.866325248390134,1.2613041585864322,0.1816777667966033,0.05038345593024203,1.107874976498517,0.2690723898972313,0.10541466768373647
3,48.484848484848484,0.09998646589136173,0.8663451886352068,1.2649562888441668,0.1791495160678715,0.04925957640123911,1.1122601194461963,0.26642403042625534,0.10367788420703307
3,48.98989898989899,0.0999668594354242,0.8663647950911443,1.2685442787298011,0.17665932240771462,0.04816178017576178,1.1166031437014363,0.2637895365804344,0.10196935379761402
3,49.494949494949495,0.09994757093976116,0.8663840835868074,1.2720690795807417,0.17420685280473908,0.04708944892779679,1.1209042471752821,0.2611691587702177,0.10028862813398472
3,50.0,0.09992858245478667,0.8664030720717819,1.2755316330751358,0.17179176993359532,0.046041978304546566,1.1251636318217713,0.25856313667623704,0.0986352655814763
3,50.505050505050505,0.09990987352598958,0.866421781000579,1.2789328708041625,0.16941373308586125,0.04501877742325431,1.1293815034034194,0.2559716995887844,0.09700883108728095
3,51.01010101010101,0.09989150321300186,0.8664401513135667,1.2822737547814442,0.167072335655078,0.044019290876756156,1.1335580802042133,0.2533950559022538,0.09540889797301753
3,51.515151515151516,0.0998734363321616,0.8664582181944069,1.2855551908852474,0.16476723955520206,0.04304295087282922,1.1376935739699008,0.2508334162721461,0.09383504383743793
3,52.02020202020202,0.0998556616674237,0.8664759928591448,1.28877808734764,0.1624980848399728,0.042089209125666056,1.1417882025507606,0.24828697834632865,0.09228685318239546
3,52.525252525252526,0.09983817404926443,0.8664934804773041,1.291943345614629,0.16026450413621204,0.041157531562438315,1.1458421877629021,0.24575592941253083,0.09076391690405171
3,53.03030303030303,0.09982096878354123,0.8665106857430273,1.2950518573416308,0.15806612756835695,0.04024739640329185,1.1498557545905437,0.2432404474204707,0.08926583206847029
3,53.535353535353536,0.09980404298535457,0.8665276115412139,1.298104512075478,0.15590257066245133,0.03935829857535046,1.1538291330952708,0.24074069866845907,0.08779220231575482
3,54.04040404040404,0.09978739551795575,0.8665442590086128,1.3011021968371839,0.15377343527027057,0.038489749205825825,1.1577625581761364,0.23825683815053295,0.08634263775281545
3,54.54545454545455,0.0997710225121214,0.8665606320144471,1.304045770044463,0.15167835174420669,0.03764125952461075,1.161656262520735,0.23578901833275567,0.08491675322599407
3,55.05050505050505,0.0997549220792063,0.8665767324473622,1.306936088813652,0.14961693530078113,0.03681235719884757,1.1655104837206665,0.23333738039485025,0.08351416996396804
3,55.55555555555556,0.09973909285923487,0.8665925616673336,1.3097740004672578,0.14758879992628215,0.03600258091974096,1.1693254618888516,0.2309020572299708,0.08213451496066235
3,56.06060606060606,0.09972353400425986,0.8666081205223086,1.312560342374809,0.14559355888599793,0.035211480052474146,1.1731014394881163,0.22848317370705726,0.08077742088431114
3,56.56565656565657,0.09970823003781717,0.8666234244887513,1.315295951468833,0.143630808151947,0.03443862169250111,1.1768386647567521,0.22608084233828768,0.07944252698444457
3,57.07070707070707,0.09969318163449559,0.866638472892073,1.3179816443846268,0.14170016169450428,0.03368357523415011,1.1805373842127171,0.2236951728978529,0.07812947696891451
3,57.57575757575758,0.0996783861527138,0.8666532683738547,1.320618229744114,0.1398012300234196,0.0329459215457474,1.1841978471082253,0.22132626677488917,0.0768379201963699
3,58.08080808080808,0.09966383901329,0.8666678155132785,1.3232065071041466,0.13793362227285447,0.03222525193628011,1.1878203049265044,0.2189742176597223,0.0755675114932577
3,58.58585858585859,0.09964953511881804,0.8666821194077505,1.3257472658786984,0.13609694833250705,0.03152116710207561,1.1914050108688439,0.21663911224250929,0.07431791096813134
3,59.09090909090909,0.09963547085917769,0.8666961836673908,1.3282412884494428,0.1342908134625157,0.030833279401322484,1.1949522209232055,0.2143210288811748,0.0730887842751039
3,59.5959595959596,0.09962164477509781,0.8667100097514706,1.3306893512050861,0.13251481664322565,0.03016121346496911,1.1984621941471187,0.21202003727970384,0.07187980265266178
3,60.101010101010104,0.09960804889148811,0.8667236056350803,1.3330922111798744,0.13076857489254531,0.029504595240861,1.201935187487678,0.20973620519119163,0.07069064140061457
3,60.60606060606061,0.09959467728620505,0.8667369772403634,1.3354506192942843,0.12905169961421498,0.028863062404781342,1.2053714606929724,0.20746959214428662,0.06952098124222529
3,61.111111111111114,0.09958152346635324,0.8667501310602153,1.337765316320604,0.12736380409657122,0.028236260896105283,1.2087712746702701,0.20522025159647161,0.06837050781274247
3,61.61616161616162,0.09956858031127386,0.8667630742152946,1.3400370328100915,0.12570450386779272,0.02762384463539637,1.2121348913470147,0.20298823115487877,0.06723891157759086
3,62.121212121212125,0.09955585537260198,0.8667757991539664,1.3422664999052603,0.12407339782694864,0.027025483581071652,1.215462577389301,0.20077356784590414,0.06612588884427907
3,62.62626262626263,0.09954334067618707,0.8667883138503814,1.344454427902973,0.12247010633026281,0.026440847080044492,1.2187545964918505,0.1985762980536636,0.06503113953397022
3,63.131313131313135,0.09953102986126484,0.8668006246653036,1.3466015183702977,0.12089425001993241,0.02586961292305038,1.2220112135584478,0.19639645219666685,0.06395436832436964
3,63.63636363636364,0.09951891871713339,0.8668127358094351,1.3487084644924705,0.11934544943618713,0.02531146738462283,1.2252326947120622,0.1942340547572245,0.0628952846101976
3,64.14141414141415,0.09950700313453897,0.8668246513920295,1.3507759495884026,0.11782332786565168,0.024766103859226198,1.228419306655578,0.1920891251443665,0.061853602279539815
3,64.64646464646465,0.099495280280416,0.8668363742461525,1.3528046499356632,0.11632750639844293,0.024233224979174427,1.2315713177060104,0.18996167638964057,0.06082903998383342
3,65.15151515151516,0.0994837495688667,0.8668479049577017,1.3547952370949645,0.11485759990090602,0.023712544317410086,1.2346889986256278,0.18785171410695478,0.059821321346901594
3,65.65656565656566,0.09947240670615397,0.8668592478204145,1.3567483632222404,0.11341324411171264,0.02320377397932774,1.2377726165497516,0.18575924442752384,0.05883017310220881
3,66.16161616161617,0.09946124945512987,0.8668704050714385,1.3586646751673515,0.11199407007423844,0.022706636071690968,1.2408224405956403,0.1836842667480776,0.057855326735766245
3,66.66666666666667,0.0994502759925319,0.8668813785340366,1.3605448103785402,0.11059971185442885,0.022220859080311784,1.243838740088483,0.18162677607766928,0.05689651791333196
3,67.17171717171718,0.09943948494244091,0.8668921695841275,1.3623893969240668,0.10922980672648451,0.0217461776627295,1.246821784458066,0.17958676321241457,0.05595348640900352
3,67.67676767676768,0.09942886870472617,0.8669027858218422,1.3641990582317045,0.1078839854692735,0.02128233761230295,1.24977184592741,0.1775642111815266,0.05502597697054752
3,68.18181818181819,0.09941842611012283,0.8669132284164456,1.3659744042294026,0.10656189116773734,0.020829085916140886,1.2526891941537948,0.17555910244102513,0.05411373748466421
3,68.68686868686869,0.09940815616170026,0.8669234983648682,1.3677160357941671,0.1052631701184743,0.020386175400639507,1.2555740987454127,0.17357141554945665,0.05321651978461479
3,69.1919191919192,0.09939805685239121,0.8669335976741771,1.369424545629261,0.10398747022204259,0.019953365461977464,1.2584268296643495,0.17160112466644703,0.05233407974868773
3,69.6969696969697,0.09938812632175507,0.8669435282048134,1.3711005174954471,0.10273444282541726,0.019530420992416597,1.2612476566555078,0.16964820035211856,0.05146617707185778
3,70.20202020202021,0.09937836164042042,0.866953292886148,1.3727445269904275,0.10150374092688333,0.019117113395969984,1.2640368498396997,0.16771260878836014,0.05061257545142435
3,70.70707070707071,0.09936875709361911,0.8669628974329493,1.3743571426308423,0.10029501658499954,0.01871322209743903,1.2667946805880004,0.16579431061482638,0.049773042876657424
3,71.21212121212122,0.09935931204908982,0.8669723424774786,1.375938921145086,0.09910793355685399,0.018318526611340723,1.2695214170144147,0.16389326713670593,0.048947349928363464
3,71.71717171717172,0.09935002366939924,0.8669816308571692,1.3774904119204503,0.09794215585452833,0.01793281353830219,1.2722173279785065,0.1620094348756502,0.048135271225327396
3,72.22222222222223,0.09934088898372274,0.8669907655428457,1.3790121557969326,0.096797351173478,0.0175558743428702,1.2748826818326264,0.16014276731948335,0.0473365849273743
3,72.72727272727273,0.09933190486659485,0.8669997496599735,1.3805046851252862,0.09567319099514696,0.01718750519284752,1.2775177463443919,0.1582932150620682,0.04655107267302394
3,73.23232323232324,0.09932307039305077,0.8670085841335176,1.3819685259147554,0.0945693449327188,0.016827510465806442,1.280122790669137,0.15646072310764045,0.04577852030270651
3,73.73737373737374,0.09931438255298083,0.8670172719735875,1.3834041941412154,0.09348549116433137,0.016475696007733895,1.282698081593752,0.154645236098992,0.04501871638673995
3,74.24242424242425,0.09930583798801108,0.8670258165385573,1.3848121973512382,0.09242131227657978,0.016131871685462696,1.2852438849757963,0.15284669635951986,0.04427145274416783
3,74.74747474747475,0.09929743377233008,0.8670342207542383,1.3861930354254497,0.09137649342408198,0.015795852463748785,1.2877604663578814,0.1510650430760472,0.0435365246455554
3,75.25252525252526,0.09928916689491969,0.8670424876316486,1.3875472001999636,0.09035072363492429,0.015467457478392708,1.2902480904618323,0.14930021303114163,0.04281373058651009
3,75.75757575757576,0.0992810350834803,0.867050619443088,1.3888751760811373,0.08934369439214204,0.015146510840001176,1.2927070216488659,0.14755213999453523,0.04210287243608281
3,76.26262626262627,0.09927303860848463,0.8670586159180838,1.390177441302626,0.08835509646051203,0.01483284355014241,1.2951375249999326,0.14582075325120142,0.04140375582834983
3,76.76767676767678,0.09926517345362948,0.8670664810729388,1.391454463524693,0.08738463216976648,0.01452628561882095,1.2975398619332656,0.14410598373431474,0.04071618841190348
3,77.27272727272728,0.09925743742067043,0.8670742171058979,1.392706703909634,0.08643200454185505,0.014226672861791348,1.2999142940059816,0.14240775876499745,0.04003998130850495
3,77.77777777777779,0.09924982840529233,0.867081826121276,1.3939346160667532,0.08549692043411462,0.013933844812412575,1.3022610817620124,0.1407260036881863,0.039374948629285256
3,78.28282828282829,0.09924234440528326,0.8670893101212851,1.395138646132546,0.08457909058115956,0.013647644599575058,1.3045804846761295,0.13906064198260462,0.03872090742074971
3,78.7878787878788,0.09923498327708047,0.8670966712494879,1.3963192340997823,0.08367822551908709,0.013367921694411134,1.3068727627718473,0.1374115930018518,0.038077678305785
3,79.2929292929293,0.09922774317113835,0.86710391135543,1.3974768117774063,0.08279404261804157,0.013094526917832527,1.3091381737236658,0.13577877610607408,0.03744508424974416
3,79.7979797979798,0.09922062240889765,0.8671110321176707,1.3986118035219248,0.08192626397704772,0.012827313814308114,1.3113769736738958,0.1341621095367463,0.03682295086884173
3,80.30303030303031,0.09921361936282193,0.8671180351637464,1.3997246269535717,0.08107461436903672,0.012566139990672225,1.3135894180290784,0.13256150932032865,0.0362111067300769
3,80.80808080808082,0.09920673252859809,0.8671249219979702,1.400815692718711,0.08023882233047609,0.012310866264093544,1.3157757609780902,0.13097688998099824,0.035609383120395535
3,81.31313131313132,0.09919996011397289,0.8671316944125954,1.401885404667613,0.07941861953450317,0.012061357111164232,1.3179362557876728,0.12940816414080517,0.03501761415100606
3,81.81818181818183,0.09919329870223688,0.8671383558243314,1.402934160232565,0.07861373873523858,0.011817482345477135,1.3200711558551534,0.12785524102086515,0.034435637203465284
3,82.32323232323233,0.09918674765649926,0.8671449068700691,1.4039623495631393,0.07782392057634949,0.011579111173791765,1.3221807110636186,0.1263180317604058,0.03386329125545962
3,82.82828282828284,0.09918030529489763,0.8671513492316707,1.4049703564429987,0.07704890769326474,0.011346117177017037,1.3242651708707278,0.12479644496284574,0.03330041824591044
3,83.33333333333334,0.0991739699599456,0.8671576845666228,1.4059585581471523,0.0762884463723382,0.011118376793790165,1.3263247833927772,0.12329038805422896,0.03274686263247781
3,83.83838383838385,0.0991677400152652,0.8671639145113031,1.406927325531426,0.07554228655380667,0.010895769228047796,1.3283597953664554,0.12179976736780425,0.032202471345224117
3,84.34343434343435,0.09916161343147624,0.8671700410950921,1.407877023016988,0.07481018008282539,0.010678178213467199,1.3303704532736371,0.12032448649977988,0.031667094306066804
3,84.84848484848486,0.09915558843645671,0.8671760660901117,1.4088080088467574,0.07409188349920917,0.010465488967314002,1.3323570014530979,0.11886444914394494,0.031140583482441166
3,85.35353535353536,0.0991496633970457,0.8671819911295227,1.4097206351454932,0.07338715754988046,0.010257588617906873,1.334319682387902,0.11741955869220609,0.030622792999375786
3,85.85858585858587,0.09914383652860051,0.8671878179979678,1.4106152479359073,0.07269576596724994,0.010054367410123298,1.3362587374801118,0.11598971711073468,0.03011357948863739
3,86.36363636363637,0.09913810601692187,0.8671935485096465,1.4114921872601152,0.07201747600602403,0.009855718047141374,1.3381744066581405,0.1145748255513574,0.02961280186998602
3,86.86868686868688,0.09913247018276163,0.8671991843438067,1.4123517872220173,0.07135205813499214,0.009661535956271165,1.340066928560103,0.11317478410118596,0.029120321418194886
3,87.37373737373738,0.09912692827620678,0.8672047262503615,1.4131943758578516,0.07069928461719316,0.00947172083823589,1.3419365415106888,0.11178949033214236,0.02863600223665288
3,87.87878787878789,0.09912147811131891,0.8672101764152494,1.4140202758687166,0.07005893366647431,0.009286171778089563,1.3437834805173696,0.11041884387074927,0.028159709691364974
3,88.3838383838384,0.09911611806633563,0.8672155364602326,1.4148298041621805,0.06943078589960233,0.00910479125149765,1.345607979766369,0.10906274265021006,0.0276913116629049
3,88.8888888888889,0.09911084652750501,0.8672208079990633,1.4156232720912594,0.0688146252999121,0.008927483922109075,1.3474102718981025,0.10772108403313792,0.02723067814824337
3,89.3939393939394,0.09910566188834494,0.8672259926382234,1.4164009855418782,0.06821023920072795,0.0087541565706744,1.3491905879823498,0.10639376487603316,0.026777681221100944
3,89.89898989898991,0.09910056304973919,0.8672310914768292,1.4171632447326035,0.06761741714277346,0.008584719437903577,1.3509491583677105,0.10508068024883506,0.02633219546293833
3,90.40404040404042,0.09909554868212492,0.8672361058444434,1.4179103447255479,0.06703595251472286,0.008419084073009725,1.3526862113701026,0.10378172547870054,0.025894097230680778
3,90.90909090909092,0.09909061723056059,0.8672410372960078,1.4186425755104939,0.0664656425235635,0.008257163279223066,1.354401973258071,0.10249679619888365,0.025463264622529173
3,91.41414141414143,0.09908576736967453,0.8672458871568939,1.4193602218305632,0.06590628715350888,0.008098872329208466,1.3560966690234342,0.10122578718952453,0.025039577866525133
3,91.91919191919193,0.09908099782233859,0.8672506567042297,1.4200635633734227,0.0653576895554238,0.007944128384433985,1.357770522041213,0.09996859292706385,0.02462291911120695
3,92.42424242424244,0.09907630731703386,0.8672553472095345,1.4207528747801508,0.0648196558920004,0.0077928506411292,1.3594237541812373,0.09872510743398967,0.024213172464257016
3,92.92929292929294,0.09907169427413128,0.867259960252437,1.4214284251935425,0.06429199439707521,0.0076449617226626325,1.361056586704593,0.09749522289213892,0.023810224482752128
3,93.43434343434345,0.09906715766779242,0.8672644968587759,1.4220904798037364,0.06377451784299666,0.00750038366654749,1.3626692377564287,0.09627883361811705,0.023413962704938205
3,93.93939393939395,0.09906269631352087,0.8672689582130475,1.4227392987190977,0.06326704144405061,0.007359041150132177,1.3642619244168004,0.09507583285795657,0.023024276804727056
3,94.44444444444446,0.09905830906495697,0.8672733454616114,1.4233751373818637,0.0627693833957265,0.00722086053569015,1.365834862119084,0.09388611372892318,0.022641058231476847
3,94.94949494949496,0.0990539948146757,0.8672776597118926,1.423998246650798,0.06228136484580048,0.00708576981668185,1.3673882646358373,0.09270956926736111,0.022264200176285515
3,95.45454545454547,0.09904975214555564,0.8672819023810127,1.4246088723154595,0.06180280947148414,0.006953699526336781,1.368922344676303,0.09154609148334694,0.021893597919833942
3,95.95959595959597,0.09904557979928726,0.867286074727281,1.4252072559396414,0.06133354397778877,0.006824581395850343,1.3704373130535878,0.09039557273792104,0.021529148287975086
3,96.46464646464648,0.09904147677801384,0.8672901777485544,1.425793635108059,0.060873398182295736,0.006698348022925758,1.3719333784940075,0.08925790607756215,0.021170749507914352
3,96.96969696969697,0.09903744194481152,0.8672942125817568,1.4263682428578424,0.06042220453493462,0.006574933920503503,1.3734107483236662,0.088132984144198,0.0208183016116197
3,97.47474747474747,0.09903347417229257,0.8672981803542757,1.4269313080016133,0.05997979825569724,0.006454275055969991,1.3748696281955994,0.08702069964316189,0.020471706240722684
3,97.97979797979798,0.0990295723444393,0.867302082182129,1.4274830551227589,0.059546017277095666,0.0063363089134257766,1.3763102221481325,0.08592094526966781,0.020130866661683552
3,98.48484848484848,0.09902573539347549,0.8673059191330927,1.4280237037313732,0.05912070192629207,0.006220975655615092,1.3777327333497615,0.0848336124838152,0.01979568824590714
3,98.98989898989899,0.09902196220022208,0.8673096923263461,1.4285534706904772,0.05870369562153999,0.006108215001263205,1.379137362169159,0.08375859477204665,0.019466077138278352
3,99.4949494949495,0.09901825167243247,0.8673134028541358,1.429072568378677,0.05829484424623738,0.00599796868836595,1.3805243077324922,0.08269578505948189,0.0191419412875098
3,100.0,0.09901460272160471,0.8673170518049635,1.4295812052848424,0.05789399627729589,0.005890179751142034,1.3818937674915115,0.08164507645870706,0.018823190129265196
4,0.0,0.5304120720697474,0.510765695773655,0.4884207817008466,0.5487734477131859,0.5258160239251864,0.4744992466229282,0.4522447296039546,0.48005226598363837
4,0.5050505050505051,0.4806908052116239,0.5604869626317786,0.5015655568449633,0.5480710138425597,0.5133736826516961,0.4816905688907322,0.45263229801904326,0.47247337530074546
4,1.0101010101010102,0.43668335365447664,0.6044944141889258,0.5146657926766265,0.5471026311180118,0.5012418295445807,0.4888889824024697,0.45289819973704304,0.4650090600710081
4,1.5151515151515151,0.39776595701310474,0.6434118108302977,0.5277167305791167,0.5458823706884348,0.4894111520716676,0.49609259822045126,0.4530459274995677,0.4576577164905019
4,2.0202020202020203,0.36337539198123736,0.6778023758621651,0.540713869062243,0.5444236653016297,0.4778727189753465,0.503299583429802,0.4530789210295756,0.4504177377511432
4,2.5252525252525255,0.33300642251728885,0.7081713453261136,0.553652938171888,0.5427392887383798,0.46661802642895134,0.5105081606722442,0.45300054098028764,0.4432875405579889
4,3.0303030303030303,0.30620577855248887,0.7349719892909136,0.566529878717818,0.5408414200188023,0.4556389546025988,0.5177166042895831,0.45281407498649123,0.4362655629344464
4,3.5353535353535355,0.2825674612252121,0.7586103066181903,0.5793408299792219,0.5387416840551504,0.4449277393048469,0.5249232389183329,0.45252273939120014,0.4293502639009878
4,4.040404040404041,0.26172863550344155,0.779449132339961,0.5920821205963283,0.5364511846897776,0.4344769480531134,0.5321264384820016,0.45212968048914776,0.42254012323937157
4,4.545454545454546,0.24336561949673935,0.7978121483466631,0.6047502602603881,0.5339805362088207,0.4242794568700104,0.5393246250156011,0.4516379760225857,0.4158336411723342
4,5.050505050505051,0.2271903564091973,0.8139874114342052,0.6173419325961229,0.5313398907779872,0.4143284299651091,0.5465162675557668,0.4510506365973181,0.40922933805743605
4,5.555555555555556,0.21294740585470545,0.828230361988697,0.6298539898247073,0.528538960746855,0.4046173027676569,0.5536998811892512,0.4503706068921331,0.4027257541291366
4,6.0606060606060606,0.20041008387184728,0.8407676839715552,0.6422834461946696,0.5255870468709275,0.39513976027362213,0.5608740258029788,0.44960076724892994,0.39632144915861195
4,6.565656565656566,0.18937719642159898,0.8518005714218034,0.6546274708391788,0.5224930643838184,0.3858897181162221,0.5680373049271185,0.4487439351491209,0.3900150021342814
4,7.070707070707071,0.17967022645250794,0.8615075413908945,0.6668833836008689,0.5192655626155896,0.37686130712276067,0.5751883646885617,0.4478028665502252,0.38380501097173386
4,7.575757575757576,0.17113108620919773,0.8700466816342047,0.6790486510599362,0.5159127415619124,0.36804886071737064,0.5823258928791691,0.4467802570779322,0.3776900922534195
4,8.080808080808081,0.16362010407715877,0.8775576637662437,0.6911208828860599,0.5124424668702342,0.359446903582925,0.589448618069246,0.4456787431606254,0.37166888098064954
4,8.585858585858587,0.1570142735648951,0.8841634942785073,0.7030978281940605,0.5088622835804822,0.3510501415646764,0.5965553087514145,0.4445009031255889,0.36574003033351743
4,9.090909090909092,0.15120504983286126,0.8899727180105412,0.7149773706448389,0.5051794338946162,0.3428534487997641,0.6036447723214029,0.44324925850313474,0.35990221138598316
4,9.595959595959597,0.14609667725984588,0.8950810905835566,0.7267575248435636,0.5014008704946776,0.33485185800097794,0.6107158541716777,0.4419262751888329,0.35415411285001036
4,10.101010101010102,0.14160490145668683,0.8995728663867156,0.7384364333825745,0.4975332670751354,0.32704055288150924,0.6177674368652862,0.4405343645043898,0.3484944408408449
4,10.606060606060607,0.13765466684074631,0.9035231010026561,0.7500123615513389,0.4935830371377906,0.3194148546500897,0.624798439109537,0.43907588451038193,0.34292191859060206
4,11.111111111111112,0.1341803934022397,0.9069973744411628,0.7614836961443675,0.48955633436685575,0.3119702228279958,0.6318078152053791,0.43755314072224455,0.3374352862828973
4,11.616161616161618,0.13112438480750066,0.9100533830359018,0.7728489411239077,0.4854590666608315,0.30470224555447994,0.6387945541440593,0.4359683872677107,0.33203330079875093
4,12.121212121212121,0.12843602147818298,0.9127417463652194,0.7841067147819665,0.48129690420209525,0.29760663435515733,0.6457576788515321,0.4343238278586884,0.32671473550030034
4,12.626262626262626,0.1260707874680518,0.9151069803753508,0.7952557460828013,0.47707528951205636,0.2906792177443615,0.6526962453965389,0.43262161680884487,0.3214783800051371
4,13.131313131313131,0.1239894349525662,0.9171883328908363,0.8062948709337865,0.4727994469319732,0.2839159354734595,0.6596093422258635,0.43086386001725396,0.31632303996740335
4,13.636363636363637,0.12215757413470436,0.9190201937086981,0.817223029621547,0.4684743883582722,0.2773128353594,0.6664960894838887,0.42905261584636334,0.31124753688026885
4,14.141414141414142,0.12054428862111456,0.920633479222288,0.8280392623923327,0.4641049264003857,0.2708660645465008,0.6733556381423981,0.4271898962375995,0.3062507078305233
4,14.646464646464647,0.11912293091393963,0.922054836929463,0.8387427076659696,0.45969567311020265,0.26457187256304693,0.6801871695520993,0.42527766729917826,0.3013314053592433
4,15.151515151515152,0.11787007374412775,0.9233076940992748,0.8493325982506079,0.4552510506440831,0.2584266044445281,0.6869898946542732,0.4233178503177378,0.29648849723850995
4,15.656565656565657,0.11676530946702086,0.9244124583763818,0.8598082586311633,0.45077529622701584,0.25242669848104005,0.6937630533550837,0.4213123225668025,0.2917208662886346
4,16.161616161616163,0.11579067718587067,0.925387090657532,0.8701691016665016,0.4462724698130838,0.2465686818596337,0.7005059138392945,0.41926291819036876,0.28702741018085753
4,16.666666666666668,0.11493027270038941,0.9262474951430133,0.8804146250494452,0.44174646116468663,0.24084916712508717,0.7072177719183758,0.41717142904445476,0.2824070412476902
4,17.171717171717173,0.11417011977422442,0.9270076480691783,0.8905444087903611,0.4372009941919409,0.23526485035691697,0.713897950434787,0.4150396054683488,0.2778586863073849
4,17.67676767676768,0.1134979104816487,0.927679857361754,0.900558112174066,0.43263963270785116,0.22981250845730183,0.7205457986492905,0.41286915707668026,0.27338128648454996
4,18.181818181818183,0.11290288946297518,0.9282748783804275,0.9104554709709778,0.4280657851156877,0.2244889972525535,0.7271606916617441,0.4106617535098273,0.2689737970389492
4,18.68686868686869,0.11237566807475936,0.9288020997686434,0.9202362944796483,0.4234827097134831,0.21929124914608775,0.7337420298332439,0.40841902518211065,0.2646351871951663
4,19.191919191919194,0.11190799734421521,0.9292697704991875,0.9299004625586405,0.4188935202135296,0.21421627056704906,0.7402892382028102,0.40614256403710275,0.2603644399706079
4,19.6969696969697,0.1114926391606538,0.9296851286827489,0.9394479229475928,0.414301190372295,0.20926114001933122,0.7468017659320579,0.4038339242682146,0.25616055201024834
4,20.202020202020204,0.11112324787035711,0.9300545199730456,0.9488786886340509,0.40970855851794297,0.20442300618722525,0.7532790857641053,0.40149462302163014,0.2520225334247854
4,20.70707070707071,0.11079424184846365,0.930383525994939,0.9581928352058192,0.4051183321418136,0.19969908599158623,0.7597206934759827,0.39912614110734523,0.24794940762719295
4,21.212121212121215,0.11050069634204276,0.9306770715013599,0.9673904981135183,0.40053309253291575,0.195086662692785,0.7661261073487957,0.39672992368832616,0.24394021117339904
4,21.71717171717172,0.11023835328772856,0.9309394145556741,0.9764718703968329,0.39595529819189096,0.19058308475049518,0.7724948676839581,0.3943073809127463,0.23999399361381654
4,22.222222222222225,0.11000330358247391,0.9311744642609286,0.9854371994887215,0.3913872911185194,0.18618576273197812,0.7788265361911237,0.3918598887048553,0.23610981731454192
4,22.72727272727273,0.1097923541343702,0.9313854137090324,0.9942867860564981,0.38683129700632274,0.1818921702763981,0.7851206956989132,0.3893887891574764,0.23228675735413137
4,23.232323232323235,0.10960244484176061,0.931575323001642,1.003020979961323,0.38228943392856823,0.17769983944932774,0.7913769493878974,0.38689539151387,0.22852390130875347
4,23.73737373737374,0.10943115291593783,0.9317466149274648,1.0116401800157866,0.377763710678412,0.17360636264502036,0.7975949206485716,0.3843809723798191,0.22482034918213017
4,24.242424242424242,0.10927617786025157,0.9319015899831511,1.020144829659992,0.3732560354771962,0.16960938820203048,0.8037742522816285,0.38184677674477696,0.2211752131841154
4,24.747474747474747,0.10913562912466855,0.9320421387187341,1.0285354167133451,0.36876821542012,0.16570662120575344,0.8099146063371717,0.37929401821926545,0.21758761765408363
4,25.252525252525253,0.10900779074614371,0.9321699770972589,1.0368124695681251,0.3643019631007062,0.1618958206703872,0.816015663408604,0.37672387993910733,0.2140566988628096
4,25.757575757575758,0.10889118596370664,0.932286581879696,1.0449765565634865,0.35985889766436113,0.1581747991113708,0.8220771224031106,0.37413751489015795,0.21058160491725225
4,26.262626262626263,0.10878448412527636,0.9323932837181262,1.053028282628634,0.355440550147795,0.1545414205627894,0.8280986999090616,0.37153604672040713,0.20716149558105215
4,26.767676767676768,0.10868655608033814,0.9324912117630645,1.0609682886987886,0.35104836449344656,0.15099360014698338,0.8340801299691321,0.3689205700640053,0.20379554217738352
4,27.272727272727273,0.10859634431995105,0.9325814235234516,1.0687972483547132,0.34668370310893987,0.14752930187556543,0.8400211634480992,0.3662921513517663,0.20048292741065543
4,27.77777777777778,0.10851298991345248,0.9326647779299502,1.0765158676037776,0.3423478470129484,0.1441465387224924,0.8459215678541271,0.36365182907775334,0.19722284527864045
4,28.282828282828284,0.108435676243697,0.9327420915997056,1.084124881473254,0.3380420016068187,0.14084337025914567,0.851781126704936,0.3610006146117392,0.19401450089384567
4,28.78787878787879,0.10836373153420654,0.9328140363091961,1.0916250537862564,0.3337672969400311,0.13761790261293086,0.8575996393396459,0.35833949247747027,0.1908571103934047
4,29.292929292929294,0.1082965511653569,0.9328812166780458,1.0990171743604347,0.32952479228973774,0.13446828668904592,0.8633769203757643,0.3556694210558974,0.18774990077885925
4,29.7979797979798,0.10823361084903363,0.9329441569943691,1.1063020581719356,0.3253154776802169,0.13139271748706569,0.8691127994304951,0.3529913329727424,0.18469210980728337
4,30.303030303030305,0.10817445284281471,0.933003315000588,1.1134805433613604,0.3211402770749228,0.12838943290293506,0.8748071206893706,0.35030613566781543,0.18168298585333487
4,30.80808080808081,0.1081186736338093,0.9330590942095934,1.120553489898042,0.31700005067681575,0.12545671276436038,0.8804597425603551,0.3476147118632453,0.17872178778692058
4,31.313131313131315,0.10806591728563013,0.9331118505577726,1.127521778178897,0.31289559729641325,0.12259287786390771,0.8860705373199365,0.34491792004075666,0.1758077848498278
4,31.81818181818182,0.10801587897849406,0.9331618888649087,1.1343863078080754,0.30882765640213194,0.11979628912901097,0.8916393907837479,0.34221659489034983,0.1729402565364232
4,32.323232323232325,0.10796829541555032,0.9332094724278523,1.1411479962894273,0.304796910374834,0.11706534667495695,0.8971662019645709,0.3395115477736824,0.17011849247226754
4,32.82828282828283,0.10792290262031523,0.9332548652230875,1.1478077760364198,0.3008039892148989,0.11439848808789946,0.9026508825088441,0.33680356744931406,0.1673417922523628
4,33.333333333333336,0.10787947175152791,0.9332982960918748,1.154366594788188,0.2968494702041495,0.11179418834688087,0.9080933565840781,0.33409342026503974,0.16460946536140303
4,33.83838383838384,0.10783788895130064,0.933339878892102,1.1608254178575197,0.29293387483626226,0.10925096064543646,0.9134935610122509,0.33138185005959125,0.16192083113867875
4,34.343434343434346,0.10779792504446255,0.93337984279894,1.1671852172750585,0.28905768523849334,0.10676735082566663,0.9188514436554865,0.32866958012956926,0.15927521842546502
4,34.84848484848485,0.10775938377040353,0.9334183840729992,1.1734469769335234,0.2852213367956905,0.10434193961000461,0.9241669639353296,0.3259573126751524,0.1566719656000388
4,35.35353535353536,0.10772223070034542,0.9334555371430572,1.1796116983472882,0.28142521000553156,0.10197334498639855,0.9294400934451349,0.32324572813630525,0.15411042062908062
4,35.85858585858586,0.1076863147843563,0.9334914530590463,1.1856803855949034,0.27766965292800166,0.09966021481631314,0.9346708137587224,0.32053548784076225,0.15158994061103617
4,36.36363636363637,0.10765149381114182,0.9335262740322608,1.1916540505916833,0.27395497373008887,0.09740122901744602,0.939859116975195,0.31782723341995783,0.149109891815368
4,36.86868686868687,0.10761769095101531,0.9335600768923873,1.1975337161984028,0.2702814364724889,0.09519510066832658,0.9450050059673544,0.3151215865752689,0.14666964966789747
4,37.37373737373738,0.10758486997950435,0.9335928978638983,1.2033204137876443,0.26664926498336694,0.09304057456820691,0.9501084938899312,0.31241914971837836,0.14426859860221117
4,37.87878787878788,0.10755293011260145,0.9336248377308012,1.2090151746050468,0.2630586557619693,0.0909364229722019,0.9551696028612423,0.30972050758769826,0.14190613176158015
4,38.38383838383839,0.10752180753174545,0.9336559603116572,1.2146190367031438,0.25950976821249594,0.08888144842357816,0.9601883647278254,0.30702622640481925,0.139581651077876
4,38.88888888888889,0.10749147190441664,0.933686295938986,1.2201330467406526,0.25600272245793565,0.0868744841406295,0.9651648211855192,0.30433685378961006,0.13729456723539146
4,39.3939393939394,0.10746187041268229,0.9337158974307204,1.225558248886922,0.2525376155863014,0.08491438886599427,0.9700990220365312,0.30165292088114165,0.1350442992928479
4,39.8989898989899,0.10743296510576456,0.9337448027376382,1.2308956910839268,0.249114513020501,0.08300004923478985,0.9749910259290331,0.2989749415216375,0.13283027475985026
4,40.40404040404041,0.10740471987596975,0.9337730479674329,1.2361464255071581,0.24573344818091986,0.08113037965113955,0.9798409003054572,0.2963034123742132,0.13065192953085036
4,40.909090909090914,0.1073771021290451,0.9338006657143575,1.2413115034944435,0.24239443012568712,0.07930431971908691,0.9846487204706598,0.2936388140873379,0.1285087076525231
4,41.41414141414142,0.10735008055270842,0.9338276872906942,1.2463919758845885,0.2390974434011561,0.07752083405347303,0.9894145694998213,0.2909816114617741,0.12640006124892536
4,41.919191919191924,0.10732363433245938,0.9338541335109433,1.2513888960596147,0.23584244387337977,0.07577891340622335,0.9941385385698147,0.288332253112325,0.1243254505283809
4,42.42424242424243,0.10729775232152199,0.9338800155218807,1.2563033187510644,0.2326293607822691,0.07407757380588423,0.9988207266293344,0.28569117191717586,0.12228434366401048
4,42.929292929292934,0.10727239986774643,0.9339053679756563,1.2611362907328938,0.2294581108377659,0.07241585176855816,1.003461238798783,0.2830587869823016,0.1202762164294362
4,43.43434343434344,0.10724754696448519,0.9339302208789175,1.265888857862029,0.22632858808878742,0.07079280738840134,1.0080601873284694,0.2804355025550913,0.11830055232696009
4,43.939393939393945,0.1072231584558618,0.9339546093875408,1.2705620620034352,0.2232406687833204,0.06920752255246226,1.0126176909737934,0.2778217088257144,0.11635684241101281
4,44.44444444444445,0.10719921038791866,0.933978557455484,1.2751569442045527,0.22019420695014397,0.06765910218452159,1.0171338753558667,0.2752177815519179,0.11444458530273591
4,44.949494949494955,0.10717577737683479,0.9340019904665678,1.2796745639487952,0.21718900608485148,0.06614668330557169,1.0216088758678876,0.2726240786423219,0.11256328770031106
4,45.45454545454546,0.1071527799717717,0.934024987871631,1.2841159414280208,0.214224905240292,0.06466940667090575,1.0260428283933123,0.2700409513013862,0.11071246251582212
4,45.959595959595966,0.10713019081919313,0.9340475770242095,1.2884821036927987,0.21130171074028525,0.0632264389061347,1.0304358764707258,0.2674687355249333,0.10889163021486149
4,46.46464646464647,0.10710797705325062,0.9340697907901521,1.2927740710813016,0.20841921664753363,0.06181696561038351,1.0347881690031842,0.26490775489252016,0.10710031831481616
4,46.969696969696976,0.10708609915403183,0.9340916686893709,1.296992856433154,0.20557720623132564,0.06044019067473899,1.0390998599917645,0.2623583209414186,0.1053380612773376
4,47.47474747474748,0.10706466090285545,0.9341131069405472,1.3011395083227977,0.20277538788886995,0.05909535712755097,1.0433711154797471,0.2598207248957201,0.10360440183505318
4,47.979797979797986,0.1070436003352748,0.9341341675081278,1.3052150205704627,0.2000135301832526,0.05778170258550343,1.0476020985923569,0.25729525565682204,0.10189888796134172
4,48.484848484848484,0.10702288964482388,0.9341548781985787,1.309220390027151,0.1972913760969774,0.056498487215090355,1.0517929788645757,0.25478218867477986,0.10022107467116495
4,48.98989898989899,0.1070025112082704,0.9341752566351322,1.313156609136487,0.1946086544046937,0.055244989798038026,1.0559439308850636,0.25228178762865483,0.09857052369680228
4,49.494949494949495,0.10698244540160395,0.9341953224417986,1.317024661931594,0.1919650859310667,0.054020505476557915,1.0600551335027493,0.249794305432266,0.09694680327550559
4,50.0,0.10696271481415459,0.9342150530292481,1.3208255473843458,0.189360348601094,0.052824357353778675,1.064126773761349,0.24731997953638613,0.09534948891278561
4,50.505050505050505,0.10694332492624174,0.934234442917161,1.3245602472400588,0.18679412626520797,0.05165587983395145,1.068159041165914,0.24485903890367425,0.0937781621409326
4,51.01010101010101,0.10692425190653523,0.9342535159368675,1.3282297191170025,0.1842661193982591,0.05051441482395651,1.0721521263492941,0.2424117056713159,0.09223241018991098
4,51.515151515151516,0.10690549097537345,0.9342722768680293,1.331834922080383,0.18177600679257774,0.04939932446625732,1.076106225394098,0.23997818998543669,0.09071182683098639
4,52.02020202020202,0.10688703819338653,0.9342907296500161,1.3353768065200666,0.17932346111882602,0.048309985700325284,1.0800215379380778,0.2375586923411697,0.08921601193127375
4,52.525252525252526,0.10686888912387221,0.9343088787195305,1.3388563204369257,0.17690813940722358,0.047245793495068314,1.0838982683746725,0.23515340215386166,0.08774457168198743
4,53.03030303030303,0.10685103814732134,0.9343267296960814,1.342274412415329,0.17452967868785985,0.04620616223602869,1.087736626358205,0.23276249718568207,0.0862971186666349
4,53.535353535353536,0.10683348407546822,0.9343442837679345,1.3456320025850104,0.17218774146586854,0.04519050928833841,1.0915368205922933,0.23038615123510614,0.08487327038312245
4,54.04040404040404,0.10681622458107211,0.9343615432623307,1.3489300104150648,0.16988197271905567,0.04419827020509669,1.095299064543344,0.22802452715637,0.08347265051080793
4,54.54545454545455,0.10679925776897985,0.9343785100744229,1.3521693462199933,0.16761201338943332,0.043228893729790496,1.099023574539745,0.2256777792459032,0.08209488842487407
4,55.05050505050505,0.10678258126295098,0.9343951865804518,1.3553509116047384,0.16537749988008282,0.04228184185439584,1.1027105697906154,0.22334605326140933,0.08073961915849759
4,55.55555555555556,0.10676617907499783,0.9344115887684049,1.358475609941659,0.16317804682867412,0.0413565965688839,1.106360275129563,0.22102948300467565,0.07940648407628385
4,56.06060606060606,0.10675005323932261,0.9344277146040801,1.3615443200907003,0.16101329115495006,0.040452642093566894,1.1099729137740775,0.21872819949480474,0.07809512894164025
4,56.56565656565657,0.10673419843217108,0.9344435694112317,1.3645579169345832,0.15888285806709812,0.03956947833753578,1.113548712801431,0.21644232410575218,0.07680520530333934
4,57.07070707070707,0.10671860863526104,0.9344591592081417,1.3675172656025922,0.15678637092949965,0.038706616807125296,1.1170879014775306,0.21417197071639116,0.07553637001660082
4,57.57575757575758,0.10670327701734973,0.934474490826053,1.3704232212630356,0.15472345184743952,0.03786358022874213,1.1205907110984084,0.21191724595312117,0.07428828515899304
4,58.08080808080808,0.10668820547128982,0.934489562372113,1.3732766388710567,0.15269370542685598,0.03703990904130463,1.1240573775333855,0.20967824600822477,0.07306061866891231
4,58.58585858585859,0.10667338665278454,0.9345043811906183,1.376078354564159,0.15069675045065137,0.036235148324406816,1.1274881360740163,0.20745506321030574,0.07185304292620069
4,59.09090909090909,0.10665881261014334,0.9345189552332595,1.37882919447454,0.14873220521943817,0.035448853645239045,1.1308832237233828,0.20524778316441336,0.0706652353227265
4,59.5959595959596,0.10664447642318439,0.9345332914202185,1.381529976333463,0.14679968507404312,0.03468059193171132,1.1342428795293003,0.20305648437142473,0.06949687830979785
4,60.101010101010104,0.10663037053284953,0.9345473973105534,1.3841815076635695,0.14489880568453747,0.03392993999111054,1.1375673439915581,0.20088123902104238,0.06834765919792232
4,60.60606060606061,0.10661649565466252,0.9345612721887402,1.3867845923486768,0.14302917227580905,0.03319648871473166,1.1408568606974931,0.1987221109576598,0.06721727055536975
4,61.111111111111114,0.10660285258819184,0.934574915255211,1.3893400243998086,0.1411903903112803,0.03247983862812842,1.1441116745689257,0.1965791579465533,0.06610540969504371
4,61.61616161616162,0.10658943151089678,0.9345883363325059,1.3918485798380782,0.13938207933264168,0.03177959416849747,1.147332029610703,0.1944524345725564,0.0650117780272635
4,62.121212121212125,0.10657622815222177,0.934601539691181,1.3943110286996754,0.13760385307645306,0.031095371563088923,1.1505181719847448,0.1923419883804388,0.06393608184533932
4,62.62626262626263,0.10656323846550754,0.9346145293778952,1.3967281309446795,0.1358553265667223,0.030426795827815625,1.1536703488240874,0.19024786142141525,0.06287803196502027
4,63.131313131313135,0.10655045904241646,0.9346273088009862,1.399100638754965,0.1341361123756875,0.02977350220856511,1.1567888088307028,0.1881700895235466,0.061837343856273735
4,63.63636363636364,0.10653788792001234,0.9346398799233904,1.401429301251581,0.13244581270349456,0.029135139384141782,1.1598738036080598,0.18610870061709425,0.0608137379853691
4,64.14141414141415,0.1065255216527427,0.93465224619066,1.4037148461970554,0.13078405123033374,0.028511355911828174,1.1629255820045001,0.1840637220495677,0.05980693815645533
4,64.64646464646465,0.10651335797770402,0.9346644098656987,1.4059579961626167,0.12915044540959128,0.027901811767009347,1.1659443949228725,0.18203517443876788,0.05881667284888288
4,65.15151515151516,0.10650139510982043,0.9346763727335823,1.4081594639294808,0.12754461464671124,0.027306174763025288,1.1689304938239957,0.18002307363700937,0.05784267474951813
4,65.65656565656566,0.10648963177890819,0.9346881360644945,1.410319952461519,0.12596618057823133,0.02672412029946688,1.1718841306183536,0.17802743090976025,0.05688468068240943
4,66.16161616161617,0.10647805748554609,0.9346997103578566,1.4124401621181017,0.1244147535747436,0.026155337646371842,1.1748055605348198,0.17604824919206705,0.05594243248363661
4,66.66666666666667,0.1064666739080378,0.9347110939353649,1.414520774808471,0.1228899631178232,0.02559951541292321,1.1776950355081512,0.17408553183642675,0.05501567486594544
4,67.17171717171718,0.10645547873395014,0.9347222891094525,1.4165624659599632,0.12139143525480056,0.025056352124453587,1.1805528090030417,0.1721392762930839,0.054104156914397884
4,67.67676767676768,0.10644446964233234,0.9347332982010703,1.4185659015704202,0.11991879843425109,0.024525553334545994,1.183379134705057,0.17020947587065946,0.05320763163480709
4,68.18181818181819,0.10643364440914482,0.9347441234342578,1.420531738130252,0.11847168388131728,0.024006831327648016,1.1861742663915222,0.1682961199422042,0.05232585587679715
4,68.68686868686869,0.1064229981542692,0.9347547696891334,1.4224606256730778,0.11704971924027292,0.023499908425866335,1.1889384595039985,0.16639919186268312,0.051458590843842016
4,69.1919191919192,0.10641252774168479,0.9347652401017179,1.4243532028928643,0.11565253934444354,0.023004511101909264,1.1916719683769281,0.16451867273119578,0.050605601102399665
4,69.6969696969697,0.10640223076518988,0.9347755370782128,1.4262100982661785,0.11427978402189559,0.022520371051143098,1.1943750467542624,0.1626545407291333,0.04976665472712795
4,70.20202020202021,0.10639210388846755,0.9347856639549351,1.4280319318905326,0.11293109435518524,0.022047227093499253,1.1970479486981687,0.16080676993078083,0.04894152358157433
4,70.70707070707071,0.10638214358112108,0.9347956242622816,1.4298193146653833,0.11160611467795445,0.02158482399587947,1.1996909280427617,0.15897533107162787,0.04812998309613412
4,71.21212121212122,0.10637234767070783,0.9348054201726949,1.4315728498549805,0.11030448932882353,0.021132914155413327,1.2023042391868164,0.1571601905043114,0.04733181251939608
4,71.71717171717172,0.10636271482092699,0.9348150530224757,1.4332931326334528,0.10902586389353285,0.02069125681223166,1.2048881367359154,0.1553613107167718,0.04654679475783665
4,72.22222222222223,0.10635324056073489,0.9348245272826677,1.43498074627409,0.10776989391162017,0.02025961315350703,1.2074428732310698,0.1535786534485689,0.04577471553088506
4,72.72727272727273,0.1063439217222877,0.934833846121115,1.436636266520061,0.10653623538458507,0.019837751434571317,1.20996870154252,0.15181217647289186,0.045015364195111957
4,73.23232323232324,0.10633475506711892,0.9348430127762837,1.4382602603005274,0.10532454786196432,0.019425445176725568,1.2124658740391936,0.15006183475652785,0.044268533414802545
4,73.73737373737374,0.10632573777274773,0.9348520300706549,1.4398532862534943,0.10413449349285606,0.01902247359286704,1.2149346427989274,0.1483275802036618,0.04353401920793464
4,74.24242424242425,0.10631687002602644,0.9348608978173762,1.4414158972839672,0.10296573148309095,0.018628624572159053,1.2173752610242359,0.14660935974984132,0.04281162143644667
4,74.74747474747475,0.1063081476897624,0.9348696201536403,1.442948633531954,0.10181793420049398,0.018243685606769502,1.2197879787776802,0.1449071212297839,0.042101142203059896
4,75.25252525252526,0.10629956841692129,0.9348781994264813,1.4444520283321016,0.1006907739538134,0.017867451053302168,1.2221730464123846,0.1432208087140803,0.04140238708405918
4,75.75757575757576,0.10629112998873486,0.9348866378546677,1.4459266066608933,0.09958392672967022,0.017499719948653653,1.2245307135528163,0.14155036393553352,0.04071516472217413
4,76.26262626262627,0.10628283032618185,0.9348949375172207,1.4473728852004764,0.09849707228023499,0.01714029585850601,1.2268612290331251,0.13989572640504144,0.040039286772357574
4,76.76767676767678,0.10627466659953227,0.9349031012438703,1.4487913748015646,0.09742988812773275,0.01678899040991982,1.229164842659534,0.1382568309905285,0.0393745685604614
4,77.27272727272728,0.10626663706660895,0.9349111307767937,1.4501825756881956,0.09638206197296553,0.01644561567805603,1.2314418014542448,0.1366336131711652,0.03872082758511402
4,77.77777777777779,0.10625873991061312,0.9349190279327895,1.4515469806433787,0.09535328386719151,0.016109988828646858,1.2336923519673457,0.13502600585201363,0.038077884391164746
4,78.28282828282829,0.10625097336523474,0.9349267944781678,1.4528850747706823,0.09434324706618427,0.015781931502350556,1.2359167399853497,0.1334339397995258,0.03744556242564863
4,78.7878787878788,0.10624333579818251,0.9349344320452201,1.4541973353664195,0.09335164860384901,0.015461269368948621,1.2381152103238229,0.13185734396008453,0.03682368792661687
4,79.2929292929293,0.10623582426987026,0.9349419435735323,1.4554842327870463,0.09237818664153688,0.015147833910633712,1.2402880077701661,0.1302961441476377,0.036212090292720406
4,79.7979797979798,0.10622843640851044,0.9349493314348921,1.456746229504865,0.09142256401614,0.01484145981821194,1.2424353757477988,0.12875026497201864,0.03561060149070677
4,80.30303030303031,0.10622117089986281,0.9349565969435397,1.457983779920515,0.09048448919880285,0.014541984219898933,1.2445575559321682,0.12721963041355178,0.03501905586480427
4,80.80808080808082,0.10621402583384243,0.9349637420095601,1.4591973313462272,0.08956367324783565,0.014249248745154175,1.2466547893392441,0.12570416230345088,0.034437290567829286
4,81.31313131313132,0.1062069993100693,0.9349707685333333,1.460387323755054,0.08865983098387255,0.013963098600290503,1.2487273158619658,0.12420378101158182,0.03386514533697674
4,81.81818181818183,0.10620008935136338,0.9349776784920392,1.4615541900542397,0.08777267999756845,0.013683383287408916,1.2507753746655565,0.12271840489984327,0.03330246264512455
4,82.32323232323233,0.10619329384969639,0.9349844739937061,1.4626983562825155,0.0869019400669938,0.013409956989707782,1.2527992044074232,0.12124795003017103,0.03274908777293013
4,82.82828282828284,0.1061866109284953,0.9349911569149072,1.4638202408315508,0.08604733783058663,0.013142674677079552,1.2547990412068408,0.11979233313882816,0.03220486786485535
4,83.33333333333334,0.1061800385799243,0.9349977292634782,1.46492025536671,0.08520860230824538,0.012881395664261623,1.2567751205330886,0.11835146892288985,0.031669652754545884
4,83.83838383838385,0.10617357476235394,0.9350041930810487,1.4659988046692216,0.08438546623130883,0.012625982438686656,1.2587276766064583,0.11692527093690369,0.031143294667162275
4,84.34343434343435,0.106167217466253,0.9350105503771495,1.4670562867422354,0.08357766590122219,0.012376300695759599,1.2606569424337921,0.11551365156686491,0.030625648209867174
4,84.84848484848486,0.10616096596313015,0.9350168018802724,1.4680930932435978,0.08278493847058306,0.012132221625036223,1.2625631510222992,0.11411652026712636,0.030116570921098713
4,85.35353535353536,0.10615481779210868,0.9350229500512938,1.4691096087415045,0.0820070285110022,0.011893616086710431,1.2644465323481933,0.11273378805571763,0.02961592180661344
4,85.85858585858587,0.10614877114886202,0.9350289966945404,1.4701062114621035,0.08124368281033849,0.011660359066775199,1.2663073157059064,0.11136536407740844,0.029123562427209496
4,86.36363636363637,0.10614282424542405,0.9350349435979785,1.471083273200556,0.080494651769771,0.01143232836889013,1.2681457290403924,0.11001115661441942,0.028639356555712498
4,86.86868686868688,0.10613697531019167,0.9350407925332108,1.4720411594088971,0.07975968940602426,0.011209404524295835,1.2699619989170408,0.10867107315714224,0.02816317013634146
4,87.37373737373738,0.1061312231148959,0.9350465447285066,1.4729802293916996,0.07903855138530246,0.010991472562215245,1.2717563514762498,0.10734501899977102,0.02769487173450363
4,87.87878787878789,0.10612556601067319,0.9350522018327293,1.473900836196739,0.07833099862591517,0.010778418516563087,1.273529010602201,0.10603290000925619,0.0272343315990673
4,88.3838383838384,0.1061200023835354,0.9350577654598671,1.474803326796031,0.07763679559927686,0.010570130943909243,1.2752801987438296,0.10473462142108153,0.026781422045613377
4,88.8888888888889,0.10611453076740464,0.9350632370759979,1.4756880421968153,0.07695570990994333,0.010366501232458537,1.2770101370959437,0.10345008759358486,0.026336017520995934
4,89.3939393939394,0.10610914975492254,0.93506861808848,1.4765553175111685,0.07628751263098445,0.010167423197064237,1.2787190454024775,0.10217920232834757,0.025897994479699503
4,89.89898989898991,0.10610385774199464,0.9350739101014078,1.4774054819457187,0.07563197743723676,0.009972793956261682,1.280407142449766,0.10092186814012499,0.025467231620633506
4,90.40404040404042,0.10609865315416184,0.9350791146892407,1.478238858975414,0.07498888133535622,0.009782513028446833,1.2820746455958543,0.09967798700208629,0.02504360961258388
4,90.90909090909092,0.10609353478113068,0.9350842330622717,1.4790557665586073,0.07435800575231455,0.009596481028295365,1.2837217700834183,0.0984474614222259,0.024627010704880478
4,91.41414141414143,0.10608850129298499,0.9350892665504175,1.4798565170395477,0.07373913491194575,0.009414601387723803,1.285348729989852,0.09723019301416128,0.024217319206511177
4,91.91919191919193,0.10608355140014508,0.9350942164432574,1.4806414172967812,0.07313205634490513,0.009236779697530853,1.286955737889446,0.09602608303902453,0.023814421282054046
4,92.42424242424244,0.10607868373912144,0.9350990841042809,1.481410768725109,0.07253656062231738,0.009062923991790732,1.288543005027892,0.0948350321555332,0.023418205027099265
4,92.92929292929294,0.10607389662035595,0.9351038712230464,1.4821648670907477,0.07195244079145496,0.00889294545701443,1.29011074172915,0.09365693980517395,0.02302856067620074
4,93.43434343434345,0.10606918895450286,0.9351085788888995,1.4829040034699623,0.07137949435751996,0.008726755511734761,1.2916591558168544,0.09249170671528822,0.02264537967838189
4,93.93939393939395,0.10606455943270024,0.9351132084107021,1.4836284635823958,0.07081752149304728,0.008564268263774018,1.293188453977433,0.09133923278258654,0.022268555450505132
4,94.44444444444446,0.10606000675455228,0.93511776108885,1.4843385280876766,0.07026632551096225,0.008405399740578195,1.2946988413580187,0.09019941772868373,0.021897983123822143
4,94.94949494949496,0.10605552962597639,0.9351222382174259,1.4850344726704385,0.06972571284041452,0.008250067828364141,1.2961905215521021,0.08907216114674522,0.021533559511677212
4,95.45454545454547,0.10605112688720612,0.9351266409561962,1.4857165674068764,0.06919549213281025,0.008098193799530449,1.2976636974461926,0.08795736116007162,0.021175183604260385
4,95.95959595959597,0.10604679722791416,0.9351309706154882,1.4863850784104071,0.06867547612702703,0.007949698801782831,1.2991185693351812,0.08685491748388849,0.020822755391454957
4,96.46464646464648,0.10604253939704206,0.9351352284463603,1.4870402667465408,0.06816548020861568,0.007804506384060621,1.3005553363103075,0.08576472921127902,0.020476176688938218
4,96.96969696969697,0.10603835215100701,0.9351394156923953,1.4876823887919144,0.06766532271736976,0.007662541829932824,1.3019741959164264,0.084686695389226,0.02013535090487227
4,97.47474747474747,0.10603423424988795,0.9351435335935144,1.4883116963284808,0.06717482493425912,0.007523732076477056,1.3033753441266718,0.08362071508297136,0.01980018300088158
4,97.97979797979798,0.1060301847124518,0.9351475831309506,1.4889284361063433,0.0666938106521365,0.007388006580737027,1.3047589758239049,0.08256668660270758,0.019470579783912197
4,98.48484848484848,0.10602620240882678,0.9351515654345757,1.4895328507460457,0.06622210678192031,0.007255295811250839,1.306125284012517,0.08152450883044518,0.01914644936756236
4,98.98989898989899,0.10602228613936694,0.9351554817040355,1.4901251786576528,0.06575954319870016,0.007125531482863943,1.3074744599621988,0.08049408100527441,0.01882770124305136
4,99.4949494949495,0.10601843479816221,0.9351593330452402,1.4907056537886572,0.06530595245551328,0.006998647095046427,1.3088066935139642,0.07947530224023447,0.01851424645632593
4,100.0,0.1060146472992081,0.9351631205441943,1.49127450585185,0.0648611698681623,0.006874577619204619,1.3101221729312238,0.07846807179173658,0.01820599748756423
5,0.0,0.529277134096349,0.45437115819617646,0.4593728306428594,0.4980029610223952,0.47826672742919446,0.4987732387730975,0.46162461101500174,0.49397467072834383
5,0.5050505050505051,0.4790102476310464,0.5046380446614792,0.4713554177161528,0.49739444476178446,0.4668926566165116,0.5061231096566461,0.4620856306668822,0.4861637801929147
5,1.0101010101010102,0.4345220399535849,0.5491262523389407,0.48329774006908466,0.49654060701296054,0.45580417201240353,0.5134812062262702,0.46242010333003986,0.4784712109601332
5,1.5151515151515151,0.3951836541310579,0.5884646381614678,0.49519544160976875,0.49545442258829214,0.44499265489638773,0.5208455628534865,0.46263165177165405,0.47089530589130263
5,2.0202020202020203,0.36042093772695477,0.6232273545655709,0.5070443698042099,0.49414835695482107,0.4344497923354178,0.5282142630467138,0.4627238566245487,0.4634344008451805
5,2.5252525252525255,0.3297258356413966,0.653922456651129,0.5188406123502763,0.49263417777205815,0.424167728972114,0.5355854582899676,0.4627002003024325,0.4560868619240428
5,3.0303030303030303,0.30263949994356604,0.6810087923489596,0.5305804357977382,0.49092314245958346,0.414138940837127,0.5429573498699529,0.4625640960483523,0.4488510745981378
5,3.5353535353535355,0.27875105392948213,0.7048972383630436,0.5422602871966684,0.48902599652076945,0.4043562353770109,0.5503281914283243,0.4623188833661926,0.441725445721926
5,4.040404040404041,0.25769388014468325,0.7259544121478425,0.5538767883726458,0.4869529972746755,0.39481273344712736,0.5576962887429125,0.4619678278953626,0.4347084038781679
5,4.545454545454546,0.23914065970702883,0.744507632585497,0.5654267249067536,0.4847139537698553,0.38550184041783964,0.565059997255516,0.46151412494924654,0.4277983983116805
5,5.050505050505051,0.22280002742276683,0.760848264869759,0.5769070412020737,0.4823182484811147,0.3764172294112603,0.5724177212810235,0.4609609003855967,0.4209938988498229
5,5.555555555555556,0.2084131210904923,0.7752351712020336,0.5883148351709268,0.47977486019776655,0.36755282372575554,0.5797679130505354,0.4603112117290192,0.4142933957368885
5,6.0606060606060606,0.19575009916644742,0.7878981931260784,0.5996473521878984,0.477092388796334,0.35890277811021676,0.5871090712579206,0.45956805011193713,0.4076953991465856
5,6.565656565656566,0.1846076064926219,0.799040685799904,0.6109019828556186,0.4742790685406914,0.3504614676981396,0.5944397409483202,0.4587343400670476,0.4011984395010754
5,7.070707070707071,0.1748053132232,0.8088429790693259,0.6220762559269406,0.4713427953381102,0.3422234678293991,0.6017585112818434,0.4578129427531968,0.3948010664814031
5,7.575757575757576,0.16618368213356297,0.8174646101589629,0.6331678351851673,0.46829114083730217,0.3341835430719806,0.6090640148164125,0.4568066567550891,0.3885018489449418
5,8.080808080808081,0.15860165662715497,0.825046635665371,0.6441745156390959,0.46513136815457823,0.32633663530077595,0.616354926583204,0.45571821922078404,0.38229937471245523
5,8.585858585858587,0.1519344694200046,0.8317138228725213,0.655094219295761,0.4618704482260452,0.3186778515726442,0.6236299627830175,0.45455030762581,0.3761922501076157
5,9.090909090909092,0.14607218448728077,0.8375761078052452,0.6659249931451058,0.4585150686973656,0.3112024572519794,0.6308878803038379,0.453305540231397,0.3701790999812084
5,9.595959595959597,0.1409178764934136,0.8427304157991123,0.6766650053508451,0.4550716477337442,0.30390586600986197,0.638127475689496,0.4519864774218631,0.3642585674050842
5,10.101010101010102,0.13638609672370855,0.8472621955688174,0.6873125420729611,0.45154634547145345,0.2967836315500372,0.6453475842582501,0.4505956228126432,0.35842931344554996
5,10.606060606060607,0.13240159748905336,0.8512466948034725,0.697866004146086,0.44794507463750466,0.2898314403108614,0.6525470791916982,0.44913542442097343,0.3526900169037717
5,11.111111111111112,0.12889810249137673,0.8547501898011493,0.7083239036883222,0.44427351113403435,0.2830451042720957,0.6597248705750467,0.4476082759214018,0.34703937401999485
5,11.616161616161618,0.12581728364680328,0.8578310086457227,0.7186848612154133,0.44053710276803054,0.2764205551110086,0.6668799046214662,0.4460165176129441,0.341476098282033
5,12.121212121212121,0.12310772481414414,0.8605405674783818,0.7289476024224293,0.43674107865371975,0.2699538380183037,0.6740111627997313,0.44436243754394045,0.33599892017277155
5,12.626262626262626,0.12072427304700045,0.8629240192455254,0.7391109554172964,0.432890456093774,0.26364110758338244,0.6811176611296118,0.44264827238869253,0.330606586998139
5,13.131313131313131,0.11862723170281472,0.8650210605897112,0.7491738475575807,0.42899004884428105,0.2574786226925915,0.6881984493844046,0.4408762084677004,0.32529786266433836
5,13.636363636363637,0.11678171095071725,0.8668665813418086,0.7591353024257723,0.4250444744789446,0.2514627421897364,0.6952526103229092,0.4390483827316569,0.3200715274618772
5,14.141414141414142,0.11515701341670294,0.868491278875823,0.7689944368399537,0.42105816152175374,0.24558992073274605,0.702279258946831,0.43716688370674855,0.3149263778628638
5,14.646464646464647,0.11372619425213797,0.8699220980403879,0.7787504578452294,0.41703535588768115,0.2398567053615429,0.7092775417639096,0.43523375244765466,0.30986122630487906
5,15.151515151515152,0.11246558319854888,0.871182709093977,0.7884026598558936,0.4129801272122618,0.23425973202629813,0.7162466360899432,0.4332509834248906,0.30487490100160947
5,15.656565656565657,0.11135437507097305,0.8722939172215529,0.7979504217269544,0.4088963750105548,0.22879572235694454,0.7231857493484964,0.4312205254230168,0.29996624574492997
5,16.161616161616163,0.11037429994558626,0.8732739923469396,0.8073932039180519,0.40478783433795656,0.2234614808384454,0.7300941184024463,0.42914428239578034,0.2951341197182166
5,16.666666666666668,0.10950933348009169,0.8741389588124342,0.8167305456513193,0.4006580812922838,0.21825389215085092,0.7369710089001027,0.4270241143045777,0.2903773973117629
5,17.171717171717173,0.1087454100645714,0.8749028822279544,0.8259620620998471,0.3965105384728232,0.21316991852178374,0.7438157146185689,0.42486183796333465,0.28569496793453975
5,17.67676767676768,0.10807017022354985,0.8755781220689761,0.835087441617363,0.3923484802203669,0.20820659725672416,0.7506275568247182,0.4226592278589836,0.28108573583274155
5,18.181818181818183,0.10747277335994326,0.8761755189325826,0.8441064430342513,0.38817503749053855,0.20336103856966428,0.7574058836581422,0.42041801694751113,0.27654861991078983
5,18.68686868686869,0.10694370995652774,0.8767045823359982,0.8530188930098427,0.38399320264271336,0.19863042344189819,0.7641500695244414,0.41813989743486,0.2720825535571416
5,19.191919191919194,0.1064746382004655,0.8771736540920605,0.8618246834094433,0.3798058340937007,0.19401200159131032,0.7708595144997373,0.4158265215448901,0.2676864844718157
5,19.6969696969697,0.10605822833170013,0.8775900639608257,0.8705237687036103,0.37561566090782267,0.18950308948302136,0.777533643738707,0.41347950228327607,0.2633593744944599
5,20.202020202020204,0.1056880605552608,0.877960231737265,0.8791161634878677,0.37142528699017385,0.18510106861641284,0.7841719069160644,0.41110041416012183,0.25910019944025675
5,20.70707070707071,0.10535850343852912,0.8782897888539967,0.8876019399956561,0.3672371953795165,0.1808033837192819,0.7907737776598569,0.4086907939237152,0.25490794893287094
5,21.212121212121215,0.10506461751348567,0.8785836747790401,0.895981225686241,0.36305375232763465,0.17660754108057888,0.7973387530024045,0.406252141272229,0.25078162624180955
5,21.71717171717172,0.1048020651631608,0.8788462271293649,0.904254200856226,0.35887721132141276,0.1725111069168157,0.803866352836382,0.40378591955946225,0.24672024812059892
5,22.222222222222225,0.10456704804245759,0.8790812442500681,0.9124210963872288,0.3547097168025933,0.1685117059046324,0.8103561193968295,0.4012935564691529,0.24272284465046073
5,22.72727272727273,0.10435623520186876,0.8792920570906569,0.9204821914762544,0.3505533079516894,0.16460701966651078,0.8168076167392204,0.39877644469408613,0.23878845908313656
5,23.232323232323235,0.1041667034202505,0.8794815888722752,0.9284378114273103,0.34640992233764506,0.16079478532949937,0.8232204302288184,0.3962359426017632,0.23491614768586147
5,23.73737373737374,0.10399589450691893,0.8796523977856068,0.9362883255677139,0.3422813993276015,0.1570727941991393,0.8295941660520855,0.39367337487356474,0.23110497959079287
5,24.242424242424242,0.10384157103930426,0.8798067212532215,0.9440341451833504,0.3381694834786575,0.15343889043244682,0.8359284507297862,0.39109003314209007,0.22735403664456688
5,24.747474747474747,0.10370175304476657,0.8799465392477591,0.9516757212885819,0.33407582823180737,0.14989096957406556,0.8422229306033384,0.3884871766603406,0.22366241325276406
5,25.252525252525253,0.10357473324753366,0.8800735590449921,0.9592135430701252,0.3300019983693399,0.1464269776549897,0.8484772714350756,0.38586603283514675,0.22002921624622077
5,25.757575757575758,0.10345895719721794,0.8801893350953078,0.9666481351897722,0.3259494745740842,0.1430449093305983,0.854691157813307,0.3832277979932604,0.21645356470987573
5,26.262626262626263,0.10335313118504119,0.8802951611074846,0.9739800571376493,0.3219196542724131,0.1397428076843923,0.8608642929032021,0.3805736377354889,0.21293458987775216
5,26.767676767676768,0.10325604307152912,0.8803922492209967,0.981209899932867,0.31791385725434396,0.13651876190724377,0.8669963977533963,0.3779046878199768,0.20947143494306986
5,27.272727272727273,0.1031667066555934,0.8804815856369324,0.9883382860872281,0.3139333255370884,0.13337090747013822,0.8730872111392582,0.3752220544068752,0.20606325497030953
5,27.77777777777778,0.10308419980816862,0.8805640924843572,0.9953658662357182,0.3099792290111075,0.13029742384762902,0.8791364888661204,0.3725268149451601,0.20270921670516268
5,28.282828282828284,0.10300775955424439,0.8806405327382815,1.0022933190459495,0.30605266558146527,0.12729653446704003,0.8851440035919309,0.3698200184428296,0.19940849848168268
5,28.78787878787879,0.10293669020706249,0.8807116020854634,1.0091213482584354,0.30215466596697604,0.12436650486904337,0.8911095442046909,0.3671026862647295,0.19616029004702268
5,29.292929292929294,0.10287039948071591,0.88077789281181,1.015850682355844,0.2982861944096025,0.12150564232900833,0.8970329155982978,0.36437581245950273,0.19296379245864262
5,29.7979797979798,0.1028083516929516,0.8808399405995743,1.022482071934609,0.2944481528408666,0.11871229431897917,0.9029139381061942,0.3616403644900044,0.18981821792024453
5,30.303030303030305,0.10275009148865959,0.8808982008038663,1.029016289405425,0.2906413815897056,0.1159848480993242,0.9087524472800006,0.35889728355774225,0.18672278967870024
5,30.80808080808081,0.1026951986030121,0.8809530936895139,1.0354541264166703,0.28686666348136003,0.11332172919642441,0.9145482933299345,0.3561474853250128,0.18367674186149588
5,31.313131313131315,0.10264332468604205,0.881004967606484,1.041796393778314,0.28312472417408074,0.11072140114206022,0.9203013409390348,0.3533918601975035,0.18067931937990483
5,31.81818181818182,0.10259414306498356,0.8810541492275424,1.0480439188769661,0.2794162362980407,0.10818236391944797,0.9260114687006853,0.3506312740499185,0.17772977776583931
5,32.323232323232325,0.10254738484633394,0.881100907446192,1.0541975457255586,0.27574181961497246,0.10570315375392382,0.9316785689518943,0.34786656848614783,0.17482738307840096
5,32.82828282828283,0.10250280163835901,0.8811454906541669,1.060258132546691,0.272102044876505,0.10328234167125873,0.9373025472366459,0.3450985615344875,0.1719714117453098
5,33.333333333333336,0.10246018342646163,0.8811881088660644,1.066226551683718,0.2684974342437559,0.10091853316698107,0.9428833221175398,0.3423280479333891,0.16916115046551428
5,33.83838383838384,0.10241934185221066,0.8812289504403154,1.072103687618098,0.26492846446646967,0.09861036700988729,0.9484208247045985,0.3395557997496152,0.1663958960622294
5,34.343434343434346,0.10238011711544956,0.8812681751770765,1.0778904370240614,0.26139556713381745,0.09635651493657602,0.9539149984904486,0.33678256663635536,0.16367495538963928
5,34.84848484848485,0.10234236383275837,0.8813059284597676,1.0835877063801298,0.2578991324192447,0.09415568029508053,0.9593657988158605,0.33400907652576045,0.1609976451748222
5,35.35353535353536,0.10230594746265019,0.8813423448298758,1.089196410915549,0.2544395109181088,0.09200659726079725,0.9647731925376389,0.3312360360836596,0.1583632918951446
5,35.85858585858586,0.102270764374149,0.8813775279183771,1.0947174760303329,0.25101701192131826,0.08990803114280377,0.9701371580751242,0.3284641307190745,0.15577123172224439
5,36.36363636363637,0.10223671735204701,0.8814115749404791,1.100151833981988,0.2476319085047616,0.08785877660770525,0.9754576847325791,0.3256940254451799,0.15322081033868407
5,36.86868686868687,0.10220370068034623,0.8814445916121798,1.1055004215924955,0.2442844411498338,0.08585765635212549,0.9807347721776257,0.3229263655567757,0.1507113827820417
5,37.37373737373738,0.10217163903713634,0.8814766532553897,1.1107641836265778,0.24097481317840067,0.08390352228947627,0.9859684307914933,0.3201617762822164,0.14824231344273325
5,37.87878787878788,0.10214047994461238,0.8815078123479136,1.1159440712749653,0.2377031932535514,0.08199525456593806,0.9911586812666309,0.31740086332071077,0.1458129759291014
5,38.38383838383839,0.10211014010466034,0.8815381521878657,1.1210410357750191,0.2344697249171678,0.08013175840226787,0.9963055534524148,0.3146442142645827,0.14342275279944555
5,38.88888888888889,0.10208056066069178,0.8815677316318343,1.1260560337325096,0.23127451919975212,0.07831196616219303,1.001409087015973,0.3118923978846666,0.14107103561580334
5,39.3939393939394,0.1020517149116994,0.8815965773808268,1.1309900276358689,0.22811765418102964,0.07653483727755626,1.0064693313678181,0.3091459642801914,0.13875722486843356
5,39.8989898989899,0.10202354575299648,0.8816247465395296,1.1358439774289684,0.2249991875051494,0.0747993541603369,1.0114863441514423,0.30640544672400394,0.13648072964099675
5,40.40404040404041,0.10199601246240776,0.8816522798301183,1.1406188458339146,0.22191914897294623,0.07310452428759409,1.0164601919332519,0.30367136091072433,0.13424096767246696
5,40.909090909090914,0.10196909143063862,0.8816792008618874,1.1453155993004407,0.2188775394291794,0.07144938036483472,1.0213909502129679,0.30094420500386404,0.13203736529961127
5,41.41414141414142,0.10194274870080683,0.8817055435917193,1.149935200972629,0.21587434134704184,0.06983297677478414,1.026278702093017,0.2982244612754189,0.12986935714800715
5,41.919191919191924,0.10191695762749743,0.8817313346650286,1.1544786143368115,0.21290951378862116,0.06825439096902208,1.0311235387289257,0.29551259563242116,0.1277363861550962
5,42.42424242424243,0.10189169588892565,0.8817565964036004,1.1589468042237603,0.2099829911906719,0.06671272368002276,1.0359255593872683,0.29280905760366394,0.1256379035255109
5,42.929292929292934,0.10186694106155078,0.8817813512309752,1.1633407314958992,0.20709469150694126,0.06520709609161442,1.0406848703208467,0.290114281744191,0.1235733684514055
5,43.43434343434344,0.10184267228602367,0.8818056200065023,1.167661355389083,0.2042445130296911,0.0637366506756807,1.045401585055173,0.28742868735030425,0.12154224811096583
5,43.939393939393945,0.1018188786437891,0.8818294136487369,1.1719096366691955,0.20143232993209537,0.06230055249316382,1.0500758248543427,0.2847526779550498,0.11954401770705081
5,44.44444444444445,0.10179554312286572,0.8818527491696603,1.1760865298978103,0.19865800411018805,0.060897985086456316,1.0547077171031745,0.2820866433305493,0.11757816008271937
5,44.949494949494955,0.10177264700786123,0.8818756452846648,1.1801929851492037,0.19592138288904823,0.059528151056202905,1.0592973954939986,0.2794309593198194,0.1156441657026252
5,45.45454545454546,0.10175017143862997,0.8818981208538961,1.1842299484189873,0.19322229868589091,0.05819027198957649,1.0638449999635984,0.27678598796908854,0.11374153258375629
5,45.959595959595966,0.10172809525299595,0.8819201970395301,1.1881983603155963,0.1905605712414435,0.05688358753741493,1.0683506763022583,0.27415207805449104,0.11186976615969373
5,46.46464646464647,0.10170642370082443,0.8819418685917016,1.1920991671317283,0.18793599127086508,0.0556073606918613,1.0728145781412757,0.2715295627440355,0.11002837963113205
5,46.969696969696976,0.10168515900610009,0.881963133286426,1.1959333087559594,0.18534833888037167,0.05436087145812365,1.0772368644895383,0.2689187626208615,0.10821689340604353
5,47.47474747474748,0.10166426999771813,0.881984022294808,1.1997017062134614,0.1827974025406232,0.053143410340369984,1.0816176971988238,0.266319988792356,0.1064348345252634
5,47.979797979797986,0.10164373895594413,0.8820045533365819,1.2034052799589137,0.18028295189733975,0.05195428723820122,1.085957244339158,0.2637335388804166,0.10468173729686857
5,48.484848484848484,0.10162354511901747,0.8820247471735086,1.2070449429434513,0.17780474844914515,0.050792827701858285,1.0902556787261621,0.2611596988512956,0.1029571429389854
5,48.98989898989899,0.10160368402130772,0.8820446082712183,1.2106216094205817,0.1753625325293021,0.0496583771445709,1.0945131795279246,0.2585987411273528,0.10126059986116584
5,49.494949494949495,0.10158419311177551,0.8820640991807506,1.214136206714899,0.1729560058179228,0.04855030656163287,1.0987299344584809,0.25605092198948115,0.09959166406848113
5,50.0,0.10156502959687602,0.8820832626956501,1.2175896172761542,0.17058491902209155,0.04746798279620888,1.1029061281683508,0.25351649567002194,0.09794989667807048
5,50.505050505050505,0.10154618153322775,0.8821021107592983,1.2209827307713095,0.16824899355836706,0.04641079476477817,1.1070419524217192,0.25099570210131705,0.09633486599340686
5,51.01010101010101,0.10152763575236184,0.8821206565401642,1.2243164286356483,0.16594794512406486,0.045378145334741674,1.1111376029010491,0.2484887708343425,0.09474614678105155
5,51.515151515151516,0.10150937888597455,0.8821389134065515,1.2275915845498815,0.16368148322379414,0.044369451320779026,1.115193279177625,0.24599592112713067,0.09318332021168771
5,52.02020202020202,0.10149144473377106,0.8821568475587549,1.230809097950651,0.1614492601579656,0.04338416098583807,1.1192091916797786,0.24351735350060955,0.09164597533605508
5,52.525252525252526,0.10147380473052703,0.882174487561999,1.233969815700807,0.159250991116456,0.042421712277191714,1.1231855449692647,0.24105327018296366,0.09013370536421474
5,53.03030303030303,0.10145645346852518,0.8821918388240008,1.2370745927968325,0.15708636155835218,0.041481564739270047,1.1271225504707894,0.23860385964046188,0.08864611040519195
5,53.535353535353536,0.10143938591551953,0.8822089063770064,1.2401242758759101,0.1549550527010724,0.040563190517472314,1.1310204228476781,0.23616930104927,0.08718279661949493
5,54.04040404040404,0.10142259738409935,0.8822256949084266,1.2431197029403809,0.15285674219838266,0.039666073955691106,1.1348793798129835,0.2337497645782828,0.0857433761251768
5,54.54545454545455,0.10140608480363954,0.8822422074888865,1.2460617173617503,0.1507910819883263,0.03878971974437811,1.13869964552402,0.23134540722076663,0.08432746777165656
5,55.05050505050505,0.1013898443680524,0.8822584479244736,1.248951142154578,0.14875773966151942,0.03793363727835736,1.1424814440066886,0.22895638101058874,0.08293469549916582
5,55.55555555555556,0.10137387249900533,0.8822744197935206,1.2517887905960148,0.14675638172015695,0.037097346778283025,1.146225001700686,0.22658282990885928,0.08156468890689766
5,56.06060606060606,0.10135816619536164,0.8822901260971643,1.2545754701168383,0.14478666759452166,0.03628038138309485,1.149930548316207,0.22422488878796704,0.0802170834122689
5,56.56565656565657,0.10134272275626527,0.8823055695362607,1.2573119793260867,0.1428482546374718,0.03548228513089628,1.1535983159675323,0.22188268455599544,0.07889151999291522
5,57.07070707070707,0.1013275361470831,0.8823207561454429,1.2599991121535195,0.14094079119140554,0.03470261574952983,1.1572285404781986,0.2195563345295815,0.07758764550866293
5,57.57575757575758,0.10131260001159464,0.8823356922809313,1.2626376540266706,0.13906392339795315,0.033940941669831144,1.1608214599780768,0.21724594827022792,0.07630511226813812
5,58.08080808080808,0.10129791244049932,0.8823503798520267,1.2652283759429874,0.1372173056392823,0.03319683751218509,1.1643773127848203,0.214951630335857,0.0750435773957657
5,58.58585858585859,0.10128346903118146,0.8823648232613446,1.2677720425746852,0.13540058676873842,0.03246988975103115,1.1678963400561722,0.21267347693077418,0.07380270352949657
5,59.09090909090909,0.1012692650826267,0.8823790272098992,1.2702694094252873,0.1336134152306266,0.031759694438540945,1.171378784720054,0.210411577316087,0.07258215848030183
5,59.5959595959596,0.10125529651277053,0.8823929957797555,1.272721224659254,0.13185543608375852,0.0310658583514422,1.1748248920068336,0.2081660131658336,0.07138161534377574
5,60.101010101010104,0.10124156170488795,0.8824067305876381,1.2751282328055118,0.13012628475986968,0.03038800152907325,1.178234910631444,0.20593685708704026,0.07020075279795854
5,60.60606060606061,0.10122805412085698,0.882420238171669,1.2774911598375278,0.12842561327201063,0.029725745984916348,1.1816090875170708,0.20372417944892884,0.0690392535504433
5,61.111111111111114,0.10121476878922585,0.8824335235033002,1.2798107262392218,0.1267530676597115,0.029078725195521415,1.1849476722240535,0.20152804272579858,0.06789680556659074
5,61.61616161616162,0.10120170042464308,0.8824465918678829,1.2820876431911221,0.12510829484585972,0.02844658105747299,1.1882509155250545,0.1993485033710795,0.06677310162030888
5,62.121212121212125,0.1011888434033883,0.8824594488891376,1.2843226124885947,0.12349094299102206,0.02782896361483815,1.1915190692742168,0.1971856120265956,0.06566783921563046
5,62.62626262626263,0.1011762020468051,0.8824720902457208,1.2865163380424518,0.12190064190630204,0.027225539145701028,1.1947523900928019,0.1950394088265919,0.06458072159704908
5,63.131313131313135,0.10116376775778536,0.8824845245347406,1.2886695001343016,0.12033704759163087,0.026635971368522367,1.1979511307822441,0.19290993447544647,0.06351145525875208
5,63.63636363636364,0.10115153667317671,0.8824967556193493,1.290782775197235,0.11879980839275237,0.02605993550446761,1.201115546738134,0.1907972220450136,0.0624597517332951
5,64.14141414141415,0.10113950501215375,0.8825087872803722,1.292856830534791,0.11728857430715604,0.025497114252507794,1.2042458941061815,0.18870129938581953,0.06142532702444168
5,64.64646464646465,0.10112766908528815,0.8825206232072378,1.2948923242768742,0.11580299727351479,0.024947197544065748,1.2073424296637942,0.18662218932036523,0.060407901532283294
5,65.15151515151516,0.1011160268340815,0.8825322654584444,1.2968899118453896,0.11434271983446351,0.024409887414601844,1.2104054131297164,0.18455990667655212,0.05940720071017418
5,65.65656565656566,0.10110457524497654,0.8825437170475494,1.2988502348722533,0.1129073951402433,0.023884889081958238,1.2134351029285755,0.182514463838884,0.05842295374898318
5,66.16161616161617,0.10109331123127348,0.8825549810612524,1.3007739248679029,0.11149668060727833,0.02337191361927364,1.2164317574572199,0.18048586913964382,0.057454893919578906
5,66.66666666666667,0.10108223231818922,0.8825660599743367,1.3026616060524863,0.11011023307224097,0.022870679969727678,1.219395636038746,0.17847412565651205,0.056502758821184565
5,67.17171717171718,0.10107133630244218,0.8825769559900837,1.304513893825267,0.10874771173646729,0.022380913532720606,1.2223269982496208,0.17647923212743558,0.05556629013938609
5,67.67676767676768,0.10106061940947848,0.8825876728830474,1.3063313970463288,0.10740877380915563,0.021902348238970207,1.2252261049970958,0.17450118154866964,0.05464523397067705
5,68.18181818181819,0.10105007750973337,0.8825982147827925,1.3081147165683233,0.10609307765690446,0.021434724869226884,1.2280932176585022,0.17253996235915708,0.053739340498783095
5,68.68686868686869,0.10103970942176688,0.882608582870759,1.3098644412099942,0.10480029107407596,0.02097778681038449,1.230928595898365,0.17059556138930726,0.05284836322877018
5,69.1919191919192,0.10102951273328499,0.882618779559241,1.3115811529017498,0.10353008119335441,0.02053128499935055,1.2337325002259671,0.1686679604838354,0.05197205980663975
5,69.6969696969697,0.10101948512866205,0.8826288071638638,1.3132654250810185,0.10228211790829932,0.02009497610513686,1.2365051910641556,0.1667571377802102,0.05111019167207653
5,70.20202020202021,0.10100962393270428,0.8826386683598215,1.3149178232895113,0.1010560726886621,0.019668623116281193,1.2392469290832204,0.16486306728583033,0.05026252414739142
5,70.70707070707071,0.10099992484140446,0.8826483674511214,1.3165389067944124,0.09985161498904875,0.019251997310993488,1.2419579762911857,0.16298571742241533,0.0494288268028413
5,71.21212121212122,0.1009903861705316,0.8826579061219942,1.3181292232602306,0.09866842499137826,0.018844870842845758,1.244638591990404,0.1611250565798405,0.04860887194619774
5,71.71717171717172,0.10098100515567701,0.8826672871368488,1.319689313431304,0.0975061828182054,0.018447022844945277,1.2472890361293343,0.1592810485727379,0.04780243581436994
5,72.22222222222223,0.10097177896786425,0.8826765133246616,1.32121970987537,0.09636457170497086,0.01805823751411381,1.249909568267043,0.15745365408739606,0.04700929816200323
5,72.72727272727273,0.1009627046999179,0.882685587592608,1.3227209370233959,0.09524327812551021,0.017678303945548403,1.2525004474952917,0.15564283082118915,0.04622924219996131
5,73.23232323232324,0.10095378113401314,0.8826945111585127,1.3241935140885206,0.09414198491935505,0.017307020086579063,1.2550619346014822,0.1538485305344564,0.04546205538050363
5,73.73737373737374,0.10094500488409312,0.8827032874084327,1.3256379488924972,0.09306038652001668,0.016944183681940717,1.2575942871547745,0.15207070585314622,0.04470752750852156
5,74.24242424242425,0.10093637323112288,0.882711919061403,1.3270547425104804,0.09199817788730709,0.016589598696667124,1.26009776301228,0.1503093054699064,0.043965452034255705
5,74.74747474747475,0.1009278834686182,0.8827204088239077,1.3284443882749972,0.0909550571506901,0.016243073668767264,1.2625726194349278,0.14856427539436354,0.043235625687150815
5,75.25252525252526,0.10091953285678112,0.8827287594357447,1.3298073717636762,0.08993072586143355,0.015904421469344822,1.2650191129690005,0.1468355591484259,0.04251784839901574
5,75.75757575757576,0.10091132005634985,0.8827369722361761,1.3311441726852336,0.08892488460296247,0.01557346180625877,1.2674375008153915,0.1451230958981956,0.041811923802855026
5,76.26262626262627,0.100903242819743,0.8827450494727829,1.3324552619993455,0.0879372402582552,0.015250016836854091,1.269828038462597,0.1434268237690985,0.04111765828474653
5,76.76767676767678,0.10089529850331465,0.8827529937892112,1.3337411026290398,0.08696750449059854,0.014933911974816444,1.2721909801359643,0.14174667925409914,0.04043486112637859
5,77.27272727272728,0.10088748493358286,0.882760807358943,1.335002150623849,0.08601539112185629,0.01462497734874949,1.274526579600303,0.14008259613170357,0.03976334478443556
5,77.77777777777779,0.1008798000115796,0.8827684922809463,1.3362388547160375,0.08508061744098862,0.01432304693742859,1.2768350897027905,0.1384345061315185,0.039102924682133035
5,78.28282828282829,0.100872241624753,0.882776050667773,1.3374516571261685,0.08416290218831064,0.014027959779975644,1.2791167630662021,0.13680233798732416,0.038453419462915805
5,78.7878787878788,0.10086480769053816,0.8827834846019879,1.3386409933218475,0.08326196648043253,0.01373955929217483,1.2813718517194619,0.1351860179879803,0.03781465080899995
5,79.2929292929293,0.10085749637193415,0.8827907959205918,1.3398072904089444,0.08237753857677596,0.01345769010873447,1.283600605339959,0.13358547248503663,0.037186442691446546
5,79.7979797979798,0.10085030583650703,0.8827979864560189,1.3409509691527748,0.08150934844898879,0.013182201492691285,1.2858032731808038,0.13200062520645722,0.03656862212918103
5,80.30303030303031,0.10084323433607893,0.882805057956447,1.3420724434496876,0.08065712951254954,0.012912946132217766,1.2879801034098746,0.13043139821840066,0.03596101888816678
5,80.80808080808082,0.1008362800167026,0.8828120122758234,1.3431721205333589,0.0798206181050906,0.012649780456005375,1.2901313433128352,0.12887771166089954,0.03536346554270727
5,81.31313131313132,0.10082944016269868,0.8828188521298272,1.3442504015636543,0.07899955133693336,0.012392566193867407,1.2922572402295422,0.12733948242547774,0.03477579786142214
5,81.81818181818183,0.10082271349663387,0.8828255787958921,1.3453076801497013,0.07819367373133464,0.0121411652134191,1.29435803853031,0.12581662854607964,0.03419785344005245
5,82.32323232323233,0.10081609823121665,0.8828321940613093,1.3463443437446296,0.07740273164610048,0.011895443703724778,1.2964339820971937,0.1243090656478886,0.03362947277135969
5,82.82828282828284,0.10080959260457736,0.8828386996879486,1.3473607733615642,0.0766264748380844,0.01165527089480623,1.2984853135870964,0.12281670803902026,0.0330704988903254
5,83.33333333333334,0.10080319487791659,0.8828450974146094,1.3483573436530527,0.07586465648131129,0.011420518960090912,1.3005122743915836,0.1213394687970723,0.032520777327786084
5,83.83838383838385,0.10079690305803941,0.8828513892344865,1.349334423243644,0.07511703060496301,0.011191065245848014,1.3025151059986289,0.11987725778893157,0.03198015672888149
5,84.34343434343435,0.10079071547335536,0.8828575768191705,1.3502923742771362,0.07438335753553213,0.010966787281786699,1.3044940470052577,0.11842998610208105,0.03144848740910309
5,84.84848484848486,0.10078463036576,0.8828636619267659,1.3512315528693777,0.07366340010949152,0.010747566115585876,1.3064493351450737,0.11699756308290417,0.030925622288464145
5,85.35353535353536,0.10077864596054988,0.8828696463319761,1.352152309121197,0.07295692436916375,0.010533285604094238,1.3083812068798164,0.11557989696612249,0.03041141667050299
5,85.85858585858587,0.1007727604760672,0.8828755318164587,1.3530549871867927,0.07226369969335304,0.010323832214309332,1.3102898972980466,0.11417689505146669,0.02990572816692858
5,86.36363636363637,0.10076697253924381,0.8828813197532821,1.353939925393991,0.0715834973745396,0.010119096325924459,1.3121756409148617,0.11278846253232858,0.029408417069251604
5,86.86868686868688,0.10076128055449604,0.8828870117380299,1.354807456265692,0.07091609276150072,0.009918970067262323,1.3140386703921088,0.1114145044392352,0.028919345685097905
5,87.37373737373738,0.10075568275373556,0.8828926095387903,1.3556579066056182,0.07026126508169887,0.009723347407137928,1.3158792166118527,0.11005492555632496,0.02843837834826407
5,87.87878787878789,0.10075017752199769,0.8828981147705283,1.3564915976100846,0.06961879632477541,0.009532125159594958,1.3176975092974472,0.10870962951758825,0.027965381701406274
5,88.3838383838384,0.10074476326023886,0.8829035290322871,1.357308844936073,0.06898847170268418,0.009345202455697914,1.3194937767150428,0.10737851928048973,0.027500224520909278
5,88.8888888888889,0.10073943853035804,0.8829088537621678,1.3581099587507488,0.06837007897199451,0.009162481371711724,1.321268246068671,0.10606149655044766,0.027042777897322824
5,89.3939393939394,0.100734202032429,0.8829140902600968,1.358895243817232,0.06776340853110116,0.008983866746122015,1.3230211434088612,0.10475846194580246,0.02659291516177806
5,89.89898989898991,0.10072905218934737,0.8829192401031785,1.3596649996651875,0.06716825533052595,0.008809264098741684,1.3247526924030348,0.10346931689534739,0.026150511218059443
5,90.40404040404042,0.10072398759711235,0.8829243046954135,1.3604195205743892,0.06658441678542512,0.008638581734640752,1.3264631156156301,0.10219396171562915,0.025715443185182287
5,90.90909090909092,0.10071900688993506,0.8829292854025907,1.3611590956847148,0.06601169339062551,0.008471730019114831,1.3281526340916365,0.10093229627074311,0.02528759015406197
5,91.41414141414143,0.10071410871361244,0.8829341835789134,1.361884009034779,0.06544988853726295,0.008308621522413169,1.3298214674634787,0.09968421983114896,0.024866833221814023
5,91.91919191919193,0.10070929157187586,0.88293900072065,1.3625945394103922,0.06489880756238434,0.008149172121678566,1.331469834639836,0.09844963002693263,0.024453055849673104
5,92.42424242424244,0.10070455425948917,0.8829437380330367,1.3632909610714683,0.06435826034160835,0.007993297681378487,1.3330979518064145,0.09722842598396059,0.024046142726066467
5,92.92929292929294,0.10069989550417245,0.8829483967883535,1.3639735432944284,0.06382805910431799,0.007840916695708577,1.3347060340512886,0.09602050581981247,0.02364598064534049
5,93.43434343434345,0.10069531406497059,0.8829529782275553,1.364642550597971,0.06330801900507312,0.0076919494914110785,1.336294294899152,0.09482576739367442,0.023252458223615283
5,93.93939393939395,0.10069080873254191,0.8829574835599839,1.3652982428219986,0.06279795810277232,0.0075463181696841354,1.3378629462948992,0.09364410835702776,0.0228654658645148
5,94.44444444444446,0.10068637804788898,0.8829619142446369,1.3659408746651944,0.062297696529717055,0.0074039478995436584,1.3394121994180073,0.09247542487589483,0.022484896222539456
5,94.94949494949496,0.10068202087765474,0.8829662714148712,1.3665706968695233,0.061807058125183646,0.007264764099748121,1.3409422629694268,0.09131961439452181,0.022110643152493017
5,95.45454545454547,0.10067773603676812,0.8829705562557577,1.367187955573063,0.06132586932803152,0.007128694193360522,1.342453344269483,0.09017657390427657,0.021742602342681924
5,95.95959595959597,0.10067352233336359,0.8829747699591622,1.3677928924747447,0.06085395928427657,0.00699566733543384,1.3439456491097652,0.08904620020491408,0.02138067120176224
5,96.46464646464648,0.10066937858904788,0.8829789137034779,1.368385744951694,0.060391159883734204,0.0068656142590268225,1.3454193816777564,0.08792839004952616,0.021024748789159067
5,96.96969696969697,0.10066530365709,0.8829829886354359,1.368966745704099,0.059937305400976505,0.006738467989379494,1.3468747450122875,0.08682303941957156,0.020674736084582417
5,97.47474747474747,0.10066129639450686,0.8829869958980191,1.3695361234270254,0.05949223293165559,0.006614162735774116,1.348311940345577,0.08573004463058342,0.020330535540281164
5,97.97979797979798,0.10065735565842612,0.8829909366340998,1.3700941029414706,0.059055782410010464,0.006492633742973893,1.3497311670315597,0.08464930247389561,0.019992051010986254
5,98.48484848484848,0.10065348032396874,0.8829948119685571,1.3706409048460801,0.05862779625512753,0.0063738179932474465,1.3511326229939182,0.08358070950387939,0.019659188018643886
5,98.98989898989899,0.10064966927590688,0.882998623016619,1.3711767457529995,0.058208119469613975,0.006257653871841515,1.35251650454079,0.08252416236648899,0.019331853609162602
5,99.4949494949495,0.10064592147096577,0.8830023708215601,1.3717018381132127,0.05779659949055544,0.006144081490686803,1.3538830065776257,0.0814795574631556,0.01900995647566015
5,100.0,0.1006422359467789,0.883006056345747,1.3722163902502678,0.057393086142702825,0.006033042701484138,1.355232322633653,0.08044679092958919,0.01869340695319947
6,0.0,0.48510513041756315,0.4994710198353717,0.5413081437462693,0.5025241280008803,0.4519130296024544,0.5400238318985234,0.5349645102635483,0.5136386500048842
6,0.5050505050505051,0.4400624727641474,0.5445136774887875,0.5533396184883393,0.5012288921797299,0.4411767906815346,0.5485194924285617,0.5345716161046161,0.5055358836337788
6,1.0101010101010102,0.4002139107333185,0.5843622395196164,0.5653138153075964,0.49972164498753396,0.43070984105447346,0.5570098603160298,0.5340621042257611,0.49755502762516585
6,1.5151515151515151,0.3649880023032376,0.6195881479496974,0.5772273377988348,0.4980139085507898,0.4205040549999791,0.5654931507748928,0.5334394278621017,0.4896944135299621
6,2.0202020202020203,0.3338696698104865,0.6507064804424484,0.5890769614535885,0.4961166985687344,0.4105516413272807,0.5739676351995855,0.5327069913500906,0.4819523656172808
6,2.5252525252525255,0.306397655667249,0.6781784945856859,0.6008596124181977,0.494040502694743,0.4008451862366629,0.5824316384118674,0.5318681227797,0.4743272309753895
6,3.0303030303030303,0.28215873813568093,0.7024174121172541,0.6125723555808809,0.4917953325525767,0.39137761321614606,0.5908835348702479,0.5309260801747142,0.46681737712199484
6,3.5353535353535355,0.2607836184020344,0.7237925318509006,0.6242123894871622,0.4893907521354281,0.38214215972701326,0.5993217475565167,0.5298840527507023,0.45942119185973795
6,4.040404040404041,0.241942483884952,0.7426336663679829,0.6357770413755763,0.48683590765334417,0.37313235232068287,0.6077447468131992,0.5287451622883107,0.45213708306544703
6,4.545454545454546,0.22534152740196875,0.7592346228509661,0.6472637640640152,0.4841395496449072,0.364341987640681,0.6161510493966753,0.5275124642867896,0.44496347848349205
6,5.050505050505051,0.21071947269151992,0.773856677561415,0.6586701327801446,0.48131005505079394,0.3557651135186649,0.6245392174327796,0.5261889492386351,0.43789882549554215
6,5.555555555555556,0.19784459203244706,0.7867315582204879,0.6699938427632662,0.47835544560495213,0.34739601298138517,0.6329078574760757,0.5247775437764055,0.4309415909144759
6,6.0606060606060606,0.18651141153390383,0.7980647387190312,0.6812327067592813,0.4752834078917889,0.3392291866985332,0.641255619441885,0.5232811119772643,0.42409026074780776
6,6.565656565656566,0.1765376905419138,0.8080384597110212,0.6923846519036745,0.4721013128691766,0.33125933657675233,0.6495811955503686,0.5217024566579749,0.4173433399586137
6,7.070707070707071,0.16776189927184396,0.8168142509810911,0.7034477179020447,0.4688162309442692,0.32348135250328947,0.6578833193780885,0.5200443205422379,0.4106993522466308
6,7.575757575757576,0.16004117051554292,0.824534979737392,0.7144200552195146,0.4654349446684824,0.31589030146160646,0.6661607650034784,0.5183093873159268,0.404156839847552
6,8.080808080808081,0.1532494037042898,0.8313267465486451,0.7252999231546682,0.46196396086224173,0.3084814173326935,0.6744123461605573,0.5165002826735554,0.3977143633328444
6,8.585858585858587,0.1472753791534697,0.8373007710994653,0.7360856876735569,0.4584095230585765,0.3012500906174701,0.682636915363628,0.5146195754013952,0.39137050140193413
6,9.090909090909092,0.1420211311976456,0.8425550190552894,0.7467758191758851,0.4547776227749554,0.2941918593987628,0.690833363027895,0.5126697784698363,0.3851238506692261
6,9.595959595959597,0.13740006410104508,0.8471760861518899,0.7573688903682925,0.45107401188857754,0.28730239909273336,0.699000616597881,0.5106533501118878,0.3789730254571885
6,10.101010101010102,0.1333354481960472,0.8512407020568877,0.7678635740601232,0.4473042132320485,0.28057751405743164,0.7071376397267369,0.5085726948431523,0.37291665759706816
6,10.606060606060607,0.12975999121324677,0.8548161590396882,0.778258641175986,0.4434735255346086,0.2740131346390087,0.7152434315587741,0.5064301643683858,0.3669533962397973
6,11.111111111111112,0.12661452253207037,0.8579616277208646,0.7885529583082307,0.43958703349607275,0.26760530954529993,0.7233170259357077,0.5042280585694578,0.3610819076617917
6,11.616161616161618,0.12384701244284994,0.8607291378100851,0.7987454858105902,0.43564961540282005,0.2613502001361929,0.7313574906370117,0.5019686264558574,0.35530087507408814
6,12.121212121212121,0.12141173564873761,0.8631644146041975,0.8088352753345682,0.43166595085334325,0.2552440751616917,0.7393639266402933,0.49965406709189214,0.3496089984347716
6,12.626262626262626,0.11926833740526614,0.865307812847669,0.8188214671053302,0.4276405293752898,0.24928330486898317,0.7473354673816099,0.49728653052240424,0.34400499426294306
6,13.131313131313131,0.11738132913094473,0.8671948211219904,0.8287032877734474,0.4235776560320119,0.24346435754414386,0.7552712780625281,0.49486811864716856,0.3384875954572605
6,13.636363636363637,0.11571944153909369,0.8688567087138415,0.8384800479662505,0.4194814582124688,0.23778379517088385,0.7631705549497945,0.4924008861019191,0.33305555111524354
6,14.141414141414142,0.1142552223519612,0.870320927900974,0.8481511398914178,0.41535589112907345,0.23223827032911187,0.7710325247094909,0.4898868411001936,0.32770762635727263
6,14.646464646464647,0.11296460947607684,0.8716115407768584,0.8577160348490949,0.4112047436019332,0.22682452289857508,0.7788564437509365,0.4873279462625304,0.3224426021534902
6,15.151515151515152,0.11182646081078808,0.8727496894421471,0.8671742806715216,0.4070316441683249,0.22153937650975672,0.7866415975695699,0.48472611944660143,0.31725927515078584
6,15.656565656565657,0.11082220168046295,0.8737539485724722,0.8765254992915478,0.40284006641978165,0.2163797356382737,0.7943873001074583,0.4820832345573245,0.3121564575021744
6,16.161616161616163,0.10993549504938112,0.874640655203554,0.8857693842219468,0.39863333438155407,0.21134258274610226,0.8020928931319442,0.47940112233506704,0.3071329766999461
6,16.666666666666668,0.10915199695289828,0.8754241533000369,0.8949056982022204,0.3944146272165321,0.2064249759308507,0.8097577456273651,0.47668157112941695,0.30218767541017516
6,17.171717171717173,0.10845911641179472,0.8761170338411404,0.9039342707477205,0.3901869840667613,0.20162404653512145,0.8173812531960326,0.4739263276616464,0.2973194113092783
6,17.67676767676768,0.10784578618181045,0.8767303640711246,0.9128549957268384,0.3859533088038019,0.19693699681896285,0.8249628374640302,0.4711370977815621,0.292527056921365
6,18.181818181818183,0.10730231458440327,0.8772738356685318,0.9216678289535514,0.38171637437736333,0.19236109801868848,0.8325019455154277,0.46831554719107976,0.2878094994604499
6,18.68686868686869,0.10682019372331016,0.8777559565296249,0.9303727857946408,0.3774788273627576,0.18789368819220484,0.8399980493225476,0.46546330217228105,0.2831656406721287
6,19.191919191919194,0.10639195910339226,0.8781841911495428,0.9389699388660341,0.37324319213101603,0.18353217035255304,0.8474506451921704,0.46258195029711335,0.27859439667767355
6,19.6969696969697,0.10601104739635388,0.8785651028565812,0.9474594157038315,0.36901187506964656,0.1792740105761252,0.8548592532139639,0.459673041134388,0.2740946978186054
6,20.202020202020204,0.10567170598832491,0.8789044442646101,0.9558413965753799,0.3647871683641765,0.1751167364100468,0.8622234167362477,0.4567380869250912,0.26966548850561833
6,20.70707070707071,0.10536888893310421,0.8792072613198308,0.9641161122458095,0.3605712539097638,0.17105793519402993,0.8695427018373845,0.45377856326281,0.26530572706676275
6,21.212121212121215,0.10509816974871541,0.8794779805042198,0.9722838418034888,0.35636620706745686,0.1670952524786575,0.8768166968109938,0.4507959097580753,0.26101438559788803
6,21.71717171717172,0.10485566279195645,0.8797204874609786,0.9803449105133768,0.3521740003405466,0.16322639049567997,0.8840450116558772,0.4477915306972956,0.25679044981378435
6,22.222222222222225,0.10463796406292095,0.8799381861900142,0.9882996877604743,0.347996506845673,0.159449106743456,0.8912272775874365,0.44476679567679756,0.25263291890272305
6,22.72727272727273,0.10444208717070998,0.8801340630822251,0.9961485850172481,0.34383550376816047,0.15576121256419473,0.8983631465460052,0.44172304024058767,0.24854080538036422
6,23.232323232323235,0.1042654238916382,0.8803107263612969,1.0038920539462617,0.33969267552286436,0.15216057188047744,0.9054522907313587,0.4386615664879326,0.24451313494766597
6,23.73737373737374,0.1041056652488954,0.8804704850040397,1.0115305842390938,0.3355696174552808,0.1486450996552288,0.9124944020931381,0.4355836437316274,0.24054894634219165
6,24.242424242424242,0.10396081520379015,0.880615335049145,1.0190647020926087,0.3314678382547221,0.14521276100227268,0.9194891919313077,0.43249050902989067,0.23664729120575875
6,24.747474747474747,0.10382908156705709,0.880747068685878,1.0264949678429431,0.3273887640700245,0.1418615694366359,0.9264363903500143,0.4293833678866254,0.2328072339303174
6,25.252525252525253,0.1037089176641281,0.8808672325888072,1.0338219747238748,0.3233337404145838,0.13858958621114484,0.9333357459040336,0.42626339473065705,0.2290278515322666
6,25.757575757575758,0.10359895434400775,0.8809771959089275,1.041046346758554,0.31930403574454,0.13539491884650937,0.9401870250983971,0.42313173356338585,0.2253082335051742
6,26.262626262626263,0.10349798642108962,0.8810781638318457,1.0481687372483643,0.3153008439802553,0.13227572012098374,0.946990011982918,0.41998949849782496,0.22164748168621423
6,26.767676767676768,0.10340497986198903,0.8811711703909462,1.0551898272656266,0.3113252869281377,0.12923018715583906,0.9537445077533273,0.4168377742898206,0.21804471012380924
6,27.272727272727273,0.10331900698488186,0.8812571432680534,1.0621103237545657,0.30737841756209655,0.1262565600329412,0.9604503302804853,0.41367761695202393,0.21449904493444788
6,27.77777777777778,0.10323927783231684,0.8813368724206183,1.0689309584326532,0.3034612217816538,0.12335312113529648,0.9671073137727872,0.4105100542151349,0.211009624179035
6,28.282828282828284,0.10316508479350969,0.8814110654594255,1.0756524858153858,0.299574621750814,0.12051819378340368,0.9737153082977561,0.4073360861504412,0.20757559771875986
6,28.78787878787879,0.10309581579140074,0.8814803344615344,1.0822756822613666,0.29571947754389427,0.1177501415443426,0.9802741794598119,0.4041566856138576,0.20419612709328763
6,29.292929292929294,0.10303092454136786,0.8815452257115672,1.0888013440669557,0.29189659027234177,0.1150473670103058,0.9867838079375878,0.40097279885023,0.20087038537913934
6,29.7979797979798,0.10296993877465854,0.8816062114782766,1.0952302866807755,0.2881067035160885,0.11240831115273917,0.9932440891845811,0.3977853459115202,0.19759755707085594
6,30.303030303030305,0.10291243023056428,0.8816637200223708,1.1015633427622205,0.28435050650637744,0.10983145208100537,0.9996549329608299,0.39459522126741853,0.1943768379387087
6,30.80808080808081,0.10285803817449614,0.881718112078439,1.107801361677112,0.28062863509380104,0.10731530457869022,1.0060162630770482,0.3914032941739206,0.19120743491598835
6,31.313131313131315,0.1028064290344109,0.8817697212185243,1.1139452074535034,0.2769416751248495,0.10485841877125048,1.012328016909208,0.38821040930350365,0.18808856595424536
6,31.81818181818182,0.10275732621443562,0.8818188240384995,1.1199957585235165,0.27329016303647724,0.10245937978960963,1.018590145179543,0.38501738707146765,0.18501945991594648
6,32.323232323232325,0.10271047466033875,0.8818656755925964,1.1259539056589656,0.26967458924104903,0.10011680644958891,1.0248026114688018,0.38182502426891335,0.1819993564292417
6,32.82828282828283,0.10266565962496751,0.8819104906279677,1.1318205518359035,0.2660953985958482,0.0978293509178518,1.0309653920140587,0.3786340943696474,0.1790275057832509
6,33.333333333333336,0.1026226871191168,0.8819534631338183,1.1375966103344788,0.2625529934909787,0.09559569752414623,1.0370784752467541,0.3754453481338314,0.17610316878637114
6,33.83838383838384,0.1025813942191551,0.88199475603378,1.1432830049584788,0.2590477338494691,0.09341456254165584,1.0431418616444437,0.3722595138527122,0.17322561666980077
6,34.343434343434346,0.10254162720261116,0.8820345230503239,1.1488806670878202,0.2555799417050263,0.09128469255675725,1.0491555631101155,0.36907729813455253,0.1703941309222887
6,34.84848484848485,0.10250324722056811,0.882072903032367,1.1543905356836575,0.2521499015162325,0.08920486414971372,1.0551196027935204,0.3658993861839772,0.16760800318945934
6,35.35353535353536,0.1024661607752503,0.8821099894776848,1.1598135594216181,0.24875785736494466,0.08717388456304095,1.06103401523757,0.3627264417080708,0.1648665352213162
6,35.85858585858586,0.10243024717588377,0.8821459030770513,1.1651506892241883,0.24540402413938633,0.08519058798602923,1.0668988450685057,0.3595591084934827,0.1621690386049685
6,36.36363636363637,0.10239539867413697,0.8821807515787982,1.1704028813309373,0.2420885833709294,0.08325383664773713,1.072714147283958,0.3563980101500178,0.159514834732981
6,36.86868686868687,0.10236156724668091,0.8822145830062542,1.1755711009858685,0.238811678136879,0.08136252222685622,1.0784799876442095,0.35324374973416683,0.15690325478858066
6,37.37373737373738,0.10232866319100067,0.8822474870619345,1.1806563122778628,0.23557342821901453,0.07951556085272636,1.0841964409391196,0.3500969118144276,0.1543336394134098
6,37.87878787878788,0.10229660844913724,0.8822795418037979,1.1856594824400501,0.23237392411732793,0.07771189479222558,1.08986359147158,0.3469580619891542,0.15180533870622293
6,38.38383838383839,0.10226536340129905,0.882310786851636,1.1905815842841163,0.22921322378885026,0.07595049327663707,1.095481533279928,0.3438277467008458,0.14931771218618334
6,38.88888888888889,0.10223487818032193,0.8823412720726131,1.1954235902408945,0.22609136166670513,0.07423034944200407,1.1010503690193332,0.34070649459949176,0.14687012854813208
6,39.3939393939394,0.10220509985556825,0.8823710503973667,1.2001864725135416,0.22300834873661804,0.07255048009944413,1.1065702098163481,0.33759481678226105,0.1444619655683479
6,39.8989898989899,0.1021759929726853,0.8824001572802498,1.2048712056670154,0.21996416902602542,0.0709099266565627,1.1120411755270785,0.3344932065637941,0.14209261007608467
6,40.40404040404041,0.1021475270741058,0.8824286231788292,1.2094787640160518,0.21695878374043703,0.06930775359311474,1.1174633941414571,0.33140214023792447,0.13976145778757548
6,40.909090909090914,0.1021196686949509,0.8824564815579842,1.214010119429939,0.21399213479182855,0.06774304712783603,1.1228370012527622,0.3283220777643161,0.1374679131498788
6,41.41414141414142,0.1020923908357941,0.882483759417141,1.218466243603682,0.21106414172913654,0.06621491601678502,1.128162140291674,0.325253462561948,0.13521138931333518
6,41.919191919191924,0.10206566957749252,0.8825104806754426,1.2228481070521644,0.20817470350953043,0.06472249078790863,1.1334389621995686,0.32219672195766946,0.132991308009719
6,42.42424242424243,0.10203948116927912,0.8825366690836559,1.227156676276911,0.20532370299516178,0.06326492207753061,1.1386676247495697,0.31915226805192964,0.1308070993654577
6,42.929292929292934,0.1020138065040141,0.8825623437489208,1.2313929164628328,0.20251100320052648,0.06184138168624411,1.1438482929086637,0.31612049735425873,0.12865820190403482
6,43.43434343434344,0.10198863426479098,0.882587515988144,1.2355577921329997,0.1997364465692426,0.060451062647361116,1.148981138822196,0.3131017908637948,0.12654406248096645
6,43.939393939393945,0.10196394225406749,0.8826122079988674,1.2396522593374146,0.1969998670055378,0.05909317500665107,1.1540663401535087,0.31009651610255173,0.12446413591089675
6,44.44444444444445,0.10193971083178677,0.8826364394211482,1.2436772707670738,0.19430108244708724,0.057766948135442385,1.1591040809289987,0.3071050261752994,0.12241788506265901
6,44.949494949494955,0.10191591831935326,0.8826602319335817,1.247633773608488,0.19163989836688153,0.05647162937423406,1.1640945509759968,0.3041276604994585,0.12040478069150194
6,45.45454545454546,0.10189254616210476,0.8826836040908302,1.2515227110104505,0.18901610582414433,0.05520648451500852,1.1690379460639053,0.3011647446994961,0.1184243014035556
6,45.959595959595966,0.10186962606818457,0.8827065241847505,1.255345038260272,0.18642945728185684,0.05397080580747466,1.1739344709178408,0.29821658708617127,0.11647593416294505
6,46.46464646464647,0.10184711580430203,0.882729034448633,1.2591016789175782,0.18387973317858164,0.052763889253443705,1.1787843305070345,0.2952834890760481,0.1145591725838745
6,46.969696969696976,0.10182499740331213,0.8827511528496229,1.2627935588861536,0.1813666906967248,0.051585051766725176,1.1835877365531737,0.29236573751585415,0.11267351809792923
6,47.47474747474748,0.10180324992866778,0.8827729003242673,1.2664215965277243,0.1788900789735226,0.050433625848356575,1.188344905454501,0.2894636072127384,0.11081847949971758
6,47.979797979797986,0.10178184877339277,0.8827943014795423,1.269986702074028,0.17644964025764415,0.049308959017931406,1.1930560580257068,0.28657736130571354,0.1089935728355368
6,48.484848484848484,0.10176084735343126,0.8828153028995037,1.2734898112057376,0.17404505917714935,0.04821043096671693,1.197721426133066,0.28370724339840814,0.10719832263548294
6,48.98989898989899,0.10174020624736826,0.8828359440055668,1.2769318139038097,0.17167607105550492,0.04713741639028905,1.2023412381944056,0.2808534949448892,0.10543225902766207
6,49.494949494949495,0.10171990802839657,0.8828562422245384,1.2803136017701542,0.16934239031018183,0.046089309269267756,1.206915728587476,0.2780163440688538,0.10369491951062701
6,50.0,0.10169993902489237,0.8828762112280426,1.283636060166973,0.167043722654231,0.04506551852839987,1.211445135922127,0.2751960076887513,0.10198584855607862
6,50.505050505050505,0.10168028406758935,0.8828958661853457,1.286900065741315,0.16477976911942507,0.044065466488863676,1.2159297023992783,0.2723926923443642,0.10030459742331434
6,51.01010101010101,0.10166096084317275,0.8829151894097623,1.290106507655059,0.16255019361983716,0.04308860007470773,1.2203696782833737,0.2696065888560318,0.09865072502755151
6,51.515151515151516,0.10164196445940582,0.8829341857935292,1.2932562527084783,0.16035467691175068,0.04213437172937487,1.224765314197993,0.2668378816824534,0.0970237962865104
6,52.02020202020202,0.10162327932785577,0.8829528709250792,1.2963501525287795,0.15819290577917466,0.04120224304164989,1.2291168625508766,0.26408674725844505,0.09542338235763526
6,52.525252525252526,0.10160489986772563,0.8829712503852094,1.299389056270711,0.15606455373150765,0.040291691347385285,1.2334245801552366,0.26135335088866074,0.09384906112305952
6,53.03030303030303,0.10158682087623497,0.8829893293767,1.3023738043626119,0.15396929088867922,0.03940220609831311,1.2376887267373413,0.25863784860697014,0.0923004168226452
6,53.535353535353536,0.10156903837040533,0.8830071118825298,1.3053052359111432,0.15190677230334618,0.038533293135115075,1.2419095667328712,0.2559403850135871,0.09077704042049832
6,54.04040404040404,0.10155154891592551,0.8830246013370096,1.3081841828903686,0.14987664754808644,0.037684470911149556,1.2460873676556257,0.25326109534003993,0.08927852917129074
6,54.54545454545455,0.1015343482182,0.883041802034735,1.31101145788586,0.14787858067304713,0.03685526279069755,1.250222396794647,0.2506001095759635,0.08780448579634581
6,55.05050505050505,0.10151743292188303,0.883058717331052,1.3137878698655516,0.14591222506641405,0.03604520641763915,1.2543149251804337,0.24795754762980904,0.0863545193567133
6,55.55555555555556,0.10150079999860862,0.8830753502543265,1.3165142188830152,0.1439772322142242,0.0352538502523655,1.2583652260870142,0.2453335212293167,0.0849282448506253
6,56.06060606060606,0.10148444481815114,0.8830917054347839,1.3191912979646856,0.14207324863773635,0.0344807547471834,1.2623735755992838,0.2427281332439061,0.08352528332376596
6,56.56565656565657,0.10146835850434868,0.8831077917485863,1.3218198957714566,0.14019991148596478,0.0337254940921841,1.266340253457116,0.2401414766541593,0.0821452620556806
6,57.07070707070707,0.10145253969924403,0.883123610553691,1.3244007836607974,0.1383568712195066,0.03298764646930154,1.2702655383240684,0.23757364063050454,0.08078781321238282
6,57.57575757575758,0.10143698373920204,0.883139166513733,1.3269347272044578,0.13654377182285793,0.032266802322289845,1.2741497117967475,0.2350247054666774,0.07945257490353078
6,58.08080808080808,0.10142168565599853,0.8831544645969366,1.3294224827381604,0.13476025701136513,0.03156256160008013,1.2779930570644642,0.23249474433460143,0.07813919076788986
6,58.58585858585859,0.1014066404120716,0.8831695098408635,1.3318647977666083,0.1330059697324237,0.03087453385057377,1.2817958589508671,0.22998382327552827,0.07684730994055995
6,59.09090909090909,0.10139184708173425,0.8831843031712008,1.3342624183976886,0.13128053932390568,0.030202343628011524,1.2855584065210572,0.2274919978991775,0.07557658774672035
6,59.5959595959596,0.10137729848830981,0.8831988517646253,1.3366160708683723,0.12958361416574007,0.02954561631549351,1.2892809862328145,0.22501932221657484,0.07432668371756586
6,60.101010101010104,0.10136298936439389,0.8832131608885412,1.3389264760670547,0.12791483639207124,0.028903988890479966,1.292963887130706,0.22256584201958754,0.07309726301666149
6,60.60606060606061,0.10134891411223232,0.8832272361407028,1.341194345529912,0.1262738491337389,0.02827710668595501,1.2966073992786722,0.22013159693677897,0.07188799595150397
6,61.111111111111114,0.10133506676247774,0.8832410834904574,1.3434203813533707,0.12466029688433916,0.027664623111896002,1.3002118136218932,0.21771662065522016,0.0706985578898416
6,61.61616161616162,0.10132144996480144,0.8832547002881337,1.345605285084807,0.1230738102794032,0.027066205985395563,1.3037774249532177,0.2153209371642242,0.06952863004951315
6,62.121212121212125,0.10130805703959071,0.8832680932133444,1.3477497398342795,0.1215140373658784,0.026481524149448127,1.3073045256197597,0.21294456886431495,0.06837789768288025
6,62.62626262626263,0.10129488293026523,0.8832812673226699,1.3498544211152839,0.1199806249958612,0.025910255238460814,1.3107934091636322,0.2105875319469294,0.06724605105639327
6,63.131313131313135,0.10128192356160307,0.8832942266913321,1.3519199961603598,0.1184732202288615,0.02535208496038475,1.314244369977426,0.20824983688068863,0.06613278530884026
6,63.63636363636364,0.10126917495140576,0.8833069753015294,1.353947122991496,0.11699147215974652,0.024806706198363473,1.3176577028749041,0.20593148900631053,0.06503780028574019
6,64.14141414141415,0.10125663465227971,0.8833195156006554,1.3559364555945244,0.11553502280628984,0.024273822948791907,1.3210337050191383,0.2036324860752786,0.06396080107253801
6,64.64646464646465,0.10124429968720611,0.8833318505657289,1.3578886363376155,0.11410352098244074,0.023753144029549842,1.3243726728358625,0.2013528223011635,0.06290149702992875
6,65.15151515151516,0.10123216660442921,0.8833439836485059,1.3598042961000367,0.11269662227794869,0.023244382971620733,1.3276749019579965,0.19909248847439312,0.061859601734564965
6,65.65656565656566,0.10122023270981022,0.8833559175431248,1.3616840586846282,0.11131398131885928,0.02274726134611881,1.3309406888542468,0.19685146988992452,0.06083483342278343
6,66.16161616161617,0.10120849559701141,0.8833676546559237,1.363528539037642,0.10995525518694851,0.022261507125015883,1.334170330023167,0.19462974743663117,0.059826914707156356
6,66.66666666666667,0.10119695139682762,0.8833791988561075,1.3653383452043775,0.10862009967642838,0.021786856468800492,1.3373641229626927,0.1924272963430406,0.05883557286122145
6,67.17171717171718,0.10118559555507561,0.8833905546978595,1.3671140774987296,0.10730817118628373,0.021323052664593015,1.3405223656063912,0.19024408696837758,0.05786053959218596
6,67.67676767676768,0.10117442678644734,0.8834017234664878,1.3688563241733067,0.10601913569117359,0.020869841485126182,1.3436453538338597,0.18808008816258787,0.0569015501705069
6,68.18181818181819,0.10116344249167564,0.8834127077612595,1.3705656664956822,0.10475265868582692,0.020426976168097417,1.3467333841576405,0.1859352637211872,0.055958344288126766
6,68.68686868686869,0.10115264017672783,0.8834235100762073,1.3722426772113234,0.10350840850671345,0.0199942156315698,1.349786752770595,0.18380957369504425,0.05503066570131529
6,69.1919191919192,0.10114201693220518,0.88343413332073,1.3738879211481183,0.10228605511465567,0.01957132508683258,1.3528057559117135,0.1817029739266857,0.054118262328555364
6,69.6969696969697,0.1011315682294622,0.883444582023473,1.3755019565793574,0.10108526707063402,0.019158077699615268,1.355790690833423,0.17961541476479922,0.05322088656873222
6,70.20202020202021,0.1011212922094892,0.8834548580434459,1.3770853304896449,0.09990572303618085,0.01875424782378085,1.3587418519335515,0.1775468463850575,0.0523382938483455
6,70.70707070707071,0.10111118590507472,0.8834649643478604,1.3786385827950207,0.09874710194283617,0.018359616611749757,1.3616595339885198,0.17549721440884083,0.05147024376959374
6,71.21212121212122,0.10110124628108672,0.8834749039718484,1.3801622452148792,0.09760908590222063,0.017973970232506943,1.3645440311450887,0.17346646131686488,0.05061649970500075
6,71.71717171717172,0.10109147026745631,0.8834846799854789,1.381656841384572,0.09649136015441431,0.017597099810620274,1.367395636899141,0.17145452651350612,0.04977682875430724
6,72.22222222222223,0.10108185649550358,0.8834942937574316,1.3831228894614065,0.09539360685801039,0.01722880503018987,1.3702146461627698,0.16946134351090586,0.04895100249327851
6,72.72727272727273,0.10107240127969568,0.8835037489732395,1.3845608963069618,0.09431551968544337,0.01686888535720154,1.37300135027624,0.16748684684360987,0.04813879504710441
6,73.23232323232324,0.10106310173937157,0.8835130485135636,1.3859713621210692,0.09325679260422089,0.016517146624316695,1.3757560407735805,0.16553096691006836,0.04733998448330525
6,73.73737373737374,0.10105395496281493,0.8835221952901202,1.3873547792824803,0.09221712296679442,0.016173399100332053,1.3784790082960805,0.1635936315062233,0.04655435236465034
6,74.24242424242425,0.10104495800145435,0.8835311922514808,1.3887116324046982,0.09119621159915768,0.01583745734575084,1.3811705425235212,0.1616747659554144,0.04578168368801839
6,74.74747474747475,0.10103610968855432,0.8835400405643808,1.3900424004395837,0.09019375778986662,0.015509143120156377,1.3838309338363621,0.15977429083380812,0.04502176749678377
6,75.25252525252526,0.10102740718912669,0.8835487430638085,1.3913475528673773,0.08920946900566376,0.015188279476565685,1.3864604699792709,0.15789212663949387,0.04427439554818935
6,75.75757575757576,0.10101884783103511,0.8835573024219,1.3926275518142381,0.08824305584580162,0.014874693689567007,1.3890594377350853,0.15602819150155348,0.04353936293031528
6,76.26262626262627,0.10101042927624009,0.8835657209766951,1.3938828523067868,0.08729423163578856,0.014568217407031576,1.3916281230240155,0.15418240107664163,0.042816468066296964
6,76.76767676767678,0.10100214926579404,0.8835740009871411,1.3951139020482315,0.08636271321253251,0.014268686088842793,1.3941668105984486,0.15235466900731595,0.04210551256118939
6,77.27272727272728,0.10099400550351298,0.8835821447494221,1.396321142470547,0.08544821815292739,0.013975940726132407,1.3966757850703755,0.15054490550418395,0.04140630159239456
6,77.77777777777779,0.1009859958168342,0.8835901544361009,1.397505007541117,0.0845504684588951,0.013689825349594769,1.3991553294611097,0.14875301942696637,0.04071864327887795
6,78.28282828282829,0.10097811820257308,0.883598032050362,1.3986659235018322,0.08366919156139604,0.013410186286378826,1.4016057247798712,0.14697891891264164,0.04004234847444107
6,78.7878787878788,0.10097037069385782,0.8836057795590773,1.399804310056854,0.08280411715917077,0.01313687413358231,1.4040272512008176,0.1452225097463262,0.03937723121981014
6,79.2929292929293,0.10096275141489933,0.8836133988380358,1.4009205800386972,0.08195497843268817,0.01286974287822167,1.4064201875610614,0.14348369610318942,0.03872310850270301
6,79.7979797979798,0.10095525812508112,0.883620892127854,1.4020151397562393,0.08112151087491415,0.01260865071845364,1.4087848118890098,0.14176237981570042,0.038079800462243386
6,80.30303030303031,0.10094788825256855,0.8836282620003666,1.4030883890539496,0.08030345240197592,0.012353459893681602,1.4111214013183466,0.1400584605293994,0.037447130319207704
6,80.80808080808082,0.10094064028851277,0.8836355099644223,1.4041407205684666,0.07950054702123573,0.012104033759904686,1.413430230294435,0.13837183832828198,0.036824923544236665
6,81.31313131313132,0.10093351231028162,0.8836426379426535,1.405172520678841,0.07871254099292263,0.011860239677843496,1.4157115723838598,0.13670241114908643,0.03621300863400732
6,81.81818181818183,0.10092650242312227,0.8836496478298128,1.4061841693250419,0.07793918400769285,0.01162194801687245,1.417965699676292,0.13505007567772234,0.035611216812939286
6,82.32323232323233,0.10091960870830534,0.8836565415446298,1.4071760401228466,0.07718022880949071,0.011389032417269827,1.4201928829717614,0.13341472710243152,0.03501938209276039
6,82.82828282828284,0.10091282903828137,0.8836633212146537,1.4081485005712864,0.0764354297594136,0.011161371018907105,1.4223933925815802,0.13179625795965244,0.03443734162572072
6,83.33333333333334,0.10090616163235153,0.8836699886205835,1.4091019117447088,0.07570454729637419,0.010938842308524321,1.424567495712291,0.13019456203197577,0.03386493442268673
6,83.83838383838385,0.1008996045790276,0.8836765456739075,1.4100366287040031,0.07498734416939452,0.010721328476209616,1.4267154586176465,0.12860953119643148,0.033302002352875455
6,84.34343434343435,0.10089315596289904,0.883682994290036,1.4109530004871031,0.07428358648365739,0.01050871437884658,1.4288375459611984,0.1270410563969706,0.03274838980878429
6,84.84848484848486,0.10088681386064466,0.8836893363922904,1.4118513701905608,0.07359304370454137,0.010300887454505109,1.4309340207826942,0.12548902772419807,0.03220394366006111
6,85.35353535353536,0.10088057703719672,0.8836955732157384,1.4127320750839933,0.07291548645798421,0.010097739807629643,1.4330051458358963,0.12395333243379508,0.03166851389726182
6,85.85858585858587,0.1008744434119264,0.8837017068410087,1.4135954466198293,0.07225069134951877,0.009899163380259096,1.4350511805584367,0.12243385953019383,0.031141952078322807
6,86.36363636363637,0.1008684112215609,0.8837077390313742,1.414441810569671,0.07159843729557012,0.009705053484365914,1.4370723833238863,0.12093049641083847,0.030624112432228515
6,86.86868686868688,0.10086247872484315,0.883713671528092,1.4152714870921896,0.0709585064444965,0.009515307812920901,1.4390690108374689,0.11944312980368321,0.030114851525801088
6,87.37373737373738,0.10085664419702152,0.8837195060559137,1.4160847908146272,0.07033068418541469,0.009329826349565131,1.4410413180994768,0.11797164585140577,0.029614028216070686
6,87.87878787878789,0.10085090625895327,0.8837252439939819,1.4168820308298151,0.0697147577909127,0.00914851272887924,1.44298955928455,0.1165159287960877,0.029121504086315274
6,88.3838383838384,0.10084526328875519,0.88373088696418,1.4176635109288576,0.06911051881797317,0.008971271602776321,1.44491398609936,0.11507586351781285,0.028637142549780146
6,88.8888888888889,0.10083971367579535,0.8837364365771399,1.4184295296174438,0.06851776205836997,0.00879800967379334,1.446814848455445,0.11365133453486698,0.028160809176640902
6,89.3939393939394,0.10083425591210238,0.8837418943408328,1.4191803801739225,0.06793628515506034,0.00862863602062445,1.4486923946951944,0.11224222568689371,0.027692371784864896
6,89.89898989898991,0.10082888853092219,0.883747261722013,1.4199163507466388,0.06736588884471476,0.008463061758253582,1.4505468713977188,0.11084842046013317,0.027231700309101107
6,90.40404040404042,0.10082360999215347,0.8837525402607818,1.420637724255536,0.0668063762744559,0.008301200819615464,1.4523785239005647,0.1094698011995946,0.026778667066793552
6,90.90909090909092,0.1008184188102415,0.8837577314426937,1.4213447786690623,0.06625755371498444,0.008142968965560474,1.4541875956866486,0.10810625009529103,0.02633314638501323
6,91.41414141414143,0.10081331364363506,0.8837628366093001,1.4220377872215852,0.0657192310523351,0.007988283075686987,1.4559743279510857,0.10675764988723141,0.025895014328635557
6,91.91919191919193,0.1008082931260884,0.8837678571268468,1.4227170182311943,0.06519122079284646,0.007837062325566451,1.4577389603762667,0.10542388268150092,0.025464149109185184
6,92.42424242424244,0.10080335592546309,0.8837727943274721,1.4233827352696624,0.06467333837836534,0.007689227701579656,1.459481730842162,0.10410483043095003,0.025040430893840827
6,92.92929292929294,0.10079850064735099,0.8837776496055842,1.424035197066841,0.06416540191361832,0.007544702369147811,1.4612028756864703,0.10280037454414284,0.024623741936339493
6,93.43434343434345,0.10079372579760347,0.8837824244553318,1.424674657521685,0.0636672320465476,0.0074034117813744135,1.4629026297965264,0.10151039576472043,0.024213966605705663
6,93.93939393939395,0.10078903017200536,0.8837871200809299,1.4253013664864431,0.06317865295783211,0.007265281905331808,1.4645812254812522,0.10023477601162033,0.02381099067408006
6,94.44444444444446,0.10078441247015994,0.8837917377827753,1.4259155691466043,0.06269949133588364,0.007130240867119237,1.4662388935588162,0.09897339665794973,0.023414701950186634
6,94.94949494949496,0.10077987140739789,0.8837962788455374,1.4265175063023103,0.062229576645083384,0.0069982184022133785,1.4678758630219029,0.09772613909609323,0.023024990048956397
6,95.45454545454547,0.1007754057165116,0.8838007445364237,1.427107414362027,0.06176874103800372,0.006869145949576377,1.4694923611195845,0.09649288462885337,0.022641746418514595
6,95.95959595959597,0.10077101416397574,0.8838051360889595,1.4276855249306355,0.0613168189633953,0.006742957455576283,1.4710886138962127,0.09527351360473597,0.02226486466600391
6,96.46464646464648,0.10076669550092526,0.88380945475201,1.4282520662241747,0.06087364814439205,0.006619586981040331,1.4726648446719774,0.09406790795747104,0.021894239537504075
6,96.96969696969697,0.10076244850149663,0.8838137017514387,1.4288072620385976,0.060439068721918246,0.006498970589091177,1.4742212752796884,0.09287594918707293,0.021529767700191257
6,97.47474747474747,0.10075827195096498,0.8838178783019703,1.4293513321241382,0.0600129234524805,0.0063810457729884616,1.4757581257176648,0.09169751896046531,0.021171347488822333
6,97.97979797979798,0.10075416464463924,0.8838219856082961,1.4298844922584752,0.05959505768002044,0.006265751411111525,1.4772756141420313,0.0905324991507718,0.02081887887414936
6,98.48484848484848,0.1007501255828275,0.8838260246701078,1.4304069535946593,0.059185318964057175,0.006153028790890412,1.4787739575341878,0.08938077072814724,0.020472263904617625
6,98.98989898989899,0.10074615355575711,0.8838299966971782,1.430918924265518,0.05878355777723607,0.0060428193068529255,1.4802533702675658,0.08824221622387941,0.020131405675507526
6,99.4949494949495,0.10074224743715988,0.8838339028157755,1.431420608366798,0.058389626960591044,0.005935066022217925,1.481714065114701,0.08711671804356573,0.019796209008686016
6,100.0,0.10073840612655309,0.8838377441263823,1.4319122062397407,0.05800338179464181,0.005829713315224568,1.4831562530445743,0.08600415883801542,0.019466580284362763
7,0.0,0.4916340242999851,0.48239213330993397,0.5000633771254104,0.5322883705404379,0.4562923885053317,0.5179734299791073,0.48681217623141326,0.45722768673683173
7,0.5050505050505051,0.4453998423820332,0.528626315227886,0.5128134820854211,0.5303726016183787,0.4454580524673797,0.5257160321711768,0.4863029432085225,0.4499943175676532
7,1.0101010101010102,0.4045255390180961,0.5695006185918231,0.5254926537184359,0.5282551041486125,0.43489637830413075,0.5334516499719844,0.4856912413410664,0.44287040163430186
7,1.5151515151515151,0.36841839790808356,0.6056077597018357,0.5380975969302525,0.5259475823657496,0.4245989568751774,0.5411787004702177,0.48498017106933017,0.43585442140780467
7,2.0202020202020203,0.3365445513857454,0.6374816062241738,0.5506252158356271,0.52346116850458,0.41455775183097265,0.5488956524234168,0.4841727854629682,0.42894485506096763
7,2.5252525252525255,0.3084262127398263,0.6655999448700929,0.5630725851518299,0.5208064164698873,0.40476513454946267,0.5566010227060421,0.48327206852544546,0.422140201715865
7,3.0303030303030303,0.28363564579488104,0.6903905118150381,0.5754369347892124,0.5179933609551183,0.39521384042684893,0.5642933730731389,0.4822809403716126,0.4154389795026011
7,3.5353535353535355,0.2617904727512158,0.7122356848587031,0.5877156406555252,0.51503155585201,0.38589693966364447,0.5719713089903801,0.48120225859182886,0.40883972536514357
7,4.040404040404041,0.24254961180764528,0.7314765458022736,0.5999062180557139,0.5119301052277638,0.3768078128877018,0.5796334788105637,0.48003881920879676,0.4023409949279921
7,4.545454545454546,0.2256092798852585,0.7484168777246604,0.6120063157930252,0.5086976927849806,0.3679401275931739,0.5872785727774459,0.47879335789728417,0.3959413622726224
7,5.050505050505051,0.210699586956358,0.763326570653561,0.6240137112970036,0.5053426066419263,0.35928781823224987,0.5949053221088986,0.4774685511136968,0.3896394197247571
7,5.555555555555556,0.19758204511205787,0.776444112497861,0.6359263076032915,0.5018727565407742,0.35084507202711407,0.6025124983214354,0.4760670169248562,0.3834337777010608
7,6.0606060606060606,0.18604484984310674,0.7879813077668121,0.6477421276726965,0.4982957063884374,0.3426063021100459,0.610098911919554,0.4745913166212483,0.37732306440655006
7,6.565656565656566,0.17589944451036488,0.798126713099554,0.6594593097466729,0.49461869852007617,0.3345661279044308,0.6176634113361369,0.4730439560304322,0.37130592558078324
7,7.070707070707071,0.1669793602606536,0.8070467973492652,0.6710761059364326,0.4908486614368096,0.326719368797938,0.6252048824420191,0.47142738613300544,0.3653810243723277
7,7.575757575757576,0.15913801608104197,0.8148881415288769,0.6825908797667839,0.48699222450959234,0.3190610318948041,0.6327222477666186,0.4697440040330071,0.35954704114772656
7,8.080808080808081,0.15224602427154932,0.8217801333383695,0.6940021026238787,0.4830557368697146,0.31158629667758664,0.640214465545325,0.46799615414357626,0.3538026732584509
7,8.585858585858587,0.1461889575192679,0.827837200090651,0.7053083508210611,0.47904528297068066,0.3042905023794382,0.6476805288393249,0.4661861292876775,0.34814663482034974
7,9.090909090909092,0.14086590197888163,0.8331602556310373,0.7165083035241414,0.4749666928264139,0.2971691398206249,0.6551194648250054,0.46431617159310423,0.34257765652924255
7,9.595959595959597,0.13618805668855158,0.8378381009213673,0.7276007403517857,0.47082555254256864,0.290217843276826,0.6625303340739638,0.46238847339945865,0.3370944854739298
7,10.101010101010102,0.13207725019251984,0.841948907417399,0.7385845386635607,0.4666272157771723,0.2834323817304472,0.6699122297840365,0.46040517822650356,0.33169588493681207
7,10.606060606060607,0.12846471647663316,0.8455614411332857,0.7494586711531768,0.46237681342227827,0.27680865159572493,0.677264277054179,0.45836838169037525,0.32638063420279795
7,11.111111111111112,0.1252899508484757,0.8487362067614431,0.7602222034936308,0.4580792628028038,0.27034266987474476,0.6845856321738475,0.4562801324023756,0.32114752837112914
7,11.616161616161618,0.1224992703474082,0.8515268872625107,0.7708742915881907,0.4537392789325151,0.26403056565047317,0.691875481901492,0.45414243287697126,0.315995378168889
7,12.121212121212121,0.12004579774547038,0.8539803598644485,0.7814141794429815,0.4493613777206751,0.2578685790075224,0.6991330428504985,0.45195724032431406,0.3109230097725397
7,12.626262626262626,0.11788836596552202,0.8561377916443969,0.7918411965043357,0.44494988541295094,0.2518530542538925,0.7063575608080905,0.4497264675114074,0.3059292646278543
7,13.131313131313131,0.1159908661099491,0.8580352914999698,0.8021547555253452,0.44050894502254406,0.24598043562329008,0.7135483100914969,0.44745198358265353,0.3010129992732019
7,13.636363636363637,0.11432161419623241,0.8597045434136865,0.8123543499895416,0.4360425233328895,0.24024726284874845,0.7207045929129406,0.4451356148692536,0.29617308516515795
7,14.141414141414142,0.11285269746362582,0.861173460146293,0.8224395513559719,0.43155441827622215,0.23465016653898552,0.7278257387593441,0.44277914567969123,0.29140840850831684
7,14.646464646464647,0.1115597267825216,0.8624664308273973,0.8324100069356231,0.42704826332617324,0.22918586590938286,0.7349111038076028,0.4403843190517196,0.28671787008802974
7,15.151515151515152,0.11042082909178401,0.8636053285181349,0.8422654371027409,0.42252753669699294,0.223851162371445,0.7419600702487823,0.4379528376076724,0.28210038509089747
7,15.656565656565657,0.10941712548848394,0.8646090321214349,0.8520056330469109,0.41799556230421053,0.21864294082005736,0.7489720458188056,0.43548636417173403,0.2775548829568125
7,16.161616161616163,0.10853198151618927,0.8654941760937296,0.8616304542360043,0.41345551733309754,0.213558164602077,0.7559464631748782,0.43298652256332626,0.2730803072091476
7,16.666666666666668,0.10775095533492428,0.8662752022749945,0.8711398261218393,0.4089104359391013,0.2085938741102384,0.7628827793633327,0.43045489828581424,0.2686756152982053
7,17.171717171717173,0.10706133947059097,0.8669648181393279,0.8805337378982085,0.4043632149512217,0.2037471833217489,0.7697804752579728,0.42789303924657335,0.2643397784428061
7,17.67676767676768,0.10645196041205303,0.8675741971978659,0.8898122397205284,0.39981661905579996,0.19901527739485067,0.7766390550207712,0.4253024564530672,0.2600717814735137
7,18.181818181818183,0.1059129700565862,0.8681131875533328,0.8989754406076669,0.39527328501993086,0.19439541054358106,0.7834580455724355,0.42268462469665036,0.2558706226782664
7,18.68686868686869,0.10543569276740583,0.8685904648425131,0.9080235060464481,0.3907357260889109,0.18988490403582003,0.7902369960795117,0.42004098321687844,0.2517353136509621
7,19.191919191919194,0.10501256420772027,0.8690135934021987,0.91695665587291,0.38620633552247424,0.18548114477579497,0.7969754774609914,0.41737293634305994,0.24766487914330082
7,19.6969696969697,0.10463695285711341,0.8693892047528056,0.9257751619127774,0.38168739109652217,0.18118158316187977,0.8036730818866501,0.41468185414455766,0.24365835691614446
7,20.202020202020204,0.10430306431070158,0.8697230932992174,0.9344793457892632,0.37718105893394493,0.17698373144797125,0.8103294222867754,0.4119690730682868,0.23971479759229009
7,20.70707070707071,0.10400582156434895,0.8700203360455699,0.9430695767402624,0.37268939748617164,0.1728851619447453,0.816944131885076,0.40923589654793624,0.23583326451434006
7,21.212121212121215,0.10374079335908006,0.8702853642508389,0.9515462696809179,0.3682143609008114,0.1688835055894499,0.8235168637412243,0.40648359560264014,0.2320128336034878
7,21.71717171717172,0.10350400620542737,0.8705221514044915,0.9599098825457195,0.3637578039640195,0.16497644966144007,0.8300472902073068,0.40371340953698265,0.22825259320306274
7,22.222222222222225,0.10329214698965535,0.8707340106202637,0.9681609155639972,0.35932148248381945,0.16116173812336235,0.8365351026652615,0.40092654630973407,0.22455164397235666
7,22.72727272727273,0.10310207999997889,0.8709240776099401,0.9762999073388846,0.3549070613984511,0.1574371674338431,0.8429800107853879,0.3981241834670884,0.22090909869487602
7,23.232323232323235,0.1029311658160154,0.8710949917939036,0.9843274345642201,0.350516114013766,0.1538005875931926,0.8493817423527227,0.39530746840670583,0.21732408218792368
7,23.73737373737374,0.10277714103753052,0.8712490165723885,0.9922441097698833,0.34615012606063844,0.1502499003406569,0.8557400427779326,0.39247751901350875,0.21379573115591094
7,24.242424242424242,0.10263782892579569,0.8713883286841233,1.0000505783881493,0.3418105014972456,0.14678305628578348,0.8620546744933655,0.3896354244308553,0.2103231940231314
7,24.747474747474747,0.10251159523781433,0.8715145623721047,1.0077475192934535,0.3374985600225546,0.1433980568551703,0.8683254169388636,0.3867822451369952,0.2069056308714934
7,25.252525252525253,0.10239677086643446,0.8716293867434846,1.0153356401648832,0.33321554652140944,0.14009294948488563,0.8745520656600826,0.38391901406661083,0.20354221322065874
7,25.757575757575758,0.10229206911261836,0.8717340884973006,1.022815678783548,0.3289626277703208,0.13686582961730942,0.8807344323932584,0.38104673657188437,0.20023212398220944
7,26.262626262626263,0.10219628012094453,0.8718298774889744,1.0301883988951115,0.32474089990347044,0.13371483737259635,0.8868723442898455,0.3781663913941867,0.19697455726332
7,26.767676767676768,0.10210837188054515,0.871917785729374,1.037454590129663,0.3205513884886371,0.13063815755287814,0.8929656437551939,0.37527893091556136,0.19376871827659695
7,27.272727272727273,0.10202744403152023,0.8719987135783989,1.0446150661304094,0.3163950517081472,0.12763401833262153,0.8990141880218299,0.3723852817210934,0.19061382320442902
7,27.77777777777778,0.10195268233126316,0.8720734752786559,1.0516706624142789,0.3122727838876689,0.12470068986923065,0.9050178486857015,0.3694863452044781,0.1875090990571727
7,28.282828282828284,0.10188340498641947,0.8721427526234996,1.0586222362309698,0.3081854159042579,0.12183648403595042,0.9109765115289797,0.3665829978395807,0.18445378357879183
7,28.78787878787879,0.10181895343307694,0.872207204176842,1.0654706633623552,0.3041337204712435,0.11903975233757952,0.9168900759031211,0.3636760919638635,0.18144712508036764
7,29.292929292929294,0.101758818406091,0.872267339203828,1.0722168389259854,0.3001184108451421,0.1163088864000506,0.9227584546882307,0.3607664558912851,0.1784883823678364
7,29.7979797979798,0.10170249260118212,0.8723236650087368,1.0788616739493877,0.29614014663132965,0.11364231559046076,0.9285815736435756,0.3578548947336543,0.17557682457012236
7,30.303030303030305,0.10164955584864684,0.8723766017612722,1.0854060955828644,0.29219953347962396,0.11103850710868977,0.934359371279489,0.35494219061512866,0.17271173105273457
7,30.80808080808081,0.10159965374687556,0.8724265038630434,1.0918510455703478,0.28829712568487803,0.1084959649159522,0.940091798480739,0.3520291031760417,0.16989239129057154
7,31.313131313131315,0.10155245191988876,0.8724737056900302,1.098197478335329,0.2844334294342397,0.1060132284016094,0.9457788180754352,0.34911637014017166,0.16711810473174538
7,31.81818181818182,0.10150768042640049,0.8725184771835185,1.104446361302267,0.2806089025453911,0.10358887232352007,0.9514204047165291,0.3462047075179099,0.1643881807129133
7,32.323232323232325,0.10146508818001733,0.8725610694299016,1.1105986719612162,0.27682395911995844,0.10122150509000362,0.9570165443117936,0.3432948103353907,0.1617019383001679
7,32.82828282828283,0.1014244630618523,0.8726016945480667,1.1166553987895853,0.2730789685561031,0.09890976882548987,0.9625672339867707,0.34038735274277127,0.1590587062178102
7,33.333333333333336,0.10138561157249089,0.872640546037428,1.1226175384405634,0.26937425992786096,0.09665233780275385,0.9680724815316089,0.33748298872371546,0.15645782269202793
7,33.83838383838384,0.10134837437423541,0.8726777832356836,1.1284860964969696,0.2657101212160716,0.09444791845813708,0.9735323053452679,0.33458235222521415,0.15389863537687012
7,34.343434343434346,0.10131261090559875,0.8727135467043202,1.134262085650496,0.2620868023026278,0.09229524821805461,0.9789467340173249,0.3316860577100041,0.15138050122002328
7,34.84848484848485,0.10127817564618553,0.8727479819637334,1.139946523365829,0.2585045187341255,0.09019309407122361,0.98431580583629,0.32879470079475465,0.1489027863163077
7,35.35353535353536,0.10124492817744851,0.8727812294324705,1.1455404318534599,0.25496345206477167,0.08814025225294689,0.9896395686256457,0.3259088585058909,0.1464648658158156
7,35.85858585858586,0.10121284251706886,0.8728133150928502,1.1510448440350263,0.2514637412290322,0.0861355509071199,0.9949180804474983,0.3230290885215045,0.14406612397834945
7,36.36363636363637,0.10118177946309619,0.8728443781468228,1.15646078873577,0.24800550495290544,0.08417784248250279,1.0001514073093702,0.32015593191444774,0.14170595372353426
7,36.86868686868687,0.10115163199298081,0.8728745256169382,1.1617892989044756,0.2445888297618167,0.08226600750488602,1.0053396241923527,0.31728991201520795,0.13938375673979173
7,37.37373737373738,0.10112232629067619,0.8729038313192428,1.1670314113841211,0.24121377063663405,0.08039895415042325,1.0104828148679947,0.31443153468886575,0.1370989433904917
7,37.87878787878788,0.1010938665818756,0.8729322910280434,1.1721881694697587,0.23788034750997802,0.07857561919144164,1.0155810721185428,0.31158128814065944,0.13485093268814988
7,38.38383838383839,0.10106614254316884,0.8729600150667501,1.1772606082324373,0.23458856737216655,0.07679496056657446,1.0206344954300777,0.30873964567937684,0.13263915183789765
7,38.88888888888889,0.10103908322830515,0.8729870743816138,1.1822497649956314,0.23133840900057231,0.07505596217497464,1.0256431923738882,0.30590706416387614,0.1304630364095878
7,39.3939393939394,0.10101267774913004,0.8730134798607889,1.1871566823468196,0.22812981880696293,0.07335763501739584,1.0306072789071472,0.30308398371008605,0.1283220303301191
7,39.8989898989899,0.10098689529915422,0.8730392623107647,1.1919823990053997,0.2249627246750165,0.07169901249076208,1.0355268778624143,0.3002708295275608,0.12621558555737727
7,40.40404040404041,0.100961685255299,0.8730644723546199,1.19672794923035,0.22183703713895872,0.07007914980186968,1.040402118706553,0.29746801226480163,0.1241431619759975
7,40.909090909090914,0.10093701498147901,0.87308914262844,1.2013943664873767,0.21875264424995555,0.0684971254338458,1.0452331379385036,0.29467592760335237,0.12210422740549635
7,41.41414141414142,0.10091287389846888,0.87311328371145,1.20598268712077,0.21570940646267583,0.0669520425877324,1.0500200795736196,0.29189495573912766,0.12009825763460494
7,41.919191919191924,0.10088923398672185,0.8731369236231971,1.210493937869091,0.2127071753841812,0.06544302291790581,1.054763092952063,0.2891254640426755,0.11812473595261379
7,42.42424242424243,0.10086607670673728,0.8731600809031816,1.2149291436990497,0.20974578250392356,0.06396920996820468,1.0594623338829396,0.286367805760108,0.11618315330430479
7,42.929292929292934,0.10084338413904269,0.8731827734708764,1.219289326650089,0.20682504116660547,0.06252976835448365,1.0641179643447547,0.28362232042306995,0.11427300817952764
7,43.43434343434344,0.10082113795824141,0.8732050196516776,1.2235755056453783,0.20394474714520544,0.061123883380594414,1.0687301523210382,0.2808893341015791,0.1123938065247351
7,43.939393939393945,0.10079932271695287,0.8732268348929662,1.2277886918070962,0.20110468596987263,0.05975075839420931,1.0732990708023766,0.27816916065974406,0.1105450614852318
7,44.44444444444445,0.10077792150361019,0.8732482361063089,1.2319298917266528,0.19830462830264278,0.05840961614188248,1.0778248982634444,0.27546210123694076,0.10872629344696723
7,44.949494949494955,0.10075692505484068,0.8732692325550784,1.2360001092967199,0.1955443273580137,0.057099699516444224,1.0823078188812592,0.2727684440371628,0.10693703002893051
7,45.45454545454546,0.10073631828723476,0.8732898393226843,1.2400003402817807,0.19282352751783693,0.05582026837156013,1.086748021387711,0.27008846576916584,0.10517680579047567
7,45.959595959595966,0.10071608423450022,0.8733100733754189,1.2439315735842382,0.1901419626569468,0.05457059992999285,1.0911456991791488,0.26742243156804946,0.10344516220015422
7,46.46464646464647,0.10069620809179394,0.873329949518125,1.2477947921851413,0.18749935496364267,0.05334998902239405,1.0955010503655116,0.2647705949895455,0.10174164759229538
7,46.969696969696976,0.10067669089190485,0.8733494667180142,1.2515909758356567,0.18489541104216767,0.05215774929335365,1.0998142781515388,0.26213319760141685,0.10006581719439704
7,47.47474747474748,0.10065751499975054,0.8733686426101684,1.2553210926657021,0.18232983515166645,0.05099320835380944,1.1040855891243282,0.25951047111064096,0.09841723271238348
7,47.979797979797986,0.10063866918701507,0.8733874884229039,1.2589861047209046,0.1798023209141995,0.04985571053607381,1.1083151941714386,0.2569026363048665,0.09679546247104741
7,48.484848484848484,0.10062014629903777,0.8734060113108812,1.2625869680246113,0.17731255146770322,0.04874461667886344,1.1125033083941716,0.2543099032065591,0.09520008134662179
7,48.98989898989899,0.10060194169097178,0.8734242159189471,1.26612463156552,0.17486020130457552,0.04765930330108259,1.1166501507786672,0.25173247152609834,0.09363067064258691
7,49.494949494949495,0.10058404669769262,0.8734421109122263,1.2696000340002205,0.17244494166487537,0.046599160506082135,1.1207559434002297,0.24917053168522246,0.09208681786190051
7,50.0,0.10056645565828827,0.8734597019516307,1.2730141065925207,0.17006643622777573,0.045563593350881455,1.1248209119016266,0.2466242642838007,0.09056811676192535
7,50.505050505050505,0.10054916079243752,0.8734769968174816,1.2763677749166515,0.16772433863096256,0.04455202262356362,1.1288452858047646,0.24409383975833876,0.08907416738424913
7,51.01010101010101,0.100532157380551,0.8734940002293681,1.2796619537506753,0.1654183008349942,0.04356388158550828,1.1328292972034981,0.2415794200500649,0.0876045756937896
7,51.515151515151516,0.10051544091557968,0.8735107166943393,1.2828975494795356,0.16314796956161162,0.04259861713003031,1.1367731812114115,0.2390811580980701,0.08615895363787104
7,52.02020202020202,0.10049900648049481,0.8735271511294243,1.2860754602509197,0.16091298627478165,0.041655689645476335,1.140677175897697,0.23659919796488704,0.08473691908476864
7,52.525252525252526,0.10048284677496934,0.8735433108349497,1.2891965770539506,0.15871298564255232,0.04073457347467475,1.144541522466006,0.23413367465689122,0.08333809582445545
7,53.03030303030303,0.10046695762125792,0.8735591999886612,1.2922617796158127,0.15654760251411676,0.03983475404124818,1.1483664640768532,0.23168471564735726,0.08196211322314241
7,53.535353535353536,0.10045133355401367,0.8735748240559054,1.29527193923484,0.15441646751286056,0.038955729423477053,1.1521522464785536,0.22925244013033486,0.08060860633846431
7,54.04040404040404,0.1004359700005829,0.8735901876093362,1.2982279191643005,0.15231920659885823,0.03809701040801883,1.1558991180145315,0.22683695905384346,0.07927721587897794
7,54.54545454545455,0.10042086223670878,0.8736052953732103,1.3011305733811085,0.15025544337212224,0.03725811941794689,1.1596073291827096,0.22443837572072212,0.0779675880439211
7,55.05050505050505,0.1004060044359126,0.8736201531740064,1.3039807454597243,0.1482248011992434,0.03643858951220981,1.1632771322235105,0.22205678635333478,0.0766793743705077
7,55.55555555555556,0.10039139092078116,0.8736347666891379,1.3067792699185365,0.14622690118880743,0.03563796506383345,1.1669087813803056,0.2196922798086875,0.07541223175835991
7,56.06060606060606,0.10037701974817125,0.8736491378617478,1.3095269739843318,0.14426135940983065,0.0348558027770151,1.1705025333056387,0.21734493710374922,0.07416582253796505
7,56.56565656565657,0.10036288522277452,0.8736632723871446,1.3122246731466403,0.14232779469224072,0.03409166833229656,1.1740586456878843,0.2150148332050001,0.07293981405446853
7,57.07070707070707,0.10034898290540765,0.8736771747045115,1.314873173973242,0.1404258240669928,0.03334513813094279,1.1775773779512857,0.21270203618114294,0.0717338788149245
7,57.57575757575758,0.10033530875188981,0.8736908488580293,1.317473273889235,0.1385550633554439,0.032615798926498636,1.1810589911047158,0.21040660743633344,0.07054769440630355
7,58.08080808080808,0.10032185940384962,0.8737042982060694,1.3200257617824231,0.13671512634393476,0.03190324804481957,1.184503747832995,0.2081286016340633,0.06938094348029471
7,58.58585858585859,0.10030863106255225,0.8737175265473669,1.3225314154369678,0.1349056294800015,0.031207091254208237,1.187911911583711,0.2058680679116686,0.06823331345197346
7,59.09090909090909,0.10029562044107307,0.8737305371688461,1.324991003517941,0.1331261886473573,0.03052694400587902,1.191283747094213,0.2036250492445639,0.06710449660857593
7,59.5959595959596,0.10028282358102192,0.8737433340288973,1.3274052859964551,0.13137641858553945,0.02986243158918293,1.1946195204712327,0.20139958237934674,0.06599419009677332
7,60.101010101010104,0.10027023695409167,0.8737559206558275,1.3297750129386592,0.1296559353057481,0.02921318792677017,1.197919498654485,0.19919169857089863,0.06490209572196921
7,60.60606060606061,0.10025785755073141,0.8737683000591878,1.3321009243736779,0.12796435655502533,0.028578855242474215,1.2011839492704983,0.19700142381189945,0.06382791986495512
7,61.111111111111114,0.10024568218491516,0.873780475425004,1.3343837510494654,0.12630130066390585,0.027959084457806194,1.2044131408130723,0.1948287786367211,0.06277137349755932
7,61.61616161616162,0.10023370667758771,0.8737924509323315,1.3366242162835562,0.12466638322363541,0.02735353666398565,1.2076073433199364,0.19267377726597165,0.061732172361444806
7,62.121212121212125,0.10022192817527745,0.8738042294346418,1.3388230311739902,0.12305922642298912,0.026761878574198098,1.2107668263054887,0.19053643036774362,0.06071003627412046
7,62.62626262626263,0.10021034344235884,0.8738158141675604,1.3409808980491258,0.1214794527052091,0.026183785416842544,1.213891860083223,0.1884167433528145,0.05970468951131524
7,63.131313131313135,0.10019894928475505,0.8738272083251641,1.3430985095560124,0.11992668672544325,0.0256189398897218,1.2169827152937462,0.18631471703405136,0.058715860619555214
7,63.63636363636364,0.10018774254701023,0.873838415062909,1.3451765486217493,0.1184005556467513,0.025067031902676708,1.2200396627919665,0.18423034781259487,0.05774328234279145
7,64.14141414141415,0.10017672018360746,0.8738494374263117,1.3472156923287288,0.11690068184901527,0.0245277619934333,1.2230629752134698,0.18216362564141286,0.05678669209247009
7,64.64646464646465,0.10016587916129216,0.873860278448627,1.3492166068812712,0.11542669290726147,0.02400083638264479,1.2260529247188021,0.18011453704790742,0.05584583118064335
7,65.15151515151516,0.10015521642740825,0.873870941182511,1.3511799460521512,0.11397822482418554,0.023485965294840823,1.2290097822307413,0.17808306618034864,0.05492044453626298
7,65.65656565656566,0.10014472899488465,0.8738814286150346,1.3531063557783785,0.1125549133422925,0.0229828670505064,1.23193381930981,0.17606919236224605,0.054010281275296945
7,66.16161616161617,0.10013441390758668,0.8738917437023326,1.3549964724503836,0.11115639748142866,0.02249126623936518,1.234825307324043,0.17407289122813382,0.05311509439517608
7,66.66666666666667,0.10012426830274364,0.8739018893071755,1.3568509241142916,0.10978231739068636,0.02201089466619944,1.237684517895698,0.1720941341652389,0.0522346408864161
7,67.17171717171718,0.10011428978440366,0.8739118678255156,1.3586703375139024,0.10843230069525647,0.021541497962018572,1.2405117259833052,0.1701328842481798,0.05136868271586806
7,67.67676767676768,0.10010447536791087,0.8739216822420083,1.3604553183028525,0.1071060017018603,0.021082816166464687,1.2433072008559631,0.16818910828601308,0.05051698380537673
7,68.18181818181819,0.10009482235872977,0.8739313352511894,1.3622064675751755,0.10580306905173827,0.020634599544263513,1.2460712134573952,0.1662627670586703,0.049679312431287474
7,68.68686868686869,0.10008532811013689,0.8739408294997822,1.3639243773460004,0.10452315484488221,0.020196603980294714,1.248804034270626,0.16435381819465614,0.04885544048207109
7,69.1919191919192,0.10007599002289974,0.8739501675870194,1.3656096305756875,0.10326591481304032,0.019768590782449455,1.2515059332330214,0.1624622163202336,0.04804514339409821
7,69.6969696969697,0.10006680559596853,0.8739593520139507,1.367262806366203,0.10203099762571959,0.01935033217925488,1.2541771823507821,0.16058790957065303,0.04724820102591799
7,70.20202020202021,0.1000577723448817,0.8739683852650375,1.3688844717448605,0.10081806237647517,0.01894160204984166,1.2568180513132217,0.15873084553532218,0.046464396098809285
7,70.70707070707071,0.10004888781667678,0.8739772697932424,1.3704751832328377,0.09962677551113812,0.01854217742720146,1.2594288082138356,0.15689097032073465,0.04569351441278299
7,71.21212121212122,0.1000401496241158,0.8739860079858034,1.3720354903720093,0.09845680364156215,0.01815184215760569,1.2620097212934416,0.15506822623598956,0.0449353454179222
7,71.71717171717172,0.1000315554302162,0.873994602179703,1.3735659342132207,0.09730781694552088,0.01777038501243565,1.2645610580536333,0.15326255302224684,0.044189681871473194
7,72.22222222222223,0.10002310289837263,0.8740030547115467,1.3750670480381348,0.09617948761216563,0.017397600520876733,1.2670830856925288,0.1514738872814152,0.04345631997340934
7,72.72727272727273,0.10001478957112121,0.8740113680387981,1.3765393590326735,0.09507148591385575,0.01703329122464795,1.2695760722611507,0.149702160906834,0.04273505977936874
7,73.23232323232324,0.1000066133049212,0.8740195443049981,1.3779833825456322,0.09398349477334061,0.01667725885220427,1.2720402822046244,0.1479473072904393,0.042025703452289814
7,73.73737373737374,0.09999857188464757,0.8740275857252717,1.3793996272863431,0.09291519704485901,0.016329311839975,1.2744759801874217,0.14620925605732882,0.041328056702603005
7,74.24242424242425,0.09999066313111263,0.8740354944788067,1.3807885939475015,0.09186627919534152,0.015989263028334148,1.2768834299395388,0.14448793469585083,0.04064192831196389
7,74.74747474747475,0.0999828848999772,0.8740432727099421,1.382150775276374,0.09083643137280868,0.015656929521994375,1.27926289419952,0.14278326866866753,0.03996713007916592
7,75.25252525252526,0.09997523501272236,0.874050922597197,1.3834866569966462,0.08982534408575779,0.015332135088773199,1.2816146360356817,0.1410951795471244,0.03930347736454751
7,75.75757575757576,0.09996771137915497,0.8740584462307643,1.3847967163321684,0.0888327144367631,0.015014705402245667,1.2839389162819503,0.13942358871826405,0.03865078794713925
7,76.26262626262627,0.09996031194150701,0.8740658456684123,1.3860814227644374,0.08785824345671149,0.01470446995002823,1.2862359945927817,0.1377684159011464,0.038008882453425666
7,76.76767676767678,0.0999530346544144,0.8740731229555049,1.3873412383408499,0.08690163522879041,0.014401262601536709,1.2885061297702443,0.1361295787070699,0.03737758447003944
7,77.27272727272728,0.09994587749684536,0.8740802801130739,1.3885766175829306,0.08596259760621187,0.014104920982034681,1.2907495794429853,0.13450699312936437,0.03675672037500414
7,77.77777777777779,0.09993883851467049,0.8740873190952488,1.3897880078565226,0.08504084105485163,0.013815287259802968,1.2929666005034552,0.13290057294116817,0.03614611950273022
7,78.28282828282829,0.09993191585602039,0.8740942417538989,1.3909758496937636,0.08413607769365043,0.013532208783763036,1.2951574494654134,0.1313102292082822,0.035545614273657995
7,78.7878787878788,0.09992510754317185,0.8741010500667474,1.39214057535369,0.08324802755941633,0.01325553325807082,1.2973223799090745,0.1297358740058516,0.03495503903242766
7,79.2929292929293,0.09991841168855647,0.8741077459213629,1.3932826103519063,0.08237641269377055,0.012985113125500394,1.2994616448354863,0.1281774170488387,0.034374231063028705
7,79.7979797979798,0.09991182643074244,0.8741143311791769,1.3944023731182094,0.08152095890843859,0.012720804144529228,1.3015754959255559,0.12663476679047095,0.03380303023132689
7,80.30303030303031,0.09990534993366301,0.8741208076762563,1.395500275077031,0.08068139581631838,0.012462465277827935,1.3036641834981866,0.1251078305115569,0.03324127893761021
7,80.80808080808082,0.09989898051019626,0.874127177099723,1.3965767219066507,0.07985745241492495,0.012209961849601585,1.3057279581795207,0.12359651193744589,0.0326888228303871
7,81.31313131313132,0.09989271637247345,0.8741334412374457,1.3976321112600363,0.07904886602047526,0.011963158890665754,1.3077670674358806,0.12210071627637493,0.03214550923509823
7,81.81818181818183,0.09988655578254609,0.8741396018273732,1.3986668342808264,0.07825537688251442,0.011721925007836328,1.3097817576157371,0.12062034729787952,0.031611188033737005
7,82.32323232323233,0.09988049704614618,0.8741456605637731,1.3996812756319397,0.07747672841055993,0.011486132128677535,1.3117722738326063,0.11915530753082652,0.031085711583920917
7,82.82828282828284,0.09987453849870394,0.8741516191112153,1.4006758134507862,0.07671266767767371,0.011255655042717376,1.3137388597414028,0.1177054986153869,0.030568934590564072
7,83.33333333333334,0.09986867849767035,0.874157479112249,1.4016508196800317,0.07596294404656342,0.01103037244458211,1.3156817581158087,0.11627082048053279,0.030060714351012235
7,83.83838383838385,0.09986291542307149,0.8741632421868478,1.402606660129819,0.07522730931429918,0.010810166727059048,1.3176012107550144,0.11485117150928385,0.029560910683055504
7,84.34343434343435,0.09985724770025653,0.8741689099096628,1.4035436938159331,0.07450552195156167,0.010594920403682307,1.3194974565822974,0.11344645136714908,0.029069384997907257
7,84.84848484848486,0.09985167377494107,0.8741744838349782,1.4044622738542887,0.0737973425408913,0.010384519775997237,1.3213707336301592,0.11205655810615754,0.028586001211037104
7,85.35353535353536,0.0998461921204547,0.8741799654894645,1.405362747304785,0.07310253515625514,0.010178853710136986,1.3232212784017507,0.11068138913328522,0.028110625412318006
7,85.85858585858587,0.0998408012374739,0.8741853563724454,1.4062454552603212,0.07242086735624971,0.009977813554606358,1.3250493258445228,0.10932084127715244,0.027643125825678624
7,86.36363636363637,0.09983549958265879,0.8741906580272604,1.4071107326730512,0.07175210802570237,0.00978129547242336,1.3268551106824333,0.1079748087782659,0.027183373486654644
7,86.86868686868688,0.09983028572141676,0.8741958718885025,1.4079589090089695,0.07109603200008241,0.009589195162125128,1.3286388644653755,0.1066431878251771,0.0267312406568013
7,87.37373737373738,0.09982515821689986,0.8742009993930193,1.4087903079276658,0.07045241670748435,0.009401411536026704,1.3304008176588435,0.10532587338700349,0.02628660190150694
7,87.87878787878789,0.09982011565183864,0.8742060419580806,1.4096052474530223,0.0698210428306797,0.009217845887475028,1.3321411991952605,0.10402275992561506,0.025849333826478523
7,88.3838383838384,0.09981515663080337,0.8742110009791159,1.4104040400715683,0.06920169437683169,0.009038401722777001,1.3338602363993173,0.10273374153617168,0.025419315011865087
7,88.8888888888889,0.09981027978006929,0.8742158778298499,1.4111869924946372,0.0685941581385503,0.008862985537989596,1.3355581554541944,0.10145871123441338,0.024996426258746342
7,89.3939393939394,0.09980548374674036,0.8742206738631788,1.4119544059779616,0.06799822405001298,0.008691506143202474,1.3372351810346987,0.10019756156268973,0.024580550349965657
7,89.89898989898991,0.09980076719745279,0.8742253904124664,1.4127065769571305,0.06741368605024967,0.008523873163796736,1.3388915354683577,0.09895018594321689,0.024171571535779503
7,90.40404040404042,0.09979612881877231,0.8742300287911469,1.4134437964098805,0.06684034090215049,0.00835999885914615,1.3405274397992268,0.09771647701941144,0.023769376128715988
7,90.90909090909092,0.09979156731632015,0.8742345902935991,1.4141663501740187,0.06627798854590146,0.008199797451256933,1.3421431134235255,0.09649632725796399,0.02337385226586469
7,91.41414141414143,0.09978708141539087,0.8742390761945285,1.4148745190153187,0.06572643205357692,0.008043185102281325,1.3437387740968123,0.09528962896219878,0.022984889888343175
7,91.91919191919193,0.0997826699128956,0.8742434876970236,1.4155685779628469,0.06518547652137577,0.007890081686954327,1.3453146389435555,0.09409627267327521,0.022602381330523395
7,92.42424242424244,0.09977833155548319,0.8742478260544361,1.4162487981252567,0.06465493155971652,0.007740406486203652,1.3468709220719064,0.09291615103125014,0.022226219844197745
7,92.92929292929294,0.09977406513483754,0.8742520924750817,1.416915445407321,0.06413460928810559,0.007594081475750451,1.348407836429991,0.09174915581449614,0.021856300702867027
7,93.43434343434345,0.09976986946173629,0.874256288148183,1.4175687809569055,0.0636243248394671,0.0074510303748044245,1.3499255932943752,0.09059517878730432,0.021492520865674682
7,93.93939393939395,0.09976574336570766,0.8742604142442116,1.4182090612465814,0.06312389633462798,0.007311178589967609,1.351424402258467,0.08945411174343158,0.02113477894545561
7,94.44444444444446,0.09976168570879099,0.8742644719011283,1.4188365377747176,0.06263314431481858,0.007174454081640951,1.352904471724393,0.08832584572855698,0.02078297549440439
7,94.94949494949496,0.09975769536903184,0.8742684622408875,1.4194514575831358,0.062151892337229904,0.007040786250811409,1.354366008314462,0.08721027202473548,0.020437012608156897
7,95.45454545454547,0.09975377123018314,0.8742723863797363,1.4200540636073347,0.06167996733209134,0.006910105231751002,1.3558092165041642,0.08610728277356215,0.020096793669628105
7,95.95959595959597,0.09974991220201299,0.8742762454079064,1.4206445942009316,0.06121719878356213,0.006782343186683275,1.3572342993477755,0.08501676981744777,0.01976222378213101
7,96.46464646464648,0.09974611721284248,0.8742800403970769,1.4212232834093461,0.06076341897779135,0.006657433784039723,1.358641458212628,0.08393862515762425,0.019433209577102185
7,96.96969696969697,0.09974238520817366,0.8742837724017457,1.4217903609713034,0.06031846291563934,0.006535312284234266,1.360030892844773,0.08287274086800678,0.01910965923457456
7,97.47474747474747,0.09973871514021769,0.8742874424697017,1.4223460517059754,0.059882167767530574,0.006415916697670973,1.3614028020185056,0.08181900802750812,0.01879148290134077
7,97.97979797979798,0.09973510599431874,0.8742910516156006,1.4228905773911253,0.059454374184783394,0.006299184595268141,1.362757381818574,0.08077731963214263,0.01847859149663768
7,98.48484848484848,0.09973155676684878,0.8742946008430706,1.4234241553648217,0.059034925169106765,0.006185055637248546,1.3640948270361286,0.07974756827249381,0.018170897638732104
7,98.98989898989899,0.09972806647087408,0.8742980911390453,1.423946999002154,0.0586236663394843,0.006073470829538638,1.3654153307827694,0.07872964680680619,0.017868315357778813
7,99.4949494949495,0.09972463413587054,0.8743015234740489,1.4244593177901514,0.05822044589960845,0.00596437248141709,1.366719084486446,0.07772344839213698,0.01757076006877146
7,100.0,0.09972125879973262,0.8743048988101867,1.4249613167481463,0.05782511448582688,0.005857704937203735,1.3680062783078342,0.07672886577528311,0.017278148864237362
8,0.0,0.5470371349625078,0.5404137322062421,0.47525288523592873,0.46140973986270495,0.5396892818521384,0.4579168967983268,0.5207493881556775,0.5043990100052802
8,0.5050505050505051,0.4961454340863189,0.5913054330824311,0.48635548370954096,0.46309731586804387,0.5268991073731876,0.4661858310677441,0.5204072697412587,0.49647219415028143
8,1.0101010101010102,0.45106867451783117,0.6363821926509189,0.4974700909252442,0.464456410609327,0.5144254054162012,0.4744498532531197,0.5199515033641345,0.48866393834203
8,1.5151515151515151,0.4111768410091991,0.6762740261595509,0.508590476707233,0.4655022242772836,0.5022592059662557,0.4827072453380535,0.5193854207596386,0.4809726288615922
8,2.0202020202020203,0.3759002488250551,0.7115506183436949,0.5197106729455142,0.4662493976059245,0.4903918363993335,0.49095634271144895,0.5187123065996265,0.4733966456482087
8,2.5252525252525255,0.3447272277122913,0.7427236394564588,0.5308249662488442,0.46671195775680624,0.4788149829451218,0.4991955313864594,0.5179353725825775,0.4659343909902473
8,3.0303030303030303,0.31719831540680615,0.770252551761944,0.5419278789707165,0.46690336924437,0.46752065873568605,0.507423244550123,0.5170577631301448,0.4585842872790164
8,3.5353535353535355,0.2929014705008417,0.7945493966679084,0.5530141590159523,0.46683656421897746,0.45650118371584275,0.5156379612635102,0.5160825569826571,0.45134477671311685
8,4.040404040404041,0.27146807161538744,0.8159827955533626,0.5640787731009107,0.4665239653032316,0.4457491685466304,0.5238382056601184,0.5150127681720114,0.4442143211271544
8,4.545454545454546,0.2525689982904918,0.8348818688782583,0.5751168999294473,0.4659775089220724,0.43525749809925307,0.5320225459708599,0.5138513472561006,0.43719140173232374
8,5.050505050505051,0.2359110178968593,0.8515398492718907,0.5861239237674186,0.4652086672120317,0.42501931597132236,0.5401895935473612,0.5126011825597644,0.43027451885215867
8,5.555555555555556,0.22123377427458185,0.8662170928941682,0.5970954295197275,0.4642284658824592,0.41502801154858593,0.5483380020431559,0.5112651012091183,0.4234621917070101
8,6.0606060606060606,0.20830609080997448,0.8791447763587755,0.6080271969313306,0.4630475059734088,0.40527720404603435,0.5564664663866414,0.5098458704292066,0.4167529581434363
8,6.565656565656566,0.19692270474684578,0.8905281624219042,0.6189151937425772,0.4616759853440926,0.3957607278641052,0.5645737217894176,0.5083461987998598,0.41014537437000703
8,7.070707070707071,0.18690135119460713,0.9005495159741429,0.629755570967494,0.46012371628826026,0.3864726196950215,0.5726585428170278,0.5067687374332088,0.4036380147090477
8,7.575757575757576,0.17808032799324974,0.9093705391755003,0.6405446582015245,0.4584001413202821,0.37740710742896905,0.5807197425432477,0.5051160810461637,0.3972294713698731
8,8.080808080808081,0.17031677551673885,0.9171340916520111,0.6512789600986378,0.4565143448426748,0.36855860200946233,0.5887561718490573,0.5033907688500766,0.3909183542601505
8,8.585858585858587,0.16348472673662556,0.9239661404321243,0.6619551517486033,0.45447506711410796,0.3599216880880632,0.5967667186374614,0.5015952855463406,0.3847032907754823
8,9.090909090909092,0.15747295965650882,0.929977907512241,0.6725700734845764,0.4522907197491918,0.3514911137170062,0.6047503069628134,0.49973206243086726,0.37858292556560363
8,9.595959595959597,0.1521832798809727,0.935267587287777,0.6831207264918195,0.4499693985883204,0.3432617818706348,0.612705896235015,0.4978034784049064,0.37255592031936285
8,10.101010101010102,0.14752928415087263,0.9399215830178771,0.6936042690799425,0.4475188939145588,0.33522874395627406,0.620632480499356,0.49581186089122486,0.3666209535687034
8,10.606060606060607,0.14343398690744538,0.9440168802613044,0.7040180110111405,0.44494670739798753,0.3273871885416478,0.6285290875360939,0.4937594869754799,0.36077672044771036
8,11.111111111111112,0.1398299944920007,0.9476208726767491,0.7143594109090962,0.4422600555025892,0.31973244053909056,0.6363947783479267,0.4916485840639748,0.35502193254738285
8,11.616161616161618,0.13665793013855349,0.9507929370301963,0.7246260714026332,0.4394658824074971,0.3122599531406453,0.6442286463720545,0.4894813308842685,0.3493553177029613
8,12.121212121212121,0.13386574086531788,0.9535851263034318,0.7348157355187608,0.4365708679993964,0.3049653034326183,0.6520298168291045,0.4872598583151885,0.3437756198149913
8,12.626262626262626,0.13140758748639872,0.956043279682351,0.74492628232128,0.43358143840588415,0.2978441862236113,0.6597974460005167,0.4849862503058247,0.338281598652943
8,13.131313131313131,0.12924305061473698,0.9582078165540127,0.7549557224537197,0.4305037753989469,0.29089240909810904,0.6675307205577029,0.48266254473075526,0.33287202967082635
8,13.636363636363637,0.12733680559147526,0.9601140615772744,0.7649021948697116,0.4273438224919362,0.2841058895891285,0.6752288569670906,0.48029073415072415,0.3275457038414697
8,14.141414141414142,0.1256569622158465,0.9617939049529033,0.7747639615929582,0.42410729872512487,0.27748064663269345,0.6828911006814932,0.4778727668384827,0.3223014274393087
8,14.646464646464647,0.12417599590638503,0.9632748712623648,0.784539405096285,0.42079969900625463,0.27101280284823726,0.6905167257417867,0.4754105472964717,0.317138021921026
8,15.151515151515152,0.12286960344508144,0.9645812637236684,0.794227023861667,0.4174263048814784,0.26469857820763126,0.6981050340603769,0.47290593716781537,0.31205432373109215
8,15.656565656565657,0.12171678605129099,0.9657340811174586,0.8038254290962933,0.4139921890352175,0.2585342888192658,0.7056553549003329,0.4703607559051158,0.3070491841538357
8,16.161616161616163,0.12069896395443591,0.9667519032143137,0.8133333408343755,0.4105022243557225,0.25251634176067866,0.713167044213353,0.4677767816135414,0.30212146913239024
8,16.666666666666668,0.1197997748352451,0.9676510923335045,0.8227495837922935,0.4069610906243699,0.24664123253411332,0.7206394840786482,0.46515575177023755,0.2972700591103988
8,17.171717171717173,0.11900475410937963,0.96844611305937,0.8320730840455387,0.4033732806091612,0.24090554229607697,0.7280720821321203,0.46249936395539665,0.2924938488717676
8,17.67676767676768,0.11830113657604764,0.9691497305927019,0.8413028654096034,0.39974310605143415,0.23530593548973924,0.7354642710186973,0.459809276555183,0.28779174738540425
8,18.181818181818183,0.1176777962412631,0.9697730709274865,0.8504380462482176,0.39607470256705823,0.22983915813550077,0.742815507874441,0.45708710942783215,0.2831626776570114
8,18.68686868686869,0.11712497496232085,0.9703258922064287,0.8594778358167431,0.39237203598542175,0.22450203514861158,0.750125273782334,0.4543344446020416,0.2786055765749089
8,19.191919191919194,0.11663413660227355,0.9708167305664761,0.8684215309250198,0.3886389077735168,0.21929146825223972,0.7573930732509583,0.4515528269475388,0.27411939476078734
8,19.6969696969697,0.11619777857530421,0.9712530885934454,0.8772685125587845,0.38487896068531907,0.21420443370667291,0.7646184336974308,0.44874376484045814,0.26970309642139545
8,20.202020202020204,0.11580929689260591,0.9716415702761436,0.8860182427781432,0.38109568382908054,0.20923798034355265,0.7718009049450488,0.4459087308113115,0.2653556592029241
8,20.70707070707071,0.11546295693730611,0.9719879102314435,0.8946702618992984,0.3772924169470938,0.20438922810438442,0.7789400587510896,0.44304916215644596,0.2610760740517488
8,21.212121212121215,0.11515355844194425,0.9722973087268053,0.9032241845714656,0.37347235736026774,0.1996553650190434,0.7860354882396127,0.4401664616639024,0.2568633450557694
8,21.71717171717172,0.11487680392227953,0.9725740632464701,0.9116796983152595,0.3696385608926173,0.1950336477429002,0.7930868075874792,0.43726199803493976,0.2527164893368655
8,22.222222222222225,0.11462854104864353,0.972822326120106,0.9200365581937052,0.3657939523329367,0.19052139642413524,0.8000936512886696,0.43433710681219495,0.24863453685841994
8,22.72727272727273,0.11440547512219347,0.9730453920465562,0.9282945868578536,0.36194132303142895,0.18611599706149487,0.8070556740188415,0.4313930905877932,0.24461653035264977
8,23.232323232323235,0.1142044536911655,0.9732464134775841,0.9364536690595039,0.35808334139153086,0.18181489649974283,0.8139725498766845,0.428431219958209,0.240661525124391
8,23.73737373737374,0.11402284919610707,0.9734280179726426,0.9445137510861621,0.3542225525771639,0.17761560328745157,0.8208439721696565,0.42545273382842874,0.2367685889611993
8,24.242424242424242,0.11385836378552541,0.9735925033832242,0.9524748371280916,0.35036138451864846,0.17351568530403763,0.8276696528693896,0.422458840109944,0.23293680197995084
8,24.747474747474747,0.11370894419927355,0.973741922969476,0.9603369868270024,0.3465021519483226,0.1695127681754526,0.8344493221871795,0.41945071627702557,0.22916525649507952
8,25.252525252525253,0.11357285094754889,0.9738780162212006,0.968100313348151,0.34264705913340593,0.16560453446922055,0.8411827282085509,0.4164295098517582,0.2254530568989755
8,25.757575757575758,0.1134485224266576,0.974002344742092,0.9757649800951951,0.3387982051885593,0.16178872166702318,0.8478696363864457,0.41339633905745626,0.2217993195153826
8,26.262626262626263,0.11333460066708466,0.9741162665016649,0.983331199355412,0.33495758624580946,0.15806312134955608,0.8545098292307528,0.4103522932408026,0.21820317248772927
8,26.767676767676768,0.11322987053261323,0.9742209966361364,0.990799228938527,0.3311271005601239,0.15442557745212673,0.8611031057953903,0.40729843353056716,0.21466375563332707
8,27.272727272727273,0.11313329121887565,0.9743175759498739,0.9981693712320275,0.3273085501060788,0.15087398561267135,0.8676492814114825,0.4042357932106627,0.21118022033713935
8,27.77777777777778,0.11304389225361755,0.9744069749151322,1.0054419695851022,0.3235036462106492,0.14740629115502626,0.8741481871452006,0.4011653784120151,0.20775172940206876
8,28.282828282828284,0.11296088830144559,0.974489978867304,1.012617408026326,0.3197140099230466,0.14402048900140513,0.8805996695990035,0.39808816840691136,0.20437745695336967
8,28.78787878787879,0.11288352325136178,0.9745673439173879,1.0196961072835524,0.3159411783495468,0.1407146213176784,0.8870035903340506,0.39500511634206686,0.20105658828316708
8,29.292929292929294,0.11281119262017915,0.9746396745485705,1.0266785249876942,0.3121866043493696,0.13748677761371378,0.8933598257156345,0.39191714948207657,0.19778831976157343
8,29.7979797979798,0.11274333074802584,0.9747075364207238,1.0335651516781093,0.3084516627114411,0.13433509256122728,0.8996682663390531,0.38882516993801675,0.19457185868221472
8,30.303030303030305,0.11267946297157215,0.9747714041971774,1.040356510999977,0.3047376501432717,0.13125774580752894,0.9059288168706277,0.38573005491712203,0.19140642317153486
8,30.80808080808081,0.11261916484826764,0.974831702320482,1.0470531562096688,0.3010457904995796,0.12825296024152935,0.9121413955247754,0.38263265739134017,0.18829124204316902
8,31.313131313131315,0.11256206709654641,0.9748888000722032,1.0536556698342914,0.29737723565647345,0.12531900146001287,0.9183059338528452,0.37953380640807616,0.18522555469836327
8,31.81818181818182,0.11250783979098376,0.9749430273777658,1.0601646611670263,0.2937330693422437,0.12245417644150759,0.9244223763168188,0.3764343076473338,0.18220861099513197
8,32.323232323232325,0.11245620749026779,0.9749946596784818,1.06658076576708,0.290114308148442,0.11965683303525544,0.9304906800665816,0.3733349437459959,0.17923967114670697
8,32.82828282828283,0.11240692400300598,0.9750439431657435,1.0729046430459854,0.2865219052948643,0.11692535860992789,0.9365108145204625,0.37023647484713124,0.1763180055916909
8,33.333333333333336,0.11235974292605028,0.9750911242426993,1.0791369734469844,0.28295675495593214,0.11425817854786112,0.9424827609048072,0.3671396391961483,0.17344289485832903
8,33.83838383838384,0.11231444926984355,0.9751364178989059,1.0852784587821174,0.2794196920718818,0.11165375609677838,0.9484065121186545,0.3640451533650136,0.1706136294756166
8,34.343434343434346,0.11227095393072704,0.9751799132380224,1.0913298257036426,0.2759114876602643,0.10911059358687059,0.9542820729257834,0.3609537121017267,0.1678295099317745
8,34.84848484848485,0.11222903415752325,0.9752218330112262,1.0972918113807384,0.27243286964615515,0.10662722592388396,0.9601094582977743,0.3578659902958923,0.16508984636561808
8,35.35353535353536,0.11218850418236151,0.9752623629863879,1.103165170805779,0.26898451267553564,0.10420222346946287,0.965888694004071,0.3547826423727033,0.16239395858251043
8,35.85858585858586,0.11214931471297447,0.9753015524557751,1.1089506819980224,0.2655670310411702,0.10183419391158498,0.9716198169986606,0.35170430191906543,0.1597411760415587
8,36.36363636363637,0.11211136373352013,0.9753395034352295,1.114649133488735,0.2621809968053963,0.09952177665664638,0.977302873933368,0.34863158345507234,0.15713083757084434
8,36.86868686868687,0.11207449996800865,0.9753763672007408,1.120261323346026,0.2588269414972963,0.09726364210745542,0.9829379208888618,0.3455650828110869,0.15456229125933602
8,37.37373737373738,0.11203862475540814,0.9754122424133413,1.1257880648301841,0.2555053483889968,0.09505849373159678,0.9885250238070785,0.34250537670130476,0.15203489445090138
8,37.87878787878788,0.11200374309914479,0.9754471240696047,1.1312301905843953,0.25221664689314804,0.09290506947323439,0.9940642587728392,0.3394530224693065,0.14954801371713894
8,38.38383838383839,0.11196974549485497,0.9754811216738944,1.1365885326571488,0.24896124117601173,0.09080213311761724,0.9995557097260782,0.33640856077937226,0.14710102445383416
8,38.88888888888889,0.11193656894301665,0.9755142982257328,1.1418639354218667,0.2457394921796411,0.08874847934926978,1.0049994696696427,0.33337251430051484,0.14469331098912702
8,39.3939393939394,0.11190418044509118,0.9755466867236582,1.147057256729377,0.24255171637787107,0.08674293384352945,1.0103956406900023,0.3303453877462952,0.14232426652298724
8,39.8989898989899,0.11187254047599603,0.9755783266927534,1.152169358943146,0.2393981987029508,0.08478434930468078,1.0157443327570488,0.32732766932599827,0.13999329287623763
8,40.40404040404041,0.11184160985925491,0.9756092573094944,1.157201109686969,0.23627919182894477,0.0828716054348638,1.02104566365944,0.32431983088571614,0.13769980041412855
8,40.909090909090914,0.11181135672748967,0.9756395104412596,1.1621533840256986,0.2331949134260673,0.08100360949901164,1.0262997591244403,0.3213223278348341,0.13544320800001036
8,41.41414141414142,0.1117817485262328,0.9756691186425165,1.1670270650304901,0.23014554566464462,0.07917929625564271,1.0315067527696449,0.31833559926434846,0.13322294292529127
8,41.919191919191924,0.11175275826056473,0.9756981089081845,1.1718230357446253,0.22713124693267187,0.07739762427348035,1.036666784907978,0.31536006940266664,0.13103844064863998
8,42.42424242424243,0.11172435744282055,0.9757265097259287,1.1765421837304266,0.2241521457038449,0.07565757751650605,1.0417800030101432,0.3123961471400572,0.12888914480908423
8,42.929292929292934,0.11169652820701627,0.9757543389617329,1.181185402970517,0.22120833802290585,0.07395816595735452,1.0468465618237537,0.3094442259502847,0.12677450718524638
8,43.43434343434344,0.11166924514471706,0.9757816220240322,1.1857535868953741,0.21829989791066798,0.07229842214473542,1.0518666223107753,0.3065046851961611,0.12469398745234825
8,43.939393939393945,0.11164248054318902,0.9758083866255602,1.1902476297617748,0.21542687565292953,0.07067740153607326,1.056840351695412,0.3035778901355026,0.12264705312837024
8,44.44444444444445,0.11161621356215555,0.9758346536065938,1.1946684282189133,0.21258929580365563,0.06909418292820836,1.0617679235370407,0.3006641918970012,0.12063317952524284
8,44.949494949494955,0.11159043965967341,0.9758604275090759,1.199016882322264,0.209787155982335,0.06754786864617825,1.0666495177297681,0.29776392754157593,0.11865184968794074
8,45.45454545454546,0.11156513218360058,0.9758857349851487,1.2032938872372618,0.20702043926492014,0.06603758044859546,1.0714853192633573,0.29487742157821323,0.11670255411771419
8,45.959595959595966,0.11154027240986415,0.9759105947588852,1.2075003385884158,0.20428910665792738,0.06456246170443421,1.0762755187994968,0.29200498534846975,0.11478479081131822
8,46.46464646464647,0.11151585446273371,0.9759350127060156,1.211637134823869,0.2015930939177427,0.06312167820916559,1.081020312896282,0.28914691681748755,0.11289806524551525
8,46.969696969696976,0.11149186497133579,0.9759590021974135,1.2157051694293448,0.1989323232136554,0.06171441430777727,1.0857199027678548,0.2863035021012943,0.1110418900901357
8,47.47474747474748,0.11146829247455578,0.9759825746941935,1.2197053336647716,0.1963066994069452,0.060339873879060466,1.0903744945467033,0.2834750152150977,0.10921578519748396
8,47.979797979797986,0.11144512718684019,0.9760057399819091,1.2236385175272348,0.19371610890257793,0.058997280520964715,1.0949842993160113,0.2806617180906982,0.10741927755257555
8,48.484848484848484,0.11142235879489071,0.9760285083738586,1.2275056099832682,0.1911604195695322,0.05768587739797703,1.0995495330371834,0.2778638607180705,0.10565190120403099
8,48.98989898989899,0.11139998061022487,0.9760508865585245,1.2313074935484165,0.188639489024178,0.056404924378183084,1.1040704155574441,0.2750816823911162,0.10391319701072457
8,49.494949494949495,0.11137798599955398,0.9760728811691953,1.235045047851588,0.1861531596314545,0.055153699467735066,1.10854717106761,0.2723154112142054,0.10220271267746943
8,50.0,0.11135636420567119,0.9760945029630781,1.2387191512664466,0.1837012562511527,0.053931499433178126,1.112980028300611,0.2695652639115037,0.10052000274717032
8,50.505050505050505,0.11133510843096113,0.9761157587377881,1.2423306752080752,0.18128359512202233,0.05273763662068004,1.1173692194077893,0.2668314472434122,0.09886462830808353
8,51.01010101010101,0.11131421113793702,0.9761366560308122,1.2458804865798143,0.17889998041151156,0.05157143995945151,1.1217149802848452,0.26411415766371993,0.09723615701071994
8,51.515151515151516,0.11129366508259964,0.9761572020861495,1.2493694482632385,0.1765502036952793,0.050432254992259645,1.126017550556701,0.2614135813888543,0.09563416301372972
8,52.02020202020202,0.1112734639084059,0.9761774032603433,1.2527984191040593,0.17423404421420735,0.04931944363251079,1.1302771734694865,0.25872989458069867,0.09405822690909976
8,52.525252525252526,0.11125359915307242,0.9761972680156769,1.2561682500939932,0.17195127500216817,0.04823238185461598,1.1344940950808684,0.2560632643875231,0.09250793549089346
8,53.03030303030303,0.11123406258901454,0.9762168045797347,1.2594797869998844,0.16970165907265547,0.04717046087823757,1.13866856463762,0.2534138485334348,0.0909828817882302
8,53.535353535353536,0.11121485478331712,0.9762360123854321,1.2627338746645078,0.16748494293142255,0.046133089354846904,1.1428008353184138,0.2507817944497923,0.08948266519107874
8,54.04040404040404,0.11119596659226993,0.9762549005764792,1.2659313459200667,0.16530087410080857,0.04511968692990194,1.1468911619729925,0.24816724211291574,0.08800689087337685
8,54.54545454545455,0.11117739080925006,0.9762734763594991,1.2690730281058127,0.16314919118923435,0.044129687655730276,1.1509398022880581,0.24557032265524592,0.08655517001598095
8,55.05050505050505,0.11115911990610546,0.9762917472626438,1.2721597414667758,0.16102962662266138,0.04316253886134027,1.1549470163727875,0.2429911589257573,0.08512711966074017
8,55.55555555555556,0.11114114555670733,0.9763097216120419,1.2751922985929602,0.15894190775337363,0.0422177006044435,1.158913066546875,0.24042986580056688,0.08372236261184311
8,56.06060606060606,0.111123470778141,0.9763273963906082,1.2781715153861075,0.15688573986471713,0.04129465169995263,1.1628382194724778,0.23788654758758265,0.08234052789922464
8,56.56565656565657,0.11110609047084881,0.9763447766979004,1.281098192900941,0.15486083492238706,0.0403928791274491,1.1667227423601583,0.2353613027787511,0.08098124982037565
8,57.07070707070707,0.1110889950169605,0.9763618721517887,1.2839731204382903,0.15286690694604765,0.039511879566439354,1.170566903498825,0.23285422344101692,0.07964416801944288
8,57.57575757575758,0.11107217772660664,0.9763786894421426,1.286797082184758,0.15090366181050527,0.038651162955513796,1.174370973507269,0.2303653937125829,0.07832892773943304
8,58.08080808080808,0.1110556313176893,0.9763952358510599,1.2895708537449326,0.14897080292235143,0.03781025028349316,1.1781352245291912,0.22789489084901499,0.07703517958107878
8,58.58585858585859,0.11103935472793111,0.9764115124408181,1.2922952118606985,0.14706801604716907,0.03698867904290949,1.1818599322211876,0.2254427827879502,0.07576257995014714
8,59.09090909090909,0.11102334952779498,0.9764275176409543,1.2949709290416664,0.14519497804197942,0.03618599986713119,1.1855453745056663,0.22300912975263074,0.07451079070098786
8,59.5959595959596,0.11100760551729642,0.9764432616514528,1.2975987525016912,0.1433513904514664,0.035401763997619434,1.1891918269589827,0.22059399005620917,0.07327947794409302
8,60.101010101010104,0.1109921177847181,0.9764587493840311,1.300179428745848,0.1415369407804229,0.03463553742450636,1.192799567987058,0.21819741368684556,0.07206831328538142
8,60.60606060606061,0.1109768813332737,0.9764739858354755,1.3027136956090455,0.1397513153323944,0.03388689600933706,1.1963688770226106,0.21581944460498906,0.0708769733316852
8,61.111111111111114,0.1109618920967517,0.9764889750719975,1.3052022855808731,0.13799419401650304,0.03315542735340073,1.1999000352189602,0.2134601199115813,0.06970513982874374
8,61.61616161616162,0.110947149992315,0.9765037171764341,1.3076459360111496,0.13626523395902465,0.03244073698060265,1.2033933277685696,0.21111946696404146,0.0685525002266741
8,62.121212121212125,0.11093264875518112,0.976518218413568,1.310045354669904,0.13456412575550297,0.0317424265253701,1.206849035679432,0.20879751380810152,0.06741874547175168
8,62.62626262626263,0.1109183846856392,0.97653248248311,1.312401249185736,0.13289054578959994,0.031060111975440983,1.210267442635057,0.2064942805574727,0.06630357176675523
8,63.131313131313135,0.11090435420991815,0.976546512958831,1.3147143187017991,0.1312441700257332,0.030393418223244695,1.2136488329329063,0.20420978204236812,0.06520667998401063
8,63.63636363636364,0.1108905538781513,0.9765603132905979,1.3169852537633273,0.12962467440858255,0.029741978778867167,1.2169934913665412,0.20194402800290906,0.06412777558983483
8,64.14141414141415,0.11087697937454526,0.976573887794204,1.3192147470171678,0.12803171657331938,0.029105443360289755,1.2203017063538038,0.19969701907027762,0.06306656953520373
8,64.64646464646465,0.11086362766031196,0.9765872395084372,1.321403469621387,0.12646497682828614,0.028483460501103744,1.2235737627703132,0.19746875610689987,0.06202277608207194
8,65.15151515151516,0.11085049536003698,0.9766003718087122,1.3235520887726642,0.12492412806280535,0.027875690115307526,1.226809947127539,0.19525923352752778,0.060996114304218196
8,65.65656565656566,0.11083757914095178,0.9766132880277973,1.3256612634201848,0.12340884336109491,0.027281800169497276,1.2300105462019217,0.19306844111865423,0.059986307638709054
8,66.16161616161617,0.11082487572162128,0.9766259914471279,1.3277316440358018,0.1219187966046539,0.02670146631032114,1.2331758468817855,0.19089636427764542,0.05899308379985421
8,66.66666666666667,0.11081238125178353,0.9766384859169657,1.32976387635145,0.12045365546446749,0.026134375134859295,1.2363061376564115,0.18874298205539392,0.058016175247479575
8,67.17171717171718,0.11080009232958986,0.9766507748391593,1.3317585949566342,0.11901309392920775,0.02558021806493496,1.2394017058568934,0.18660827088656684,0.057055318215824866
8,67.67676767676768,0.1107880056792995,0.9766628614894497,1.333716425191318,0.11759678885117686,0.025038692908281965,1.2424628383724274,0.1844922036668736,0.056110252919984026
8,68.18181818181819,0.11077611784808297,0.9766747493206662,1.335637984920479,0.11620441672024033,0.02450950531005757,1.2454898223170283,0.182394748896709,0.05518072374554764
8,68.68686868686869,0.11076442534582966,0.9766864418229195,1.337523883565271,0.11483565572328731,0.023992367662218503,1.2484829445468735,0.18031587136359392,0.054266479048817665
8,69.1919191919192,0.11075292527606678,0.9766979418926824,1.3393747244646215,0.11349018137532242,0.023487001110832913,1.2514424925640308,0.1782555309625608,0.05336727143269342
8,69.6969696969697,0.11074161488989893,0.9767092522788503,1.341191103213548,0.11216766992180913,0.02299313381541975,1.2543687537495876,0.17621368376313645,0.05248285744656103
8,70.20202020202021,0.11073049049693746,0.9767203766718118,1.342973603599379,0.11086780638083449,0.02251049697056343,1.2572620135993458,0.17419028441765458,0.05161299694228468
8,70.70707070707071,0.11071954885796323,0.976731318310786,1.3447228028090008,0.10959027467762314,0.022038829464152955,1.260122557809161,0.17218528339263128,0.050757453757492646
8,71.21212121212122,0.11070878673504589,0.9767420804337034,1.3464392697529033,0.10833476107444705,0.02157787612342652,1.2629506715021444,0.17019862804371702,0.04991599541342365
8,71.71717171717172,0.11069820117793337,0.9767526659908158,1.348123566295236,0.10710095201749008,0.02112738863805081,1.265746639642257,0.1682302620946107,0.04908839322241728
8,72.22222222222223,0.11068779016920115,0.976763076999548,1.3497762500164212,0.10588852906072127,0.020687127873634335,1.2685107480591957,0.16628012429318706,0.04827442260690228
8,72.72727272727273,0.11067755026555764,0.9767733169031916,1.35139786414388,0.10469718826356621,0.020256854543330708,1.2712432793550388,0.16434815395670385,0.04747386164754242
8,73.23232323232324,0.11066747867557386,0.9767833884931754,1.3529889464343745,0.10352662344283975,0.01983633707356262,1.2739445163700995,0.16243428634241802,0.0466864922467675
8,73.73737373737374,0.11065757268007455,0.9767932944886747,1.354550026704673,0.10237653107532775,0.019425349170776002,1.2766147411209499,0.16053845411259965,0.04591209972573559
8,74.24242424242425,0.1106478296347344,0.9768030375340149,1.3560816268686027,0.10124661041796375,0.019023669664210506,1.2792542347393887,0.15866058745211373,0.04515047276778265
8,74.74747474747475,0.11063824674677782,0.9768126204219714,1.3575842659800896,0.10013655344331063,0.018631087527376737,1.2818632797867673,0.15680061093505251,0.04440140423746522
8,75.25252525252526,0.11062882158040653,0.9768220455883427,1.3590584491271969,0.0990460676302299,0.018247390193350106,1.2844421549055627,0.1549584508787278,0.043664689174994574
8,75.75757575757576,0.11061955167086755,0.9768313154978817,1.360504676079175,0.09797485856699742,0.01787237230460449,1.286991138843816,0.15313402986981545,0.04294012624565369
8,76.26262626262627,0.11061043462928412,0.9768404325394651,1.3619234390579356,0.09692263468080517,0.01750583321203628,1.2895105093190768,0.15132726835323174,0.042227517286976414
8,76.76767676767678,0.11060146814494098,0.9768493990238083,1.3633152227819973,0.09588910734391395,0.01714757682486572,1.2920005429606434,0.14953808474523891,0.04152666725340272
8,77.27272727272728,0.11059264933144052,0.9768582178373086,1.3646805063963034,0.09487398631603666,0.016797414238436763,1.2944615166260083,0.14776639360912605,0.0408373847241506
8,77.77777777777779,0.11058397587042632,0.9768668912983228,1.3660197602354018,0.0938769879638431,0.01645515875153211,1.2968937049524507,0.14601210913876594,0.04015948086806836
8,78.28282828282829,0.11057544557338347,0.9768754215953657,1.367333447133448,0.09289783223614359,0.01612062758118549,1.2992973812218334,0.1442751439710525,0.03949276976639908
8,78.7878787878788,0.11056705614679432,0.9768838110219549,1.368622023149719,0.09193624108452332,0.015793642716534644,1.3016728177994912,0.14255540859880766,0.03883706856098622
8,79.2929292929293,0.11055880533013218,0.976892061838617,1.3698859372225003,0.09099193953411307,0.015474030194163643,1.3040202857922387,0.14085281188460877,0.03819219728243747
8,79.7979797979798,0.11055069081174812,0.9769001763570011,1.371125631842211,0.0900646537392946,0.015161621369271466,1.3063400557243774,0.13916726011281602,0.03755797912209153
8,80.30303030303031,0.11054271029522494,0.9769081568735243,1.3723415425942789,0.08915411274048515,0.014856251616012983,1.3086323968857276,0.13749865796253558,0.03693424011102185
8,80.80808080808082,0.11053486160738978,0.9769160055613594,1.3735340973890926,0.08826005124560599,0.014557758316078275,1.3108975763119983,0.13584691001241453,0.036320808634872234
8,81.31313131313132,0.11052714253842315,0.9769237246303261,1.3747037177043395,0.08738220582186842,0.01426598342456889,1.3131358601295804,0.13421191882525596,0.03571751600444867
8,81.81818181818183,0.11051955089038648,0.9769313162783627,1.375850818261786,0.08652031621407492,0.01398077247491621,1.3153475130609105,0.13259358569340038,0.035124196204974055
8,82.32323232323233,0.11051208457635281,0.9769387825923964,1.376975807352798,0.08567412449487775,0.013701975103101345,1.3175327987104948,0.1309918102495682,0.034540685999221964
8,82.82828282828284,0.1105047417873152,0.976946125381434,1.3780790873385589,0.08484337361394557,0.013429445998272614,1.3196919800684364,0.12940648975955557,0.03396682513129291
8,83.33333333333334,0.11049752029023875,0.9769533468785105,1.3791610529108413,0.08402781365264962,0.01316304038728597,1.321825317225732,0.12783752249332042,0.03340245524023265
8,83.83838383838385,0.11049041805719191,0.9769604491115573,1.380222092783585,0.08322719627397122,0.012902617893220664,1.3239330693611098,0.12628480484801552,0.03284742075015962
8,84.34343434343435,0.11048343308604561,0.9769674340827036,1.381262589300771,0.08244127634205259,0.012648041307953314,1.3260154941335451,0.12474823226578209,0.03230156855995773
8,84.84848484848486,0.11047656340623241,0.9769743037625168,1.3822829185296146,0.08166981186906315,0.012399176552099333,1.3280728476801849,0.12322769926551298,0.03176474801358705
8,85.35353535353536,0.11046980735136934,0.9769810598173798,1.383283451389031,0.08091256028328386,0.012155895278462165,1.3301053859518663,0.1217230974979146,0.031236811509503942
8,85.85858585858587,0.11046316293556085,0.9769877042331884,1.384264551300906,0.08016928705319172,0.011918068596679253,1.3321133615560385,0.12023432043975497,0.030717612963491216
8,86.36363636363637,0.11045662834071707,0.9769942388280322,1.3852265761514548,0.0794397589959108,0.0116855718034114,1.3340970261683927,0.11876125985864118,0.030207008932251093
8,86.86868686868688,0.11045020178802899,0.9770006653807202,1.3861698778634708,0.07872374607521865,0.0114582830120877,1.3360566298577188,0.11730380683944602,0.029704858262119996
8,87.37373737373738,0.11044388153866079,0.9770069856300885,1.3870948024698604,0.07802102141826257,0.011236083062654098,1.3379924210584375,0.11586185185360305,0.02921102204724431
8,87.87878787878789,0.11043766577561995,0.9770132013931292,1.388001690627788,0.07733135904906001,0.011018857273929044,1.3399046474971648,0.11443528338814714,0.028725364073972835
8,88.3838383838384,0.11043155281899421,0.977019314349755,1.3888908768966493,0.07665453802777852,0.010806492026349541,1.3417935544426363,0.11302399061552645,0.02824774990112199
8,88.8888888888889,0.1104255410294765,0.9770253261392726,1.389762690171915,0.07599034060034347,0.01059887617851875,1.3436593854584038,0.11162786228512384,0.027778047215757152
8,89.3939393939394,0.11041962877964333,0.9770312383891059,1.3906174538677396,0.07533855164995189,0.010395901433085754,1.3455023826115333,0.11024678643602168,0.027316125911729734
8,89.89898989898991,0.1104138144756796,0.9770370526930696,1.3914554859125021,0.07469895911794154,0.010197461920333526,1.34732278627626,0.10888065072123715,0.02686185796178752
8,90.40404040404042,0.11040809645851248,0.9770427707102367,1.3922770988185076,0.07407135304923809,0.010003455083031654,1.3491208356273456,0.10752934166706296,0.026415117664876128
8,90.90909090909092,0.11040247309972906,0.9770483940690201,1.3930825997646556,0.07345552652426673,0.009813780661854883,1.3508967681185284,0.10619274551125063,0.025975781329505614
8,91.41414141414143,0.11039694290349127,0.977053924265258,1.393872290679511,0.07285127664894274,0.00962833962232378,1.352650818929728,0.10487074908980158,0.02554372693975526
8,91.91919191919193,0.1103915043400701,0.9770593628286791,1.3946464683065005,0.07225840294542665,0.009447035698850189,1.3543832218126224,0.10356323854837561,0.025118834598286833
8,92.42424242424244,0.11038615590041917,0.97706471126833,1.3954054242838327,0.07167670788362003,0.009269774783324613,1.356094208784521,0.1022700998453532,0.024700986329410524
8,92.92929292929294,0.11038089610195607,0.9770699710667932,1.3961494451395116,0.07110599653848883,0.009096465272777094,1.3577840103361356,0.1009912184453858,0.02429006617776336
8,93.43434343434345,0.11037572349566237,0.9770751436730869,1.3968788122706124,0.0705460761823043,0.008927018497860663,1.3594528556828167,0.09972647894337804,0.023885960333090032
8,93.93939393939395,0.1103706366254962,0.977080230543253,1.3975938024917647,0.0699967582304251,0.008761346228587773,1.3611009714439657,0.09847576720422632,0.023488556311092576
8,94.44444444444446,0.11036563406405317,0.9770852331046961,1.3982946876735183,0.06945785642396242,0.00859936285329672,1.3627285828356654,0.0972389684800716,0.023097743643547712
8,94.94949494949496,0.11036071440120171,0.9770901527675475,1.3989817349420184,0.06892918733331349,0.008440984675445636,1.3643359133133037,0.09601596800838405,0.022713413637596984
8,95.45454545454547,0.11035587624907284,0.9770949909196763,1.3996552067357182,0.06841057029651806,0.008286129918541123,1.365923184594391,0.0948066510002558,0.022335459364637867
8,95.95959595959597,0.11035111836689543,0.9770997488018538,1.4003153604968361,0.0679018263758161,0.008134720078125265,1.3674906173928223,0.09361090146381937,0.02196377610264314
8,96.46464646464648,0.11034643936408019,0.977104427804669,1.4009624496482018,0.06740278076927436,0.007986676533301205,1.3690384296494738,0.0924286051269997,0.02159826018281132
8,96.96969696969697,0.11034183793371224,0.977109029235037,1.4015967229535529,0.06691326087720256,0.007841923120021932,1.370566837911494,0.09125964720480698,0.021238809842983864
8,97.47474747474747,0.11033731278990762,0.9771135543788416,1.402218424780378,0.06643309679457447,0.007700385375824925,1.3720760569536246,0.09010391304501002,0.0208853249606502
8,97.97979797979798,0.11033286266757826,0.9771180045011709,1.4028277951725554,0.06596212129218545,0.007561990486036632,1.3735662997700016,0.08896128816721127,0.020537707022071968
8,98.48484848484848,0.11032848635505206,0.9771223808136972,1.403425069536515,0.0655001690738344,0.007426668340428241,1.3750377781425738,0.08783165733464232,0.020195859482068666
8,98.98989898989899,0.11032418263248879,0.9771266845362605,1.4040104794355321,0.06504707810934053,0.0072943494059049385,1.3764907015562022,0.08671490639941212,0.01985968700367038
8,99.4949494949495,0.11031995030301386,0.9771309168657354,1.4045842522933736,0.06460268892447656,0.0071649657329272845,1.3779252777409936,0.08561092141806047,0.01952909580023081
8,100.0,0.11031578819711496,0.9771350789716343,1.4051466114124544,0.06416684448006722,0.007038451058255884,1.3793417127453866,0.0845195885542753,0.019203993659622935
9,0.0,0.5340008260553344,0.496923295249431,0.5404488692652112,0.5131026851767098,0.5066906541794431,0.47027856448178934,0.544157070680259,0.4846849447778681
9,0.5050505050505051,0.48375833346362995,0.5471657878411357,0.5527426609034275,0.5128251658513157,0.4946743818666205,0.4789170512891482,0.5431413548817685,0.4770621737689998
9,1.0101010101010102,0.4392862365783624,0.5916378847264031,0.5650003085113027,0.512283461917885,0.48295843819217626,0.4875401051974283,0.5420271052325872,0.4695533695099009
9,1.5151515151515151,0.3999552538000175,0.630968867504748,0.5772173535596326,0.5114909991837965,0.47153385587793495,0.496146247391535,0.5408173395920739,0.4621569929563074
9,2.0202020202020203,0.3651970935758046,0.6657270277289611,0.5893895439218475,0.5104606368206234,0.4603920278788932,0.5047340492181736,0.5395150314150919,0.454871499306651
9,2.5252525252525255,0.33450187032212014,0.6964222509826454,0.6015128149706909,0.5092046424799033,0.44952475117077,0.5133021266782452,0.5381230895019097,0.44769536375976177
9,3.0303030303030303,0.30741200342359515,0.7235121178811705,0.6135832748193488,0.5077347474990598,0.4389241863029555,0.5218491375137533,0.5366443627527051,0.4406270796734581
9,3.5353535353535355,0.28351755479618157,0.747406566508584,0.6255971970223028,0.5060621799498795,0.4285828316491817,0.5303737802311885,0.5350816412753912,0.433665158433337
9,4.040404040404041,0.2624521424422291,0.7684719788625365,0.6375510155160274,0.5041976915546468,0.4184935015506897,0.5388747934000896,0.5334376571872779,0.42680812935254925
9,4.545454545454546,0.24388882990811386,0.7870352913966518,0.6494413197321979,0.5021515845346955,0.40864930435447056,0.5473509547789723,0.5317150856762111,0.42005453948473326
9,5.050505050505051,0.22753666141500895,0.8033874598897567,0.6612648505839108,0.4999337340654369,0.39904362397201637,0.5558010805221566,0.5299165459694007,0.41340295344835926
9,5.555555555555556,0.21313763298847235,0.8177864883162933,0.6730184975287704,0.4975536070432293,0.3896701040493643,0.5642240244820511,0.5280446021821825,0.4068519532756829
9,6.0606060606060606,0.20046271540301971,0.830461405901746,0.6846992947854015,0.4950202866204707,0.3805226272154918,0.5726186772669895,0.5261017644672261,0.400400138205701
9,6.565656565656566,0.18930855605265315,0.8416155652521127,0.6963044167493826,0.49234249453615314,0.3715952973358282,0.5809839653834167,0.5240904900668643,0.39404612448963555
9,7.070707070707071,0.17949472801764202,0.8514293932871237,0.7078311758440334,0.48952860733446885,0.36288242544286164,0.5893188504739215,0.5220131842523419,0.3877885452136531
9,7.575757575757576,0.17086147763054282,0.8600626436742229,0.7192770200310842,0.4865866706699392,0.35437851792034053,0.5976223286221296,0.5198722011841115,0.38162605013367534
9,8.080808080808081,0.1632676985159646,0.8676564227888012,0.7306395303597318,0.4835244124970151,0.34607826576461687,0.6058934296820329,0.5176698447434473,0.3755573055144362
9,8.585858585858587,0.1565890441727033,0.8743350771320623,0.7419164183191314,0.4803492559035529,0.33797653439867975,0.6141312166077363,0.515408369364915,0.36958099396726507
9,9.090909090909092,0.15071580223047873,0.8802083190742869,0.7531055225226165,0.47706833407917776,0.33006835201956963,0.6223347846993653,0.5130899809724163,0.3636958142681348
9,9.595959595959597,0.1455511934702038,0.8853729278345619,0.764204806092513,0.4736885022309588,0.3223489002978921,0.6305032609060968,0.5107168378491237,0.35790048118469586
9,10.101010101010102,0.1410099823849194,0.8899141389198462,0.7752123543137506,0.470216347624117,0.31481350668349634,0.6386358031806766,0.5082910514457605,0.3521937253134793
9,10.606060606060607,0.13701630116812863,0.8939078201366369,0.7861263710210938,0.4666582051972098,0.3074576324030603,0.6467315997244597,0.5058146873169815,0.3465742928984751
9,11.111111111111112,0.13350385594727,0.8974202653574956,0.7969451768240366,0.4630201591151584,0.3002768726821688,0.654789868527829,0.5032897657151643,0.341040945696923
9,11.616161616161618,0.13041436215369406,0.9005097591510716,0.8076672058341731,0.45930805502606126,0.2932669477611296,0.6628098566825988,0.5007182624486496,0.3355924608086679
9,12.121212121212121,0.12769662035251395,0.9032275009522517,0.8182910031716238,0.45552750813994625,0.28642369730979383,0.6707908397753616,0.4981021096460581,0.3302276305184965
9,12.626262626262626,0.12530561958744343,0.9056185017173222,0.8288152218228491,0.451683912085074,0.27974307471344084,0.6787321212809341,0.4954431965207597,0.3249452621382224
9,13.131313131313131,0.12320169535971377,0.9077224259450519,0.8392386195430452,0.4477824474533163,0.2732211416250023,0.6866330319619771,0.4927433701283737,0.31974417784956527
9,13.636363636363637,0.1213500015795024,0.9095741197252633,0.8495600562631248,0.44382808810009766,0.2668540642581414,0.6944929293113336,0.4900044360747426,0.3146232145538399
9,14.141414141414142,0.11971930186421913,0.9112048194405465,0.8597784906796256,0.43982561189919633,0.2606381060425419,0.7023111969056912,0.48722815932640856,0.3095812237078162
9,14.646464646464647,0.11828265553871463,0.9126414657660511,0.8698929777262692,0.4357796011039846,0.2545696297911101,0.7100872440019622,0.48441626474084615,0.30461707119710757
9,15.151515151515152,0.11701642814000188,0.9139076931647638,0.8799026654821201,0.4316944516472448,0.2486450914919989,0.7178205049293923,0.4815704378311482,0.29972963717937545
9,15.656565656565657,0.11589994127095853,0.9150241800338071,0.8898067925122695,0.4275743787339499,0.24286103737514453,0.7255104385648444,0.47869232543488743,0.2949178159401841
9,16.161616161616163,0.114915056012219,0.9160090652925466,0.8996046847996616,0.42342342333948413,0.23721410048221822,0.7331565278009601,0.47578353639106785,0.2901805157478881
9,16.666666666666668,0.11404566300939445,0.9168784582953712,0.9092957525650223,0.4192454593234817,0.23170099673285993,0.7407582790093167,0.47284564222265546,0.2855166587079439
9,17.171717171717173,0.11327761654532645,0.9176465047594392,0.918879487699163,0.4150441975092211,0.2263185234129798,0.7483152215589228,0.4698801777561252,0.2809251806248681
9,17.67676767676768,0.11259849661442024,0.9183256246903454,0.9283554609163097,0.4108231910233555,0.2210635566816986,0.7558269073212213,0.46688864175563466,0.2764050308630601
9,18.181818181818183,0.11199741824835724,0.9189267030564084,0.9377233189022534,0.4065858404134415,0.215933049305669,0.7632929101830642,0.46387249754803084,0.27195517220882093
9,18.68686868686869,0.11146489499270991,0.9194592263120557,0.946982781528023,0.4023353984388972,0.21092402865444368,0.7707128255777934,0.4608331736263841,0.2675745807357386
9,19.191919191919194,0.1109925838184789,0.9199315374862866,0.956133638987582,0.3980749755461557,0.20603359408762628,0.7780862700036109,0.45777206426815087,0.26326224566815426
9,19.6969696969697,0.11057315857122209,0.9203509627335434,0.9651757491983054,0.3938075443475314,0.2012589150755271,0.7854128805630545,0.4546905301293775,0.259017169247484
9,20.202020202020204,0.11020021953137003,0.9207239017733955,0.9741090352990911,0.3895359438048908,0.19659722951738212,0.7926923145192575,0.45158989881938877,0.25483836660126974
9,20.70707070707071,0.10986808223659432,0.9210560390681711,0.982933482843745,0.38526288441103945,0.1920458413665796,0.7999242488190568,0.4484714655135655,0.25072486560729373
9,21.212121212121215,0.1095718283503929,0.9213522929543726,0.9916491375168079,0.3809909514192866,0.18760211968526933,0.8071083796968077,0.44533649347326804,0.24667570676984035
9,21.71717171717172,0.10930706353924846,0.9216170577655171,1.0002561022622634,0.37672261025649867,0.18326349610260187,0.8142444221859777,0.4421862146718784,0.24268994308205996
9,22.222222222222225,0.10906992913838343,0.9218541921663821,1.0087545350841922,0.3724602098459483,0.17902746369122335,0.8213321097310015,0.4390218303054217,0.2387666399034929
9,22.72727272727273,0.10885710934167166,0.9220670119630938,1.0171446467214966,0.3682059860990184,0.17489157580084888,0.8283711937793249,0.43584451132606017,0.234904874834531
9,23.232323232323235,0.10866558297894832,0.9222585383258172,1.0254266979769888,0.363962067102651,0.17085344354172435,0.835361443313615,0.43265539904448674,0.23110373758181438
9,23.73737373737374,0.10849285723538678,0.9224312640693787,1.0336009981974275,0.35973047447804557,0.16691073594589126,0.8423026445511274,0.42945560553996237,0.22736232984882637
9,24.242424242424242,0.10833663421565254,0.9225874870891129,1.0416679021189859,0.355513129609046,0.16306117689333247,0.849194600420571,0.42624621432642174,0.2236797651929233
9,24.747474747474747,0.10819499165394313,0.9227291296508223,1.0496278087560431,0.35131185473623205,0.15930254512908912,0.8560371302961245,0.423028280723013,0.2200551689207786
9,25.252525252525253,0.10806619870342729,0.9228579226013381,1.0574811582888046,0.347128378394063,0.15563267193849661,0.8628300694934485,0.4198028324980034,0.21648767794846419
9,25.757575757575758,0.10794875546393078,0.9229753658408346,1.0652284309673936,0.3429643371757895,0.15204944047818134,0.8695732689936815,0.4165708702517346,0.21297644069449997
9,26.262626262626263,0.10784132007683979,0.9230828012279256,1.0728701442001685,0.3388212803705089,0.14855078405068692,0.8762665949683203,0.4133333680266912,0.20952061694490465
9,26.767676767676768,0.10774274153414196,0.9231813797706234,1.0804068515984504,0.3347006715582559,0.14513468546465802,0.8829099285187667,0.41009127367390313,0.2061193777472462
9,27.272727272727273,0.1076519566488618,0.9232721646559036,1.0878391400359473,0.33060389345225033,0.14179917513316675,0.8895031651946407,0.40684550946975495,0.20277190527552041
9,27.77777777777778,0.10756809289481285,0.9233560284099526,1.095167629067879,0.3265322486376471,0.1385423309158383,0.896046214776026,0.4035969724344179,0.19947739272947215
9,28.282828282828284,0.10749032510085327,0.9234337962039121,1.1023929678330864,0.3224869648328989,0.13536227595537914,0.9025390007749702,0.4003465349676176,0.19623504419732815
9,28.78787878787879,0.10741798344675002,0.9235061378580154,1.1095158348069318,0.31846919515403577,0.13225717866039693,0.9089814602482134,0.3970950451325314,0.1930440745591711
9,29.292929292929294,0.1073504475796033,0.9235736737251621,1.1165369346830163,0.3144800232224447,0.1292252507159037,0.9153735433028688,0.3938433272869113,0.1899037093501359
9,29.7979797979798,0.10728719559218437,0.923636925712581,1.1234569982550902,0.3105204635420325,0.12626474682424216,0.9217152129156296,0.3905921823597438,0.18681318466454258
9,30.303030303030305,0.10722775912360517,0.9236963621811602,1.1302767794448734,0.30659146612019517,0.1233739630562963,0.9280064444584222,0.38734238845964997,0.18377174702184376
9,30.80808080808081,0.1071717338652686,0.9237523874394968,1.1369970552100699,0.3026939169798805,0.12055123643141438,0.9342472255187318,0.3840947011506064,0.18077865327057763
9,31.313131313131315,0.10711875425885899,0.9238053670459064,1.1436186227573741,0.2988286424558399,0.11779494340815078,0.9404375554436885,0.3808498540392629,0.17783317045696456
9,31.81818181818182,0.1070685281114182,0.9238555931933472,1.150142300165917,0.2949964085842127,0.1151034998712353,0.9465774452393619,0.3776085589617119,0.17493457573884205
9,32.323232323232325,0.10702076729431355,0.9239033540104519,1.1565689223943112,0.2911979272834012,0.11247535894365243,0.952666916983862,0.37437150671855324,0.17208215623750067
9,32.82828282828283,0.10697520157789137,0.9239489197268741,1.162899340725916,0.2874338574406345,0.10990901045481441,0.9587060036037663,0.3711393674002039,0.1692752089359456
9,33.333333333333336,0.10693164760595374,0.9239924736988117,1.1691344243766084,0.2837048027704038,0.10740298147435257,0.9646947488848195,0.36791279044753195,0.1665130406075645
9,33.83838383838384,0.10688992881604364,0.9240341924887218,1.175275056190532,0.2800113184818324,0.10495583394900018,0.9706332068473992,0.3646924054297364,0.16379496766278034
9,34.343434343434346,0.1068498208445866,0.9240743004601788,1.181322129347654,0.27635391643868695,0.10256616283502375,0.9765214412306232,0.3614788226995683,0.16112031600972443
9,34.84848484848485,0.10681116726211012,0.9241129540426553,1.1872765512545804,0.27273305966286204,0.10023259770392211,0.9823595257521024,0.35827263317224584,0.15848842101556776
9,35.35353535353536,0.10677391538769927,0.9241502059170661,1.193139244363708,0.26914916142514567,0.09795380283251073,0.988147544038669,0.35507440847574434,0.15589862742550262
9,35.85858585858586,0.10673788227196082,0.9241862390328046,1.19891113403566,0.26560260339712,0.09572847118858459,0.9938855881440362,0.3518847026993761,0.15335028909650367
9,36.36363636363637,0.10670293770513659,0.9242211835996288,1.2045931563202392,0.262093724484553,0.09355532781657244,0.9995737592367311,0.3487040516877234,0.15084276901546156
9,36.86868686868687,0.10666906874737041,0.924255052557395,1.2101862625307311,0.2586228145058127,0.09143313158482073,1.0052121679387405,0.34553297272700106,0.14837543927417465
9,37.37373737373738,0.10663615763358539,0.92428796367118,1.2156914029087635,0.2551901382791265,0.0893606674334746,1.0108009323856144,0.3423719668162492,0.14594768073805245
9,37.87878787878788,0.10660412958659332,0.924319991718172,1.2211095359507413,0.25179592234571707,0.08733675032490643,1.0163401790829258,0.33922151776720444,0.14355888308978582
9,38.38383838383839,0.10657293898239431,0.9243511823223711,1.2264416290793692,0.24844035440417306,0.08536022513782275,1.0218300428646736,0.33608209231705577,0.14120844475818667
9,38.88888888888889,0.10654253617700997,0.9243815851277555,1.2316886521618862,0.2451235929118229,0.08342996354765583,1.0272706659698214,0.3329541412540146,0.1388957727160801
9,39.3939393939394,0.10651287386340207,0.9244112474413634,1.2368515779307458,0.2418457668137432,0.08154486387687591,1.0326621979442752,0.3298380995976714,0.13662028239796958
9,39.8989898989899,0.10648391228119623,0.9244402090235693,1.2419313838665558,0.23860697317285412,0.07970385158195496,1.038004795738853,0.3267343865519284,0.13438139764913493
9,40.40404040404041,0.10645561438305991,0.9244685069217056,1.2469290507162345,0.23540727961981997,0.07790587828531034,1.0432986233843997,0.32364340594504426,0.13217855061047218
9,40.909090909090914,0.10642794566580799,0.9244961756389575,1.2518455585231698,0.23224673037632326,0.07614991972187195,1.0485438513274132,0.32056554706437806,0.13001118154812483
9,41.41414141414142,0.10640087675375742,0.924523244551008,1.256681889961807,0.2291253417426139,0.0744349769169439,1.0537406567412921,0.3175011843587374,0.12787873883988637
9,41.919191919191924,0.1063744026688703,0.9245497186358951,1.261439033624214,0.22604309750278878,0.07276007749436189,1.0588892238380965,0.3144506771371707,0.12578067896464884
9,42.42424242424243,0.1063484850750285,0.9245756362297369,1.266117969602125,0.22299997050485434,0.07112426851438527,1.063989741786417,0.31141437205880007,0.12371646609469894
9,42.929292929292934,0.10632309301460477,0.9246010282901607,1.2707196788255317,0.21999590916266576,0.06952662063316714,1.0690424058394348,0.30839260188074114,0.1216855722197401
9,43.43434343434344,0.10629819042025672,0.9246259308845087,1.275245139563348,0.21703084291392014,0.0679662261440965,1.074047416728209,0.3053856862281345,0.11968747698357249
9,43.939393939393945,0.10627373434013147,0.924650386964634,1.279695326508171,0.21410468386255863,0.06644219825063492,1.0790049804041504,0.3023939319571549,0.11772166757861084
9,44.44444444444445,0.10624980110525886,0.9246743201995065,1.2840712371039131,0.21121728809098952,0.06495368342646166,1.0839153115147668,0.2994176291548468,0.1157876392703026
9,44.949494949494955,0.10622634321528499,0.9246977780894804,1.2883738392418853,0.20836853337797534,0.06349983600150329,1.0887786261040027,0.2964570597324587,0.1138848941034547
9,45.45454545454546,0.10620331425266943,0.9247208070520959,1.2926040973215844,0.205558280905891,0.06207983039388856,1.093595145051418,0.2935124934680163,0.11201294142048179
9,45.959595959595966,0.10618068015327407,0.9247434411514913,1.2967629741132212,0.20278637279093484,0.060692861717207634,1.0983650941953171,0.2905841879244484,0.1101712978201507
9,46.46464646464647,0.1061583994926104,0.924765721812155,1.3008514260227222,0.200052639380283,0.05933814321835849,1.1030887035517745,0.28767238942436263,0.10835948696377912
9,46.969696969696976,0.10613647108157671,0.9247876502231885,1.3048704148671606,0.1973568820840181,0.058014911670185035,1.1077662088469211,0.2847773313124052,0.10657703978058988
9,47.47474747474748,0.10611493940889632,0.924809181895869,1.3088209087978853,0.1946988722928013,0.056722427530677154,1.1123978515183652,0.281899234014406,0.10482349440714507
9,47.979797979797986,0.1060937576849613,0.924830363619804,1.3127038465633376,0.19207840463499842,0.05545995742302761,1.1169838735451758,0.27903831116626787,0.10309839522847267
9,48.484848484848484,0.10607292268689232,0.924851198617873,1.3165201717466957,0.18949524651417513,0.05422679036049268,1.1215245221487702,0.27619476415732164,0.1014012936338245
9,48.98989898989899,0.1060524282620479,0.9248716930427173,1.3202708241515426,0.18694915104982907,0.053022233419991766,1.1260200485438938,0.2733687836402417,0.0997317477557809
9,49.494949494949495,0.1060322660453615,0.9248918552594038,1.3239567394774105,0.18443985784520578,0.05184561129874724,1.130470707763281,0.2705605497977913,0.09808932237884399
9,50.0,0.10601244665512458,0.9249116746496406,1.3275788449257595,0.18196710006437547,0.05069626363122872,1.1348767576769134,0.26777023359600044,0.09647358866700252
9,50.505050505050505,0.10599297950294269,0.9249311418018226,1.3311380630303273,0.1795305987586361,0.049573546832400256,1.1392384596389542,0.2649979960438171,0.09488412425714508
9,51.01010101010101,0.10597385411113293,0.9249502671936322,1.3346353073283574,0.17713006943047457,0.048476831862531475,1.1435560778277802,0.2622439890143059,0.09332051309783039
9,51.515151515151516,0.10595504513563475,0.9249690761691304,1.338071482656347,0.17476522191720395,0.04740550404781268,1.1478298791355779,0.2595083554392058,0.09178234536513268
9,52.02020202020202,0.1059365646215853,0.9249875566831798,1.3414474909713912,0.17243575248957893,0.04635896516039362,1.1520601335674059,0.25679122895370804,0.09026921741880259
9,52.525252525252526,0.10591840735521203,0.9250057139495531,1.3447642246662108,0.17014135357057947,0.045336630384573355,1.1562471134871624,0.2540927347855737,0.08878073166718038
9,53.03030303030303,0.10590056685064245,0.9250235544541228,1.34802256878702,0.16788171063230778,0.04433792920203592,1.160391093860617,0.2514129895174653,0.08731649656183423
9,53.535353535353536,0.10588303460438926,0.925041086700376,1.3512234004273513,0.16565650344930136,0.043362304744711005,1.164492351999273,0.248752101456819,0.08587612648382463
9,54.04040404040404,0.10586579825804426,0.925058323046721,1.354367587099419,0.16346540918228775,0.04240921233965678,1.1685511669634114,0.24611017144461714,0.08445924153188801
9,54.54545454545455,0.10584884266480009,0.9250752786399651,1.3574559878249195,0.16130810059352946,0.041478120202914644,1.1725678198716099,0.24348729249682122,0.08306546757148546
9,55.05050505050505,0.1058321796273024,0.9250919416774628,1.3604894608741132,0.15918423445775504,0.04056851328949518,1.1765425950573718,0.2408835484636405,0.08169443641890427
9,55.55555555555556,0.10581582218170235,0.9251082991230629,1.363468856444452,0.157093463106478,0.0396798890704334,1.18047577870418,0.23829901573759188,0.08034578549814468
9,56.06060606060606,0.10579974321560875,0.9251243780891565,1.3663950050016718,0.15503545266457477,0.038811750955116645,1.184367656734958,0.23573376586610215,0.07901915733885646
9,56.56565656565657,0.10578392929538855,0.9251401920093767,1.369268731981855,0.15300986061524613,0.03796361602426196,1.1882185172327993,0.23318786266683605,0.07771420004028125
9,57.07070707070707,0.10576836296819257,0.9251557583365727,1.3720908526900215,0.15101634391921095,0.03713501201213046,1.1920286494576176,0.23066136347280838,0.0764305670094906
9,57.57575757575758,0.10575302211635562,0.9251710991884096,1.3748621719200755,0.14905455984945115,0.03632547685183617,1.1957983436743647,0.22815431939291214,0.07516791687263964
9,58.08080808080808,0.10573793490498534,0.9251861863997799,1.3775835039063025,0.147124135113628,0.03553456960143251,1.1995278947540555,0.2256667709468007,0.07392591423906049
9,58.58585858585859,0.10572314354774424,0.925200977757021,1.3802556589278387,0.14522468698983831,0.03476186270368564,1.2032175995867795,0.22319875128657657,0.07270422906656059
9,59.09090909090909,0.10570859280346595,0.9252155285012993,1.382879402385692,0.14335588739857427,0.03400691883709618,1.2068677493866078,0.22075029568127133,0.0715025348720375
9,59.5959595959596,0.10569427064268973,0.9252298506620755,1.3854555061033844,0.14151738312801068,0.03326931938996742,1.2104786391098936,0.21832143001945986,0.0703205108105632
9,60.101010101010104,0.10568016237655566,0.9252439589282095,1.387984731407019,0.139708822466983,0.032548654747360246,1.2140505642142823,0.21591217483278888,0.06915784089284552
9,60.60606060606061,0.10566625028788809,0.9252578710168772,1.3904678288464165,0.1379298558819024,0.031844523893043354,1.2175838205057068,0.21352254553348368,0.06801421390072629
9,61.111111111111114,0.10565253813459598,0.9252715831701692,1.3929055502818106,0.13618011701428856,0.031156541325262983,1.2210787065245987,0.21115254949623716,0.06688932391908099
9,61.61616161616162,0.1056390589873926,0.9252850623173726,1.3952986526850095,0.1344592168644601,0.030484339071892453,1.2245355242306992,0.2088021852545186,0.06578287045469894
9,62.121212121212125,0.10562578700632608,0.9252983342984391,1.3976478541826145,0.13276681398040224,0.029827540458345216,1.2279545698809788,0.2064714538844239,0.06469455617451414
9,62.62626262626263,0.10561272407420769,0.9253113972305576,1.399953877031386,0.13110254629700976,0.029185785292966396,1.2313361427587055,0.20416034820396065,0.0636240889772507
9,63.131313131313135,0.10559987495413015,0.925324246350635,1.4022174351720589,0.12946605117688517,0.028558722272418034,1.2346805425219332,0.2018688561155822,0.06257118130240152
9,63.63636363636364,0.10558722168089059,0.9253368996238746,1.4044392320625145,0.12785696776258984,0.02794600879625782,1.237988069438294,0.1995969602346658,0.06153555026695691
9,64.14141414141415,0.10557477303262826,0.9253493482721369,1.4066199650054372,0.12627493283785207,0.027347310778072956,1.2412590237104815,0.19734463901562604,0.0605169172138093
9,64.64646464646465,0.10556253470415365,0.9253615866006115,1.408760322616617,0.12471958354449271,0.026762302460252414,1.2444937057621277,0.19511186629625432,0.0595150078815347
9,65.15151515151516,0.10555051206526606,0.9253736092394991,1.4108609851118754,0.12319055728222265,0.0261906662272641,1.2476924161290415,0.19289861149203533,0.05852955231884002
9,65.65656565656566,0.1055386998337218,0.9253854214710434,1.4129226201979852,0.12168749807283821,0.025632090350538757,1.2508554547551463,0.1907048404767677,0.05756028470800291
9,66.16161616161617,0.10552707932302872,0.9253970419817366,1.414945882130883,0.12021005816517397,0.02508626832530523,1.2539831207767866,0.1885305158852232,0.05660694327790697
9,66.66666666666667,0.10551565901514667,0.9254084622896186,1.416931425941708,0.11875787723540139,0.024552905444252798,1.2570757144195623,0.18637559496561537,0.05566927055473913
9,67.17171717171718,0.10550443477032115,0.9254196865344441,1.418879893528214,0.11733060314546132,0.02403171194768675,1.2601335349766574,0.18424003197689798,0.05474701298636142
9,67.67676767676768,0.10549340100113026,0.9254307203036349,1.420791917588491,0.11592788634631926,0.023522404686551746,1.2631568812721923,0.1821237777038411,0.05383992096388345
9,68.18181818181819,0.10548255947719667,0.9254415618275685,1.4226681225273874,0.114549377903529,0.023024708190445758,1.2661460522126236,0.18002677871846157,0.052947749008831674
9,68.68686868686869,0.10547190177967994,0.9254522195250853,1.424509122557534,0.11319473414765088,0.022538351916177327,1.2691013454586646,0.17794897926393716,0.05207025521731508
9,69.1919191919192,0.10546142013383553,0.9254627011709297,1.4263155228216635,0.11186361418998317,0.022063071609715306,1.2720230581213257,0.17589032031421725,0.0512072015043741
9,69.6969696969697,0.10545110589699964,0.9254730154077655,1.4280879192006546,0.11055568054191117,0.021598608878796218,1.2749114865774531,0.17385073986221716,0.05035835350024659
9,70.20202020202021,0.10544095777433103,0.9254831635304341,1.4298269018140113,0.10927059354232634,0.021144713265024484,1.2777669272106769,0.1718301720164718,0.049523480712768304
9,70.70707070707071,0.10543098235798762,0.9254931389467775,1.4315330552473262,0.10800801117779736,0.020701142196238642,1.2805896763907751,0.16982854706828257,0.04870235648085925
9,71.21212121212122,0.10542116776894954,0.9255029535358156,1.4332069478926164,0.1067676069788145,0.02026765374993131,1.2833800278352365,0.16784579491045384,0.04789475719422649
9,71.71717171717172,0.10541151003608698,0.9255126112686782,1.4348491426348884,0.10554905247454371,0.0198440135119301,1.2861382751035142,0.16588184188461708,0.04710046295178556
9,72.22222222222223,0.10540200554041212,0.9255221157643531,1.4364601938030526,0.10435202245310352,0.019429992365206074,1.2888647107885476,0.16393661185705924,0.04631925729431008
9,72.72727272727273,0.1053926545234255,0.9255314667813396,1.4380406528166914,0.1031761851289135,0.019025370675757575,1.2915596281946284,0.16201002404671955,0.045550927698568756
9,73.23232323232324,0.10538345447128641,0.9255406668334787,1.439591057280183,0.10202122172713853,0.01862992961404081,1.2942233178674423,0.16010199763460498,0.04479526443786953
9,73.73737373737374,0.10537440462579885,0.9255497166789662,1.4411119382687492,0.10088681373773857,0.018243456614874542,1.2968560697817444,0.15821244892019432,0.04405206123797802
9,74.24242424242425,0.10536550539760843,0.9255586159071567,1.4426038192798079,0.09977264498180062,0.01786574435975391,1.2994581729369719,0.15634129189246562,0.04332111511047917
9,74.74747474747475,0.10535675334874113,0.9255673679560239,1.4440672155490883,0.09867840243842221,0.017496590633851897,1.3020299154176407,0.15448843813969176,0.04260222638258437
9,75.25252525252526,0.10534814164460538,0.9255759796601597,1.4455026341763144,0.09760377626476625,0.01713579818028172,1.3045715843299688,0.15265379697461093,0.04189519863533708
9,75.75757575757576,0.10533967327965031,0.9255844480251147,1.4469105755450953,0.09654845903824114,0.016783174038025997,1.3070834652363823,0.15083727634709462,0.04119983835643986
9,76.26262626262627,0.10533134753270447,0.9255927737720606,1.4482915320304868,0.09551214662890735,0.016438529961968387,1.309565842642333,0.14903878210642205,0.04051595519116175
9,76.76767676767678,0.10532316393308248,0.9256009573716826,1.449645988480718,0.09449453800553466,0.016101682135109832,1.3120189997947864,0.1472582183430957,0.03984336180203459
9,77.27272727272728,0.10531511520142561,0.9256090061033395,1.4509744199249128,0.09349533778484251,0.015772450911606947,1.3144432188660018,0.14549548703456128,0.03918187403935365
9,77.77777777777779,0.10530720124466841,0.9256169200600967,1.4522772963585335,0.09251425131612691,0.01545066094670187,1.3168387804532338,0.1437504890378167,0.038531310448866214
9,78.28282828282829,0.1052994195727547,0.9256247017320104,1.453555079602571,0.09155098812541408,0.015136140893377264,1.3192059638445248,0.1420231235736571,0.037891492521734994
9,78.7878787878788,0.10529176701375897,0.9256323542910061,1.4548082239608986,0.09060526135383247,0.014828723306631257,1.321545046917395,0.14031328843370894,0.03726224458881271
9,79.2929292929293,0.10528424182176632,0.9256398794829989,1.456037176597708,0.08967678693955572,0.01452824508409854,1.3238563063519841,0.13862087970253162,0.036643393885400985
9,79.7979797979798,0.10527684322372169,0.9256472780810435,1.4572423775494143,0.08876528384866142,0.014234547223286558,1.3261400175339018,0.13694579192927261,0.03603477047674227
9,80.30303030303031,0.10526956681718479,0.9256545544875804,1.458424259232698,0.08787047603045077,0.01394747335821363,1.328396453884231,0.1352879191370051,0.035436206918680685
9,80.80808080808082,0.10526240938733106,0.9256617119174341,1.459583247096413,0.08699209045790873,0.01366687106704054,1.3306258874900116,0.1336471539303648,0.03484753851954036
9,81.31313131313132,0.10525536745093014,0.9256687538538351,1.4607197595117047,0.08612985777537947,0.013392591334277974,1.3328285888686313,0.13202338786968004,0.03426860320160547
9,81.81818181818183,0.10524844318651377,0.9256756781182514,1.461834209968577,0.08528350792500844,0.013124490727776765,1.335004827898262,0.1304165102014293,0.033699241840225345
9,82.32323232323233,0.10524163242311371,0.9256824888816514,1.4629270028453767,0.08445277911163471,0.012862426664350791,1.3371548718303412,0.12882641067044404,0.0331392974391313
9,82.82828282828284,0.1052349330753692,0.9256891882293959,1.463998536502696,0.08363741156695054,0.0126062605517158,1.339278986627407,0.12725297768048252,0.032588615632027106
9,83.33333333333334,0.10522834338845206,0.9256957779163131,1.4650492027268869,0.08283714888949195,0.012355857004983442,1.3413774366436229,0.12569609877311028,0.03204704452318339
9,83.83838383838385,0.1052218615572299,0.9257022597475353,1.4660793871342614,0.08205173714639787,0.012111084340702861,1.3434504848828455,0.12415566028163666,0.031514434775434454
9,84.34343434343435,0.10521548584091682,0.9257086354638484,1.4670894691313952,0.08128092522073846,0.011871814269228549,1.3454983928675952,0.12263154755196111,0.0309906395203603
9,84.84848484848486,0.10520921515237157,0.9257149061523937,1.468079821211529,0.08052446697193683,0.011637920437896352,1.3475214199548955,0.12112364596753221,0.03047551401748888
9,85.35353535353536,0.10520304845875932,0.9257210728460059,1.4690508099135482,0.07978211885574982,0.011409279852064165,1.3495198240372956,0.11963183996060626,0.02996891594201458
9,85.85858585858587,0.10519698498965603,0.9257271363151092,1.47000279565157,0.07905364062857732,0.011185772341214758,1.3514938613029361,0.11815601339141563,0.02947070524556469
9,86.36363636363637,0.10519102054538458,0.9257331007593806,1.4709361322442416,0.07833879511012645,0.010967281266994169,1.353443786712021,0.11669604881569492,0.02898074441220063
9,86.86868686868688,0.10518515510598474,0.9257389661987805,1.4718511681500763,0.07763734864789894,0.010753691823386872,1.3553698529533225,0.11525182917537836,0.02849889781121584
9,87.37373737373738,0.10517938735049424,0.925744733954271,1.4727482457266616,0.0769490707687465,0.010544892125954006,1.3572723111612868,0.11382323668250252,0.028025032096127236
9,87.87878787878789,0.10517371593025553,0.9257504053745097,1.4736277015095096,0.07627373424988342,0.010340772861969173,1.3591514107247047,0.11241015315136081,0.02755901606385112
9,88.3838383838384,0.10516813911412148,0.9257559821906438,1.4744898660167984,0.07561111513129899,0.010141227473264805,1.3610073994265108,0.11101245979137794,0.027100720722027818
9,88.8888888888889,0.10516265495295277,0.9257614663518126,1.475335063961756,0.07496099269911524,0.009946151960490927,1.3628405233520187,0.10963003738556845,0.02665001920232951
9,89.3939393939394,0.10515726200139446,0.9257668593033709,1.4761636148744484,0.07432314944298837,0.009755444303925359,1.3646510265624288,0.1082627668594151,0.026206786518072758
9,89.89898989898991,0.10515195845985945,0.9257721628449059,1.4769758325629752,0.07369737108709115,0.009569004971295897,1.3664391514337437,0.10691052874297208,0.025770899763200954
9,90.40404040404042,0.10514674241346705,0.9257773788912983,1.4777720253805406,0.07308344657000333,0.009386736670818038,1.3682051385336467,0.10557320340147566,0.025342238004794376
9,90.90909090909092,0.10514161363315973,0.9257825076716057,1.478552496194042,0.0724811671956235,0.00920854523169678,1.3699492270730889,0.1042506703397658,0.024920682527062102
9,91.41414141414143,0.105136569795628,0.9257875515091374,1.479317542693478,0.07189032836635213,0.009034337561532161,1.3716716539231015,0.1029428098018898,0.024506116214925395
9,91.91919191919193,0.10513160926704475,0.9257925120377207,1.4800674573005324,0.07131072827937207,0.008864023041457683,1.3733726543189877,0.101649501671437,0.02409842394949202
9,92.42424242424244,0.1051267303937611,0.9257973909110043,1.4808025272904628,0.07074216823906633,0.008697513091833,1.3750524616665467,0.10037062580833372,0.023697492465036312
9,92.92929292929294,0.10512193201235322,0.9258021892924122,1.4815230349163977,0.07018445217851692,0.008534721526447325,1.376711307728836,0.09910606177985118,0.023303210431229408
9,93.43434343434345,0.10511721316582,0.9258069081389454,1.4822292574629885,0.06963738689970085,0.008375564258672764,1.3783494225049115,0.09785568907977776,0.022915468355227186
9,93.93939393939395,0.10511257225913202,0.9258115490456333,1.4829214672502955,0.06910078282087204,0.008219958550194436,1.3799670338911443,0.09661938769217439,0.022534158356597927
9,94.44444444444446,0.10510800808580763,0.9258161132189577,1.4835999318037487,0.06857445303133522,0.008067823786278188,1.3815643680681322,0.09539703750516833,0.022159174366615953
9,94.94949494949496,0.10510351951710731,0.9258206017876581,1.4842649139038033,0.06805821354436072,0.007919081173198143,1.3831416493756146,0.09418851853591266,0.021790412028389508
9,95.45454545454547,0.10509910495351495,0.9258250163512505,1.4849166714696018,0.06755188270221274,0.0077736544495476834,1.3846991006983753,0.09299371032042544,0.021427768921115843
9,95.95959595959597,0.10509476350366972,0.9258293578010957,1.4855554580505808,0.06705528235342911,0.007631468217352326,1.386236942629576,0.09181249332032115,0.0210711439900196
9,96.46464646464648,0.10509049411535802,0.9258336271894074,1.4861815225973414,0.06656823692904827,0.007492449094972618,1.3877553940834801,0.09064474793846104,0.02072043791797538
9,96.96969696969697,0.10508629580233664,0.9258378255024288,1.4867951096181777,0.06609057364308767,0.007356525360096705,1.3892546721326258,0.08949035481404603,0.020375552993244957
9,97.47474747474747,0.1050821672540422,0.9258419540507232,1.487396459038624,0.0656221224330489,0.007223627149689518,1.3907349921392684,0.08834919461744645,0.02003639318320174
9,97.97979797979798,0.10507810709526776,0.9258460142094976,1.4879858064214406,0.06516271595143053,0.0070936862484910785,1.39219656766196,0.08722114824041548,0.019702864037540947
9,98.48484848484848,0.10507411445396367,0.9258500068508017,1.4885633833574787,0.06471218958142157,0.006966635682461954,1.393639610255523,0.08610609717373809,0.01937487251065533
9,98.98989898989899,0.10507018823714949,0.9258539330676159,1.4891294171401137,0.0642703813512111,0.006842410130037362,1.3950643297179797,0.0850039230990077,0.019052327122929213
9,99.4949494949495,0.10506632735145174,0.9258577939533137,1.4896841309522613,0.06383713192221657,0.006720945746884656,1.3964709340165642,0.08391450804426145,0.01873513787909095
9,100.0,0.10506253069293031,0.9258615906118352,1.4902277434565223,0.06341228455034101,0.006602180614499131,1.3978596295388248,0.08283773395117651,0.01842321644991523
