sim_id,time,M,MpY,MpT,Mpp,MEK,MKP3,MpY_MEK,MpT_MEK,M_MEK_Y,M_MEK_T,Mpp_MKP3,MpY_MKP3,MpT_MKP3_Y,MpT_MKP3_T,M_MKP3_T,M_MKP3_Y
0,0.0,0.46025722077439146,0.4545076319619352,0.4857175518583482,0.469193238587298,0.4689355076848506,0.5255869253458737,0.49543881009510204,0.4742687533181437,0.5170455184662752,0.4930613212330167,0.514569067633854,0.47110351974043346,0.4853222226661889,0.514697398878763,0.5483753085838318,0.5409615039350426
0,0.5050505050505051,0.8648167887074034,0.9817947619537724,1.0276844001438332,0.7354476668766057,1.4191263462633743,1.3154640612669541,0.3063476518802784,0.22965494292329067,0.182110103863448,0.3115108658669831,0.3076691534850487,0.22716069600921807,0.3104917834642973,0.2443396753167624,0.6146951385158778,0.5807954387258214
0,1.0101010101010102,1.0747203037401718,1.2203209660058023,1.30413721615642,0.8701496793309368,1.8451426217372653,1.7490323333448197,0.20300441278004502,0.11404652987238938,0.06635017182228883,0.22020617458540212,0.1997608528939266,0.11451508720849515,0.20371825522798478,0.12128503324738905,0.6324716946020158,0.5798326902593556
0,1.5151515151515151,1.198052085154638,1.3301029097314807,1.4447091313419491,0.9364001334286044,2.0382811630763835,1.9958298864290178,0.1470808572860852,0.05973053257066875,0.02675627862761931,0.1769010792366241,0.1452258512325202,0.06323350990918174,0.13946862037564997,0.06622058926103043,0.628966481292069,0.5616710082845136
0,2.0202020202020203,1.281537430940119,1.3815000316488326,1.5157798736335009,0.9679189369587499,2.1264784013657154,2.1451046616642055,0.11662830976070251,0.03429749795258467,0.013450648727976966,0.1578950529903978,0.1184395295582484,0.040224167589721686,0.10115983903243399,0.04204144106384977,0.6165800016766606,0.53706630619886
0,2.5252525252525255,1.3454644952946426,1.4057631619208293,1.5510480665574717,0.9820501981886748,2.1663633680759014,2.2428093437344327,0.09985306924209068,0.02241283985484554,0.00914622468420014,0.15097440894033887,0.10579106764296965,0.030113762419308215,0.07850433024647659,0.031706826892093705,0.6008639225668513,0.5108266932818472
0,3.0303030303030303,1.3988932677241077,1.4170836867429821,1.5676757113301079,0.9875501319626735,2.18353554137174,2.312514046236847,0.09048160372633696,0.016862554322646415,0.007887575685209421,0.1499826356914444,0.10024210366483875,0.02583483238965539,0.06523877086131279,0.027492731215331086,0.5842571490530954,0.48503631336289893
0,3.5353535353535355,1.4460360727591315,1.4220790950324667,1.5744846896890292,0.988796825486965,2.189858461830312,2.366385010985995,0.08515770795942863,0.014264795004056668,0.007638536168272558,0.15183040983530835,0.09820419719586677,0.024162787928041624,0.05758184577042638,0.025937227373427726,0.5678006119787147,0.4605442655515073
0,4.040404040404041,1.4889492394181767,1.4239192198488717,1.5760664717428905,0.9879667464041436,2.1909628731086452,2.4107855941541514,0.08206826183884677,0.013038660934237225,0.007710537771514891,0.15496957714413392,0.09786422141165213,0.023636853377059255,0.0532605972513714,0.0255066153413805,0.5519152516554382,0.4376468135929267
0,4.545454545454546,1.5286968011063962,1.4241610240681861,1.5748435849149027,0.986136875037987,2.1895760880436077,2.4491089869325786,0.08022400410443828,0.01244737855170186,0.007874898585630738,0.15862754151199934,0.09831325197312811,0.02360088736297228,0.050912660763938675,0.025531088096576816,0.5367513328459544,0.4163977388088305
0,5.050505050505051,1.5658703126449967,1.4235867229771424,1.5721118804469094,0.9838374860738199,2.18703992547607,2.4832132665155133,0.07908026834096901,0.01214876691904242,0.008058004312795328,0.1624229457485019,0.0990998691977707,0.023763454927268956,0.049723438406575345,0.025723745848113204,0.5223436977483902,0.39674847414034903
0,5.555555555555556,1.600828766900297,1.4225971319209894,1.5685735459516805,0.9813279727598182,2.184021135991863,2.514153071389637,0.07833472181543703,0.011984550743290556,0.00823757916792215,0.16617192307886605,0.10000288042009993,0.023997176250909573,0.04920704295895755,0.02596520809272654,0.5086798783619995,0.3786106893096503
0,6.0606060606060606,1.6338125218146275,1.4214009051300238,1.564613090079566,0.9787338580388261,2.1808514964151917,2.542555668496568,0.07781840179508226,0.011881981726825482,0.008407872096024336,0.16979015876425516,0.10091640958173757,0.02424786614456538,0.0490745855017816,0.026208246504535383,0.49572942877947296,0.36188374177532023
0,6.565656565656566,1.6649989854060836,1.4201081331963699,1.5604428374499562,0.9761149235422212,2.177694625822352,2.568817043620997,0.07743623563096146,0.011807832930256144,0.008568117468276697,0.1732430989455335,0.10179183174902383,0.024493492204925565,0.04915496177902611,0.026435871439544727,0.4834563078861825,0.3464664381042827
0,7.070707070707071,1.694530366975477,1.4187775823298299,1.556180745364582,0.973498958503031,2.174629105082967,2.5932053379386724,0.07713428974391168,0.011746989776211643,0.008718868446400069,0.17652065774788905,0.10260857837475017,0.024725837792819515,0.0493472616248003,0.02664324670485862,0.4718238884883481,0.3322617958597355
0,7.575757575757576,1.7225275423623527,1.4174406077983808,1.5518920168823995,0.9708981216798396,2.1716897774140578,2.615915301157634,0.07688185470009315,0.011692721673686669,0.008860940391428374,0.1796246166181137,0.10335978753357461,0.024942576791401046,0.049592563425569114,0.026830233321281313,0.4607967897322472,0.31917869482227645
0,8.080808080808081,1.7490974504888999,1.4161140202729243,1.5476125141220718,0.9683172322489478,2.1688894798058356,2.6370985271757283,0.07666123365625785,0.01164201416362967,0.008995086590795067,0.18256209658086153,0.10404496035684897,0.02514366652028968,0.049856796592633076,0.026998179287385887,0.45034151107693243,0.30713230577416634
0,8.585858585858587,1.774336905656062,1.4148066908222694,1.5433614521775896,0.9657576521022085,2.1662298430845763,2.656879647522274,0.07646214501257108,0.011593542117892578,0.009121966477679405,0.1853424141046605,0.10466648325356356,0.025329915695833545,0.05012066435421091,0.027148778891825705,0.44042651611994327,0.2960439409463338
0,9.090909090909092,1.7983347802431802,1.4135232245584386,1.5391487391590286,0.9632192356175059,2.1637070933073184,2.675365676119556,0.07627848142292663,0.011546699741849324,0.009242150305632921,0.1879754860196529,0.10522787574006699,0.025502358363478923,0.05037350680914305,0.027283638926528762,0.43102216197733795,0.28584072884787365
0,9.595959595959597,1.8211732440405533,1.4122658740877945,1.5349789933150964,0.9607012028936466,2.161314923627092,2.69265118055872,0.07610653688620227,0.011501196325948466,0.009356140366253119,0.19047111359188415,0.10573300604720019,0.025662037270806896,0.05060974749223512,0.02740418204695189,0.4221005707298861,0.27645522263818545
0,10.101010101010102,1.8429285256727974,1.411035513928029,1.5308536876450836,0.9582025016421746,2.159045862574834,2.708821156161972,0.07594406546092697,0.011456899409273429,0.009464385821361202,0.19283869753098432,0.10618577222199466,0.025809945752826434,0.0508269060602303,0.027511658196618303,0.41363549938297967,0.26782500900736417
0,10.606060606060607,1.863671534804069,1.4098323329275548,1.526772672339997,0.9557220592547554,2.1568922249785176,2.7239531641965806,0.07578961329695268,0.011413720182667534,0.009567293268686971,0.1950870590705552,0.10658988551155903,0.02594698442583674,0.05102419019152404,0.027607150797867044,0.4056022271318407,0.25989234452877763
0,11.111111111111112,1.8834683215575925,1.4086561904564294,1.522735008822224,0.9532588697665998,2.154846547717568,2.738118632734,0.07564215538044189,0.011371578620095642,0.009665234412270681,0.197224394667004,0.10694880356094658,0.02607396475081236,0.05120168154417863,0.027691609771628413,0.39797744801030277,0.252603806412117
0,11.616161616161618,1.9023804165520184,1.4075067523521416,1.5187393220650764,0.9508119924160432,2.1529016967398853,2.7513835764941166,0.07550094181321519,0.011330405799653408,0.009758551453393216,0.1992583149912327,0.10726574462607881,0.02619162928817121,0.051359962543822725,0.02776588681861684,0.3907391765197489,0.24590997049343075
0,12.121212121212121,1.9204651288305794,1.4063835418280228,1.5147839429345251,0.9483805364993247,2.151050871909209,2.763809068031966,0.07536543490850336,0.011290148456486385,0.009847559920006658,0.20119589560317488,0.1075437143903811,0.026300665053467714,0.05149995782080201,0.02783075547773877,0.3838666667240185,0.2397651192856115
0,12.626262626262626,1.937775857706134,1.4052860142488046,1.5108670829835835,0.9459636746211052,2.1492876743410916,2.775451745067259,0.07523523186846813,0.011250759658926938,0.009932550376669546,0.20304369455222424,0.10778550611898503,0.02640170388209608,0.05162276527656606,0.027886917150563587,0.37734033808391243,0.23412697120460374
0,13.131313131313131,1.954362370492715,1.4042136313701654,1.5069870004581805,0.9435606580631422,2.147606162412523,2.7863642878204025,0.07510998633092358,0.011212188600933924,0.010013792102555364,0.20480778135044453,0.107993697875231,0.026495324353412276,0.051729493322464494,0.02793501066629788,0.37114170548267383,0.22895642726350318
0,13.636363636363637,1.9702710539947774,1.4031658842959196,1.5031420612122974,0.941170809872862,2.14600084241247,2.7965957568121085,0.07498937800143095,0.01117438248208113,0.010091535129832968,0.20649377277156541,0.1081706690019055,0.026582059319980093,0.05182119135039978,0.027975623156551655,0.36525331314941356,0.2242173339936261
0,14.141414141414142,1.9855451378502706,1.4021422779288328,1.4993307134698988,0.9387935055445028,2.1444666097432914,2.806191814898936,0.07487312082483161,0.011137293530159869,0.010166011274695508,0.20810687542440184,0.1083186274087008,0.02666240410526955,0.05189886270294571,0.028009298178130807,0.3596586743633859,0.21987626512661668
0,14.646464646464647,2.000224905600717,1.4011423218688512,1.4955514674261896,0.9364281633838801,2.1429987058038478,2.815194942324512,0.07476096808345417,0.011100880428152993,0.010237435256556009,0.2096519212253692,0.10843962755384973,0.026736819909648615,0.05196348059969003,0.02803653903911401,0.35434221627163187,0.21590232108553933
0,15.151515151515152,2.014347897981679,1.4001655406367706,1.4918029118330924,0.9340742463342074,2.1415927058408273,2.823644680793644,0.07465270007094049,0.011065104653545859,0.01030600628668386,0.2111333939453823,0.10853557718694035,0.026805734375201923,0.05201597274007004,0.02805781075227674,0.3492892278837695,0.2122669430520831
0,15.656565656565657,2.0279491021475873,1.399211483010952,1.4880837313846083,0.9317312621952943,2.1402445079715906,2.8315778606155724,0.0745481118525847,0.011029928801895631,0.010371909429057732,0.21255545274225096,0.10860824459217644,0.026869543629028988,0.052057202714950714,0.02807354343969428,0.34448581071437023,0.2089437410781923
0,16.161616161616163,2.0410611260400193,1.3982797196760004,1.4843927014008467,0.9293987580166271,2.1389503077543655,2.839028787227848,0.07444701202148836,0.01099531799400278,0.010435316512146504,0.21392195651537635,0.10865927060099964,0.026928615701292808,0.05208797114426471,0.028084136077859315,0.3399188321296197,0.20590833390210067
0,16.666666666666668,2.053714365781144,1.3973698432264123,1.4807286842895067,0.9270763176225033,2.13770657677343,2.846029423994856,0.07434922026527767,0.010961239044616173,0.010496387227536073,0.2152364874865194,0.10869017768107227,0.02698329219503536,0.052109017859793556,0.028089958613405557,0.335575880816732,0.20313819562309035
0,17.171717171717173,2.0659371728348956,1.3964814664873078,1.4770906238215984,0.9247635575989632,2.136510038985792,2.8526095716056923,0.0742545661452384,0.010927660709268198,0.010555270116594755,0.2165023748404863,0.10870238033013535,0.02703389070985813,0.05212102499326724,0.028091354718473568,0.3314452220519914,0.20061250237456654
0,17.67676767676768,2.07775595100383,1.3956142078958438,1.4734775126585158,0.9224601196665418,2.1353576396576575,2.8587969414157928,0.07416290143850257,0.010894556626330588,0.010612102786982446,0.2177227102879061,0.10869719578822563,0.027080707464775162,0.05212464525009172,0.028088643409103563,0.3275157685370111,0.19831204491898463
0,18.181818181818183,2.0891953628487574,1.3947677115299029,1.4698884291809642,0.9201656769852463,2.134246547259941,2.864617423133648,0.07407407845211068,0.010861899757644738,0.010667013725983585,0.21890037160169928,0.10867584660249145,0.027124017103484478,0.05212046810067364,0.02808212105279054,0.32377702818406184,0.19621904260683407
0,18.68686868686869,2.100278364822569,1.3939416237378766,1.466322488493178,0.9178799234854416,2.1331741196180354,2.870095070769748,0.07398797146742696,0.010829667859010104,0.010720121818810666,0.22003803003409605,0.10863947140556804,0.027164075789837084,0.05210906287995575,0.028072062514987173,0.32021908871620064,0.19431711470768756
0,19.191919191919194,2.111026379482034,1.3931356100752097,1.4627788737685419,0.9156025790545592,2.132137905414468,2.875252326814595,0.07390445837599018,0.010797838895358413,0.010771537885143737,0.22113817022641913,0.10858912709642282,0.02720112114930228,0.0520909498381449,0.02805872295219195,0.31683257309048624,0.1925911258428408
0,19.6969696969697,2.1214593869677514,1.3923493476413593,1.4592568183801442,0.9133333851161302,2.131135623998559,2.880110103955544,0.07382342660910256,0.010766392529649942,0.010821364991217726,0.22220310266885027,0.10852579631618982,0.027235374106021483,0.05206661540342357,0.028042339186050525,0.31360861210994545,0.19102710570680906
0,20.202020202020204,2.1315960151278817,1.3915825291352153,1.4557556129330007,0.9110721046808385,2.1301651597257285,2.884687891999926,0.07374476790003062,0.010735309196956479,0.01086969908033564,0.22323497489432842,0.10845039089420423,0.027267039711844968,0.05203650478194114,0.02802313108280277,0.31053881814947154,0.1896121701637935
0,20.70707070707071,2.141453640262192,1.390834857328749,1.452274591571171,0.9088185187797385,2.1292245432088728,2.8890038545816963,0.07366838211948896,0.010704570911936339,0.01091662942078466,0.2242357851362965,0.10836375901247736,0.027296308710119722,0.052001033633817716,0.028001302869992882,0.30761525610701546,0.1883344318688649
0,21.212121212121215,2.151048470976695,1.3901060457434844,1.4488131320064763,0.9065724252785715,2.1283119422270715,2.8930749216268734,0.0735941753569221,0.010674161059837341,0.0109622391028024,0.22520739305074552,0.10826668951003161,0.027323358579523675,0.05196058709040361,0.02797704442255293,0.30483041846803227,0.1871829270865667
0,21.71717171717172,2.1603956919952907,1.3893958230823082,1.4453706611650308,0.9043336394749978,2.1274256514526853,2.89691695411366,0.07352205381896532,0.010644062755742425,0.011006606027162429,0.22615153674282346,0.10815991690106289,0.027348354465961327,0.05191551405734576,0.027950532875171987,0.30217718622518874,0.18614748814559362
0,22.222222222222225,2.169509343225669,1.3887039150686795,1.4419466207172085,0.9021019873843567,2.1265640838096287,2.900544572435002,0.07345194283729538,0.010614263365005006,0.011049801593783687,0.22706981919166572,0.10804412258903583,0.027371449700022775,0.05186615873246363,0.02792193125551469,0.29964885321365137,0.18521885885829398
0,22.72727272727273,2.178402733135729,1.3880300689296594,1.4385405086071366,0.8998773112044368,2.1257257527588966,2.9039716589667828,0.07338375759111146,0.010584747796024776,0.011091893945137085,0.2279637587062086,0.10791994620423104,0.02739278802006082,0.05181282041423935,0.02789139380954143,0.29723902192589263,0.18438831744323625
0,23.232323232323235,2.1870881449024324,1.3873740321646668,1.4351518417374722,0.8976594645728809,2.124909281971942,2.9072109912542277,0.07331742783554548,0.010555503996146453,0.01113294547474373,0.22883475151900104,0.10778797806190302,0.027412502153095944,0.0517557894369157,0.027859061863628153,0.2949416704718757,0.18364795354233804
0,23.73737373737374,2.195577078664633,1.3867355592227841,1.431780164565899,0.895448311997009,2.1241133848515004,2.9102745194475426,0.07325288797710917,0.010526520786676742,0.011173014498825719,0.2296841026832667,0.1076487692237715,0.02743071594314517,0.05169533751936001,0.027825067154717883,0.29275108918378717,0.1829904483116601
0,24.242424242424242,2.203880383898529,1.3861144143732866,1.4284250521352366,0.8932437280076057,2.123336852422409,2.913173515840966,0.07319007240617947,0.010497786864549953,0.011212156147647942,0.23051304295659178,0.1075028374567102,0.027447545602707384,0.05163171392237045,0.027789533708486296,0.2906618441498333,0.18240895610291108
0,24.747474747474747,2.2120079947562243,1.3855103672624862,1.4250861062565223,0.8910455986530298,2.1225785803397046,2.9159182764372753,0.0731289238042582,0.010469292522838382,0.011250420614619129,0.23132269351595824,0.10735065528987665,0.027463097068617687,0.05156515094278994,0.027752574221062986,0.2886688386450239,0.18189735417933825
0,25.252525252525253,2.2199693875905817,1.3849231928463224,1.4217629462778723,0.8888538163136777,2.1218375148274164,2.9185186180497547,0.07306938649983966,0.010441028280750267,0.011287855857319031,0.23211412533205317,0.10719267265901715,0.02747747109782266,0.05149586896825872,0.027714295967937282,0.28676719547898133,0.18144982456221262
0,25.757575757575758,2.227773298446019,1.384352674368533,1.4184552211773458,0.8866682841412424,2.1211126898534016,2.920983578128456,0.07301140775764818,0.010412985274392437,0.011324505970650735,0.23288832194128578,0.10702930169052319,0.02749075998545972,0.05142406739182146,0.027674797196217623,0.28495232491269473,0.1810611174788121
0,26.262626262626263,2.2354279248137017,1.383798600372139,1.415162598957417,0.8844889122954426,2.1204032004121642,2.9233216258752535,0.07295493783035367,0.010385155143489843,0.01136041230687514,0.23364620510449602,0.10686092795807754,0.02750304993843478,0.05134993285774468,0.027634169704075652,0.2832198693404229,0.1807263711099758
0,26.767676767676768,2.2429409566420335,1.383260764414082,1.4118847655509887,0.8823156174793098,2.119708198817964,2.9255406951171676,0.07289992979985682,0.010357530044285298,0.011395613626970856,0.234388638508302,0.1066879120616531,0.02751442146444477,0.05127363997622646,0.02759249923623954,0.2815656924493037,0.18044108647895013
0,27.272727272727273,2.250319533983251,1.3827389657368967,1.4086214275675188,0.8801483238981753,2.119026900481126,2.9276481405534334,0.07284633946996574,0.01033010280068951,0.011430145818740616,0.23511642222685744,0.10651058707233371,0.02752494895763821,0.051195348992102534,0.027549864939457363,0.27998588833571975,0.18020116793330015
0,27.77777777777778,2.2575704061077486,1.3822330087553603,1.405372307330398,0.8779869608569681,2.11835856551417,2.9296509073850228,0.07279412379466307,0.010302866354370369,0.011464042855068966,0.23583031227910695,0.10632926677927639,0.027534702357161357,0.05111520927308371,0.027506341400919815,0.2784767347380999,0.18000278485042107
0,28.282828282828284,2.2646998280605373,1.381742701181064,1.4021371414880144,0.8758314634433133,2.117702508654618,2.9315554153670282,0.07274324406576178,0.01027581449305271,0.011497336104787204,0.2365310074791599,0.10614424113297335,0.027543746144575634,0.05103336131047744,0.027461997251797446,0.27703471991557604,0.17984246566155682
0,28.78787878787879,2.271713703660225,1.3812678553732622,1.3989156809258068,0.8736817712623945,2.117058084496149,2.933367716574257,0.07269366264494276,0.010248941252993245,0.01153005518133745,0.23721916722195704,0.10595578278382882,0.02755214090744935,0.05094993562437109,0.027416897068352916,0.275656500421118,0.17971697340460813
0,29.292929292929294,2.2786175620877196,1.3808082876077623,1.3957076896381144,0.8715378284950731,2.1164246896943397,2.935093467983047,0.07264534404182191,0.010222241053528402,0.011562227792807234,0.23789540821488214,0.10576414612753497,0.027559943050065164,0.050865054062907936,0.02737110100064751,0.2743389052653063,0.1796233292944759
0,29.7979797979798,2.285416537265719,1.3803638179225006,1.3925129447020106,0.8693995841826423,2.1158017655141315,2.936737908407459,0.07259825541077766,0.010195708699087362,0.011593879628283846,0.23856030154509908,0.10556956623928261,0.0275672044875,0.05077883009671936,0.02732466443176931,0.2730789392050766,0.17955883391617833
0,30.303030303030305,2.2921155127628303,1.3799342690747454,1.38933123150946,0.8672669898514628,2.1151887799925855,2.93830601305463,0.07255236546938072,0.010169339368836225,0.01162503511553143,0.23921439085104543,0.1053722665378027,0.02757397448967183,0.05069137180350314,0.027277639957265926,0.2718737405249925,0.1795209404161186
0,30.80808080808081,2.2987189902075627,1.3795194690700427,1.386162351565386,0.8651400025426217,2.1145852460980445,2.9398023571362866,0.07250764396453487,0.010143128376023866,0.011655716752160579,0.23985817560661532,0.10517245095550135,0.027580297930940405,0.050602775973876454,0.027230075557255706,0.2707206154253286,0.17950737380479623
0,31.313131313131315,2.3052312459093396,1.3791192478445504,1.3830061123776654,0.8630185812288412,2.113990700472515,2.9412312767365996,0.07246406271574318,0.01011707138407287,0.01168594590278393,0.24049213032226444,0.10497031318640142,0.027586217256953784,0.05051313605359813,0.027182016650105088,0.2696169917815596,0.17951599511876745
0,31.81818181818182,2.3116562740377242,1.3787334389980335,1.379862332405479,0.8609026884143894,2.113404711795946,2.9425968119083983,0.07242159470564029,0.010091164289867664,0.011715742504424797,0.24111669750150064,0.10476603302798758,0.02759177177912721,0.05042253802974659,0.02713350535544733,0.2685604334940291,0.1795448531892491
0,32.323232323232325,2.317997802669094,1.3783618796465453,1.376730840534173,0.8587922898863055,2.1128268788700177,2.9439027237148174,0.07238021398765093,0.010065403246767272,0.011745125141515936,0.241732289551427,0.10455977720606045,0.02759699788846931,0.05033106073652784,0.027084580711034905,0.2675486341820535,0.1795921723450218
0,32.82828282828283,2.3242593656087966,1.3780044095157256,1.373611472498889,0.8566873534903817,2.1122568219719366,2.945152568990574,0.07233989567030971,0.010039784529724746,0.011774111442231627,0.24233929718317657,0.10435170318222912,0.027601929807344924,0.05023877870663338,0.027035279508686713,0.26657939375264783,0.17965629283586884
0,33.333333333333336,2.3304442432880057,1.377660870792708,1.370504072053068,0.8545878496766861,2.1116941890063408,2.9463496366528448,0.07230061675522113,0.010014304827374943,0.0118027177298295,0.24293808247861284,0.10414195649034265,0.027606599033621313,0.05014576138214783,0.026985635636214138,0.2656506356813103,0.17973572190750373
0,33.83838383838384,2.3365555507478777,1.377331108653049,1.3674084902218462,0.8524937508709175,2.111138646717197,2.9474970436252113,0.07226235453038954,0.009988960877675096,0.011830959515272119,0.2435289891568456,0.10393067451241164,0.027611035241048774,0.050052073223368285,0.026935681102317612,0.2647603773931491,0.17982906168647814
0,34.343434343434346,2.3425962008521575,1.37701497058589,1.3643245846129404,0.8504050315451984,2.1105898839676303,2.948597693477274,0.07222508768664071,0.009963749658378193,0.011858851289771622,0.24411233819495856,0.10371798510247532,0.027615265888907475,0.04995777461337574,0.02688544558696603,0.26390674099754546,0.1799350411174412
0,34.84848484848485,2.3485689259462195,1.3767123063343203,1.3612522188652183,0.8483216679775126,2.1100476093984444,2.9496542995735444,0.07218879609654923,0.009938668333862775,0.011886406640839757,0.24468843032768336,0.10350400760484162,0.02761931645390234,0.049862922208302664,0.026834956696050113,0.26308794505081895,0.180052499196525
0,35.35353535353536,2.354476318420072,1.3764229678442366,1.358191261893059,0.846243637767056,2.109511546960278,2.950669428812864,0.07215346030472686,0.009913714228667084,0.011913638455158224,0.24525755084854925,0.10328885478376326,0.02762321093263403,0.04976756923770078,0.02678424049313705,0.2623022902457043,0.1801803522781822
0,35.85858585858586,2.360320785801082,1.3761468097947116,1.35514158971926,0.8441709207355396,2.108981441545371,2.9516454543539403,0.07211906164971313,0.009888884750590354,0.011940558699285132,0.24581996415241966,0.10307263032459722,0.02762697123338532,0.04967176430860871,0.026733320860373676,0.26154817250349055,0.18031763319958968
0,36.36363636363637,2.366104624675611,1.3758836884098984,1.3521030816796649,0.842103497397754,2.108457049614016,2.95258463239763,0.07208558239689992,0.009864177481338417,0.011967178788294197,0.24637592251683052,0.10285543301054374,0.02763061811074868,0.04957555418665264,0.026682220484445723,0.26082405812303666,0.18046343047092792
0,36.86868686868687,2.371829981661416,1.3756334623373578,1.3490756230619385,0.8400413499472715,2.1079381444780028,2.9534890623786985,0.07205300541009671,0.00983959011828576,0.011993509384348438,0.24692566140664532,0.10263735433510347,0.02763417068086152,0.049478981712761334,0.026630960335826515,0.2601284951423189,0.18061692219841508
0,37.37373737373738,2.377498877507571,1.3753959923231447,1.3460591039619543,0.8379844618328939,2.1074245133837506,2.954360712090531,0.07202131414655998,0.00981512046707308,0.012019560521051539,0.247469402278944,0.10241847979248246,0.027637646699111226,0.04938208665952775,0.026579559965743974,0.25946010432303984,0.1807773572535492
0,37.87878787878788,2.3831132295248283,1.3751711408715295,1.3430534181006721,0.8359328173533616,2.1069159547773473,2.9552014409217615,0.07199049269719855,0.009790766420957182,0.012045341722931494,0.2480073551789449,0.10219889009358116,0.02764106280399974,0.04928490666043043,0.026528037771580814,0.2588175706740587,0.18094403785857271
0,38.38383838383839,2.3886748270927303,1.3749587724034764,1.340058463807531,0.8338864019928507,2.106412281095914,2.9560129740493917,0.07196052591494735,0.009766526054905147,0.01207086186514272,0.2485397158664703,0.10197865995227409,0.027644434285579226,0.049187476414025356,0.026476410731034114,0.25819965095196534,0.1811163403997154
0,38.88888888888889,2.3941853762544323,1.374758753174313,1.337074142858104,0.8318452019811805,2.10591331400627,2.956796950110477,0.07193139894778137,0.00974239747559315,0.012096129415267953,0.24906667095246685,0.10175786012100506,0.027647775533945828,0.04908982848786266,0.02642469489588691,0.2576051569806448,0.18129368065416254
0,39.3939393939394,2.399646465989374,1.3745709511078958,1.334100360814947,0.8298092045635113,2.105418887815677,2.9575548845087676,0.07190309781601899,0.009718378919214858,0.01212115225835642,0.24958839398811147,0.10153655594195586,0.027651099667470154,0.04899199325817446,0.02637290498803858,0.2570329673067535,0.18147554111282524
0,39.8989898989899,2.405059605528135,1.3743952357932878,1.3311370263888394,0.8277783976151503,2.1049288455364894,2.9582882096376393,0.07187560892272747,0.009694468706452094,0.012145937881476035,0.2501050497502339,0.10131480904429893,0.027654418974408856,0.048893999159117234,0.02632105486636149,0.25648201252491315,0.18166144257724623
0,40.40404040404041,2.410426237357415,1.3742314784235852,1.3281840511009901,0.825752769488863,2.1044430374672465,2.958998288752323,0.07184891893689634,0.009670665232649107,0.0121704934379621,0.25061679572262513,0.10109267796001896,0.027657745065543443,0.048795872875882475,0.02626915768676177,0.2559512696913452,0.18185093475211012
0,40.909090909090914,2.41574773459695,1.374079551695905,1.32524134911358,0.8237323090178237,2.103961321393489,2.959686412879486,0.07182301492189518,0.00964696697057804,0.012194825736322686,0.251123781775094,0.10087021804093776,0.02766108883323341,0.04869763953828353,0.026217225858543188,0.2554397626378157,0.18204359899568556
0,41.41414141414142,2.4210253050909056,1.3739393302581713,1.3223088394480789,0.8217170065286015,2.1034835730155867,2.9603536981588867,0.07179788517877667,0.009623372442779615,0.012218940794687877,0.25162613936554845,0.10064747707625411,0.027664459257796436,0.048599321562968104,0.026165269876609033,0.25494659733754865,0.1822391235139217
0,41.919191919191924,2.426260200602075,1.3738106897118523,1.3193864410056029,0.8197068515865117,2.1030096631748374,2.9610013095799204,0.07177351742023057,0.009599880246720765,0.012242844822961483,0.25212400513262884,0.10042450491539073,0.02766786598512476,0.04850094131661299,0.02611330087095005,0.25447088255486244,0.18243714156112328
0,42.42424242424243,2.431453592873519,1.3736935071611918,1.3164740753928343,0.8177018343056547,2.10253947130985,2.961630328272066,0.0717498998881997,0.009576489026380771,0.012266543645514568,0.252617506927434,0.10020134780384762,0.027671317786491373,0.048402519659661455,0.02606132909377979,0.2540117757565573,0.18263732841158153
0,42.929292929292934,2.43660658669619,1.3735876611579128,1.3135716667889572,0.8157019454172034,2.102072884210435,2.962241765698544,0.07172702122886451,0.009553197485210704,0.01229004274934304,0.253106765123526,0.09997804878216371,0.027674822716497953,0.048304075981901264,0.026009364024583877,0.25356847763510304,0.1828393919451908
0,43.43434343434344,2.441720120402765,1.373493032287522,1.310679145399452,0.8137071783898255,2.1016098077620162,2.962836458566264,0.07170487124142343,0.009530004454078263,0.012313346745207789,0.25359188059465326,0.09975464207289708,0.027678386896999765,0.048205626081311036,0.025957412902902058,0.25314026944330703,0.1830431508203035
0,43.939393939393945,2.446795234772834,1.3734095015361902,1.3077964382166887,0.8117175239817054,2.1011501354251885,2.9634153529309453,0.07168343888892542,0.009506908705746496,0.012336460810252237,0.2540729669672666,0.09953116799365862,0.027682017780096102,0.04810718787024773,0.025905484607218882,0.25272640973797844,0.18324832586383963
0,44.44444444444445,2.451832880594571,1.3733369514341192,1.3049234756533454,0.8097329742502346,2.10069377087621,2.9639793009047755,0.07166271374053576,0.009483909085042349,0.012359389650720155,0.2545501274448708,0.09930766218620901,0.027685721801796206,0.04800877729776373,0.025853586843860923,0.2523262071675171,0.18345469058206224
0,44.949494949494955,2.4568339304434748,1.3732752659823175,1.3020601905967764,0.8077535213578698,2.1002406258620616,2.9645290723670925,0.07164268583593661,0.00946100450363981,0.012382137619488089,0.25502345697625306,0.09908415721710866,0.02768950458837242,0.04791040882997288,0.025801726624501364,0.25193901564719934,0.18366206150973746
0,45.45454545454546,2.461799167681218,1.3732243307087395,1.2992065185908386,0.8057791574774734,2.099790621233849,2.965065343073136,0.07162334575579145,0.009438193947722157,0.012404708675666364,0.25549304118435057,0.09886068228697353,0.027693370842419646,0.04781209530609419,0.02574991020988456,0.25156423803130357,0.18387030703417304
0,45.959595959595966,2.466729426917383,1.3731840317704909,1.296362394689933,0.8038098750584792,2.0993436729606576,2.965588845324344,0.07160468376636,0.009415476367157024,0.012427106963947785,0.25595897073925705,0.09863726795707649,0.02769732583311842,0.047713850232769424,0.02569814413510545,0.25120127091602357,0.18407924238554713
0,46.46464646464647,2.4716254740686208,1.3731542566960797,1.2935277560343426,0.80184566647271,2.098899703965772,2.9661002391546964,0.07158669055588039,0.009392850768380548,0.012449336328455053,0.2564213291788914,0.09841394224987682,0.02770137412847071,0.04761568588637806,0.02564643437542575,0.25084955065328146,0.18428872033585555
0,46.969696969696976,2.476488009895016,1.373134894434834,1.2907025427099355,0.7998865253306355,2.098458644970795,2.9666001172483414,0.07156935720498829,0.009370316246183166,0.012471400223091768,0.256880192152321,0.09819072939876845,0.02770551957141549,0.0475176128354687,0.025594785932824028,0.2505085534348829,0.18449862836228362
0,47.47474747474748,2.4813177075976163,1.3731258350232332,1.287886695878051,0.7979324451442772,2.098020429473994,2.967089044017899,0.07155267497114644,0.009347871918323926,0.012493301977302775,0.2573356324566121,0.09796765258936224,0.027709765743693174,0.04741964113933719,0.02554320358167919,0.2501777780404977,0.18470886167151615
0,47.979797979797986,2.486115230732777,1.3731269694239283,1.2850801569105479,0.7959834187335789,2.0975849913996503,2.9675675742498973,0.07153663518697072,0.009325516895926877,0.012515044918853642,0.25778772239597775,0.09774473522118227,0.027714116184532536,0.04732178090376488,0.025491692209174334,0.2498567374202513,0.184919310595182
0,48.484848484848484,2.4908812041823776,1.373138189776617,1.2822828689221542,0.7940394394059318,2.097152269117723,2.9680362230180726,0.07152122943019745,0.009303250339217303,0.012536632155602486,0.25823652975463895,0.09752199864056642,0.027718574024592223,0.04722404130359138,0.02544025618911346,0.24954497134776057,0.1851298822602879
0,48.98989898989899,2.4956162065986938,1.3731593894332816,1.2794947772937852,0.7921005013710454,2.096722206189993,2.9684954583555285,0.07150644955449292,0.009281071442744745,0.012558066579112058,0.258682117031037,0.09729946152823005,0.027723141897430106,0.04712643022879868,0.025388899260123433,0.24924205138101846,0.18534050413285535
0,49.494949494949495,2.500320808167412,1.3731904626682363,1.2767158276486679,0.7901665983205173,2.0962947469220334,2.9689457397315153,0.07149228749762902,0.009258979421896834,0.01257935102240675,0.2591245459334136,0.09707714258596764,0.027727822388785666,0.047028955617587624,0.025337625171555255,0.24894756030772988,0.18555110098084326
0,50.0,2.5049955548222855,1.373231304788694,1.273945966785909,0.7882377241482467,2.095869838267384,2.969387502126467,0.07147873536162377,0.009236973516690932,0.012600488196253628,0.2595638754554275,0.09685505930091923,0.027732617844382138,0.04693162484258844,0.02528643738509442,0.24866110057718263,0.18576160470735098
0,50.505050505050505,2.5096409685518126,1.3732818121213115,1.2711851426171203,0.7863138728813064,2.095447429741163,2.969821156279103,0.07146578541094085,0.009215052989603035,0.01262148069544116,0.2600001619602314,0.09663322803649237,0.027737530376193285,0.046834444744946496,0.025235339104109435,0.24838229389697933,0.18597195434616057
0,51.01010101010101,2.5142575261491604,1.3733418821179608,1.2684333040502542,0.7843950377926632,2.0950274749527535,2.970247065006,0.07145343017774047,0.00919321712149739,0.012642330955444332,0.260433457589944,0.0964116642440127,0.02774256167587288,0.04673742160653379,0.025184333428111227,0.24811079107047196,0.18618210975298155
0,51.515151515151516,2.5188457147928998,1.3734114130277597,1.2656904008005458,0.7824812130771918,2.094609927170987,2.970665604376125,0.07144166218507626,0.009171465212466432,0.01266304139422069,0.26086381483462934,0.09619038260093382,0.02774771352920955,0.046640561494237065,0.025133423167374953,0.24784624503526181,0.18639201658084198
0,52.02020202020202,2.523405995318864,1.3734903040939608,1.2629563833997468,0.780572392597592,2.0941947421425513,2.971077123116328,0.07143047412932997,0.00914979657755963,0.012683614328058437,0.2612912836198802,0.09596939708593184,0.027752987482506684,0.046543870092935306,0.0250826110208733,0.24758832824119784,0.1866016297442115
0,52.525252525252526,2.5279388048685982,1.3735784555597377,1.2602312033191159,0.7786685701636076,2.09378187806905,2.9714819456907247,0.07141985886492884,0.009128210554304565,0.012704051954665086,0.2617159113544312,0.09574872074921843,0.02775838485268408,0.046447352662668,0.0250318994700329,0.2473367309665481,0.18681091239210812
0,53.03030303030303,2.5324445450584796,1.3736757687738306,1.2575148132295708,0.7767697395031748,2.0933712968569003,2.9718803595568706,0.07140980946012554,0.009106706514566059,0.012724356285231008,0.26213774168055654,0.0955283652955827,0.027763906594703677,0.04635101386537859,0.0249812906603936,0.24709116651014706,0.18701984430090807
0,53.535353535353536,2.536923631240609,1.373782145726884,1.254807165787969,0.774875894254375,2.0929629588563863,2.9722726680021654,0.07140031896115431,0.009085283814721746,0.012744529423306998,0.26255681974181,0.09530834295460862,0.027769553852420102,0.04625485856583199,0.02493078691739628,0.2468513480389074,0.18722838845265458
0,54.04040404040404,2.541376454783946,1.3738974893983404,1.2521082145218214,0.7729870279277691,2.0925568268705668,2.9726591496100254,0.07139138057158816,0.00906394183365998,0.012764573349903389,0.2629731881716611,0.09508866509451319,0.027775327536401162,0.0461588912455461,0.024880390359326512,0.2466170057911695,0.18743651714700266
0,54.54545454545455,2.5458033822392085,1.374021703775054,1.249417914295216,0.7711031344983476,2.092152866611413,2.973040058045128,0.07138298765992855,0.009042679981685798,0.012784489903884335,0.26338688664046794,0.09486934156350747,0.02778122829482115,0.04606311571951982,0.024830102709421892,0.24638788776246137,0.18764421268912468
0,55.05050505050505,2.5502047635368754,1.3741546937620583,1.2467362208345834,0.7692242080544661,2.091751045613511,2.9734156304231867,0.07137513371748468,0.009021497687811783,0.012804280835248108,0.2637979529433238,0.09465038137107087,0.02778725661536644,0.04596753543451878,0.024779925483377672,0.2461637552874483,0.1878514621690157
0,55.55555555555556,2.5545809496811156,1.3742963649932505,1.2440630896716611,0.7673502419866703,2.0913513308518166,2.9737861053295958,0.07136781226769569,0.009000394371341838,0.012823947922896426,0.2642064253836289,0.09443179421533267,0.027793413048043506,0.04587215413305648,0.024729860413350003,0.24594437376906522,0.18805824587554107
0,56.06060606060606,2.5589322742056577,1.374446624024009,1.2413984773105353,0.7654812299323882,2.090953691304973,2.974151704016332,0.07136101696075443,0.008979369473395872,0.012843492846302516,0.2646123402119538,0.09421358878156301,0.027799697966602473,0.04577697512181923,0.02467990896944367,0.24572952192682843,0.18826455000139566
0,56.56565656565657,2.5632590505257116,1.3746053783071521,1.2387423414149088,0.7636171658858086,2.090558098253775,2.9745126277285205,0.07135474159802618,0.008958422459675154,0.012862917194247817,0.2650157312916551,0.09399577257756965,0.027806111554463525,0.04568200109421879,0.024630072382974134,0.24551899409165634,0.18847036735458156
0,57.07070707070707,2.567561586471531,1.3747725361064769,1.236094639950931,0.7617580436312827,2.09016452346537,2.9748690725435663,0.07134898004184653,0.008937552800764704,0.012882222519908854,0.26541663196948945,0.09377835300883855,0.027812653955979334,0.04558723475483905,0.024580351841859895,0.24531259089354426,0.18867568978535712
0,57.57575757575758,2.5718401813689313,1.37494800650432,1.2334553313935621,0.7599038569041465,2.0897729395846087,2.9752212264350657,0.07134372623484572,0.00891675997679041,0.012901410330715252,0.2658150746704194,0.09356133711922224,0.027819325245966853,0.04549267866549785,0.024530748445172945,0.24511012101046156,0.18888050986259727
0,58.08080808080808,2.5760951235502136,1.3751316994067193,1.2308243749012486,0.7580545995265086,2.08938332046649,2.9755692667669154,0.0713389742164672,0.0088960434813634,0.01292048207992591,0.2662110905531329,0.09334473137222711,0.02782612540390728,0.04539833511402063,0.02448126316559677,0.24491140265088276,0.1890848223104346
0,58.58585858585859,2.580326678203892,1.375323525582985,1.2282017298786676,0.7562102643853162,2.0889956417448663,2.975913346154709,0.07133471817712646,0.00887540281435339,0.01293943914619072,0.26660470891484234,0.09312854238465539,0.027833054228554244,0.045304206325341476,0.02443189711136544,0.24471627256965325,0.18928862800970522
0,59.09090909090909,2.584535119386893,1.3755233965230107,1.2255873566366728,0.7543708454931444,2.088609878925765,2.976253628962671,0.0713309523077629,0.008854837490820363,0.012958282902145471,0.2669959591708858,0.09291277570127907,0.027840111583003226,0.04521029420256927,0.024382651032042433,0.24452456264502234,0.18949192265739717
0,59.5959595959596,2.588720708250236,1.3757312245189006,1.2229812158750115,0.7525363365012041,2.0882260086261115,2.9765902663679555,0.07132767090163315,0.008834347033532947,0.012977014671378944,0.2673848695647228,0.09269743673133513,0.02784729723185147,0.04511660053807598,0.02433352568790181,0.24433611577683317,0.1896947044500314
0,60.101010101010104,2.5928836995982016,1.3759469226284304,1.2203832687851777,0.7507067310812401,2.0878440081555323,2.976923403786232,0.07132486832322937,0.008813930974132923,0.012995635744202932,0.26777146760028187,0.09248253054622366,0.02785461089323511,0.04502312697698825,0.024284521764383806,0.24415078107124324,0.18989697174567824
0,60.60606060606061,2.597024342781414,1.376170404662141,1.217793477029252,0.7488820229336898,2.0874638554295006,2.977253181825711,0.07132253900376978,0.008793588852570717,0.013014147381662962,0.2681557801298751,0.09226806190494066,0.027862052247895532,0.044929875030192926,0.024235639877525642,0.24396841316768944,0.19009872273002923
0,61.111111111111114,2.6011428769731815,1.3764015852155114,1.2152118026899363,0.7470622055646055,2.087085529301436,2.977579730990513,0.07132067745987196,0.008773320216361779,0.013032550798668913,0.2685378330210406,0.09205403533003167,0.02786962089480687,0.04483684609916676,0.024186880598563037,0.2437888753442308,0.19029995752667217
0,61.61616161616162,2.605239490321842,1.3766403799910656,1.2126382080353344,0.7452472705753749,2.0867090125892593,2.977903126183072,0.07131927846132648,0.008753124618691089,0.013050847012835785,0.2689176481152665,0.09184045550846785,0.027877315963112725,0.04474404157685266,0.02413824460182748,0.24361206692344717,0.19050069602720454
0,62.121212121212125,2.6093144347166106,1.3768867048715132,1.210072656081767,0.7434372123589494,2.086334283494865,2.9782235143826896,0.0713183365565824,0.008733001621479644,0.013069037271813038,0.26929525185263953,0.09162732629283306,0.027885137204600566,0.04465146262094542,0.024089732281514807,0.2434378459973575,0.19070092800404323
0,62.62626262626263,2.6133679318598495,1.3771404766678812,1.2075151100863395,0.7416320242042916,2.0859613225898754,2.9785410100772003,0.0713178464596066,0.008712950791796428,0.013087122704801722,0.26967066825129904,0.09141465157963685,0.02789308410062404,0.044559110366509766,0.024041344080751554,0.2432660925402136,0.1909006540390481
0,63.131313131313135,2.6174002001485555,1.3774016128980218,1.20496553365906,0.739831699374461,2.0855901107903403,2.978855725138472,0.07131780293810819,0.008692971702122571,0.013105104423176332,0.270043920943632,0.09120243510099071,0.027901156118428142,0.04446698588427632,0.023993080408324045,0.24309669025310227,0.19109987388039065
0,63.63636363636364,2.6214114554419594,1.3776700317747128,1.2024238907410336,0.7380362311096076,2.0852206292792403,2.979167769636787,0.07131820080954704,0.00867306392978284,0.01312298352402902,0.27041503325478017,0.09099068045116956,0.027909352719021684,0.04437509019391129,0.023944941644537518,0.24292952597532416,0.1912985861632327
0,64.14141414141415,2.6254018934701904,1.3779456523591758,1.1998901457915918,0.7362456122461027,2.0848528610754093,2.9794772326403653,0.07131903501943335,0.008653227063067134,0.01314076101818335,0.27078402662128626,0.09077939083299136,0.027917673178422638,0.04428342411806567,0.023896928098030092,0.24276450136866404,0.19149679654744506
0,64.64646464646465,2.6293716543137746,1.3782283948761425,1.1973642641794597,0.7344598344607931,2.0844867942103225,2.9797841434685615,0.07132030079999244,0.008633460713885455,0.01315843768444567,0.27115091738873337,0.09056856853057357,0.02792611622664515,0.044191987980931144,0.023849039914689674,0.24260155658725352,0.19169453407532988
0,65.15151515151516,2.633320969450963,1.3785181793839314,1.1948462104962339,0.7326788913325238,2.0841224085323855,2.98008863197998,0.07132199301049494,0.008613764463894679,0.013176014674958677,0.2715157301156454,0.09035821716831949,0.027934681542573565,0.044100782890141986,0.02380127747429356,0.24244057190139873,0.19189178382727679
0,65.65656565656566,2.6372500287285408,1.3788149269680963,1.1923359500572366,0.7309027755476054,2.083759687628206,2.980390783521987,0.07132410673299043,0.008594137912685918,0.013193492968292357,0.2718784855552047,0.0901483396955614,0.027943368401728216,0.04400980958967271,0.02375364103893476,0.24228145655170316,0.1920885479843972
0,66.16161616161617,2.6411590193453653,1.3791185593851885,1.1898334484447999,0.7291314797018559,2.0833986153179325,2.9806906814079905,0.07132663709701824,0.008574580663290015,0.013210873530212384,0.27223920418892605,0.08993893899634856,0.02795217607262069,0.04391906880454105,0.0237061308609735,0.24212412261320868,0.1922848280283012
0,66.66666666666667,2.6450481263459684,1.3794289990533255,1.1873386714895802,0.727364996297865,2.0830391756023383,2.9809884074331148,0.07132957927684402,0.008555092321708866,0.013228157316097095,0.2725979062803911,0.08973001791182718,0.027961103821840996,0.043828561251701405,0.023658747188164346,0.24196848458994005,0.19248062458739557
0,67.17171717171718,2.6489175108384004,1.379746169227142,1.184851586466218,0.7256033186250874,2.0826813554358705,2.9812840195696904,0.07133292861369532,0.008535672528859508,0.013245345138344241,0.27295460908060937,0.08952157758529128,0.027970150671745218,0.04373828687864785,0.02361148984761049,0.2418144746727244,0.19267594755827464
0,67.67676767676768,2.65276730776953,1.3800699940108565,1.1823721622228378,0.7238464408648378,2.0823251450185865,2.981577549698189,0.07133668062825171,0.008516320964060749,0.013262437652312714,0.2733093265341672,0.08931361727987869,0.027979315375352604,0.04364824478006526,0.02356435819949534,0.24166204424511942,0.19287081720588428
0,68.18181818181819,2.6565977094127047,1.3804003976618806,1.1799003646380073,0.7220943547983545,2.081970527214345,2.9818690891453152,0.07134083055216552,0.00849703722380243,0.013279435861754806,0.2736620799453113,0.08910614065027186,0.02798859734318308,0.04355843608608913,0.023517352711397436,0.24151110512040525,0.1930652257273223
0,68.68686868686869,2.66040887839187,1.3807373053053926,1.1774361613703817,0.7203470532706338,2.0816174885945395,2.982158699592451,0.07134537381612777,0.008477820948550863,0.013296340591092984,0.2740128868470678,0.08889914917876479,0.027997995676888984,0.0434688609406717,0.02347047330961195,0.24136159064059187,0.19325917744500384
0,69.1919191919192,2.6642009745056545,1.3810806427069613,1.1749795204046314,0.7186045291441719,2.081266016044813,2.9824464405653197,0.07135030589935296,0.008458671783967493,0.01331315264742222,0.27436176442182364,0.0886926441802864,0.0280075094667744,0.0433795194253413,0.023423719882114342,0.24121343675659596,0.19345267650755243
0,69.6969696969697,2.6679741549987845,1.3814303362649545,1.1725304100448701,0.7168667753050354,2.0809160967403226,2.9827323697220347,0.07135562232806238,0.00843958938076351,0.013329872821580295,0.27470872952665015,0.08848662680805004,0.028017137794414615,0.04329041156239258,0.023377092279486526,0.2410665817790188,0.1936457268385869
0,70.20202020202021,2.6717285619235023,1.3817863131377757,1.1700887982960437,0.7151337831301674,2.0805677184028135,2.9830165279333882,0.07136131871950588,0.00842057337652534,0.01334650190980271,0.27505379838873134,0.08828109911754602,0.02802687963407357,0.04320153759834657,0.023330590689574066,0.24092097574042357,0.19383833607063222
0,70.70707070707071,2.6754643329539083,1.3821485011261638,1.1676546533571763,0.7134055437500879,2.0802208690457507,2.983298951990298,0.07136739074325647,0.00840162341029273,0.013363040697982631,0.27539698690009634,0.08807606320789653,0.028036733937969825,0.04311289777825897,0.023284215333205394,0.24077657229689495,0.19403051223946016
0,71.21212121212122,2.6791816219489983,1.3825168284536793,1.1652279445767837,0.7116820504735563,2.0798755365066577,2.9835796987950722,0.07137383404811729,0.008382739150751195,0.013379489930386828,0.27573831116146574,0.08787151956402639,0.028046699797963023,0.04302449190838867,0.023237965877696217,0.24063331337168617,0.19422225746915137
0,71.71717171717172,2.6828805706418293,1.3828912240576186,1.1628086410912712,0.7099632953868762,2.079531709046285,2.9838588119800225,0.07138064436142541,0.008363920256170734,0.013395850356299513,0.2760777867771982,0.08766746940544484,0.02805677622411579,0.0429363199798952,0.02319184226520249,0.24049115018550318,0.19441357674380005
0,72.22222222222223,2.686561318241384,1.3832716174839763,1.1603967122606995,0.7082492704720782,2.079189375120209,2.9841363331866413,0.07138781745462326,0.008345166387290714,0.01341212271621554,0.27641542911904005,0.08746391392699777,0.02806696222045507,0.042848381969469204,0.023145844443539506,0.24035003606075325,0.19460447497612818
0,72.72727272727273,2.690224001610835,1.3836579388808263,1.157992127657795,0.7065399676018874,2.0788485233561356,2.9844123022439204,0.07139534914207045,0.008326477207044379,0.013428307743059243,0.2767512533490689,0.08726085431215341,0.028077256786861366,0.042760677844544924,0.023099972369804697,0.24020992624167314,0.19479495698502622
0,73.23232323232324,2.6938687531572647,1.384050119083522,1.1555948578731872,0.7048353797435464,2.0785091439799706,2.984686755726262,0.07140323530311332,0.008307852418379448,0.013444406040915574,0.27708527305499964,0.08705829033701089,0.028087658856719676,0.04267320718093572,0.023054225536366067,0.24007078221486092,0.19498502693182881
0,73.73737373737374,2.697495704181244,1.3844480894808382,1.153204873373345,0.7031354992786283,2.078171226785507,2.9849597293772603,0.07141147184866807,0.008289291711191584,0.01346041825598459,0.2774175021960272,0.0868562223364725,0.028098167387826143,0.04258596970512598,0.023008603636360103,0.23993256529303206,0.19517468904790683
0,74.24242424242425,2.701104985660728,1.384851781984053,1.150822144273583,0.701440317678097,2.0778347607283276,2.985231258716845,0.07142005471387776,0.008270794751967278,0.01347634511021515,0.27774795549299053,0.08665465159047701,0.02810878138127721,0.04249896540205093,0.022963106693714493,0.23979523524417187,0.19536394775544752
0,74.74747474747475,2.7046967257428545,1.3852611291281125,1.1484466412852214,0.6997498269163213,2.077499735603785,2.9855013773174366,0.07142897988422583,0.008252361228228462,0.013492187258738247,0.27807664682240096,0.08645357868296744,0.028119499807950952,0.04241219406534152,0.022917734506086983,0.23965875539458403,0.19555280700961644
0,75.25252525252526,2.708271050937426,1.3856760640242813,1.146078335342511,0.6980640189297819,2.0771661413816123,2.9857701177011,0.0714382433840308,0.008233990831357252,0.013507945345422658,0.27840358985495567,0.08625300414034658,0.028130321638893143,0.04232565547446997,0.022872486860371608,0.2395230904525935,0.19574127051620926
0,75.75757575757576,2.711828086282448,1.3860965203540314,1.143717197596182,0.6963828856187613,2.0768339681912806,2.986037511508854,0.07144784127538743,0.008215683256532299,0.013523620003412746,0.2787287980707655,0.08605292843692716,0.028141245846849332,0.04223934939780732,0.02282736353366578,0.23938820635369715,0.1959293417061834
0,76.26262626262627,2.7153679477594195,1.386522432432366,1.141363199959046,0.6947064191912413,2.0765032065369255,2.9863035826538593,0.07145776969630127,0.008197438181818364,0.013539211888232816,0.2790522844941007,0.08585335142304483,0.028152271340068064,0.042153275251468766,0.022782364173035564,0.2392540767135955,0.1961170252289121
0,76.76767676767678,2.7188907561631472,1.3869537350789376,1.1390163141233847,0.6930346115594853,2.076173846876769,2.986568359896898,0.07146802479032695,0.00817925530496471,0.01355472162073955,0.2793740622045787,0.08565427335137707,0.028163397083593684,0.042067432711019884,0.022737488510796315,0.23912067098904435,0.19630432424125463
0,77.27272727272728,2.7223966325014115,1.3873903636546367,1.1366765118939721,0.6913674545521626,2.0758458797496453,2.98683187270125,0.0714786027296106,0.00816113433052212,0.013570149807686002,0.2796941441799146,0.08545569452737059,0.028174622059149827,0.04198182150286721,0.022692736290948923,0.23898795838639975,0.19649124131599793
0,77.77777777777779,2.7258856944914,1.3878322540883514,1.1343437654429778,0.6897049400780454,2.075519295869042,2.9870941480804447,0.07148949973238587,0.00814307495991001,0.013585497057676987,0.28001254317836394,0.08525761504136976,0.02818594523460743,0.041896441244359685,0.022648107212767853,0.23885591083505608,0.19667777913537848
0,78.28282828282829,2.729358058705206,1.3882793428531213,1.1320180471624803,0.6880470600402728,2.0751940860498053,2.987355212559988,0.07150071205190246,0.008125076896678525,0.013600763973387093,0.2803292718256055,0.08506003492155943,0.028197365582819586,0.041811291534782184,0.0226036009627317,0.23872450114447846,0.1968639400776251
0,78.7878787878788,2.7328138407007927,1.388731566960338,1.1296993296604803,0.6863938063395677,2.0748702411945223,2.9876150923153686,0.07151223597554224,0.008107139846351884,0.013615951152243778,0.28064434262871846,0.08486295413683934,0.02820888208285146,0.04172637195687752,0.022559217214949606,0.23859370287883214,0.19704972619826552
0,79.2929292929293,2.7362531413058213,1.3891888641144068,1.1273875852504005,0.684745169509767,2.0745477534066983,2.9878737966224094,0.07152406788675991,0.008089263533572226,0.013631059134368982,0.2809577668359789,0.08466637347243368,0.02822049359675126,0.04164168227698894,0.022514955980387996,0.23846350098226185,0.19723514385275118
0,79.7979797979798,2.7396760750441693,1.389651172379058,1.1250827869821147,0.6831011415157957,2.0742266136746155,2.9881313520952344,0.07153620413582189,0.00807144766659074,0.013646088511035362,0.28126955680931504,0.08447029274939874,0.028232199125102563,0.041557222040716116,0.022470816894550213,0.23833386968539444,0.1974201941935875
0,80.30303030303031,2.7430827529780637,1.3901184303718916,1.1227849080055552,0.6814617140492611,2.0739068132645726,2.988387781988911,0.07154864111736202,0.008053691958711527,0.013661039859499053,0.2815797245972334,0.08427471191715004,0.028243997652861088,0.04147299082242474,0.022426799653397396,0.2382047858026849,0.19760487894655493
0,80.80808080808082,2.7464732832774437,1.3905905772534966,1.1204939215827603,0.6798268785749693,2.073588343671593,2.988643106865789,0.07156137526750864,0.008035996127587229,0.013675913745352552,0.28188828198533683,0.08407963102870618,0.02825588815452498,0.041388988220480094,0.022382904002731827,0.23807622826668057,0.1977892002450718
0,81.31313131313132,2.7498477730080895,1.3910675527024492,1.1182098011445036,0.6781966264978189,2.0732711964709565,2.988897346730617,0.0715744030554821,0.008018359892991923,0.013690710729519674,0.2821952406484284,0.08388505013911829,0.028267869610259476,0.041305213834999036,0.02233912969688049,0.23794817671606125,0.19797316005604892
0,81.81818181818183,2.753206328211602,1.391549296910105,1.115932520284441,0.6765709491609821,2.0729553633087248,2.9891505211071165,0.07158772098294218,0.008000782976728177,0.013705431368744468,0.2825006121602388,0.08369096931155762,0.028279941006668613,0.04122166727010312,0.0222954765004056,0.23782061140984836,0.198156760178284
0,82.32323232323233,2.756549043159116,1.3920357508001568,1.1136620533148662,0.6749498382279109,2.0726408373768415,2.98940263797392,0.07160132563273693,0.007983265113282286,0.013720076122484784,0.2828044065520328,0.08349738767720602,0.0282921011958458,0.04113834789450337,0.022251943847344347,0.23769352290825563,0.19834000528690884
0,82.82828282828284,2.759876024803526,1.392526855517427,1.1113983739965574,0.673333284816443,2.072327610061583,2.989653718921082,0.07161521355703687,0.007965806025534847,0.013734645564104211,0.2831066355891196,0.0833043055714345,0.028304349215190063,0.041055255387800506,0.022208531613893984,0.23756689000011205,0.1985228960744709
0,83.33333333333334,2.7631873741552186,1.393022552810984,1.109141456503199,0.671721280160108,2.072015673498932,2.9899037799792887,0.07162938136203194,0.007948405443237156,0.013749140219658933,0.2834073102735181,0.08311172290517231,0.028316684043330043,0.0409723893252143,0.022165239528445145,0.23744069649062502,0.19870543451190825
0,83.83838383838385,2.7664831908440584,1.393522784935882,1.1068912751830278,0.6701138154474066,2.071705019950509,2.990152836308577,0.07164382568682698,0.007931063098468583,0.013763560607134458,0.2837064414544394,0.08291963956271363,0.028329104659567318,0.04088974927988579,0.022122067315072904,0.2373149270722678,0.19888762258589923
0,84.34343434343435,2.7697635733809203,1.3940274946441817,1.1046478045435622,0.6685108818135543,2.0713956417692025,2.9904009024617273,0.07165854320196074,0.007913778725363372,0.013777907238504066,0.2840040398623475,0.08272805542367219,0.02834161004702469,0.04080733482918312,0.022079014700990298,0.23718956707520972,0.19906946224617664
0,84.84848484848486,2.773028619025923,1.3945366251854583,1.1024110193170398,0.6669124704241345,2.071087531440591,2.990647992360676,0.07167353061108794,0.007896552060632509,0.013792180618363167,0.2843001160667037,0.08253697026938148,0.028354199190934612,0.0407251455171633,0.022036081389819377,0.23706460270430263,0.1992509553517065
0,85.35353535353536,2.776278421826646,1.3950501203588412,1.1001808952402308,0.6653185734244398,2.0707806820997625,2.9908941185991065,0.07168878467506751,0.0078793828500582,0.013806381226496951,0.28459467994599325,0.08234638269551238,0.028366871055935917,0.040643180416020656,0.021993266753660593,0.23694002428026312,0.19943210298348443
0,85.85858585858587,2.7795130778807846,1.3955679243616088,1.0979574070140876,0.6637291814712947,2.070475086171366,2.9911392944051203,0.07170430214759689,0.007862270831410017,0.013820509563875294,0.28488774208312984,0.08215629294788815,0.02837962464624028,0.04056143927063285,0.02195057063527398,0.2368158176210662,0.19961290725776207
0,86.36363636363637,2.78273268106651,1.3960899819062202,1.0957405299844607,0.6621442857741285,2.0701707364859723,2.9913835320940585,0.07172007982755707,0.0078452157484715,0.013834566114958506,0.2851793126204192,0.08196670058183253,0.028392458956456132,0.04047992155428706,0.021907992685522126,0.23669197107174902,0.19979336984007834
0,86.86868686868688,2.785937324268354,1.3966162381825897,1.093530239677561,0.6605638775363921,2.0698676259687963,2.991626843544812,0.07173611454407189,0.007828217347131074,0.013848551358251214,0.28546940157912776,0.08177760510583443,0.028405372985450327,0.040398626728644506,0.021865532545258342,0.23656847351265428,0.19997349236133005
0,87.37373737373738,2.7891270994159085,1.3971466388537919,1.0913265117988533,0.6589879479585712,2.0695657476368376,2.9918692402389984,0.07175240315610305,0.007811275375347567,0.013862465766433352,0.28575801886265695,0.08158900598051938,0.028418365736591938,0.04031755424355674,0.02182318984479175,0.23644531431657495,0.2001532764229503
0,87.87878787878789,2.792302097312963,1.3976811300582073,1.0891293221438751,0.6574164880720761,2.0692650945333724,2.99211073290246,0.0717689425548944,0.007794389583628121,0.013876309812786472,0.28604517431269705,0.08140090280504803,0.02843143622248387,0.040236703573176644,0.021780964279815025,0.23632248386905993,0.2003327231319399
0,88.3838383838384,2.7954624071581864,1.3982196584211493,1.086938646379414,0.6558494883241991,2.0689656595702597,2.9923513305614,0.07178572967061034,0.007777559726260293,0.013890083986886133,0.2863308778433619,0.08121329577938897,0.028444583476300127,0.04015607430549119,0.021738855799877534,0.2361999749176368,0.20051183194388875
0,88.8888888888889,2.7986081186576044,1.3987621709868348,1.0847544609139834,0.6542869402547212,2.0686674361449096,2.9925910445169452,0.07180276144373364,0.007760785556207063,0.013903788732436265,0.28661513892009216,0.08102618384856682,0.02845780650761941,0.040075665782978054,0.021696863851199108,0.23607777695608498,0.2006906053205899
0,89.3939393939394,2.8017393201457343,1.3993086152730234,1.0825767420907901,0.6527288349513989,2.068370417564272,2.992829884745386,0.0718200348507334,0.00774406682976091,0.013917424505004144,0.28689796704760834,0.08083956641664564,0.02847110434373381,0.03999547743452728,0.021654988075790006,0.23595588133466297,0.20086904443323766
0,89.89898989898991,2.804856099185475,1.3998589392494758,1.0804054664224885,0.6511751635058698,2.0680745972097063,2.9930678610023134,0.0718375468960296,0.007727403305137192,0.013930991755293236,0.28717937163121215,0.08065344284379229,0.02848447601787472,0.039915508678065086,0.02161322810615801,0.23583427970917412,0.20104715042660554
0,90.40404040404042,2.807958542607653,1.4004130913336332,1.0782406105904305,0.64962591701735,2.06777996853437,2.9933049828634077,0.07185529461157639,0.007710794742437586,0.013944490929248725,0.2874593619797462,0.08046781244448967,0.0284979205694385,0.03983575892022347,0.02157158356446424,0.23571296399583344,0.20122492442612613
0,90.90909090909092,2.8110467365505727,1.4009710203862973,1.0760821514439172,0.6480810865963309,2.0674865250606027,2.9935412597652262,0.07187327505644552,0.0076942409036135345,0.013957922468163029,0.2877379473085539,0.08028267448575005,0.028511437044212086,0.03975622755600978,0.021530054061679006,0.2355919263261348,0.20140236754497143
0,91.41414141414143,2.8141207664995638,1.4015326757073083,1.07393006599945,0.6465406633682772,2.067194260377318,2.993776701045992,0.07189148531640975,0.0076777415524296845,0.013971286808781319,0.2880151367424395,0.08009802818532837,0.028525024494598678,0.03967691396847624,0.02148863919673763,0.23547115900171778,0.20157948089113278
0,91.91919191919193,2.817180717326531,1.4020980070312268,1.0717843314399806,0.6450046384773234,2.06690316813739,2.994011315986383,0.07190992250352614,0.00766129645442733,0.013984584383407052,0.288290939318628,0.07991387270993558,0.02853868197984334,0.03959781752838959,0.021447338555696298,0.23535065444923486,0.20175626557450105
0,92.42424242424244,2.820226671145771,1.402666964592738,1.0696449247561175,0.6434730024116002,2.066613241991731,2.9942451107632064,0.0719285837655716,0.007644905376042019,0.013997815626370357,0.28856536403766364,0.07973020782088013,0.028552408555667392,0.03951893779200241,0.021406151932438115,0.23523040799802447,0.20193272192176412
0,92.92929292929294,2.8232587032560916,1.4032394992531647,1.067511822073559,0.641945743734074,2.0663244754678947,2.994478082697705,0.07194746630411206,0.007628568082979919,0.014010980986072485,0.2888384199563192,0.07954703508707948,0.02856620325462115,0.039440274872429945,0.02136507974353344,0.2351104231315338,0.20210884799707995
0,93.43434343434345,2.8262769017241616,1.4038155618721075,1.065385001856757,0.6404228551574835,2.066036862534051,2.9947102479251693,0.07196656728591254,0.007612284347751255,0.014024080868145373,0.28911011576151857,0.079364352088965,0.028580065181098707,0.03936182766636163,0.021324121044580712,0.2349906861788303,0.20228464669897733
0,93.93939393939395,2.8292813480781396,1.4043951039208458,1.0632644417362,0.6389043275382696,2.0657503970355204,2.994941614086645,0.07198588392980113,0.007596053942140405,0.014037115691926536,0.2893804601979898,0.07918215815233548,0.028593993417734193,0.039283595608737246,0.021283275492101034,0.23487119127702927,0.20246011874940073
0,94.44444444444446,2.832272123292305,1.4049780772881872,1.0611501194824229,0.6373901517270985,2.0654650728645185,2.9951721887742058,0.07200541347943064,0.007579876639472072,0.014050085873242068,0.28964946194071545,0.0790004525839852,0.028607987054461572,0.03920557813309593,0.021242542739536498,0.23475193264123725,0.20263526485746075
0,94.94949494949496,2.8352493078214076,1.4055644342763145,1.0590420130044065,0.6358803185709444,2.065180883957387,2.995401979564397,0.07202515320288547,0.00756375221457272,0.014062991824527284,0.28991712959800614,0.07881923467145743,0.028622045188715084,0.03912777467171696,0.02120192243693305,0.23463290452613386,0.20281008572462983
0,95.45454545454547,2.8382129816350243,1.406154127596631,1.0569401003479755,0.6343748189151744,2.064897824291836,2.9956309940516803,0.07204510039228842,0.007547680443732003,0.014075833954947388,0.29018347171457504,0.07863850368279768,0.028636166925629692,0.03905018465576061,0.021161414230623364,0.2345141011875537,0.2029845820499378
0,95.95959595959597,2.8411632242519116,1.4067471103656048,1.0548443596941992,0.6328736436056309,2.064615887884177,2.9958592398818795,0.0720652523634075,0.007531661104664193,0.014088612670518127,0.2904484967746114,0.07845825886630724,0.028650351378241543,0.03897280751540896,0.021121017762909675,0.23439551684406817,0.2031587545351677
0,96.46464646464648,2.8441001147743603,1.4073433361006153,1.0527547693577892,0.6313767834907155,2.064335068786565,2.9960867247856258,0.07208560645526271,0.007515693976469612,0.014101328374226457,0.29071221320485474,0.07827849945029654,0.028664597667688415,0.03889564268000668,0.02108073267174667,0.23427714563856764,0.20333260389005134
0,96.96969696969697,2.847023727879016,1.4079427588556768,1.0506713076927907,0.6298842289957274,2.064055361315191,2.9963134519567305,0.07210616005353007,0.007499778841475161,0.014113981458840331,0.29097462912834215,0.07809922491719334,0.02867890489180727,0.0388186896403405,0.021040558702527967,0.23415898657195175,0.20350613010343183
0,97.47474747474747,2.8499341272768253,1.4085453334447113,1.0485939529402457,0.6283959694294747,2.063776760423044,2.9965394125169236,0.07212691062884032,0.007483915488250981,0.014126572295142612,0.2912357519621006,0.07792043544937131,0.02869327207395137,0.03874194804981157,0.021000495890039068,0.23404105154889582,0.20367933125499035
0,97.97979797979798,2.852831399624549,1.4091510142654815,1.0465226840033164,0.6269119965700494,2.0634992597621302,2.9967646245499764,0.0721478555370107,0.007468103695828609,0.01413910129330284,0.2914955905091063,0.07774212963032971,0.02870769842796314,0.038665417203972284,0.020960543618923688,0.23392332368256827,0.20385220967024964
0,98.48484848484848,2.8557156204876506,1.4097597564740698,1.0444574796645054,0.625432301062664,2.063222853626825,2.9969890939107757,0.07216899221917038,0.007452343249495981,0.01415156884139546,0.29175415286049194,0.07756430675620424,0.02872218309208355,0.03858909656425707,0.02092070156797009,0.23380579915200364,0.20402476574068887
0,98.98989898989899,2.858586864932153,1.41037151561551,1.0423983188261134,0.6239568735385599,2.0629475363480805,2.9972128264129667,0.07219031813923385,0.007436633935852618,0.014163975324608823,0.2920114470496029,0.07738696611919135,0.028736725211666467,0.038512985595881816,0.020880969417095892,0.2336884741817112,0.20419699984546974
0,99.4949494949495,2.8614452075467423,1.410986247620055,1.0403451805083581,0.622485704615795,2.0626733022913624,2.997435827848298,0.07221183078357989,0.007420975542776749,0.0141763211253437,0.2922674810543157,0.07721010700813269,0.028751323939283337,0.038437083768172904,0.020841346847370455,0.23357134501831703,0.20436891235440865
0,100.0,2.864290722464876,1.411603908799445,1.0382980438474914,0.6210187849000315,2.0624001458545873,2.9976581040059673,0.07223352766073035,0.007405367859392426,0.014188606623311789,0.2925222627993568,0.07703372870909948,0.02876597843482795,0.03836139055489626,0.020801833541037314,0.2334544079072059,0.20454050363094914
1,0.0,0.48422398102413694,0.49193484504033674,0.4985199866368406,0.4965504080089951,0.5479269269731482,0.517090129186181,0.48114171985195375,0.4922411592082922,0.5080770643920801,0.5465289748306367,0.5346272542161159,0.5393032364125004,0.4555000909640508,0.4599667812336023,0.47283301429979935,0.47736481271227515
1,0.5050505050505051,0.8976555895116578,1.0335255499573128,1.01602586266131,0.7730047360906797,1.5138423452572431,1.3001572284127436,0.2989648277906727,0.2384186957867739,0.17912783184163758,0.34556214457978146,0.3196746357029745,0.2597532363943197,0.2929990808074811,0.21863131180270015,0.5329136235618006,0.5325562023425104
1,1.0101010101010102,1.109893141764309,1.277476071987545,1.28004831466562,0.9129296973828582,1.9474690446147924,1.7266660166346413,0.20064492019436975,0.11841055166184875,0.06555767054038328,0.24383365824469144,0.20750950023863252,0.13025671513466364,0.19329710008387166,0.10904150318811585,0.5497200386245302,0.5401944451201294
1,1.5151515151515151,1.2319168706524029,1.388932332569742,1.4143966347717243,0.9818494003932198,2.144079435352194,1.9668036384840306,0.14818367236611132,0.061984865938201336,0.02677856882602329,0.19488930277354538,0.15072430145815652,0.07099413461936593,0.13306358919616157,0.060165559257374074,0.5475947087231732,0.5273393872863513
1,2.0202020202020203,1.3122506786470363,1.440603109724635,1.4824423181990973,1.014749474756771,2.2338447413859712,2.109988675390721,0.12001408484557213,0.035538899089024446,0.013777171564092514,0.17274094837140977,0.12272383033352516,0.04419191101050609,0.09701648152987603,0.03879697140617409,0.5375803711085461,0.5063870782452797
1,2.5252525252525255,1.3721750603631027,1.4647192777988798,1.5163423541695704,1.0296152645562189,2.2744805908083388,2.2021592015285956,0.10469845101030929,0.02316809827833427,0.009583193338158122,0.16398551182092694,0.10939401245814048,0.03226714718206119,0.07561981655717984,0.029715010123070866,0.5246038668986525,0.48292626427693586
1,3.0303030303030303,1.421273543171976,1.4758399908419062,1.5324669549795176,1.0355241929201389,2.292075404354193,2.2668171130085106,0.09624124683745848,0.01738519667579527,0.008360109008818787,0.16185388837980236,0.10343969463505934,0.027110367879783166,0.0630410400597797,0.026040218550179458,0.5108205253419428,0.4594163595493828
1,3.5353535353535355,1.4640284400023207,1.4806965114298885,1.5392282833038968,1.037014918004122,2.298699215688317,2.3160567725010752,0.09148261630699588,0.014677057359559527,0.00811737318806202,0.16293958271313286,0.10114175721788066,0.025005270878997673,0.055745252231763895,0.02470051778093323,0.49714554469019845,0.43689020372378995
1,4.040404040404041,1.5026322353058068,1.4824763951954607,1.5410036337387312,1.0363443844903328,2.300063489040504,2.3561809951389936,0.08874017717583003,0.013399594480072342,0.008184302361250003,0.1655282821984114,0.10062030316023457,0.02425867261471295,0.05160052101165998,0.0243411980912349,0.4839466556465677,0.41573697336123666
1,4.545454545454546,1.5382151697101916,1.4827240027368453,1.5401026276281706,1.0346302864175687,2.29892384199559,2.39053607994635,0.08710846636512515,0.012785419894847699,0.008339239303546738,0.16875887769695747,0.10093187797662635,0.024104150414641506,0.04932519583058088,0.024373943140198844,0.47135400924355497,0.39606006247268627
1,5.050505050505051,1.5713980982951197,1.4822029670672547,1.5377605963786865,1.0324234430590051,2.296629147673551,2.420943792575678,0.08609537878361659,0.012477657003396165,0.008511522034761574,0.17220213976074175,0.10160714741519292,0.024197942103707088,0.04815098346680775,0.024548788063919056,0.4593971395820222,0.3778395258173109
1,5.555555555555556,1.6025501083873368,1.4812979952644152,1.5346469492333543,1.0299936918664434,2.293846048387435,2.4484305318132775,0.08543100422221123,0.012310955483658403,0.008680089987054586,0.17564774717570797,0.10241548238828077,0.024387706918904833,0.047618576622480514,0.024762876742252877,0.44806479721056697,0.36100534732887346
1,6.0606060606060606,1.6319117869250743,1.4802060252227318,1.5311285050153958,1.0274720307097507,2.290904763325643,2.4736014199964695,0.084966061541763,0.012209066241482436,0.00883965117267274,0.17899630297450575,0.10324582818206736,0.024607188192371225,0.04745422748826553,0.024976137537897857,0.43733053191006455,0.34546998571749793
1,6.565656565656566,1.6596556872466486,1.479029209063933,1.5274079734253487,1.0249211371352667,2.2879674694852343,2.4968343728351217,0.08461733110324346,0.01213703754664441,0.008989616618856982,0.1822043905020873,0.10404663521032313,0.024828472289214452,0.04749539599024088,0.025174577006534627,0.42716333574246634,0.33114252995073223
1,7.070707070707071,1.6859165307447042,1.4778209639664757,1.5235977546699877,1.0223701942823673,2.285111468341446,2.5183818107712463,0.08433810590787855,0.012079012396451016,0.00913061848784571,0.18525664012244458,0.10479574963974393,0.025040539442701095,0.047646134428168396,0.0253546124971269,0.4175318671745688,0.3179346050710764
1,7.575757575757576,1.7108067183309978,1.4766094106117882,1.5197601729371466,1.0198322055437128,2.2823712146128132,2.5384251282599903,0.08410192686493147,0.012027839443878616,0.009263467422749475,0.1881513969116935,0.10548524482862205,0.02523959600305597,0.0478502001780164,0.02551646173243864,0.40840601764473605,0.3057626703777729
1,8.080808080808081,1.7344243412502232,1.4754093465683769,1.5159294972821462,1.0173124456941922,2.279759500409968,2.5571039658341284,0.08389364454274699,0.01198031451178203,0.009388899981976383,0.19089348580959323,0.10611392753899959,0.025424849863194637,0.04807497262990681,0.025661521349671916,0.3997573721267528,0.2945487096819776
1,8.585858585858587,1.756857481126437,1.4742285358317921,1.5121242814643332,1.014812619406649,2.277278371873108,2.574532381405258,0.08370442026916926,0.011934979173662402,0.009507545480511564,0.1934905284596154,0.10668361533099692,0.025596662583976935,0.0483017658839399,0.025791372709865656,0.39155926024059534,0.284220260869995
1,9.090909090909092,1.778186434087366,1.4730707965382368,1.5083538932657539,1.0123326961387102,2.274924322579126,2.590807332900096,0.08352910187051364,0.01189122156460331,0.009619949863391675,0.1959512493784316,0.107197481058354,0.02575586150110199,0.048520321466327794,0.0259075158632304,0.38378665203596607,0.2747101541995519
1,9.595959595959597,1.7984851507320974,1.4719378908383167,1.5046226040309525,1.0098719591042924,2.272691386759701,2.6060140533951146,0.08336459267906118,0.011848760205117097,0.009726586116522695,0.19828451949566425,0.10765911346445162,0.025903357913895572,0.048725289667496924,0.02601124524355117,0.3764160516247435,0.26595620771537676
1,10.101010101010102,1.8178221685582103,1.4708305776258432,1.5009320325929063,1.0074295154355273,2.2705727994413514,2.6202293302202935,0.08320888751663315,0.01180741614241979,0.009827873426560902,0.20049886872910092,0.10807206093709246,0.026040004704582898,0.048914012930423655,0.02610365063112022,0.3694253762119269,0.2579008833891924
1,10.606060606060607,1.8362611105461213,1.469748997823224,1.4972821936529086,1.0050043977478442,2.2685615092510734,2.6335230259681817,0.08306066886285483,0.011767084537597922,0.009924193707579049,0.20260238889696078,0.1084397467693313,0.02616661082455451,0.04908547262111888,0.026185685232890325,0.36279384080026006,0.2504909368082946
1,11.111111111111112,1.8538610877246056,1.4686928904857846,1.493672081518991,1.0025956109695306,2.2666504446090827,2.6459590615389845,0.08291908609959292,0.01172771465349968,0.0100158957403022,0.2046027041535883,0.10876543902925548,0.026283943633505755,0.0492397085833526,0.02625819693095526,0.35650186745267504,0.2436771018559014
1,11.616161616161618,1.8706771117415824,1.46766183678913,1.4901002496473492,1.0002022282038385,2.26483285007211,2.657596411758946,0.08278352956362313,0.01168925868564873,0.010103297715073463,0.20650690921961048,0.10905217691870983,0.026392699293854224,0.04937728601723962,0.026321932136935063,0.35053100789451386,0.23741380500443204
1,12.121212121212121,1.8867604168068082,1.4666553863947875,1.4865651387846561,0.9978234228375715,2.2631024256425842,2.6684897746303955,0.08265350049104475,0.011651655581748032,0.010186692933438874,0.20832157060725004,0.10930275296479931,0.026493502491424195,0.049498971272084594,0.026377554464217988,0.3448638697861319,0.23165889341557744
1,12.626262626262626,1.9021587138842488,1.4656730658383732,1.48306515167483,0.9954584383480335,2.261453286722168,2.6786899184724735,0.08252858351497516,0.011614848250635763,0.01026635346404428,0.2100527733042427,0.10951975044250525,0.026586929651747714,0.049605626852404265,0.02642566910735048,0.33948404747265176,0.22637337702549723
1,13.131313131313131,1.9169164213599472,1.4647143718518365,1.4795986615995331,0.9931065638033703,2.2598799087764294,2.6882439452874136,0.08240844352039306,0.01157879230746875,0.010342531057152509,0.2117061695946221,0.10970557652624538,0.026673520664993684,0.0496981868597387,0.026466833736424927,0.33437606211011744,0.22152119383969632
1,13.636363636363637,1.931074902181448,1.4637788068879576,1.4761640870675978,0.990767145552774,2.2583771482071797,2.6971956289317536,0.08229279221852416,0.011543444704163868,0.010415458448318591,0.21328700167787934,0.10986246230963684,0.02675377326194821,0.04977759052314462,0.026501558821868127,0.3295253082256509,0.21706899695062792
1,14.141414141414142,1.944672675306541,1.4628658910063064,1.472759925550208,0.9884395852398861,2.2569402317552836,2.7055856807968146,0.08218137117351708,0.011508763776252947,0.010485351479364491,0.2148001270716475,0.10999247300284394,0.02682814734255159,0.04984474342071454,0.026530314162253408,0.32491800229517026,0.21298595800428324
1,14.646464646464647,1.9577456252731698,1.4619751759269928,1.4693847849809152,0.986123340562923,2.255564748552599,2.71345201364056,0.08207393569515772,0.011474705682452171,0.010552410465248465,0.21625004486060811,0.11009751628570216,0.026897065463619585,0.04990048582481002,0.02655353195727618,0.320541132868981,0.2092435729836846
1,15.151515151515152,1.9703271760632826,1.4611062287461516,1.466037354553105,0.9838179089877596,2.2542465983022146,2.720829905497244,0.08197026358740683,0.01144123151958347,0.010616821353890476,0.21764093049296987,0.11017936451557322,0.026960921579652485,0.04994561022401934,0.02657161341867084,0.31638241479270685,0.2058154889967689
1,15.656565656565657,1.9824484515460479,1.4602586280980148,1.462716392624805,0.9815228234008241,2.252981964482007,2.7277521666368463,0.08187015618688902,0.011408307505795013,0.010678756667642623,0.21897666041373168,0.1102396655025866,0.027020083280286943,0.04998087062233673,0.02658493087217981,0.3124302490105302,0.202677353099871
1,16.161616161616163,1.9941384628372965,1.4594319800336657,1.4594207577892298,0.9792376568473226,2.251767314511674,2.7342493784450026,0.08177342223517238,0.011375899454535404,0.010738376681697807,0.22026083237298555,0.11027994621657555,0.027074890017397896,0.05000695437443704,0.026593828850182067,0.3086736783476102,0.19980664277343274
1,16.666666666666668,2.005424216473047,1.4586258901371938,1.4561493476473024,0.976962006618777,2.250599344131114,2.7403499521943684,0.08167989929597866,0.011343981227770524,0.010795830060750992,0.22149679054045088,0.1103016314573144,0.027125661222565323,0.05002453244128044,0.026598628208869806,0.30510235611862263,0.19718255738161738
1,17.171717171717173,2.0163308728083598,1.4578399877568646,1.452901144919563,0.9746955058119626,2.2494749959480878,2.7460803507978238,0.08158943182127902,0.0113125258355681,0.010851254895577776,0.2226876367555524,0.11030603999540194,0.02717269129075968,0.05003422070296341,0.026599625168404473,0.3017065093145072,0.19478588175477746
1,17.67676767676768,2.026881876261694,1.457073918371987,1.4496752007300735,0.972437816115916,2.2483914302960764,2.751465216632756,0.0815018749807727,0.011281508050258562,0.010904779510644357,0.22383625241831318,0.11029439649524507,0.027216253631673456,0.050036591402749055,0.026597094477581275,0.29847690410361366,0.1925988622810194
1,18.181818181818183,2.037099076228871,1.4563273476062901,1.4464706397763292,0.9701886287743792,2.2473460173045403,2.7565275105304905,0.08141708970602875,0.011250902496848634,0.010956523228747725,0.22494531251989971,0.11026783553143077,0.0272566007645885,0.05003216821803828,0.02659129036948999,0.295404814975588,0.19060509863501157
1,18.68686868686869,2.047002833007895,1.455599954826494,1.4432866469102688,0.9679476581969392,2.2463363128644382,2.76128861552632,0.081334945862286,0.011220686068370074,0.011006596989447472,0.2260173034715231,0.110227411715495,0.02729396788524733,0.050021435006200765,0.026582449341469163,0.2924819957364288,0.18878944381347662
1,19.191919191919194,2.056612121663019,1.4548914307101333,1.4401224584623737,0.9657146401243754,2.24536004343833,2.7657684429707334,0.08125532319930452,0.011190837776770329,0.01105510393157876,0.2270545369100815,0.11017410555948741,0.02732857394256994,0.050004843234915074,0.026570791085716312,0.2897006520922871,0.1871379101389286
1,19.6969696969697,2.065944636802804,1.4542014768706457,1.4369773598182112,0.9634893296119936,2.2444150925217023,2.769985546031114,0.08117810998893137,0.01116133868554588,0.01110214003124227,0.22805916402864296,0.11010882956110488,0.027360623071258888,0.04998281272040677,0.02655652006523652,0.28705341377648674,0.1856375737990308
1,20.202020202020204,2.075016865935752,1.453529804349557,1.4338506790036731,0.961271500352008,2.2434994909953456,2.7739571940948067,0.08110320378262714,0.011132171477610168,0.011147794489170996,0.229033184511311,0.11003243171742333,0.02739030499579689,0.04995573766119732,0.026539825831991333,0.2845333140791183,0.18427651064430411
1,20.70707070707071,2.0838441673807115,1.4528761385247653,1.430741796042719,0.9590609458404682,2.242611414993552,2.7776994682442733,0.08103050596134145,0.01110331894209396,0.011192150258479569,0.22997845510059803,0.10994569757385546,0.027417795042529315,0.049923977554873974,0.026520883922766088,0.2821337685441813,0.18304372814215808
1,21.212121212121215,2.092440904696129,1.4522402078359824,1.4276501156974186,0.9568574718926313,2.2417491529026377,2.781227382668685,0.08095992948049063,0.011074766635709075,0.011235284739991505,0.2308967114972363,0.10984936252609522,0.027443257826945906,0.04988787959213023,0.026499858117146384,0.2798485396470788,0.18192903864655574
1,21.71717171717172,2.1008204044745376,1.451621759313277,1.4245751027308002,0.9546609045807067,2.240911134127359,2.7845548724211233,0.08089138599379884,0.011046499046247459,0.011277269662625704,0.2317895564260341,0.10974410264331314,0.02746684405734845,0.04984774792230986,0.026476899435369357,0.2776717436662688,0.18092310887890406
1,22.222222222222225,2.108995190106603,1.4510205395678062,1.4215162346787442,0.9524710782105834,2.2400958726350035,2.787695005377894,0.08082479909060321,0.011018503567030892,0.01131817231150128,0.2326584976519262,0.1096305552807713,0.027488696308416268,0.04980388328597947,0.026452149564284374,0.27559779223822467,0.1800172369690663
1,22.72727272727273,2.116976903963859,1.450436307202671,1.4184730314824636,0.950287842325105,2.239301995966986,2.7906599244562726,0.08076009463134767,0.010990767735272812,0.011358055110398517,0.23350493181206017,0.10950930926479897,0.027508946085581763,0.04975655743843157,0.026425739504731937,0.2736214075102178,0.17920343476460135
1,23.232323232323235,2.1247763928593124,1.449868831101929,1.4154450499843183,0.9481110597214726,2.2385282326746663,2.7934609364415257,0.08069720100691848,0.010963279405875572,0.011396976110099353,0.23433015605850543,0.10938091012315337,0.027527715075243122,0.049706017149934334,0.02639779071859361,0.27173759872197384,0.17847435079421178
1,23.73737373737374,2.132403863682723,1.4493178818476646,1.4124318612171962,0.9459406000672714,2.2377733801581106,2.7961086621059046,0.08063605437245742,0.010936028319618563,0.011434989904640314,0.2351353925012386,0.10924587232516297,0.027545118304363892,0.04965250281400485,0.026368417411541212,0.26994162219380663,0.17782312386985125
1,24.242424242424242,2.139868719808879,1.448783242720464,1.4094330779796354,0.9437763474772957,2.2370363417796337,2.7986128816558007,0.0805765916503326,0.010909003765121487,0.011472146720193196,0.2359217613407848,0.10910466549645666,0.027561260289585204,0.049596225848914474,0.026337723965784023,0.26822901676273087,0.1772435450053636
1,24.747474747474747,2.147179866416655,1.4482646996122013,1.4064483270132242,0.9416181916210599,2.2363160754134106,2.8009828446988894,0.08051875466289912,0.010882196388459003,0.011508494097675648,0.2366903246936216,0.1089577349504845,0.02757624038335738,0.049537389973320294,0.026305809272151388,0.2665955284636439,0.17672977128278822
1,25.252525252525253,2.1543455088752723,1.4477620454148923,1.4034772619597604,0.9394660331110152,2.235611625188859,2.803227059621241,0.08046248964923895,0.010855597412013088,0.011544075680955853,0.23744205732499915,0.1088054884572523,0.02759014937421342,0.049476182373045935,0.026272763572914554,0.2650371560815925,0.17627651954437512
1,25.757575757575758,2.1613733883873385,1.4472750785791695,1.4005195558765897,0.9373197788794752,2.2349220904447815,2.8053535467269506,0.08040774482632572,0.010829198469870046,0.01157893268774958,0.2381778788273389,0.10864831001008467,0.027603072670306823,0.04941277742919861,0.026238671953707406,0.2635500908372501,0.1758788493971367
1,26.262626262626263,2.168270696226258,1.446803602422265,1.3975749013688743,0.9351793437389229,2.234246636039337,2.807369743166143,0.08035447242492212,0.010802991952266814,0.011613103307171697,0.23889864153236814,0.10848655485401293,0.02761508926205717,0.04934733781277122,0.026203612926126073,0.2621307355396231,0.1755322454639018
1,26.767676767676768,2.175044166541003,1.4463474247740564,1.3946430078164527,0.933044648789218,2.2335844808807193,2.8092826024891697,0.08030262768458502,0.010776970795147075,0.011646623257076162,0.23960514263853805,0.10832055463062876,0.027626272813062975,0.04928001598702432,0.026167659657461723,0.26077567870427265,0.17523253474301473
1,27.272727272727273,2.1817001038213153,1.4459063582196918,1.3917236014106205,0.9309156211006989,2.23293489513687,2.811098624864617,0.08025216823750074,0.010751128348431283,0.011679525955192387,0.2402981275780709,0.10815061874763461,0.027636691943411618,0.04921095384897216,0.026130880350468965,0.2594816854320266,0.17497586383750482
1,27.77777777777778,2.1882443830024836,1.4454802203267472,1.3888164258354743,0.9287921938680831,2.232297200736421,2.812823857745527,0.08020305387997943,0.010725458352746157,0.011711842520755137,0.2409782897661638,0.10797703422528986,0.027646410223532886,0.0491402820656832,0.026093338262601407,0.2582456954413712,0.1747587010606297
1,28.282828282828284,2.1946825395554073,1.445068831854238,1.3859212362018465,0.9266743045746885,2.2316707586911813,2.8144639889441585,0.08015524699868419,0.010699955025408351,0.01174360224575779,0.24164628229503407,0.10780007089676076,0.027655487341753042,0.049068124772685795,0.02605509271402549,0.25706479763943485,0.17457775671581663
1,28.78787878787879,2.201019702354643,1.4446720189198017,1.3830378054610812,0.9245618965651388,2.231054979905307,2.816024278844517,0.08010871152783183,0.010674612822145005,0.011774832246860161,0.24230270875392165,0.10761997731260374,0.027663978122839394,0.04899459429909897,0.02601619836715043,0.2559362453788772,0.17443004669954817
1,29.292929292929294,2.207260727704776,1.4442896106562588,1.3801659163818167,0.9224549165447564,2.2304493065963387,2.817509700140429,0.08006341318699575,0.010649426527224292,0.01180555820731975,0.2429481407381875,0.10743698830845261,0.027671934291906817,0.048919797162985765,0.025976706814924106,0.2548574199507401,0.17431277235519657
1,29.7979797979798,2.213410113640026,1.4439214400081115,1.3773053651259548,0.9203533160351226,2.2298532236362285,2.8189248466221457,0.08001932002424658,0.01062439136177193,0.011835803853375564,0.24358310638044314,0.10725132023245286,0.02767940340242117,0.04884383170742106,0.025936665458079086,0.253825850875406,0.17422340072670917
1,30.303030303030305,2.2194721040913645,1.4435673434536225,1.3744559585151157,0.918257049801338,2.2292662460552157,2.8202740452553843,0.07997640116669123,0.01059950271682441,0.011865591583300535,0.24420810373403398,0.10706317651769169,0.027686430043445783,0.048766789460807265,0.02589611887986578,0.25283918667492444,0.17415957219251565
1,30.80808080808081,2.225450663514459,1.443227160557204,1.3716175135933497,0.9161660761952103,2.2286879216207147,2.821561327688668,0.07993462761291363,0.010574756329702291,0.011894942293176444,0.2448235973995591,0.10687274633053918,0.027693055588734396,0.048688755854255264,0.02585510844128487,0.2518952000447205,0.1741191250764328
1,31.313131313131315,2.2313494993259466,1.44290073375155,1.3687898567068693,0.914080356800226,2.228117828097627,2.822790453936125,0.07989397212645996,0.010550148266347932,0.011923875497420596,0.24543002126821045,0.10668020576134381,0.027699318466195305,0.04860981082906407,0.025813672544645866,0.25099178010005774,0.17410007738720348
1,31.81818181818182,2.2371721033127243,1.4425879084368223,1.365972822882909,0.9119998558296311,2.227555568663334,2.8239649572479135,0.07985440856453813,0.01052567477727002,0.011952409571720843,0.24602778367920347,0.10648572000392821,0.027705254609861812,0.0485300289357231,0.025771847185505122,0.2501269194675523,0.17410059157415123
1,32.323232323232325,2.242921729886622,1.4422885329495954,1.363166256249753,0.9099245405665813,2.227000774373658,2.8250881207280547,0.07981591219617457,0.010501332345199184,0.01198056163916133,0.24661726470187345,0.10628944211198364,0.027710897205468005,0.04844947921035682,0.025729665658054606,0.2492987192313192,0.17411899487939833
1,32.82828282828283,2.2486014551932296,1.442002457852985,1.3603700072634644,0.9078543802708571,2.226453096761569,2.8261630392681285,0.07977845956536017,0.010477117696044765,0.012008347867931432,0.24719882336516116,0.10609151625859482,0.027716277431340412,0.0483682270848749,0.025687159242144122,0.24850537043566526,0.1741537293038876
1,33.333333333333336,2.254214141868728,1.4417295368843637,1.357583935546826,0.9057893469255804,2.2259122129062248,2.8271925837684346,0.07974202807303514,0.010453027680864075,0.012035783304638623,0.2477727932913038,0.10589207573525353,0.027721423963159193,0.04828633210931308,0.025644356852553472,0.24774516332422467,0.17420338327169704
1,33.83838383838384,2.2597625009861173,1.4414696257662747,1.3548079060233529,0.9037294141674215,2.2253778171231575,2.8281794652691703,0.0797065962402066,0.010429059347621223,0.012062882198237559,0.24833949034684366,0.10569124629133321,0.02772636377605198,0.04820385090617219,0.025601285700622527,0.24701646793735946,0.17426663914392596
1,34.343434343434346,2.265249063558747,1.4412225827844476,1.3520417908065279,0.9016745577531022,2.224849624940164,2.829126205411822,0.0796721435575475,0.010405209921730751,0.012089657837050082,0.2488992089995745,0.10548914461422582,0.02773112177789668,0.04812083568186575,0.025557970988972237,0.2463177413475819,0.17434229920227146
1,34.84848484848485,2.2706762128054527,1.4409882684822573,1.3492854678803836,0.8996247550852269,2.2243273691130607,2.8300351705894213,0.07963865032229143,0.010381476764946529,0.012116122731834027,0.24945222632393427,0.10528588001562905,0.027735721190949206,0.04803733511105498,0.025514436292716627,0.24564751700739054,0.17442925881747395
1,35.35353535353536,2.276046192877976,1.4407665454977592,1.3465388205905633,0.8975799850944373,2.2238107985074564,2.8309085810024404,0.07960609766860939,0.01035785738175044,0.012142288661635553,0.24999880303661517,0.10508155487159397,0.027740183659424978,0.04795339472157237,0.02547070364625773,0.24500440111089725,0.17452650001244888
1,35.85858585858586,2.281361103287735,1.4405572784728489,1.3438017375965996,0.8955402283162267,2.2232996787154162,2.831748504407155,0.07957446772997803,0.010334349463799387,0.012168166632315885,0.25053918271455744,0.10487626432276809,0.02774452919533193,0.047869056998772364,0.025426793451174576,0.2443870731771273,0.17463309747230632
1,36.36363636363637,2.2866229310493114,1.440360334053553,1.3410741122159977,0.8935054664288788,2.2227937884148194,2.8325568907820826,0.07954374318870176,0.010310950790114565,0.012193767062736416,0.2510735957996947,0.10467009796358608,0.027748776535436576,0.04778436162635186,0.025382724900132818,0.24379427536535286,0.17474819185169255
1,36.86868686868687,2.291833520641992,1.440175580933701,1.3383558431791263,0.8914756828576617,2.222292922853474,2.8333355402081684,0.0795139076445531,0.010287659277546287,0.012219099624240249,0.2516022558562533,0.10446313812259234,0.02775294278020978,0.047699345163808415,0.02533851556467114,0.2432248210799387,0.1748710161052468
1,37.37373737373738,2.2969946389030644,1.440002889339764,1.3356468321800505,0.8894508615217133,2.2217968860574437,2.8340861713363097,0.07948494520910605,0.01026447295911473,0.012244173571361388,0.25212536745904096,0.10425546349940246,0.027757044197504476,0.04761404253264913,0.02529418220427979,0.24267757323172154,0.1750008420227682
1,37.87878787878788,2.302107956144177,1.4398421311743586,1.3329469846081998,0.8874309872889685,2.221305493128831,2.834810401536034,0.07945684062377849,0.010241389975539054,0.012268997650553209,0.2526431238773649,0.10404714802972768,0.027761095976561803,0.04752848658446584,0.025249740516893684,0.24215144954449092,0.17513699683646156
1,38.38383838383839,2.3071750005726925,1.4396931806402395,1.3302562117281427,0.8854160466745651,2.2208185758317347,2.835509699233066,0.07942957927893407,0.010218408534541397,0.012293579883076163,0.25315570172778057,0.10383825853583052,0.0277651116522073,0.04744270655046469,0.02520520466723995,0.2416454367727823,0.1752789016130445
1,38.88888888888889,2.3121972388585235,1.439555913274477,1.3275744270892067,0.8834060265733843,2.2203359728025784,2.8361854684421743,0.07940314703118476,0.01019552693734083,0.01231792796277079,0.25366327052219223,0.10362885893985721,0.02776910410499158,0.04735673050311127,0.02516058816651061,0.2411585635279513,0.1754260053400393
1,39.3939393939394,2.3171760946265123,1.4394302057516288,1.3249015457535034,0.881400913975935,2.219857527323396,2.836839068233345,0.07937753013310403,0.010172743573750382,0.012342049350857896,0.2541659948749587,0.10341901123154146,0.027773085785488694,0.04727058586840886,0.025115904081160455,0.24068989345847985,0.17557777036621128
1,39.8989898989899,2.322112895796743,1.4393159365160664,1.3222374867714803,0.8794006969811585,2.2193830938937587,2.8374717576208512,0.0793527153466209,0.010150056905593887,0.012365951005851908,0.25466402810424177,0.10320877254214571,0.02777706804969346,0.047184297727493434,0.02507116441221604,0.24023854188327376,0.1757337167889619
1,40.40404040404041,2.3270088023239577,1.439212986492348,1.319582176600876,0.8774053666546271,2.2189125475994413,2.838084619921529,0.07932869026465507,0.010127465516791799,0.01238963896233201,0.255157502912847,0.10299819064693237,0.027781060250691124,0.04709788657752628,0.025026379072118125,0.23980369923711486,0.17589348331872387
1,40.909090909090914,2.3318650405223753,1.4391212367172153,1.3169355383721255,0.8754149116937429,2.218445754342899,2.8386788084117214,0.07930544232303906,0.010104967984018302,0.012413119648393785,0.2556465609577171,0.10278731788528028,0.027785072656723937,0.0470113753936231,0.024981559007633804,0.23938455230500585,0.17605663336464725
1,41.41414141414142,2.336682742988673,1.4390405699721058,1.3142974993482694,0.8734293222151519,2.2179825913222806,2.839255378651081,0.07928295945495882,0.01008256295941082,0.012436398980000329,0.25613133253941683,0.10257620152169657,0.027789114446543445,0.04692478470727195,0.024936714035847875,0.23898033684997466,0.17622278881222012
1,41.919191919191924,2.3414629156604474,1.4389708709190474,1.3116679910907278,0.8714485888572201,2.217522949650456,2.839815252326148,0.07926123035046855,0.010060249205169335,0.012459482273251304,0.2566119337767222,0.10236488341947092,0.02779319339954752,0.046838132488043915,0.024891852839578073,0.23859034825093653,0.17639165630091072
1,42.42424242424243,2.346206541691735,1.4389120252979533,1.3090469464137717,0.869472702502269,2.217066723149233,2.840359328205657,0.07924024385435184,0.010038025510676438,0.012482374708080146,0.2570884780337259,0.10215340415915823,0.027797317059417553,0.04675143614226264,0.024846983809345895,0.23821390576918666,0.1765629438796076
1,42.929292929292934,2.350914583042401,1.438863919904413,1.3064342992836222,0.8675016541992543,2.216613808111743,2.8408884837671087,0.07921998895697015,0.010015890689742669,0.01250508134114921,0.2575610761564625,0.10194180318017466,0.027801492755072123,0.04666471257116218,0.02480211507924353,0.23785035134390684,0.17673636032796763
1,43.43434343434344,2.355587931681495,1.4388264429543172,1.303829986347315,0.8655354355140742,2.2161641087820048,2.8414035231643573,0.07920045509465756,0.009993843627230535,0.012527606867377961,0.2580298308847966,0.10173011661711044,0.027805727041304504,0.046577977192234665,0.02475725405785168,0.23749906584482539,0.17691165510695187
1,43.939393939393945,2.3602273960876587,1.4387994841851568,1.3012339479020179,0.8635740396485181,2.215717539850138,2.841905163422374,0.07918163228991683,0.009971883323270668,0.012549955462391136,0.25849483433035086,0.10151837562631201,0.027810025489334474,0.04649124342409056,0.024712406962563514,0.23715947455128011,0.17708862954868132
1,44.44444444444445,2.364833790761366,1.4387829341427831,1.2986461237338789,0.8616174583848477,2.2152740141057006,2.842394128366336,0.0791635104837541,0.00995000873709876,0.012572131432892597,0.25895618049662156,0.10130661289998931,0.027814393838696896,0.04640452510293532,0.02466758046854403,0.2368310124437461,0.17726706590438834
1,44.949494949494955,2.369407876006892,1.4387766846463697,1.2960664559771402,0.8596656842960653,2.214833450897852,2.8428710854777757,0.07914607999973644,0.00992821889798988,0.012594138764139723,0.2594139566963498,0.10109485812378355,0.02781883721289259,0.04631783483514631,0.024622780546989992,0.23651314681621208,0.17744677601183564
1,45.45454545454546,2.373950360355684,1.4387806287861362,1.2934948892178104,0.857718710798625,2.214395775704256,2.8433366489031595,0.0791293314769432,0.009906512881960821,0.012615981173351188,0.2598682440195562,0.10088313807237781,0.027823360153358737,0.04623118386626472,0.02457801252797856,0.23620537705799405,0.17762759844350232
1,45.959595959595966,2.3784619260038844,1.438794660682715,1.2909313691133775,0.85577653129453,2.2139609169177663,2.8437914056259004,0.0791132557575028,0.009884889797570458,0.01263766223334518,0.260319120549883,0.10067147837686559,0.027827966932599684,0.046144582984439186,0.024533281486726382,0.2359072230598585,0.1778093805582458
1,46.46464646464647,2.3829432294242054,1.4388186754781855,1.288375842433315,0.8538391392507146,2.2135288058191622,2.844235916216418,0.07909784388024844,0.009863348784196802,0.012659185376288283,0.26076666139617166,0.10045990347647181,0.02783266155798483,0.04605804249014185,0.024488592232710382,0.23561822475107932,0.17799197829982946
1,46.969696969696976,2.3873948912621694,1.4388525694238576,1.2858282575093212,0.8519065283640617,2.2130993777185064,2.844670704290064,0.07908308711274872,0.009841889013290334,0.012680553856437777,0.2612109375550847,0.10024843611275337,0.027837447656303,0.045971571873504036,0.024443949219197885,0.23533794623103121,0.17817526364178243
1,47.47474747474748,2.391817486280466,1.4388962399609786,1.2832885642672316,0.849978692073412,2.2126725726684797,2.8450962453627686,0.07906897696796165,0.009820509684684255,0.012701770735048882,0.2616520151998932,0.10003709749330096,0.02784232838806405,0.045885179719383856,0.024399356641039614,0.23506597945049093,0.1783591319695876
1,47.979797979797986,2.396211588232161,1.4389495853234477,1.2807567132840403,0.8480556243961013,2.2122483313297416,2.845513015355169,0.07905550506526222,0.009799210020969127,0.012722839016088065,0.2620899598240069,0.09982590799716445,0.02784730689411341,0.04579887449936903,0.024354818432697493,0.23480192550214263,0.1785434703439796
1,48.484848484848484,2.400577740751977,1.439012504786892,1.2782326563190718,0.8461373192329732,2.2118265975294067,2.8459214590106674,0.07904266320695942,0.009777989266381366,0.012743761570328105,0.26252483368299245,0.09961488689247454,0.02785238601399187,0.0457126640816142,0.024310338327959775,0.2345454062347321,0.17872817846319575
1,48.98989898989899,2.40491644270006,1.4390848987988523,1.275716346743759,0.844223770534798,2.2114073200549638,2.846321974171665,0.07903044348365913,0.009756846711623517,0.012764541025459906,0.26295669398036126,0.09940405157286238,0.027857568101898756,0.04562655552212987,0.024265919632033114,0.23429606967672176,0.17891318034732412
1,49.494949494949495,2.4092281836859857,1.439166668653677,1.273207738544652,0.8423149722211807,2.210990448666184,2.846714949888471,0.07901883807115663,0.009735781654275912,0.01278517997207268,0.2633855968923781,0.09919341900632526,0.02786285543879682,0.04554055565485852,0.0242215655822778,0.23405357550236006,0.1790983979515461
1,50.0,2.413513439390719,1.4392577165303049,1.2707067864221624,0.8404109181551626,2.2105759346015885,2.8471007613459194,0.07900783925646751,0.00971479340400858,0.012805680935680006,0.26381159705832297,0.09898300558257914,0.0278682501782445,0.04545467103394277,0.02417727930724504,0.23381759655447898,0.17928375502222543
1,50.505050505050505,2.4177726584767547,1.4393579456047205,1.268213446254284,0.8385116023505466,2.210163732173094,2.847479755962371,0.07899743952174845,0.009693881300324158,0.012826046292993583,0.26423474596790714,0.09877282638961722,0.02787375418593066,0.04536890766915038,0.024133063637041756,0.23358782392401045,0.17946918725651406
1,51.01010101010101,2.422006254655264,1.4394672601138496,1.265727675637385,0.8366170195266022,2.2097538000210406,2.8478522453612194,0.07898763161477376,0.009673044729616918,0.012846278207302914,0.26465509068333287,0.09856289431772473,0.027879368925013,0.04528327073006052,0.02408892086159109,0.23336397028576236,0.17965464854326443
1,51.515151515151516,2.4262146457466702,1.439585565007084,1.2632494318675476,0.8347271635147683,2.209346095723378,2.848218545861851,0.07897840825786144,0.009652283060117612,0.012866378901400698,0.26507267931330925,0.09835322325626321,0.0278850959687998,0.04519776567924758,0.024044853567312972,0.2331457526085831,0.17984008208257757
1,52.02020202020202,2.4303982264178585,1.4397127661811633,1.2607786733864068,0.8328420284562293,2.2089405796234995,2.848578950267317,0.07896976235624013,0.009631595689291703,0.012886350461521931,0.26548755712551364,0.0981438257707916,0.027890936637551312,0.04511239746629331,0.024000864022147433,0.23293290376062523,0.18002544109990917
1,52.525252525252526,2.4345573666141678,1.4398487704652323,1.258315359956116,0.8309616089120543,2.2085372150285014,2.848933726368228,0.07896168700250233,0.00961098204324856,0.01290619485062946,0.26589976633118534,0.09793471296811897,0.027896891992403368,0.045027170359548285,0.02395695419869995,0.23272517380209035,0.18021068933554643
1,53.03030303030303,2.438692426940658,1.439993485512634,1.255859451781812,0.8290858992746551,2.2081359661877387,2.849283132771179,0.07895417537784176,0.009590441557775083,0.012925913976759375,0.26630934815595225,0.09772589565590536,0.02790296301144097,0.044942088539432816,0.023913125990939074,0.23252232182732255,0.1803957912284155
1,53.535353535353536,2.442803756062075,1.4401468198094904,1.2534109096972315,0.8272148939251168,2.2077367986697753,2.849627416273297,0.07894722077059806,0.009569973682176706,0.012945509682239663,0.26671634245127745,0.09751738409179517,0.027909150559203788,0.04485715596886237,0.023869381168832422,0.2323241171723685,0.18058071379027602
1,54.04040404040404,2.446891685064508,1.4403086827071683,1.250969695348091,0.825348587223139,2.2073396799457194,2.849966805846346,0.07894081659975231,0.009549577882427055,0.012964983725900634,0.26712078710226755,0.09730918781453066,0.027915455331729965,0.04477237624314206,0.02382572137026103,0.2321303424445867,0.1807654299740395
1,54.54545454545455,2.450956524245376,1.4404789844415984,1.2485357711167853,0.8234869732105676,2.206944579522814,2.8503015089406722,0.07893495641316968,0.009529253638361233,0.012984337779997183,0.2675227179017247,0.09710131586824533,0.027921877836104485,0.04468775260178773,0.023782148179937332,0.23194079543907659,0.18094992015881206
1,55.05050505050505,2.454998586948354,1.4406576359442784,1.2461090998792483,0.8216300465019462,2.2065514670355726,2.8506317376874133,0.07892963382642065,0.00950900044233026,0.01300357349608201,0.2679221704556614,0.0968937766277392,0.0279284185985305,0.0446032882280138,0.023738662960705505,0.23175527508381483,0.18113415983841868
1,55.55555555555556,2.4590181722657842,1.4408445489674515,1.2436896451333397,0.8197778015572847,2.2061603135703884,2.8509576898026308,0.07892484256148152,0.009488817798538484,0.013022692461945182,0.2683191788637134,0.09668657802587906,0.027935078018166665,0.04451898604575902,0.023695267009309986,0.23157359152232332,0.18131812860056717
1,56.06060606060606,2.4630155712006987,1.4410396360300968,1.2412773709153333,0.8179302328775195,2.2057710911459587,2.8512795553268484,0.0789205764284694,0.00946870522199147,0.013041696220683175,0.2687137762389642,0.09647972755165002,0.027941856422999057,0.044434848803287484,0.02365196152710606,0.2313955624296837,0.18150180696306112
1,56.56565656565657,2.466991067941346,1.4412428104012518,1.238872241760553,0.8160873350077418,2.20538377257792,2.851597517982132,0.07891682931924536,0.009448662237525038,0.013060586276824044,0.26910599484455255,0.09627323229598857,0.02794875408362191,0.04435087909708569,0.023608747629324803,0.2312210121966491,0.1816851757398339
1,57.07070707070707,2.470944887185652,1.4414539865841742,1.2364742233505752,0.814249101062324,2.204998336067718,2.8519116975641663,0.07891359538368714,0.009428688392890352,0.01307936388483127,0.2694958615269406,0.0960670986463994,0.027955770684050373,0.04426707886317612,0.02356562636518133,0.2310498010594785,0.18186824584218386
1,57.57575757575758,2.4748773059464724,1.4416730792735624,1.2340832810672515,0.812415525756426,2.2046147553884174,2.8522222721044534,0.07891086864904588,0.009408783228985479,0.013098030501082835,0.26988340748853573,0.09586133305234669,0.0279629064479122,0.044183450492149494,0.023522598704924392,0.23088176293245719,0.18205099529039212
1,58.08080808080808,2.4787885821260858,1.4419000040137826,1.231699380878524,0.8105866034174175,2.20423300611545,2.852529399769518,0.0789086432597045,0.009388946297825568,0.013116587496742252,0.2702686620863449,0.09565594159780796,0.027970161420555754,0.044099996135382805,0.02347966556371315,0.23071674494515795,0.18223340959249992
1,58.58585858585859,2.4826789649825614,1.4421346770968577,1.2293224891820849,0.8087623282399411,2.203853064686348,2.8528332302642556,0.078906913439658,0.009369177159177058,0.01313503620096142,0.27065165376992306,0.09545093010694651,0.027977535575339954,0.04401671781967614,0.023436827809034645,0.2305546015244947,0.18241547592488808
1,59.09090909090909,2.4865487001365296,1.4423770155111424,1.226952572718515,0.8069426943913963,2.2034749079385567,2.853133910268185,0.07890567347347961,0.009349475378614325,0.013153377922060748,0.2710324105433558,0.0952463042142415,0.027985028864977248,0.043933617507993544,0.0233940862692186,0.23039519150720258,0.1825971803928174
1,59.5959595959596,2.4903979895273594,1.4426269373215481,1.2245895994496958,0.8051276954997675,2.203098517081219,2.85343154016631,0.07890491787895952,0.009329840548551679,0.013171613770284071,0.27141095597705317,0.09504206838828162,0.027992640790917282,0.04385069650996941,0.02335144155684232,0.23023840025908746,0.1827785313532277
1,60.101010101010104,2.494227025150109,1.442884361340927,1.2222335377953175,0.8033173250569722,2.2027238743291435,2.8537262104633405,0.07890464125974012,0.00931027226989769,0.013189744808122026,0.27178731258916405,0.09483822678645894,0.028000370766498268,0.043767955989329886,0.02330889422553534,0.23008412083977292,0.18295953995369985
1,60.60606060606061,2.498036050751936,1.4431492065328408,1.219884355247187,0.8015115771691472,2.2023509567560935,2.8540180683941756,0.07890483803668488,0.00929077011878723,0.013207772324768559,0.27216150801973343,0.09463478480348847,0.02800821878089921,0.0436853978869938,0.023266445053127024,0.22993221964760677,0.18314018445834462
1,61.111111111111114,2.5018252785994517,1.4434213928067168,1.2175420202087521,0.7997104455085632,2.2019797445618763,2.8543072280107658,0.07890550280783667,0.009271333690663842,0.01322569746712809,0.27253356672856277,0.09443174702345325,0.02801618450387817,0.04360302368948126,0.023224094669890224,0.22978258251232164,0.18332045861484517
1,61.61616161616162,2.505594917555412,1.443700840743612,1.215206501357575,0.7979139236467357,2.201610218269253,2.85459380048324,0.07890663022560278,0.009251962584955024,0.013243521365008719,0.2729035128112479,0.09422911793403643,0.028024267588027906,0.043520834852182735,0.02318184368976844,0.22963509900170087,0.1835003554756793
1,62.121212121212125,2.509345167984197,1.443987471634415,1.2128777679395455,0.7961220052837394,2.201242359422297,2.854877888868757,0.0789082150265826,0.00923265641302165,0.013261245097826323,0.27327136929633966,0.09402690151092896,0.02803246760821865,0.043438832616622125,0.023139692613321595,0.2294896653316244,0.18367987047516277
1,62.62626262626263,2.5130761645956206,1.4442812079621359,1.210555792957335,0.7943346865917218,2.2008761582777607,2.8551595292782097,0.0789102523658571,0.009213414883843233,0.013278869329581253,0.2736371503990249,0.09382509676035022,0.028040783387656837,0.04335701604182552,0.023097640792496838,0.229346217883716,0.18385903488038038
1,63.131313131313135,2.516788125023355,1.4445819721292563,1.2082405449215445,0.7925519602036297,2.2005115938618305,2.8554388438651124,0.07891273694812236,0.009194237582510712,0.01329639525473813,0.2740008816088658,0.09362370923408657,0.028049214747882953,0.04327538709309431,0.02305568910283045,0.2292046457694633,0.18403782921216555
1,63.63636363636364,2.520481229999578,1.4448896874745973,1.2059319945230955,0.79077382010169,2.2001486500793184,2.8557159174687996,0.07891566372847426,0.009175124149486139,0.013313823833886199,0.27436258346490233,0.09342274170659726,0.02805776109647021,0.043193946523606405,0.023013837778891964,0.22906486119171782,0.18421625325855243
1,64.14141414141415,2.524155656408731,1.4452042779861092,1.203630112806685,0.7890002602975382,2.199787311287883,2.8559908316603373,0.07891902771914143,0.009156074231591016,0.013331156003517189,0.2747222760139347,0.09322219672112086,0.028066421815925398,0.04311269500029622,0.02297208700467917,0.2289267799269721,0.18439430689530434
1,64.64646464646465,2.5278115776887877,1.4455256682921913,1.2013348711594747,0.7872312748383519,2.1994275622581823,2.8562636651697804,0.07892282398717305,0.009137087481749696,0.013348392677747569,0.27507997885121466,0.09302207660075644,0.028075196267882328,0.04303163310964212,0.02293043691560045,0.22879032100437585,0.18457198995659813
1,65.15151515151516,2.5314491435281012,1.4458537838487844,1.1990462407045395,0.7854668557407254,2.199069388851758,2.856534470419549,0.07892704773827258,0.009118163536627946,0.013365534769829195,0.2754357103595795,0.09282238474967562,0.028084083620147422,0.042950761627674056,0.022888888042418582,0.22865541936265413,0.18474931120251675
1,65.65656565656566,2.5350685137912268,1.446188550613695,1.1967641932533712,0.783706996352197,2.198712776819045,2.8568033126406007,0.07893169417499842,0.00909930205216843,0.013382583161830173,0.2757894890480251,0.09262312357522634,0.028093083137730505,0.04287008109793615,0.022847440597609986,0.22852200451533028,0.18492627346020132
1,66.16161616161617,2.538669851266725,1.4465298951102827,1.1944887010745342,0.781951690591363,2.1983577120248374,2.8570702614672236,0.07893675852629577,0.009080502695162966,0.013399538713671956,0.276141333296099,0.09242429497591573,0.028102194121554895,0.04278959193494417,0.02280609464071979,0.2283900050270725,0.18510287685720472
1,66.66666666666667,2.5422533093438258,1.4468777445391001,1.1922197365165292,0.7802009316804355,2.198004180849548,2.8573353766794987,0.0789422360981285,0.009061765129410648,0.013416402277013224,0.27649126090196724,0.09222590114538501,0.028111415803778586,0.04270929459235842,0.02276485035196656,0.2282593561687197,0.18527912428292825
1,67.17171717171718,2.54581903817877,1.4472320267146983,1.189957272162227,0.7784547127283861,2.1976521699495124,2.8575987152837254,0.07894812224717983,0.009043089021616253,0.013433174691462109,0.27683928934629687,0.09202794422425811,0.028120747401313886,0.042629189495199955,0.022723707911162,0.22812999598264497,0.18545501872633116
1,67.67676767676768,2.549367183603576,1.4475926700981259,1.1877012811336,0.7767130272036236,2.1973016668658385,2.8578603306222425,0.07895441239053431,0.009024474056125652,0.013449856732876108,0.27718543521069283,0.09183042574206758,0.028130188086859968,0.04254927689400304,0.02268266732384353,0.22800186697765404,0.18563056337796421
1,68.18181818181819,2.5528978859784597,1.4479596038310796,1.1854517374097129,0.774975869426551,2.196952660659937,2.858120271435022,0.07896110201583377,0.00900591995028824,0.013466449059443398,0.2775297135705651,0.09163334603525683,0.028139736958608597,0.042469556712614945,0.02264172824000374,0.227874917903957,0.18580576173917188
1,68.68686868686869,2.556411288038529,1.4483327575059817,1.183208614028937,0.7732432318882078,2.196605138288629,2.858378588622182,0.0789681866157504,0.008987426369714977,0.013482952511972863,0.2778721414700002,0.09143670748465836,0.02814939322178373,0.04239002941021316,0.02260089095474783,0.22774909274422644,0.18598061658682358
1,69.1919191919192,2.559907528018812,1.4487120613682902,1.1809718847542239,0.7715151077639212,2.196259087952645,2.8586353294017584,0.0789756617463363,0.008968993007385578,0.01349936783442132,0.2782127347152792,0.09124051150131884,0.028159156023455017,0.04231069518326884,0.022560155474391493,0.22762434062914744,0.18615513081129534
1,69.6969696969697,2.5633867419603593,1.4490974462492492,1.1787415235786662,0.7697914901871247,2.195914498096213,2.858890539328342,0.07898352300811826,0.008950619560572253,0.013515695755986067,0.2785515088351778,0.09104475941112715,0.02816902450358481,0.042231554202792,0.0225195217890343,0.22750061270354383,0.1863293070862109
1,70.20202020202021,2.566849063955591,1.449488843559144,1.176517504715819,0.768072372250376,2.195571357382786,2.859144262547299,0.07899176604453283,0.008932305730699149,0.01353193699204183,0.27888847910600734,0.09084945246433188,0.028178997797540187,0.04215260661920133,0.02247898987433218,0.22737786192152865,0.18650314780040175
1,70.70707070707071,2.570294615564788,1.4498861853708318,1.174299803326713,0.7663577474910489,2.1952296553329966,2.8593965318695402,0.07900038659737113,0.008914051207865072,0.01354809226355081,0.27922365985428405,0.09065459099763896,0.0281890749304474,0.04207385211292168,0.02243855951621563,0.22725605095048082,0.18667665864739028
1,71.21212121212122,2.573723528577885,1.4502894042252854,1.1720883939783728,0.7646476088845718,2.194889380923419,2.8596473901918515,0.07900938038667374,0.008895855702592562,0.013564162259588591,0.2795570659837939,0.0904601762057685,0.028199255044595938,0.04199529084382178,0.022398230680810982,0.22713513510552097,0.18684984095226537
1,71.71717171717172,2.577135930081448,1.4506984332513853,1.1698832516667306,0.7629419495247931,2.1945505234905136,2.859896876482999,0.079018743189074,0.00887771892419049,0.013580147664174057,0.2798887119881155,0.09026620896317841,0.028209537250350438,0.04191692281934916,0.02235800326804313,0.22701507351047195,0.18702269673024305
1,72.22222222222223,2.5805319447981825,1.4511132061417156,1.16768435166448,0.7612407625312698,2.1942130725782887,2.860145028006514,0.07902847082520813,0.008859640583579407,0.013596049153633907,0.28021861211535753,0.0900726899974616,0.028219920649578994,0.041838747987250076,0.022317877147647932,0.22689582732487149,0.18719522791131074
1,72.72727272727273,2.583911696039055,1.4515336571399269,1.165491669463315,0.7595440410186531,2.1938770178708062,2.860391881239299,0.07903855915442949,0.008841620394151992,0.013611867396333922,0.2805467804403461,0.08987961995417237,0.02823040434522435,0.04176076627008849,0.022277852172500556,0.22677735900988008,0.18736743603346984
1,73.23232323232324,2.587275298193847,1.4519597211108872,1.1633051806344865,0.7578517774995586,2.1935423498115494,2.860637463076385,0.07904900411282186,0.008823658078412846,0.013627603027891722,0.28087323022539157,0.08968699972233417,0.028240987369583997,0.04168297760764023,0.022237928311645706,0.22665963724935131,0.18753932568769494
1,73.73737373737374,2.5906228632506214,1.452391333471579,1.1611248609318785,0.7561639643806947,2.1932090590564055,2.8608817984275228,0.07905980167962798,0.008805753362142284,0.01364325667338657,0.28119797448450484,0.08949483017739494,0.028251668746842422,0.0416053819271152,0.022198105542824725,0.22654263260584015,0.1877109015970949
1,74.24242424242425,2.593954511901454,1.4528284300764707,1.1589506864743762,0.7544805948163955,2.1928771355453383,2.861124923172513,0.07907094782027621,0.00878790596448151,0.013658828984933195,0.28152102694103803,0.08930311173373766,0.02826244759949241,0.04152797908978547,0.0221583836663787,0.2264263101477265,0.18788216361500165
1,74.74747474747475,2.597270358251215,1.4532709473649115,1.1567826334718903,0.7528016615050642,2.192546569768743,2.8613668662734923,0.07908243856410135,0.00877011561149282,0.013674320590825533,0.28184240072090455,0.08911184499332685,0.028273323002146113,0.04145076897341289,0.02211876257168452,0.22631063950956778,0.1880531137010044
1,75.25252525252526,2.600570514988675,1.4537188223054125,1.1546206783051278,0.7511271570802266,2.192217352332534,2.8616076557960626,0.07909426997765352,0.008752382031522486,0.013689732113229488,0.28216210880112796,0.08892103054465483,0.028284294031163924,0.041373751449407914,0.022079242152797496,0.2261955914386009,0.1882237536119473
1,75.75757575757576,2.603855092554847,1.4541719924069112,1.1524647975607152,0.7494570741321294,2.1918894740768238,2.8618473180269337,0.07910643816868589,0.008734704956181043,0.013705064160463515,0.28248016389391306,0.08873066890002182,0.028295359753273446,0.041296926368019425,0.022039822287496354,0.22608113841080207,0.18839408527808807
1,76.26262626262627,2.6071241902498117,1.4546303958726516,1.150314968427082,0.747791405432874,2.1915629273259554,2.8620858681056185,0.07911893933169063,0.008717084130853427,0.013720317247419392,0.2827965772201487,0.08854075982926551,0.028306519106884805,0.04122029339171954,0.022000502620378275,0.22596726146058674,0.18856411451018143
1,76.76767676767678,2.610377919547372,1.4550939711842859,1.1481711676490183,0.7461301433483747,2.1912377026184933,2.8623233345597123,0.07913176962743879,0.008699519287134931,0.013735492003081478,0.28311136171991885,0.0883513041048305,0.028317771212111677,0.04114385243508864,0.02196128312882485,0.22585393218541078,0.18873384139865618
1,77.27272727272728,2.613616385271348,1.4555626574314298,1.146033372367957,0.7444732803142162,2.1909137913509054,2.8625597394832005,0.07914492527969734,0.008682010165080616,0.01375058900242734,0.2834245294579569,0.08816230209201738,0.028329115119905178,0.04106760331119993,0.021922163664717054,0.2257411272297127,0.1889032681238823
1,77.77777777777779,2.6168396908052327,1.4560363942160555,1.143901559886744,0.7428208087047226,2.190591185048403,2.862795104013507,0.0791584025480805,0.008664556507043916,0.013765608812560278,0.2837360923399801,0.08797375413856515,0.028340549881086464,0.04099154583057234,0.02188314408032574,0.22562882424445366,0.18907239683612467
1,78.28282828282829,2.6200479381647077,1.4565151216477594,1.1417757076642996,0.7411727208317276,2.1902698753567313,2.8630294484009173,0.07917219772737738,0.008647158057588067,0.013780551993049605,0.2840460621213211,0.08778566057962475,0.028352074547000734,0.04091567980338663,0.021844224229334245,0.22551700180626216,0.18924122965810886
1,78.7878787878788,2.623241226067869,1.4569987803809994,1.1396557938636944,0.7395290096481454,2.1899498545227947,2.8632627908870676,0.07918630716754234,0.008629814569250743,0.013795419077213305,0.2843544499192664,0.08759802090724865,0.02836368814289881,0.040840004737158424,0.021805403744289766,0.22540564207643396,0.1894097685295377
1,79.2929292929293,2.626419653273755,1.4574873115419125,1.1375417964441106,0.737889667597107,2.1896311145890817,2.863495149716958,0.07920072723931888,0.008612525792908056,0.01381021060354416,0.28466126703121475,0.0874108351381629,0.028375389713076495,0.040764520335709244,0.021766682402303703,0.22529472625096664,0.18957801546745842
1,79.7979797979798,2.6295833178611043,1.4579806567402227,1.1354336933748903,0.7362546868901299,2.1893136475792407,2.8637265427362606,0.07921545434175857,0.008595291480006333,0.013824927108495139,0.28496652474656653,0.08722410348753455,0.02838717831071714,0.04068922638065432,0.021728060037445176,0.22518423556584938,0.18974597250617384
1,80.30303030303031,2.632732316112224,1.4584787580894227,1.1333314629587283,0.7346240599242898,2.188997445780065,2.863956986753754,0.07923048491381486,0.00857811138594827,0.01383956911550622,0.2852702340607333,0.08703782587796487,0.02839905298235552,0.04061412255282849,0.021689536409041844,0.2250741528427071,0.18991364160598323
1,80.80808080808082,2.635866743131974,1.4589815581905903,1.1312350836752925,0.7329977790886317,2.1886825015998617,2.864186497935781,0.07924581542803152,0.008560985268406873,0.01385413714054603,0.28557240581922116,0.08685200217248924,0.028411012775975235,0.04053920851762029,0.021651111263721146,0.22496446166016434,0.19008102469888383
1,81.31313131313132,2.6389866923942784,1.4594890001314504,1.1291445341016848,0.7313758365767189,2.188368807505387,2.8644150911478996,0.07926144239503534,0.008543912888056629,0.013868631701301327,0.2858730507662869,0.08666663237642223,0.028423056745424162,0.04046448394600744,0.021612784418582377,0.22485514732416498,0.19024812306613448
1,81.81818181818183,2.6420922554687354,1.4600010274841997,1.127059792860177,0.7297582242661033,2.1880563559791155,2.8646427795492544,0.07927736236626252,0.008526894009030091,0.01388305332321863,0.2861721795784406,0.08648171676825192,0.02843518395344908,0.040389948528308094,0.021574555815042265,0.2247461974755435,0.1904149369347862
1,82.32323232323233,2.6451835248080546,1.460517584282316,1.1249808390294478,0.7281449347350842,2.187745139822222,2.864869578481835,0.0792935719066677,0.008509928394708148,0.013897402492050143,0.2864698026404193,0.08629725482477275,0.028447393451263424,0.04031560186414189,0.021536425074293437,0.22463759653290652,0.19058146879542232
1,82.82828282828284,2.648260591097107,1.4610386150347079,1.122907651732281,0.726535960258764,2.187435151843318,2.8650955017286956,0.07931006762076714,0.008493015811801292,0.013911679701449435,0.2867659302787311,0.08611324628858363,0.02845968429981032,0.040241443572338144,0.02149839193828383,0.22452933108877166,0.19074772010815214
1,83.33333333333334,2.651323544124379,1.461564064715678,1.1208402102566666,0.7249312931138978,2.1871263849450306,2.8653205627147447,0.07932684614413767,0.00847615602906087,0.013925885439004047,0.2870605726988339,0.08592969084799075,0.02847205556401989,0.04016747325838579,0.021460456137150297,0.22442138821135693,0.1909136922909871
1,83.83838383838385,2.654372472844026,1.4620938787604456,1.1187784940543313,0.7233309255830025,2.18681883211916,2.8655447745718,0.07934390414285351,0.008459348817224273,0.013940020186414463,0.2873537399904151,0.08574658813576094,0.02848450631327207,0.040093690514618266,0.02142261738844521,0.22431375537655523,0.191079386724184
1,84.34343434343435,2.6574074654379283,1.462628003060668,1.1167224827392688,0.721734849958463,2.18651248644184,2.8657681502036425,0.07936123831292306,0.008442593948960148,0.013954084419673059,0.28764544213267107,0.08556393772787506,0.028497035621859495,0.040020094920398486,0.021384875396363117,0.22420642039990873,0.1912448047545879
1,84.84848484848486,2.660428609377743,1.463166383959962,1.1146721560862727,0.7201430585466404,2.186207341068698,2.8659907023510742,0.07937884537972564,0.008425891198813595,0.013968078609243087,0.28793568899958677,0.08538173914228127,0.028509642569450308,0.03994668604230368,0.021347229850967327,0.2240993713685833,0.19140994769997532
1,85.35353535353536,2.6634359914869585,1.4637089682494262,1.1126274940294656,0.718555543671979,2.1859033892300146,2.8662124436569694,0.07939672209744827,0.008409240343151375,0.013982003220237621,0.28822449036521536,0.08519999183764847,0.028522326241551026,0.03987346343431035,0.02130968042741655,0.22399259657334286,0.19157481685339708
1,85.85858585858587,2.666429686347067,1.464255703383528,1.1105884756157207,0.7169722952073153,2.1856006242687696,2.866433371734016,0.07941486530552357,0.008392641158874633,0.013995858737544036,0.28851185578535554,0.08501869743416711,0.0285350856612834,0.039800427152342784,0.02127222754027404,0.22388609814036697,0.19173941136218536
1,86.36363636363637,2.669409781376489,1.464806537002657,1.108555081246301,0.7153933058874685,2.185299039543753,2.8666535014183174,0.07943327180572575,0.008376093426009345,0.014009645612462754,0.2887977948681168,0.08483785494315019,0.028547919937267116,0.039727576650485874,0.021234870722110173,0.22377986255942592,0.19190373279387873
1,86.86868686868688,2.6723763624684045,1.465361417201351,1.1065272913820594,0.7138185682520063,2.1849986284777976,2.8668728462751782,0.07945193843214668,0.008359596926126325,0.014023364293756408,0.28908231712624066,0.08465746351558395,0.028560828179083297,0.03965491141769816,0.021197609557148344,0.22367387756949483,0.19206778251044862
1,87.37373737373738,2.6753295124481187,1.4659202925541552,1.1045050863980876,0.7122480743087809,2.184699384558844,2.867091416599453,0.07947086205848,0.008343151442116753,0.014037015231263111,0.2893654319653637,0.08447752274679429,0.028573809488281265,0.03958243104881,0.021160443784445017,0.22356813397680814,0.19223156138004385
1,87.87878787878789,2.678269313585179,1.466483112064824,1.1024884468019285,0.7106818160580273,2.184401301326085,2.867309222633029,0.07949003958547642,0.008326756758396442,0.014050598870831885,0.289647148715278,0.08429803220812686,0.02858686297327912,0.03951013513658957,0.02112337313839843,0.22346262270713452,0.19239507022807817
1,88.3838383838384,2.681195847647336,1.4670498251619954,1.100477353231383,0.7091197854947539,2.184104372365153,2.86752627461947,0.07950946794041992,0.008310412660850185,0.014064115654518934,0.2899274766351255,0.08411899144724294,0.028599987749778923,0.03943802327228479,0.021086397348499375,0.2233573347472615,0.192558309840098
1,88.8888888888889,2.684109195954507,1.4676203816948652,1.0984717864523141,0.7075619746111321,2.183808591303312,2.867742582858661,0.07952914407660423,0.008294118936776097,0.014077566020783935,0.2902064249185911,0.08394039998841533,0.028613182941181838,0.039366095046165346,0.021049516139081993,0.22325226108647997,0.19272128096465
1,89.3939393939394,2.6870094394327384,1.4681947319288622,1.0964717273564546,0.7060083753988872,2.1835139518046454,2.8679581577614512,0.07954906497280909,0.008277875374829971,0.014090950404686308,0.29048400269909674,0.08376225733282415,0.02862644767900332,0.03929435004806464,0.021012729229074538,0.22314739265806874,0.1928839843161488
1,89.89898989898991,2.6898966525998786,1.4687728266798707,1.0944771569214784,0.7044589793656045,2.1832204479818076,2.8681730030341788,0.07956922766788901,0.008261681768328026,0.014104269226036237,0.29076021861200674,0.08358456321339419,0.028639781050681934,0.03922278788511302,0.02097603644483219,0.22304272708291834,0.19304642031351674
1,90.40404040404042,2.69277089723567,1.4693546174556604,1.092488056169112,0.7029137770257575,2.1829280748294404,2.868387108505913,0.07958962929718809,0.008245537918724326,0.014117522876919255,0.2910350803337953,0.08340731786286991,0.028653182044652354,0.03915140820036507,0.02093943783885069,0.222938275766902,0.19320858880508224
1,90.90909090909092,2.6956322637472017,1.469940055508353,1.0905044064198146,0.7013727612122406,2.1826368253835007,2.8686004969532632,0.07961026685297931,0.00822944361269185,0.014130711803893907,0.2913085976030018,0.08323052028125202,0.028666649908892203,0.03908021055630744,0.020902932919681323,0.22283401753498924,0.19337049087024974
1,91.41414141414143,2.6984808287528455,1.4705290927997565,1.088526189026506,0.6998359236768152,2.1823466936318385,2.8688131760732385,0.07963113742968145,0.008213398645571288,0.014143836423887016,0.2915807791250893,0.08305417001754876,0.02868018378316214,0.03900919455571708,0.020866521443106734,0.2227299461787422,0.19353212697311972
1,91.91919191919193,2.701316668352959,1.4711216816952788,1.086553385454553,0.6983032561511909,2.182057673602114,2.8690251535010214,0.07965223814686057,0.008197402814000766,0.014156897150624565,0.2918516335424676,0.08287826661567989,0.028693782813997697,0.03893835980476054,0.020830203165598953,0.22262605558273144,0.19369349754084525
1,92.42424242424244,2.70413985816407,1.4717177749600547,1.0845859772794526,0.6967747503478307,2.181769759358344,2.8692364368422183,0.07967356614882079,0.00818145591587114,0.014169894394788732,0.29212116943824323,0.08270280961560221,0.02870744615495299,0.03886770591359206,0.020793977844438767,0.22252233968819266,0.19385460296563828
1,92.92929292929294,2.7069504733530585,1.4723173257550735,1.0826239461845144,0.6952503979607568,2.1814829449974473,2.8694470337051095,0.07969511860419512,0.008165557750281289,0.014182828564174892,0.292389395339969,0.08252779855443519,0.02872117296684439,0.038797232496951495,0.020757845237835113,0.22241879245668336,0.1940154436067763
1,93.43434343434345,2.7097485886713377,1.4729202876333027,1.080667273958544,0.6937301906663572,2.181197224645795,2.8696569517329,0.07971689270553622,0.008149708117493406,0.01419570006384865,0.2926563197233942,0.08235323296758644,0.02873496241799423,0.038726939174762394,0.020721805105044466,0.22231540783373932,0.19417601979260854
1,93.93939393939395,2.71253427848904,1.473526614535817,1.0787159424935242,0.6922141201241904,2.1809125924557553,2.8698661986359695,0.07973888566890722,0.008133906818888299,0.014208509296302848,0.2929219510162138,0.08217911238987725,0.02874881368447449,0.038656825572729966,0.020685857206490202,0.2222121797125314,0.19433633182256244
1,94.44444444444446,2.715307601413122,1.4741362612106412,1.0767699345374493,0.6907021779489715,2.180629044166984,2.870074766392353,0.07976109484082437,0.008118153672316207,0.014221256601945632,0.29318629597399715,0.08200543567740734,0.028762725808226502,0.03858689091202018,0.02065000122060531,0.22210911908805503,0.19449637992596813
1,94.94949494949496,2.7180686320625767,1.4747491823385181,1.074829232137186,0.6891943557707175,2.180346573881234,2.8702826638769166,0.07978351747681504,0.008102448480353373,0.014233942382113255,0.29344936303555164,0.08183220240724895,0.028776697989931755,0.03851713485592199,0.020614236915414853,0.2220062186262265,0.19465616435297461
1,95.45454545454547,2.72081744568353,1.475365332951836,1.0728938173914533,0.6876906452067276,2.1800651756239504,2.8704899010587486,0.07980615084838132,0.008086791045655866,0.014246567039546498,0.29371116069853304,0.08165941219917891,0.02879072944710383,0.03844755709944611,0.020578564065362414,0.22190346982142986,0.19481568533336577
1,95.95959595959597,2.723554112677882,1.4759846685817195,1.0709636727181922,0.6861910378520958,2.1797848438996352,2.8706964833794064,0.07982899228092934,0.008071181176413086,0.014259130957238096,0.2939716969418514,0.08148706447421974,0.028804819363575377,0.03837815722317166,0.020542982421688866,0.2218008690994279,0.1949749430631452
1,96.46464646464648,2.726278702909071,1.476607145137028,1.069038780643007,0.6846955252885029,2.179505573254825,2.8709024161719365,0.07985203912361447,0.008055618682037169,0.014271634515123218,0.2942309796804675,0.08131515864397904,0.028818966929122395,0.03830893480770405,0.02050749173562657,0.22169841301775908,0.19513393771850768
1,96.96969696969697,2.728991285719675,1.4772327189009349,1.0671191237976598,0.6832040990849907,2.1792273582763206,2.8711077046760924,0.07987528874904745,0.008040103373134835,0.0142840780901723,0.2944890167673923,0.08114369411104441,0.028833171339555055,0.03823988943383108,0.020472091758429206,0.22159609824788387,0.19529266945779927
1,97.47474747474747,2.731691929949013,1.47786134652751,1.0652046849185655,0.6817167507987373,2.1789501935894178,2.87131235405356,0.07989873855300075,0.008024635061479247,0.014296462056483888,0.2947458159956856,0.08097267026937845,0.028847431796808536,0.03817102068267894,0.020436782241401566,0.22149392155733075,0.19545113842347722
1,97.97979797979798,2.7343807039507473,1.4784929850382988,1.063295446845286,0.6802334719758318,2.178674073856138,2.871516369403178,0.07992238595411477,0.008009213559981859,0.014308786785377475,0.29500138510045515,0.08080208650471371,0.02886174750903384,0.038102328135868266,0.02040156293592939,0.22139187979184236,0.1956093447440699
1,98.48484848484848,2.73705767416743,1.4791275918800735,1.0613913926174343,0.6787542541743139,2.1783989939694086,2.871719754318995,0.07994622840652382,0.0079938386865166,0.014321052636168776,0.29525573155744955,0.080631942109672,0.028876117678341234,0.03803381132753103,0.02036643358176863,0.221289971516425,0.1957672884919023
1,98.98989898989899,2.7397229020651457,1.47976512505209,1.0594925056834072,0.6772790890125154,2.1781249494699266,2.871922507792384,0.07997026342716426,0.007978510272121908,0.01433325993635639,0.29550886215049793,0.08046223610197552,0.028890541474511963,0.03796546964162147,0.02033139388199262,0.22118820054159707,0.1959249695905528
1,99.4949494949495,2.7423764579153467,1.480405542519239,1.0575987689602435,0.6758079679574673,2.1778519346753527,2.872124638126096,0.07999448847224906,0.007963228124228006,0.014345409070588074,0.29576078491364943,0.08029296803822292,0.028905018152861738,0.03789730277123604,0.02029644361500627,0.22108656008247873,0.1960823882387335
1,100.0,2.7450184073495665,1.481048802779285,1.0557101657502057,0.6743408825333927,2.1775799445066566,2.8723261493549446,0.08001890105750785,0.007947992062568862,0.014357500393825896,0.2960115072355079,0.08012413721871084,0.028919546939137338,0.03782931026965818,0.020261582525043204,0.2209850482175738,0.1962395444995671
2,0.0,0.5173476792059318,0.4881822679597654,0.4970309011808006,0.4592924170655853,0.48584625238230106,0.4866993286774714,0.4737465212547429,0.5327141230195241,0.5035246817472708,0.46550454645019484,0.45976114445898486,0.4905885946427357,0.4887135033185168,0.5050100488851319,0.5203139378148176,0.5401496705717931
2,0.5050505050505051,0.9042748335482159,1.0088917174774652,1.0573614242152296,0.7144787574360411,1.4361421293751657,1.2595569189494467,0.2937440682070957,0.25782673245425475,0.1774779943193042,0.29614520049821286,0.2752688542187325,0.23639487110000282,0.31095089729449554,0.2397343280647826,0.5861487847209227,0.583181574021057
2,1.0101010101010102,1.104069075687255,1.2437260146546552,1.3421452101143152,0.842704119583283,1.8603378616658992,1.68299887402129,0.19602094802529393,0.12773239799516423,0.0648430372144013,0.2124018799532745,0.17955254156994277,0.1187934849292749,0.20299268381830932,0.11905062629617397,0.604326983614335,0.5835210341201222
2,1.5151515151515151,1.2214874150754638,1.3513786610097436,1.486326792970812,0.9054186998345163,2.05147988847489,1.9238239960633121,0.14349369709452173,0.06648841786476828,0.026333694663698774,0.17354042675615394,0.13153419985200926,0.0650937397078877,0.1383429569396832,0.06509099905993791,0.6016032992535322,0.5657470374930803
2,2.0202020202020203,1.3013836307242455,1.4015528279467577,1.5588215357235,0.9351482701027939,2.1380691749317755,2.0695294052131845,0.11506460543182377,0.03773963420385984,0.013396469520239325,0.15706624076633485,0.10818929385769346,0.04089659055191439,0.09995729666772157,0.04142387995917996,0.5901459364191894,0.5410938257005572
2,2.5252525252525255,1.3630132458846158,1.4251381421128149,1.5945173861346127,0.9484868039832887,2.1768206950669895,2.1650271986960035,0.0994842646180892,0.024265607247303964,0.00921202209551091,0.1515535358261396,0.09734006627893235,0.03019976957746232,0.07734033233012366,0.03132484751575828,0.575400440807039,0.5146035731641209
2,3.0303030303030303,1.4148670124857528,1.4361127623922596,1.6111269542806066,0.9537487272085129,2.1932566275151433,2.233291144499648,0.09081488445107204,0.017951625728388886,0.007988810963908513,0.1513241761955203,0.09272164804921398,0.02563029936798293,0.06414161137200042,0.027218348449407903,0.5597580545736558,0.4884751220575303
2,3.5353535353535355,1.460842441637593,1.4409640408703073,1.6177236359436364,0.9550607125682551,2.1991310438721117,2.2861521027953415,0.08590285716674614,0.01498550612512833,0.007747422352718544,0.15356929533732852,0.09115821970675966,0.023814147933728828,0.0565472921784361,0.02571172222288849,0.5442390760185368,0.46361366751374933
2,4.040404040404041,1.5028213196283315,1.4427816657233774,1.6190118765609345,0.9544590694723513,2.1999795600726904,2.3297866869599675,0.08305557133335488,0.013580560932216788,0.007818556222650362,0.15690187629312105,0.09105521370559785,0.02321699718169138,0.052275146554170794,0.02530330062556013,0.5292562009434891,0.44034268239896524
2,4.545454545454546,1.5417708379310542,1.4430734013945803,1.6174637738162232,0.9529437231019754,2.198459389192903,2.367484662698592,0.08135473753508875,0.01290150823643391,0.007979841993222575,0.1606406478963843,0.0916188954015056,0.023146310007727374,0.04996253168071044,0.025337922723836063,0.5149570406108103,0.41872886524626046
2,5.050505050505051,1.5782288570710485,1.4425915269054126,1.6143962220066659,0.9510030412648054,2.1958649526057505,2.4010470102898447,0.08029718387322435,0.012558938833472696,0.008159585085840188,0.16445546445574458,0.09245828535605272,0.023292524563226037,0.048797392407038925,0.02553528276506894,0.5013762496285391,0.39872948335967323
2,5.555555555555556,1.6125246034507985,1.4417187957080457,1.6105198706528001,0.9488738175365786,2.1928325569626135,2.431496846033273,0.07960472186860072,0.012371904857263114,0.008336007083727065,0.16819093408182773,0.09338376646174515,0.023519185602890375,0.0482967654444936,0.025778928057278296,0.4885022104875112,0.38025852628225293
2,6.0606060606060606,1.644881941930615,1.4406530980732544,1.6062223742506854,0.9466695183996601,2.189675166676869,2.4594440816250094,0.07912236578254277,0.012256746855064551,0.008503416877167805,0.17177842866238882,0.09430583144064869,0.023767523834345213,0.048174220870699835,0.02602288871608698,0.47630573917444,0.36321594270821345
2,6.565656565656566,1.6754690988224108,1.4394981652103087,1.6017170596557349,0.94444355802617,2.186545072168952,2.4852751251933363,0.07876310907431121,0.012174973287154835,0.008661003570304464,0.17519196675331056,0.09518425863738524,0.02401317631619163,0.04826048723349533,0.02625070401927471,0.46475218670926255,0.34750029026049856
2,7.070707070707071,1.7044230411329815,1.438308921072413,1.597121914716003,0.9422203194679987,2.1835139588994794,2.5092525531375824,0.07847773768273905,0.012108979607820081,0.008809278272185542,0.17842617039180875,0.0960027983757403,0.024246785203456273,0.04845603762186059,0.026457808711766926,0.4538063162440141,0.33301392907502575
2,7.575757575757576,1.7318617116971042,1.4371146541172066,1.5925022639769464,0.9400103345881513,2.1806129623483166,2.5315683176787585,0.07823815554447494,0.012050743309897595,0.0089490002351215,0.1814852634162222,0.09675661331048074,0.024465362790231045,0.048702746786763396,0.02664410827632768,0.44343413600168696,0.3196649435251988
2,8.080808080808081,1.7578902165178762,1.435930874375722,1.587893816899596,0.9378175402097997,2.1778525988336526,2.5523721648170086,0.0780282330418284,0.011996679719047379,0.009080900779319232,0.1843777124801857,0.09744620358428821,0.024668577511491086,0.0489671657803433,0.02681102254727256,0.43360346408472356,0.3073676300443202
2,8.585858585858587,1.7826042171742755,1.4347657702738188,1.5833157934196724,0.9356429203410902,2.1752332895462625,2.5717877273102623,0.07783855193862872,0.011945157699869324,0.00920561881565561,0.18711350685361663,0.09807433667469417,0.0248570660051234,0.04923035130424291,0.026960266514155312,0.42428404237818296,0.2960424381827872
2,9.090909090909092,1.8060917371512488,1.4336235070252776,1.578778016680962,0.9334861385074187,2.1727504905218993,2.589921224490677,0.077663546765196,0.011895443459477845,0.00932371397061964,0.1897029301368397,0.09864466381383712,0.02503179169480317,0.049481957598690784,0.027093482816718688,0.4154474515767698,0.28561565637795316
2,9.595959595959597,1.8284342931406843,1.432506102850964,1.574285097969831,0.9313463581189417,2.1703974877386263,2.6068666799894658,0.0774998204458357,0.011847179711374837,0.009435681138305103,0.1921559558198906,0.09916103002101442,0.025193759559749958,0.04971660584537216,0.02721212220531585,0.4070669908394751,0.2760190399090579
2,10.101010101010102,1.8497076033176245,1.4314143960608485,1.5698387064471566,0.9292225825183869,2.1681667340064625,2.622708869985226,0.07734523195990126,0.01180017520519875,0.009541964617964287,0.19448201906450557,0.09962719567296813,0.025343928042165054,0.04993181165882763,0.02731744892835203,0.39911755006025473,0.2671894240216589
2,10.606060606060607,1.8699820833570318,1.430348516635858,1.5654387358588888,0.9271137738248864,2.1660504368275078,2.6375249884968297,0.07719843022647521,0.01175433027949756,0.009642967147583316,0.19668996037296796,0.10004674894765897,0.025483194401960955,0.050126872161920515,0.02741057481912532,0.39157549483033516,0.2590683547116225
2,11.111111111111112,1.8893232946706826,1.4293082596383393,1.5610842117637076,0.9250189556894722,2.1640410206907297,2.651386016719145,0.07705848944423493,0.011709568770044563,0.009739057563354556,0.19878798838566825,0.10042303209364188,0.025612375855299182,0.050302012632489894,0.027492478988479032,0.38441856543860387,0.2516017466417948
2,11.616161616161618,1.907792310375991,1.428293267465784,1.5567737662775398,0.9229372366587184,2.1621313112950835,2.6643575851306225,0.07692471938000033,0.011665819740378074,0.009830575275881949,0.20078369916268785,0.1007591354691888,0.025732215829642205,0.05045791543476141,0.027564034444357066,0.37762578371461775,0.24473955834626432
2,12.121212121212121,1.9254460251190653,1.4273031094182242,1.5525058619208871,0.920867802966119,2.160314577123709,2.6765005379482605,0.0767965744821175,0.011623017031869166,0.009917833696076418,0.20268412252025994,0.101057917300292,0.025843396280747874,0.05059548404124879,0.027626031112740593,0.3711773700635845,0.23843549162258054
2,12.626262626262626,1.9423374357138339,1.426337314229763,1.5482788897435038,0.9188099059565047,2.1585845172999525,2.6878713439913278,0.07667361216854665,0.011581101786137159,0.010001122671253592,0.20449577092814186,0.10132202713922683,0.025946547470302842,0.05071573380045727,0.027679190975879044,0.3650546696006293,0.2326467153916328
2,13.131313131313131,1.9585158943346104,1.4253953599368865,1.5440911539485254,0.9167628454301299,2.1569352053700825,2.6985223639277467,0.07655549614392938,0.011540027754221327,0.010080709750389345,0.20622468583540907,0.10155393160673903,0.026042255020591834,0.050819798044209656,0.02772417515445478,0.3592400874175435,0.22733361719817305
2,13.636363636363637,1.974027374654331,1.4244767250604486,1.5399409932844328,0.9147259814226661,2.1553611293038926,2.7085022607656644,0.07644194425277889,0.011499750272390726,0.010156842333250137,0.20787645869171933,0.1017559146153817,0.02613105822645928,0.050908814799513244,0.027761587753339187,0.35371702500546576,0.22245956720363597
2,14.141414141414142,1.9889147063172796,1.42358092543718,1.5358268711678233,0.9126987368852584,2.1538572001493446,2.7178563553058748,0.07633268680047853,0.011460221242976543,0.010229750512760571,0.20945626614847132,0.10193008476191888,0.02621345381662187,0.050983834945965756,0.027791985536221205,0.34846981923262893,0.21799069477022767
2,14.646464646464647,2.0032177897371235,1.4227075067559622,1.531747363990857,0.9106805853940081,2.1524187098940124,2.7266268516316163,0.07622746812568745,0.01142139408668179,0.010299647927603796,0.21096890482004604,0.10207839480313718,0.026289902405788303,0.05104582555716201,0.027815884374856558,0.3434836867034524,0.21389568289344638
2,15.151515151515152,2.016973794546523,1.4218560296531917,1.5277011270252587,0.9086710403097996,2.151041284298054,2.734853022884397,0.07612605721171277,0.011383227555974642,0.01036673250570438,0.21241882328258543,0.10220265926473518,0.026360832817680216,0.0510956984243357,0.02783376245842047,0.338744672869284,0.21014557965060698
2,15.656565656565657,2.030217346125424,1.4210260657289215,1.5236868815230444,0.9066696509897443,2.149720853523898,2.7425714064909146,0.07602824896693947,0.011345685230556922,0.010431187690220015,0.21381014944241647,0.10230456532839131,0.02642664394607084,0.05113432174327551,0.02784606238157008,0.3342396043741677,0.20671362410507013
2,16.161616161616163,2.042980701296188,1.4202172019274213,1.5197034206982274,0.9046760026120348,2.1484536358260833,2.749816006355467,0.07593385763508191,0.011308733297618886,0.01049318379634713,0.21514671429889948,0.10238567993090011,0.02648770598389331,0.051162514268845743,0.02785319358825161,0.3299560438050545,0.20357508443704808
2,16.666666666666668,2.055293913247803,1.4194290455684084,1.5157496188482704,0.9026897154779359,2.147236123818122,2.756618484971974,0.07584270939450954,0.011272339195261886,0.010552879118551689,0.21643207332758568,0.10244745672371747,0.026544362175421585,0.051181035425721944,0.027855535272291634,0.3258822467220186,0.20070710707831463
2,17.171717171717173,2.0671849751438782,1.4186612208167328,1.511824423010538,0.9007104403187678,2.1460650622628763,2.763008312674718,0.0757546431596738,0.011236473096623314,0.010610420527193201,0.2176695258076641,0.10249124563929736,0.026596931565053092,0.05119059062812533,0.02785343905238091,0.3220071233288602,0.19808858548102443
2,17.67676767676768,2.078679989846066,1.417913377202983,1.5079268684276383,0.89873785984239,2.144937438362614,2.76901297260414,0.07566950012766177,0.01120110486388649,0.010665944865511439,0.21886213663435736,0.1025182981573218,0.026645709887538255,0.05119181664732044,0.02784723152578722,0.3183201946023341,0.19570000494501621
2,18.181818181818183,2.089803257027511,1.4171851672277922,1.5040560282533415,0.8967716775153075,2.1438504416596764,2.7746580040119504,0.07558714349317995,0.01116620994945073,0.010719578704936675,0.22001275104678716,0.10252978043646929,0.02669097314539089,0.05118532600526527,0.027837215247193806,0.3148115666381884,0.1935233628849982
2,18.68686868686869,2.1005774708105025,1.4164762706451814,1.5002110627432048,0.8948116259202428,2.14280147204607,2.7799672737207355,0.07550743287012987,0.011131761864931925,0.010771440452373944,0.2211240176205253,0.10252677369014118,0.02673297695446387,0.051171662163578324,0.027823671844287527,0.3114718807903042,0.19154198920594465
2,19.191919191919194,2.111023745059876,1.4157863657533245,1.496391155432646,0.8928574542427447,2.141788100079465,2.784962936056799,0.07543025107576401,0.01109773975366099,0.01082163948707929,0.2221983944580618,0.10251028589837678,0.02677195989668463,0.051151356802627584,0.027806861750680173,0.30829230212976644,0.18974052583451986
2,19.6969696969697,2.121161793364962,1.415115150070265,1.4925955555218866,0.8909089347733679,2.1408080723864304,2.7896656769917243,0.07535548206405823,0.01106412227491445,0.010870277964899816,0.22323817016372838,0.10248125309238107,0.02680814331804942,0.051124890739569336,0.02778702719306514,0.30526447357461606,0.1881047634600488
2,20.202020202020204,2.1310099799638675,1.4144623267075471,1.488823546494775,0.8889658568017819,2.1398592889348347,2.7940947366808104,0.07528302321855089,0.011030890945409481,0.010917450628134312,0.224245471127102,0.10244054645216684,0.026841733239006068,0.05109272210163665,0.02776439248536727,0.3023804988643975,0.1866215985460694
2,20.70707070707071,2.1405854180194064,1.4138276136579044,1.4850744653092636,0.8870280289355258,2.1389398034411258,2.798268038128648,0.07521277512195962,0.010998027623287103,0.010963245680569713,0.22522227298708927,0.1023889739984318,0.026872920674575595,0.051055268148671895,0.02773916578367266,0.2996329153380266,0.18527894629742797
2,21.212121212121215,2.1499040891713883,1.413210737091024,1.4813476849639986,0.8850952750805489,2.1380478007593804,2.802202301195253,0.07514464629284458,0.010965515628975435,0.011007745308043219,0.22617041686478784,0.10232728865426964,0.02690188349870426,0.0510129206625042,0.027711540486718488,0.2970146612313248,0.18406563264067993
2,21.71717171717172,2.1589808767306833,1.4126114352240748,1.4776426231509756,0.8831674350726357,2.1371815980862268,2.805913087739816,0.07507854896307821,0.010933339050155947,0.011051025940480073,0.22709161281409038,0.10225618885164993,0.026928786733706005,0.05096603736060706,0.027681696038538126,0.29451906370343184,0.1829713679417053
2,22.222222222222225,2.1678296866265128,1.4120294553312636,1.473958732920007,0.8812443623564821,2.1363396274367767,2.809414925445162,0.07501440034714846,0.010901482850129958,0.011093158890271383,0.22798745532970513,0.10217632512819673,0.026953783986850856,0.050914950078615344,0.02764979935896365,0.29213980590962607,0.1819866384620393
2,22.72727272727273,2.1764634820102415,1.4114645516931361,1.4702954978584417,0.8793259223869938,2.135520428941755,2.8127213406547313,0.07495212405926101,0.010869933449743664,0.011134210464975636,0.2288594279382964,0.10208830279550767,0.026977018174126562,0.05085996865728197,0.027616005375756397,0.28987091491769945,0.1811026777943504
2,23.232323232323235,2.184894370663563,1.410916486784081,1.466652432840803,0.8774119923651339,2.134722642922488,2.8158449553787657,0.07489164789659732,0.010838678008866086,0.011174242517106005,0.22970891350897396,0.10199268540255198,0.026998622247667855,0.050801380031440926,0.027580458135482013,0.2877067368528513,0.1803113903206944
2,23.73737373737374,2.193133655760414,1.4103850285608592,1.463029077104625,0.8755024594931392,2.1339450007883745,2.818797535778336,0.07483290574563849,0.010807704943440275,0.01121331264276248,0.23053720073381564,0.10188999813716429,0.027018720010868306,0.05073945422291329,0.027543291402285962,0.2856419209628833,0.179605307855003
2,24.242424242424242,2.2011918796706222,1.4098699528765888,1.4594249987399934,0.8735972215992873,2.1331863236168256,2.821590044917339,0.07477583476460807,0.01077700314941088,0.011251474508215255,0.2313454888149718,0.10178072885153595,0.02703742633329746,0.05067444010541957,0.02750462927053571,0.28367140552225584,0.1789775533690706
2,24.747474747474747,2.2090789052444135,1.4093710406133932,1.455839786872803,0.8716961848838234,2.1324455091360925,2.8242327241260137,0.07472037698475276,0.010746562480224042,0.011288778224670793,0.23213489802829115,0.10166533308432499,0.027054848346416166,0.050606572003758496,0.02746458722341773,0.28179039437335973,0.17842176921216335
2,25.252525252525253,2.21680392649035,1.408888080286109,1.4522730573976377,0.869799264819577,2.1317215341208278,2.8267351105205187,0.07466647670388762,0.010716373159827151,0.011325270473194027,0.23290647039629483,0.10154423360208802,0.027071085382689295,0.05053606430658767,0.027423272395168934,0.27999435116835425,0.1779321109940473
2,25.757575757575758,2.2243755388170237,1.4084208654000983,1.4487244457277972,0.8679063842909842,2.1310134432097576,2.8291061066738186,0.07461408208308591,0.010686426151040438,0.011360994825366141,0.23366117858478144,0.10141782464903676,0.027086229941012677,0.05046311775495106,0.027380784393310518,0.278278978820247,0.17750318613707744
2,26.262626262626263,2.2318017598526856,1.4079691950304978,1.445193607934583,0.8660174733830924,2.130320347237309,2.831354004611223,0.07456314427124504,0.010656713086289,0.011395991860968624,0.23439992839822002,0.10128647288227945,0.027100367975478414,0.05038791807587962,0.0273372156972948,0.2766402113940643,0.17713003773323452
2,26.767676767676768,2.239090131473856,1.407532874389042,1.4416802197995084,0.8641324687841094,2.1296414130397427,2.833486597054446,0.07451361562243312,0.010627225611505337,0.011430299791811318,0.23512357078853915,0.10115052164018432,0.027113579808191617,0.05031063660766317,0.02729265290361343,0.27507418485966906,0.1768080554956864
2,27.272727272727273,2.2462476237934013,1.40711171140121,1.4381839713620446,0.8622513130483177,2.128975869651198,2.8355110656014486,0.07446545414309609,0.010597956751843727,0.011463953753698042,0.23583289055419568,0.10101028804066807,0.027125939530954456,0.05023143538115461,0.027247175445535177,0.27357726014312067,0.17653306422657267
2,27.77777777777778,2.2532808320311704,1.4067055197913096,1.4347045698683771,0.8603739539450536,2.1283229905134253,2.8374342007701583,0.07441861802183974,0.010568899366827795,0.01149698706806541,0.23652862988387297,0.10086607080597695,0.027137516790427214,0.05015046367935305,0.027200858260521158,0.2721459686112032,0.17630114945181433
2,28.282828282828284,2.2601959587966087,1.4063141177516436,1.4312417372870074,0.8585003440945127,2.1276820939473646,2.8392623796300818,0.07437306713269849,0.010540046581690605,0.011529431074799411,0.23721148611747844,0.10071814990513225,0.027148376729364317,0.05006786031905621,0.027153771490578633,0.2707770144812029,0.17610867581403855
2,28.78787878787879,2.266998653784383,1.4059373259339971,1.4277952093844437,0.8566304423952568,2.1270525592861436,2.841001387859611,0.07432876709941177,0.010511392875390841,0.011561314079704508,0.23788209151338077,0.10056677929080364,0.027158578387102502,0.049983755345811405,0.02710597804517432,0.2694673153646071,0.17595243407634464
2,29.292929292929294,2.273694389097913,1.4055749697542337,1.4243647330046336,0.8547642099579759,2.1264337869147445,2.8426568305476856,0.074285682110582,0.010482932196980365,0.01159266367720908,0.2385410599545155,0.10041220444289345,0.027168178649098068,0.049898270467060545,0.02705753907191663,0.2682138997947961,0.17582930539600417
2,29.7979797979798,2.280288210035209,1.4052268780243877,1.4209500680715823,0.8529016126423168,2.1258252250109733,2.844233859410197,0.07424377953858426,0.010454659175231225,0.0116235052272907,0.23918895590195197,0.10025465087377887,0.02717722961801657,0.04981151847100266,0.02700851042399085,0.2670139717603796,0.1757364878120892
2,30.303030303030305,2.2867847816098816,1.4048928832464447,1.417550987182192,0.8510426204199447,2.1252263645893277,2.84573722351681,0.07420302904094424,0.010426568885464388,0.011653862150829936,0.2398263001874652,0.10009432642648221,0.027185779109634392,0.0497236032757582,0.026958943393265884,0.26586489614602393,0.17567145650148017
2,30.80808080808081,2.2931885856463876,1.4045728204033103,1.4141672697054697,0.8491872052166356,2.124636716628288,2.84717147999119,0.07416340116161414,0.010398656516109482,0.011683756965395208,0.24045359358262483,0.0999314303533268,0.02719387288372564,0.04963462450178971,0.026908887058957335,0.26476414342900234,0.17563179015146305
2,31.313131313131315,2.2995037304259363,1.4042665287668754,1.4107987092529397,0.8473353436994902,2.124055835377019,2.8485407924158963,0.07412486808612218,0.010370917583478705,0.011713210255811261,0.24107129355159984,0.09976614384671541,0.027201552433024877,0.04954467152246626,0.026858385860179832,0.2637093402583216,0.17561534203285045
2,31.81818181818182,2.3057341014211543,1.4039738501601677,1.4074451068571718,0.8454870145893747,2.1234832994981825,2.84984908917736,0.0740874033387447,0.01034334783378184,0.011742241500401917,0.2416798326829202,0.09959863798254931,0.02720885677157143,0.049453828837629034,0.026807481647273798,0.2626982252329392,0.17562010872013187
2,32.323232323232325,2.311883357050164,1.40369462915233,1.4041062716089001,0.8436421989267173,2.122918712939246,2.851100059446538,0.07405098165501268,0.010315943228755986,0.011770869036767289,0.24227961799424844,0.09942907330377486,0.02721582237258395,0.04936217552768283,0.026756213577230487,0.26172864857846323,0.17564423556318107
2,32.82828282828283,2.3179548847553115,1.40342871335212,1.4007820224982863,0.8418008810643534,2.12236171037325,2.8522971069444942,0.07401557925381307,0.01028870005099647,0.01179910979505066,0.24287102538092042,0.09925759730917237,0.02722248266357626,0.049269783876903395,0.026704617409756642,0.260798584299654,0.1756860558658977
2,33.333333333333336,2.3239519106714024,1.4031759528598862,1.3974721846962963,0.8399630467224677,2.1218119443554198,2.853443466242306,0.07398117297798947,0.010261614655718253,0.011826979922612278,0.24345441294229095,0.09908435018738619,0.027228869273065587,0.04917672205214897,0.0266527271007955,0.2599060951034055,0.17574399841034677
2,33.83838383838384,2.329877446270622,1.4029362002274417,1.3941765907304462,0.838128683809995,2.1212690912722123,2.8545421454139657,0.07394774099137826,0.010234683659697584,0.011854494474397839,0.2440301144563446,0.09890946216113378,0.02723501144231995,0.04908305335327478,0.026600574030584904,0.2590493478500737,0.17581663411810167
2,34.343434343434346,2.335734304530397,1.4027093102133543,1.3908950795557133,0.836297782029393,2.1207328492729127,2.8555959427036184,0.07391526280246272,0.010207903936060903,0.011881667505059115,0.24459844133753533,0.09873305444573754,0.027240936217489336,0.04898883693160466,0.026548187255940523,0.25822660734885605,0.17590266346620823
2,34.84848484848485,2.341525171010097,1.4024951398512278,1.3876274956259675,0.8344703323665055,2.120202930819505,2.856607523681966,0.0738837183058428,0.010181272429399105,0.01190851243204333,0.24515969086724043,0.09855524220513388,0.027246669240319772,0.048894128300989034,0.026495594328451475,0.25743621338093986,0.17600085723165426
2,35.35353535353536,2.347252527882445,1.4022935485313701,1.3843736901247103,0.8326463276839403,2.1196790709259434,2.8575793389441952,0.07385308867347577,0.010154786292595568,0.011935041650388811,0.24571413731162717,0.09837613134793724,0.027252233867335843,0.048798978569379814,0.02644282041338981,0.25667660250457686,0.17611012272263965
2,35.85858585858586,2.3529187308603814,1.4021043975076115,1.3811335187419627,0.8308257618311304,2.119161018354175,2.858513706234584,0.07382335582947555,0.010128442823422068,0.011961266924728058,0.24626204092222986,0.0981958220729502,0.027257652081756886,0.0487034360484017,0.02638988923079605,0.25594628357480914,0.17622943912615663
2,36.36363636363637,2.358526011848037,1.4019275498928108,1.3779068416104692,0.8290086296254273,2.1186485353721527,2.8594128132522654,0.07379450242200516,0.010102239452827226,0.011987199402343355,0.24680364820470269,0.09801440898157686,0.027262944516350685,0.048607546292737044,0.02633682308289648,0.2552438357125786,0.17635785653104963
2,36.86868686868687,2.364076426589872,1.4017628714325263,1.3746935260319206,0.8271949279712429,2.118141404491292,2.8602786631819432,0.0737665117700812,0.010076173716206031,0.01201284932965588,0.24733918554679563,0.09783197814261038,0.027268129799360243,0.04851134996722948,0.026283642087742046,0.25456792335391126,0.17649454183665791
2,37.37373737373738,2.369571954206614,1.4016102291090633,1.3714934414351998,0.8253846538085577,2.117639415897096,2.8611131783100126,0.07373936789947273,0.010050243273805475,0.012038226588703457,0.2478688711949535,0.0976486126016257,0.027273225770374387,0.04841488676619901,0.02623036561174733,0.253917264100807,0.17663869520868855
2,37.87878787878788,2.3750144434781513,1.401469491976653,1.3683064624196788,0.823577805393958,2.117142374445598,2.8619181444705166,0.07371305543623008,0.010024445896215194,0.012063340400498428,0.2483929086754892,0.09746438923641859,0.027278248821164204,0.048318193012645276,0.026177011454858217,0.25329064473015606,0.176789596643696
2,38.38383838383839,2.380405623724081,1.4013405310082439,1.3651324682913626,0.8217743821430001,2.1166500983430927,2.862695222471268,0.07368755960113073,0.009998779477093633,0.012088199380455593,0.2489114880522584,0.09727937929632409,0.027283214033473464,0.04822130200323834,0.026123595993075174,0.2526869170173912,0.17694659755468448
2,38.88888888888889,2.3857471483895725,1.4012232187145786,1.3619713412184844,0.819974383828022,2.1161624139848954,2.863445993813435,0.07366286604011912,0.009973241961407978,0.01211281177218507,0.24942479109542315,0.09709365070845387,0.02728813566420589,0.048124245427992186,0.026070134769410686,0.25210498202254344,0.17710908596341354
2,39.3939393939394,2.3910405602032765,1.4011174292623667,1.3588229672969763,0.8181778110735516,2.115679159838455,2.8641719236453884,0.07363896111102848,0.009947831438915627,0.01213718526594728,0.24993298719968418,0.09690726640580602,0.027293026774016915,0.04802705256021264,0.026016642069214255,0.2515438016683659,0.17727651524645033
2,39.8989898989899,2.396287322047641,1.4010230384034563,1.3556872358538627,0.8163846650765219,2.115200183165366,2.8648743938637886,0.07361583158040141,0.009922546072737765,0.01216132715237655,0.2504362368831487,0.096720285655694,0.027297899560802207,0.04792975074650661,0.025963131260690577,0.25100238696647464,0.17744838031549784
2,40.40404040404041,2.401488823331251,1.400939923414895,1.3525640392132334,0.8145949475223581,2.11472533929614,2.8655547098332703,0.07359346459550724,0.009897384093337708,0.0121852443550785,0.250934692513967,0.09653276436872527,0.02730276543194444,0.04783236557726838,0.025909614874529748,0.25047979508940155,0.17762421319431534
2,40.909090909090914,2.406646358227376,1.4008679631040741,1.3494532729073745,0.8128086606418918,2.1142544938210683,2.8662140767073208,0.0735718479418383,0.009872343823317194,0.012208943328392364,0.2514284959394141,0.09634475432354271,0.027307634750498293,0.047734920786131625,0.0258561043912646,0.2499751366733591,0.17780360073733764
2,41.41414141414142,2.4117611707533837,1.4008070376043045,1.3463548347601548,0.8110258069182575,2.1137875177954046,2.866853647888369,0.07355096966562494,0.009847423649913756,0.012232430275808599,0.25191778346727856,0.09615630498521523,0.027312517367925216,0.04763743884329754,0.02580261073328139,0.24948755886103727,0.17798614969032914
2,41.919191919191924,2.4168344310180583,1.400757028510401,1.343268625413361,0.8092463892711663,2.1133242903222116,2.867474499538447,0.0735308182440647,0.009822622024712976,0.012255711033622742,0.25240268322941845,0.09596746252400798,0.027317422332594665,0.04753994060727799,0.02574914399220127,0.24901625325779908,0.1781715061171264
2,42.42424242424243,2.4218672374864276,1.400717818924268,1.3401945484339468,0.8074704111229898,2.1128646984206187,2.8680776331946856,0.07351138251293574,0.009797937451349856,0.012278791078491738,0.25288331539063447,0.0957782698243527,0.02732235790940837,0.047442445225976335,0.025695713428191228,0.24856045446075264,0.17835935432608774
2,42.929292929292934,2.4268606467470524,1.400689293071198,1.3371325089803194,0.8056978758651542,2.1124086334248857,2.868664006886511,0.07349265163980102,0.009773368491894668,0.012301675685742816,0.25335979561170624,0.09558876805998244,0.027327331942027227,0.04734497113499458,0.02564232789241626,0.24811942873966417,0.17854939371385928
2,43.43434343434344,2.431815647664002,1.4006713366497308,1.3340824151142867,0.8039287874259525,2.1119559942193304,2.869234508282314,0.07347461511752913,0.009748913770405489,0.012324369787769917,0.25383223195899596,0.09539899522135117,0.027332351542433835,0.047247535044673036,0.025588995437674775,0.24769248289482845,0.17874135994617932
2,43.939393939393945,2.4367331811750685,1.4006638366124542,1.3310441769122174,0.8021631499047459,2.1115066848626394,2.8697899753895193,0.07345726272002365,0.009724571954328276,0.012346878079526996,0.25430072723751285,0.09520898717914807,0.027337423317222977,0.047150152618255156,0.02553572359225096,0.24727895633723057,0.17893500993582742
2,44.44444444444445,2.4416141453872116,1.4006666811111286,1.3280177062612604,0.8004009674994073,2.1110606140002734,2.870331201906407,0.07344058448499058,0.00970034174988662,0.01236920504484002,0.2547653795740404,0.09501877793906666,0.027342553425186367,0.04705283862176309,0.025482519425282606,0.2468782186688699,0.1791301183828789
2,44.949494949494955,2.4464593714065903,1.4006797595690492,1.3250029175728548,0.7986422448211078,2.110617697542894,2.8708589114743805,0.07342457092018492,0.009676221962875394,0.012391354833990021,0.25522627959408656,0.09482839850725429,0.027347747320736915,0.04695560638559553,0.025429389267444674,0.2464896790831672,0.1793264963308752
2,45.45454545454546,2.451269672578781,1.4007029625529661,1.3219997265086916,0.7968869863831974,2.1101778533490676,2.871373810322241,0.07340921254503721,0.009652211381633507,0.012413331507968094,0.2556835160703245,0.09463787907649518,0.027353010278040667,0.04685846872978988,0.025376339250487233,0.24611276563170492,0.17952395508069544
2,45.959595959595966,2.4560458213591136,1.4007361817849526,1.3190080505138633,0.795135196833528,2.1097410036947877,2.8718765624443425,0.07339450013800275,0.00962830884199942,0.01243513892436435,0.2561371732548768,0.0944472480184902,0.02735834714906954,0.04676143757399227,0.025323375061744768,0.2457469344325573,0.17972232368925778
2,46.46464646464647,2.4607885602000574,1.4007793100974422,1.3160278085241877,0.7933868808483124,2.1093070740976914,2.872367801219981,0.0733804246443455,0.009604513205689235,0.012456780791221938,0.25658733211508306,0.09425653236502657,0.02736376248119168,0.04666452414585611,0.025270502064193383,0.24539166476826685,0.17992144132493867
2,46.969696969696976,2.4654985345501452,1.400832241588119,1.313058922341103,0.7916420435738871,2.1088760002957283,2.872848057405198,0.07336697781635097,0.009580823477155978,0.012478260347957777,0.2570340629168379,0.09406575511706332,0.02736925978234415,0.046567738024611026,0.02521772462156727,0.24504648698656353,0.18012120643210675
2,47.47474747474748,2.4701764300644147,1.4008948712346991,1.3101013136860962,0.7899006896844774,2.108447713890561,2.873317906426798,0.07335415094364808,0.009557238571193408,0.012499581021361155,0.25747744042726756,0.09387494081571235,0.027374843027864245,0.046471089191130494,0.025165047497960988,0.2447109242830004,0.18032147712698726
2,47.979797979797986,2.474822893084311,1.4009670950829303,1.3071549058404606,0.7881628239088051,2.108022150634173,2.8737778829300065,0.0733419356105062,0.009533757451206116,0.012520746046738104,0.2579175351114073,0.09368411234483504,0.027380515788239083,0.04637458688718977,0.025112475055771265,0.2443845258810728,0.18052212948233995
2,48.484848484848484,2.4794385471963443,1.4010488101804803,1.3042196232523349,0.786428450905544,2.1075992486775283,2.874228498504848,0.07333032355455456,0.009510379103159678,0.012541758547816702,0.2583544149709719,0.09349329162074896,0.027386281411525267,0.04627823988924084,0.02506001142965629,0.2440668596949444,0.1807230458184905
2,48.98989898989899,2.4840239141725493,1.401139914990063,1.3012953934713067,0.7846975757658649,2.107178956958675,2.8746701570887816,0.07331930723229853,0.00948710263675523,0.012562621157677187,0.25878813686862506,0.09330249637025505,0.027392142143561973,0.046182055080811385,0.025007659721797325,0.24375754554254367,0.18092417242170356
2,49.494949494949495,2.488579551092365,1.4012403086546632,1.298382143734003,0.7829702031041622,2.106761220624187,2.875103301608679,0.07330887883998977,0.009463927109294598,0.01258333667805727,0.2592187616025025,0.09311174576480054,0.027398100653289906,0.04608603995505682,0.024955423411973512,0.24345619661443424,0.1811254203612201
2,50.0,2.4931060075843408,1.4013498912111015,1.2954798019913292,0.7812463373241575,2.106345985556201,2.8755283682024007,0.07329903062540218,0.009440851581380737,0.01260390787471907,0.2596463492163284,0.09292105868692996,0.027404159557209054,0.04599020185594102,0.02490330592495683,0.24316243727436349,0.18132669686765326
2,50.505050505050505,2.4976038022940648,1.4014685637022377,1.292588297460967,0.7795259827593718,2.105933200857384,2.8759457610069306,0.07328975506163127,0.009417875147838775,0.0126243373651568,0.26007095642202055,0.09273045278422298,0.027410321157695518,0.04589454756800374,0.0248513103948591,0.24287591270121398,0.18152792275652868
2,51.01010101010101,2.502073387713837,1.401596228433052,1.2897075626004337,0.777809145081611,2.105522823559624,2.876355815916983,0.07328104503776432,0.009394996998421078,0.012644627388678987,0.26049263186954297,0.09253994186693465,0.027416587020808535,0.04579908199483173,0.024799438900914392,0.24259630449367933,0.1817290581753028
2,51.515151515151516,2.5065152089028935,1.4017327885610749,1.2868375304183235,0.776095829630945,2.1051148113179714,2.8767588618429385,0.07327289351358257,0.009372216326929065,0.0126647801550894,0.2609114235404591,0.09234953959074783,0.027422958662690535,0.0457038099880448,0.024747693511599313,0.242323304314953,0.18193006045848045
2,52.02020202020202,2.5109297284502383,1.4018781479179423,1.2839781333490163,0.7743860407340475,2.1047091193261918,2.8771552467727264,0.07326529337359071,0.009349532293365638,0.012684797991474678,0.2613273818694089,0.09215926099703359,0.027429437840470722,0.04560873711315659,0.024696076719273687,0.24205660252190875,0.18213086640488477
2,52.525252525252526,2.515317375077555,1.4020322113537615,1.2811293056639828,0.7726797832582287,2.1043057067816915,2.8775452842195097,0.07325823773192808,0.00932694410604398,0.012704683032305172,0.26174055320206274,0.09196911920674997,0.027436025948547337,0.04551386801062378,0.02464459049616548,0.24179591068951328,0.18233142979834496
2,53.03030303030303,2.5196785460484503,1.402194884730149,1.278290982467536,0.7709770613738365,2.1039045356065578,2.8779292546610873,0.07325171987855697,0.009304450985749519,0.012724437310703243,0.26215098107246443,0.09177912674578607,0.027442724085321363,0.045419206940822035,0.024593236782798747,0.24154096075338502,0.1825317184002537
2,53.535353535353536,2.524013614172307,1.4023660748595999,1.2754630996816585,0.7692778787649919,2.1035055699149368,2.8783074132112936,0.07324573325169571,0.009282052166177784,0.012744062773901929,0.26255870674731974,0.09158929557875779,0.02744953312161981,0.04532475783681695,0.024542017459448097,0.24129150145940767,0.18273170970211028
2,54.04040404040404,2.5283229639751665,1.402545689216746,1.2726455942178316,0.7675822400117261,2.103108773523081,2.8786800295460635,0.07324027130632528,0.009259746904205638,0.01276356134097921,0.2629637717794409,0.09139963696821381,0.02745645404411932,0.045230524460739135,0.02449093407655146,0.2410472810303122,0.1829313682434547
2,54.54545454545455,2.5326069555158095,1.402733636215497,1.2698384036849675,0.765890149066219,2.10271411231497,2.879047347815196,0.07323532764050684,0.009237534465768815,0.012782934855718981,0.2633662155770671,0.09121016176694682,0.027463487616575247,0.04513651030314793,0.02443998818307617,0.24080806402388946,0.1831306686606225
2,55.05050505050505,2.5368659330615877,1.402929825149116,1.2670414667515437,0.7642016100214974,2.102321554092982,2.8794095965384363,0.07323089597574249,0.009215414141988242,0.012802185057674149,0.26376607558564474,0.09102087991775758,0.02747063444297732,0.04504271846615221,0.024389181069559607,0.24057362783428923,0.183329590100282
2,55.55555555555556,2.5411002222919064,1.403134166221715,1.2642547234791146,0.7625166274795376,2.101931069259173,2.879766985860774,0.07322697017991549,0.009193385263282216,0.012821313530863307,0.2641633866207976,0.09083179995766777,0.027477894919960957,0.04494915148426043,0.024338513579659094,0.2403437647178099,0.18352811784932213
2,56.06060606060606,2.545310148918886,1.4033465703303,1.261478113613831,0.7608352048617288,2.101542627113699,2.880119726258721,0.07322354413137278,0.009171447130785304,0.012840321961840305,0.26455818451633445,0.09064293150915263,0.027485269516180664,0.04485581226515134,0.024287987020440438,0.2401182686935851,0.18372623310622335
2,56.56565656565657,2.5494960246099088,1.4035669492276528,1.2587115779955143,0.7591573458607805,2.101156198844651,2.880468014496879,0.07322061182553928,0.009149599074017006,0.012859211925437026,0.26495050318438756,0.09045428321102102,0.027492758552502813,0.04476270332063581,0.024237602395196657,0.2398969455361172,0.18392392085710194
2,57.07070707070707,2.553658149702675,1.4037952154726676,1.2559550582599543,0.7574830541269801,2.1007717568374176,2.880812036372534,0.07321816735693316,0.009127840436045285,0.012877984940726239,0.26534037528290977,0.09026586316686604,0.027500362248342035,0.04466982692048752,0.02418736057846518,0.2396796105734155,0.18412116850934437
2,57.57575757575758,2.5577968023861857,1.4040312824752907,1.2532084974387607,0.7558123336887124,2.100389275846943,2.881151955789681,0.0732162050014041,0.009106170582412587,0.012896642434231644,0.2657278309890408,0.0900776781582518,0.027508080597735643,0.044577184704949334,0.02413726209664656,0.23946609479714742,0.1843179722250426
2,58.08080808080808,2.5619122701418107,1.4042750643329494,1.25047183829813,0.7541451878604957,2.100008729603029,2.881487946678031,0.07321471898565064,0.009084588875141573,0.012915185851121716,0.266112901539089,0.0898897358158042,0.027515913726946766,0.04448477875816658,0.024087307726691404,0.23925622673607227,0.18451431892774203
2,58.58585858585859,2.5660048268241678,1.404526475935193,1.2477450245860984,0.7524816200965616,2.0996300932902274,2.8818201697994676,0.07321370365899822,0.009063094691659657,0.012933616576048359,0.26649561663709814,0.08970204298547713,0.02752386163266533,0.0443926108023941,0.024037498042486092,0.2390498455057594,0.18471019960120463
2,59.09090909090909,2.5700747390221568,1.4047854329254101,1.2450280006764232,0.7508216337502689,2.0992533428472275,2.882148779174705,0.0732131534463071,0.009041687419260988,0.012951935956912828,0.26687600518432353,0.08951460619143038,0.02753192425498566,0.04430068242298269,0.02398783354594383,0.2388467970175633,0.1849056057618433
2,59.5959595959596,2.5741222432101907,1.4050518518544437,1.2423207116375323,0.7491652314483275,2.098878456919762,2.882473896878406,0.073213062948971,0.009020366465416886,0.012970145238594733,0.26725409328128713,0.08932743151527081,0.027540101253036547,0.04420899485812039,0.02393831478659845,0.2386469454486766,0.18510054362934564
2,60.101010101010104,2.578147595984863,1.4053256498217952,1.239623103006301,0.7475124163949572,2.0985054125139673,2.882795668341623,0.07321342672134373,0.00899913123402942,0.012988245713689407,0.267629908671002,0.08914052494902677,0.02754839250063856,0.044117549489583234,0.02388894213586005,0.2384501475346856,0.18529500341803704
2,60.60606060606061,2.5821510383963777,1.4056067447191203,1.2369351209087789,0.7458631914075848,2.098134188054282,2.8831142230252538,0.07321423942867056,0.008977981141715712,0.0130062386181718,0.2680034776111919,0.08895389219129245,0.02755679773563524,0.044026347509513675,0.02383971596718404,0.23825627056086995,0.18548898137970538
2,61.111111111111114,2.5861328057307387,1.4058950551550649,1.2342567119973529,0.7442175591527395,2.097764762523752,2.883429685159818,0.07321549580317291,0.008956915612912775,0.013024125162014712,0.26837482575217975,0.08876753873798,0.027565316656998705,0.0439353900231464,0.02379063662147941,0.2380651872333611,0.18568247393667084
2,61.61616161616162,2.5900931119815613,1.4061905006358268,1.231587823885036,0.742575522218645,2.0973971172522976,2.8837421571164454,0.07321719069273677,0.008935934092063797,0.013041906426534905,0.2687439763903987,0.08858146922493108,0.027573948742346754,0.043844677753636506,0.02374170419733087,0.23787678434018283,0.18587548699458087
2,62.121212121212125,2.5940321796499797,1.4064930012082433,1.2289284042883744,0.7409370829673118,2.0970312324891225,2.884051751272461,0.07321931896386756,0.00891503601984359,0.013059583559443545,0.26911095382175465,0.0883956887035841,0.02758269359687934,0.04375421161703499,0.02369291895435271,0.23769094578696467,0.18606801843817783
2,62.62626262626263,2.5979502230765665,1.4068024776538686,1.2262784014942114,0.7393022436126734,2.096667089322145,2.884358572162849,0.07322187555404333,0.008894220846249204,0.013077157664705786,0.26947578146688855,0.08821020193497424,0.027591550757531766,0.0436639924052348,0.02364428108799218,0.23750756190239625,0.1862600681184762
2,63.131313131313135,2.6018474501336715,1.4071188514653445,1.223637764303371,0.7376710062094096,2.0963046694847183,2.8846627182747526,0.07322485546503778,0.008873488029124379,0.013094629812987294,0.26983848206216415,0.08802501346672921,0.027600519712382542,0.0435740208213754,0.023595790752685565,0.23732652836398815,0.18645163697754097
2,63.63636363636364,2.6057240586229846,1.4074420448833747,1.2210064425282734,0.736043373151375,2.095943956014251,2.8849642788194316,0.07322825378982105,0.008852837043043071,0.01311200100856975,0.27019907699834744,0.08784012696510067,0.027609599848648844,0.043484297200051064,0.02354744782487574,0.23714774927953722,0.18664272843180946
2,64.14141414141415,2.609580244192614,1.4077719808024358,1.2183843861766326,0.7344193464307592,2.0955849319919273,2.885263341258189,0.07323206566194068,0.00883226736399376,0.013129272253336604,0.27055758758283366,0.087655546307846,0.027618790558568723,0.0433948219708918,0.023499252282861847,0.23697113091365116,0.18683334507744637
2,64.64646464646465,2.613416199005512,1.4081085827822666,1.2157715456177034,0.7327989278053635,2.095227580779502,2.8855599900790185,0.07323628626416916,0.008811778472387078,0.013146444534395958,0.2709140348035778,0.08747127535657027,0.02762809122019716,0.04330559556364748,0.02345120412525351,0.23679658271640253,0.18702348930836535
2,65.15151515151516,2.6172321097100673,1.4084517750673378,1.2131678718226635,0.7311821190343994,2.0948718863690456,2.8858543049130976,0.07324091084162332,0.008791369857445983,0.013163518805941679,0.27126843897997555,0.08728731762942987,0.027637501168763984,0.043216618271131796,0.023403303254611502,0.2366240189029481,0.1872131642294721
2,65.65656565656566,2.621028154761207,1.4088014825679,1.2105733163426464,0.7295689217335576,2.094517833522891,2.886146357530095,0.0732459347330564,0.008771041021355888,0.013180495999208125,0.2716208195775209,0.08710367637984073,0.027647019682360267,0.0431278902163522,0.023355549572253338,0.23645336123833077,0.18740237375022256
2,66.16161616161617,2.624804509682402,1.409157630851182,1.2079878311728416,0.7279593374292297,2.094165407321733,2.8864362174615974,0.07325135332040998,0.008750791471044636,0.013197377024314024,0.2719711957165305,0.0869203547106968,0.02765664602412603,0.043039411483361295,0.0233079429328401,0.23628453402790855,0.18759112172892467
2,66.66666666666667,2.628561349845499,1.4095201461331737,1.205411368679372,0.7263533675869221,2.0938145929235468,2.886723954969095,0.0732571620027677,0.008730620713954305,0.013214162771898911,0.2723195864418647,0.08673735563660166,0.027666379464881936,0.04295118218517552,0.02326048312282533,0.23611746148739238,0.18777941150348287
2,67.17171717171718,2.6322988456213134,1.4098889552722118,1.202843881719124,0.7247510135603321,2.0934653759704767,2.8870096358501796,0.07326335624531066,0.008710528266082401,0.013230854114121896,0.2726660102580407,0.08655468198631373,0.0276762192456534,0.04286320233826319,0.02321316991224656,0.23595207242687977,0.18796724660991854
2,67.67676767676768,2.6360171645399073,1.4102639857609107,1.2002853235822957,0.7231522766133168,2.093117742400377,2.8872933237437284,0.07326993155936183,0.008690513648750042,0.013247451906246328,0.27301048533929717,0.08637233645200208,0.027686164595421076,0.04277547191475507,0.023166003039130127,0.23578829821484665,0.18815463040957123
2,68.18181818181819,2.639716471657348,1.410645165718516,1.1977356479803027,0.7215571579232126,2.092771678410677,2.887575080516377,0.07327688350006224,0.008670576388254476,0.013263956988074529,0.273353029566964,0.08619032160093884,0.027696214734740952,0.042687990849182386,0.023118982211137867,0.2356260724615494,0.18834156599552832
2,68.68686868686869,2.6433969299224658,1.411032423883257,1.1951948090336866,0.7199656585841535,2.092427170422249,2.8878549666489888,0.07328420766404728,0.00865071601552162,0.013280370185382548,0.2736936605668317,0.08600863988719153,0.02770636887936445,0.04260075904521471,0.02307210710721368,0.23546533070242726,0.18852805609905443
2,69.1919191919192,2.6470586663448907,1.411425689795529,1.1926627613342513,0.7183777784258055,2.092084207701471,2.8881330038466806,0.07329189991027667,0.00863093209002644,0.013296692251464242,0.27403239290079356,0.08582729373160503,0.027716625938018966,0.04251377609435722,0.023025377759185523,0.2353060378276152,0.18871411317199213
2,69.6969696969697,2.6507018483275453,1.4118248933663622,1.1901394597680828,0.7167935186480072,2.0917427764194345,2.888409259338238,0.07329995586201826,0.008611224145539208,0.01331292400160134,0.27436924442543886,0.08564628538180218,0.027726985195390366,0.04242704192251455,0.022978793709416002,0.23514812613281982,0.18889973668927368
2,70.20202020202021,2.654326629871102,1.4122299651719974,1.187624859621018,0.7152128799480005,2.091402863825733,2.8886837864340595,0.07330837125794476,0.008591591728212295,0.013329066219646225,0.27470423182249565,0.08546561703202993,0.02773744583136906,0.04234055634054356,0.022932354614204058,0.23499153894568248,0.18908492917156594
2,70.70707070707071,2.6579331608658032,1.4126408363964384,1.1851189165471805,0.7136358628328974,2.091064457518606,2.888956634771388,0.07331714189157193,0.00857203438989937,0.01334511967508674,0.2750373713788679,0.08528529081702968,0.027748007004486985,0.042254319126163134,0.022886060146272213,0.23483622306810217,0.1892696934360121
2,71.21212121212122,2.661521589850886,1.4130574388104562,1.1826215865516938,0.7120624677058769,2.0907275452228262,2.889227853343762,0.07332626359332217,0.008552551686110054,0.013361085128671093,0.2753686792231026,0.08510530881895192,0.027758667876935362,0.04216833005084456,0.022839909969830145,0.23468212651841816,0.18945403179071274
2,71.71717171717172,2.6650920643333462,1.413479704764208,1.1801328259786932,0.7104926948678417,2.0903921147572975,2.889497490834467,0.07333573222851393,0.008533143175696506,0.013376963333758556,0.27569817135876556,0.08492567307914449,0.02776942761775558,0.042082588886145224,0.02279390374275453,0.23452919825375138,0.18963794595543662
2,72.22222222222223,2.668644719635929,1.4139075672823898,1.17765259168433,0.7089265443288064,2.0900581550544817,2.8897655835246487,0.0733455437616384,0.008513808428715377,0.013392755000052315,0.2760258626091444,0.08474638537365456,0.02778028528948431,0.04199709524953749,0.02274804111451333,0.23437739701663543,0.18982144080098087
2,72.72727272727273,2.6721796521255476,1.4143409602989954,1.1751808414616793,0.7073640153602,2.08972565861208,2.890032126282018,0.07335569441089874,0.008494547045422029,0.013408460706108693,0.27635176407952255,0.0845674466669836,0.027791239576100097,0.041911848231680704,0.022702321718295372,0.2342267126060501,0.19000453328832706
2,73.23232323232324,2.6756970265109445,1.414779817693738,1.1727175323034627,0.7058051082710044,2.0893946116510578,2.890297188775767,0.07336618002798932,0.008475358579711892,0.013424081251519955,0.27667589334375303,0.08438885932753125,0.02780228987314506,0.041826847899657515,0.022656745212878526,0.23407708050467324,0.19018721677580205
2,73.73737373737374,2.679196976913763,1.415224074171769,1.1702626219906633,0.7042498227631683,2.089065003183892,2.8905608083031473,0.0733769966696181,0.008456242609542147,0.013439617332787004,0.27699826505819297,0.08421062509498287,0.027813435282535843,0.041742093914583944,0.022611311247989454,0.23392846054661567,0.1903694939795998
2,74.24242424242425,2.6826796361507705,1.415673664997418,1.1678160686134345,0.702698158413686,2.0887368223263247,2.8908230214966597,0.07338814042812183,0.008437198715975688,0.013455069639654338,0.27731889374395535,0.0840327456887152,0.027824674910030028,0.04165758594321437,0.022566019477228676,0.23378081360112457,0.1905513672524822
2,74.74747474747475,2.6861451359367075,1.41612852598785,1.1653778305609785,0.7011501146743321,2.088410058275592,2.891083864531952,0.07339960743012533,0.00841822648295032,0.013470438856080616,0.2776377938092838,0.08385522281719703,0.027836007867239332,0.04157332366265334,0.022520869560207442,0.23363410138712778,0.1907328385430782
2,75.25252525252526,2.6895936070871342,1.4165885935067242,1.1629478665114292,0.6996056908713941,2.088084700288648,2.89134337333571,0.0734113938352007,0.008399325497047952,0.013485725661209197,0.27795497957192666,0.08367805818738958,0.027847433273642738,0.04148930676506732,0.022475861164684568,0.2334882862877784,0.1909139093551824
2,75.75757575757576,2.693025155528903,1.4170538046697265,1.1605261370063136,0.6980648872801248,2.087760740797494,2.8916015593352498,0.07342349598145174,0.00838049538957303,0.01350093058740531,0.2782704620981082,0.08350125155176108,0.027858950003445647,0.04140553397915762,0.022430993430229786,0.2333433511304194,0.1910945889391914
2,76.26262626262627,2.696439891192505,1.4175240970869665,1.1581126025612931,0.6965277038499785,2.087438171667149,2.891858438671269,0.0734359102099361,0.008361735786147646,0.01351605419072989,0.27858425300006934,0.08332480304486108,0.027870556990177608,0.04132200424088527,0.022386265608930908,0.23319927532433668,0.19127488448899377
2,76.76767676767678,2.6998379499923337,1.4179994086659073,1.1557072222296403,0.6949941392369081,2.087116981349927,2.892114054422538,0.0734486327310658,0.008343046268394964,0.013531097180575463,0.27889636732406875,0.08314871495921504,0.0278822534583892,0.041238717583271606,0.02234167755225206,0.23305601670289788,0.1914547936908912
2,77.27272727272728,2.7032194507943923,1.418479677983677,1.1533099564239877,0.6934641927237699,2.0867971604701023,2.8923684331034,0.07346165988584231,0.008324426449320884,0.01354606016519484,0.27920681788357166,0.08297298824766841,0.02789403846966947,0.0411556733839254,0.02229722875084345,0.23291354701907735,0.19163431939487047
2,77.77777777777779,2.7065845110459446,1.4189648441456177,1.150920765895766,0.6919378635347391,2.086478699801694,2.8926216004680487,0.07347498805082564,0.00830587594610383,0.013560943743816304,0.27951561731159225,0.0827976237841457,0.027905911087363688,0.04107287099673864,0.022252918680047737,0.2327718390286111,0.19181346432449906
2,78.28282828282829,2.7099332468819646,1.4194548467797885,1.1485396117313977,0.6904151508393261,2.0861615902591923,2.89287358162096,0.073488613637379,0.008287394380032533,0.01357574850704464,0.2798227780703835,0.08262262236523162,0.027917870377569796,0.040990309752680455,0.022208746799891297,0.2326308663840955,0.19199223106902577
2,78.7878787878788,2.713265773231591,1.4199496260314663,1.1461664553484927,0.6888960537563928,2.0858458228882855,2.893124401127333,0.07350253309091351,0.008268981376443824,0.01359047503726215,0.28012831246112707,0.08244798471175231,0.027929915410134898,0.04090798896059109,0.022164712555075444,0.2324906035290862,0.19217062207548158
2,79.2929292929293,2.71658218653707,1.4204491228454468,1.1438012573337693,0.6873805690772385,2.0855313890452662,2.8933740623959343,0.07351674296025454,0.008250636528826927,0.01360512394636281,0.28043223237332154,0.0822737130618534,0.027942045083462534,0.04082590850310681,0.022120816042211715,0.23235104031519496,0.19234864296769066
2,79.7979797979798,2.719882601793876,1.4209532783492183,1.1414439798995948,0.6858686961146521,2.0852182799869734,2.893622591818044,0.07353123974793742,0.008232359474876935,0.013619695796852148,0.28073454984739227,0.08209980779200343,0.027954258499761343,0.04074406757330663,0.022077056592486943,0.23221215062233658,0.1925262954715157
2,80.30303030303031,2.7231671294379476,1.4214620342317905,1.139094585333425,0.6843604336609819,2.0849064871134813,2.8938700111983398,0.07354602000309236,0.008214149848580682,0.013634191152102787,0.2810352767367751,0.08192626954385442,0.027966554730759135,0.0406624654702421,0.022033433662689787,0.23207391191386684,0.19270358184970268
2,80.80808080808082,2.7264358761413456,1.4219753327267866,1.1367530360399123,0.6828557800825649,2.0845960019513474,2.894116338686938,0.07356108031790966,0.008196007281574902,0.013648610575275655,0.28133442472792447,0.08175309916273907,0.02797893282568316,0.040581101576141275,0.02198994680875371,0.23193630454708988,0.1928805047621094
2,81.31313131313132,2.729688947254111,1.422493116568291,1.1344192946926734,0.6813547336301047,2.084286816118997,2.894361591673859,0.07357641731746598,0.008177931407896995,0.013662954624706613,0.28163200538496547,0.08158029748548995,0.027991391835921427,0.04049997527726778,0.02194659559612731,0.23179930968983686,0.19305706681095214
2,81.81818181818183,2.7329264468707417,1.4230153289860115,1.1320933242278215,0.6798572924374443,2.083978921317883,2.8946057868518125,0.07359202765913013,0.00815992186384042,0.013677223854393298,0.2819280301587855,0.08140786534567947,0.028003930815614142,0.04041908596608284,0.021903379601299514,0.2316629092484117,0.19323327054055453
2,82.32323232323233,2.7361484777321614,1.4235419137169385,1.1297750879945903,0.6783634547166302,2.0836723095663343,2.8948489402416615,0.07360790803439647,0.00814197829606747,0.013691418794391216,0.28222251016284267,0.08123580335259205,0.02801654881861582,0.04033843296715844,0.021860298326886844,0.23152708642249104,0.19340911824004844
2,82.82828282828284,2.739355140473275,1.4240728150826127,1.1274645505308598,0.6768732197338034,2.083366974398799,2.8950910670694276,0.07362405518037361,0.00812410040256886,0.013705539851291023,0.2825154550209999,0.08106411077012951,0.02802924488102043,0.04025801515978042,0.02181735077288033,0.2313918287539775,0.19358461096223822
2,83.33333333333334,2.742546536248785,1.4246079777276885,1.1251616751127669,0.6753865847542329,2.0830629070814513,2.895332182409697,0.07364046584142794,0.008106287804058332,0.01371958762126014,0.28280687650583447,0.08089278904212667,0.02804201807821443,0.040177832166326866,0.021774536782897317,0.2312571183013334,0.19375975158885841
2,83.83838383838385,2.7457227645383826,1.425147346841815,1.1228664259075491,0.6739035477392019,2.0827600999392217,2.8955723007354024,0.07365713680195432,0.0080885401573289,0.013733562614373548,0.2830967853411536,0.08072183868744746,0.028054867475581842,0.04009788330635532,0.021731855857580775,0.23112294018527718,0.1939345421218093
2,84.34343434343435,2.748883923859386,1.4256908680900164,1.1205787673500591,0.6724241065737999,2.0824585453937376,2.8958114361271994,0.07367406487624797,0.00807085712267561,0.013747465334011706,0.28338519212735935,0.08055126019394263,0.028067792143350617,0.0400181678982503,0.021689307495629237,0.23098928005422323,0.19410898445685867
2,84.84848484848486,2.7520301118306945,1.4262384876081076,1.1182986641387058,0.6709482590687077,2.082158235958209,2.896049602335682,0.07369124690794765,0.008053238363877698,0.013761296277038999,0.2836721073469586,0.08038105402021614,0.028080791157128332,0.039938685260215025,0.021646891193995092,0.23085612402185168,0.19428308038036599
2,85.35353535353536,2.755161425236741,1.4267901519981112,1.1160260812313996,0.6694760029619826,2.0818591642323168,2.8962868128435937,0.07370867976947879,0.008035683548180758,0.01377505593398218,0.28395754137007395,0.0802112205973918,0.028093863598437917,0.039859434711263,0.021604606448082906,0.23072345860467833,0.19445683156600663
2,85.85858585858587,2.758277957292782,1.4273458083560666,1.1137609841057092,0.6680073360361943,2.081561322844091,2.896523078594337,0.07372636038271582,0.008018192331691406,0.013788744813849235,0.2842415044816851,0.08004176013484846,0.028107008536804316,0.039780415418354524,0.021562452715617308,0.23059127323730916,0.19463023973218307
2,86.36363636363637,2.76137980000443,1.4279054042408772,1.1115033385380866,0.6665422560255956,2.0812647044882757,2.896758409968389,0.07374428570102053,0.00800076437132471,0.013802363424096747,0.2845240068693146,0.07987267278277933,0.028120225045422855,0.039701626523586664,0.021520429446640982,0.23045955809568786,0.19480330650694716
2,86.86868686868688,2.7644670491865924,1.4284688876123772,1.1092531101320215,0.6650807604136834,2.0809693020150557,2.8969928209772946,0.07376245267111681,0.007983399350613221,0.013815912227182925,0.28480505859006355,0.07970395898102844,0.028133512234358657,0.03962306741758246,0.02147853614803531,0.2303282994709238,0.19497603314023085
2,87.37373737373738,2.767539797537152,1.4290362069076552,1.1070102649739204,0.6636228467230952,2.0806751082925534,2.897226323496945,0.07378085828553353,0.007966096943253726,0.013829391702290852,0.2850846696304006,0.07953561897122631,0.028146869205001843,0.039544737356196055,0.02143677229297557,0.23019748614518812,0.19514842090192117
2,87.87878787878789,2.7705981370330774,1.4296073110094771,1.1047747694088754,0.6621685124212726,2.080382116245884,2.897458929274494,0.07379949956436545,0.007948856825245312,0.013842802324973808,0.2853628498935633,0.07936765296191142,0.02816029506597705,0.0394666355897134,0.02139513735140377,0.23006710718127218,0.19532047094468227
2,88.3838383838384,2.773642158981361,1.4301821492418547,1.1025465900378375,0.6607177549227832,2.0800903188517954,2.897690649979717,0.073818373554815,0.007931678674803684,0.013856144567448292,0.28563960920517,0.07920006112938516,0.02817378893359332,0.03938876136312841,0.021353630790057986,0.22993715187214503,0.19549218430142692
2,88.8888888888889,2.77667195406996,1.4307606713656122,1.1003256937147878,0.6592705715916424,2.0797997091333045,2.8979214972563736,0.07383747733073415,0.007914562172275501,0.013869418898887077,0.28591495731883104,0.0790328436185666,0.028187349932294034,0.03931111391641908,0.021312252072501727,0.22980760969051114,0.19566356188278797
2,89.3939393939394,2.779687598108856,1.4313428278819746,1.0981120469626493,0.6578269583671941,2.0795102814920328,2.8981514654763165,0.07385680805519385,0.007897507025133827,0.01388262570772769,0.28618890257394386,0.07886600134561697,0.02820097702762207,0.03923369280458348,0.02127100101945687,0.2296784830867016,0.1958346076091566
2,89.89898989898991,2.7826891823045,1.431928569377573,1.0959056171981243,0.6563869126735782,2.0792220288775396,2.898380568323912,0.07387636284690681,0.007880512914919254,0.013895765466674507,0.28646145474799184,0.07869953430539843,0.028214669380409778,0.03915649722255963,0.02122987704784543,0.22954976030160992,0.19600532178771932
2,90.40404040404042,2.785676796951511,1.4325178468721438,1.0937063720643625,0.6549504318484857,2.0789349443112286,2.89860881907295,0.07389613885182343,0.007863579525827323,0.013908838643838826,0.2867326235213138,0.07853344248892272,0.02822842615575807,0.03907952637105541,0.021188879582722777,0.22942143000463686,0.19617570469340806
2,90.90909090909092,2.788650528630189,1.4331106118755181,1.0915142793122272,0.6535175128710153,2.078649021147727,2.898836227188898,0.07391613325524143,0.00784670654962408,0.013921845687481598,0.2870024182139577,0.0783677260440807,0.028242246490089506,0.039002779520585534,0.021148008129152403,0.22929348380523595,0.1963457571914118
2,91.41414141414143,2.7916104634360925,1.4337068163147675,1.0893293069265824,0.6520881526697431,2.078364252772385,2.8990628022224767,0.07393634326734742,0.007829893679989156,0.013934787043629082,0.2872708480906815,0.07820238509840095,0.028256129528801403,0.03892625594071977,0.0211072621922014,0.2291659133484841,0.1965154800383699
2,91.91919191919193,2.7945566870385155,1.4343064125296094,1.0871514231237716,0.6506623481257691,2.0780806325952086,2.899288553870133,0.07395676612272556,0.00781314061241687,0.013947663156406963,0.28753792236727416,0.07803741975948242,0.028270074426803973,0.03884995490019063,0.021066641276780016,0.22903871025787162,0.19668487387819247
2,92.42424242424244,2.7974892847389614,1.4349093532678125,1.0849805963490955,0.6492400960757643,2.0777981540447965,2.899513492034513,0.0739773990798661,0.007796447044117352,0.013960474468374458,0.28780365021687765,0.07787283011542682,0.028284080349058455,0.03877387566700109,0.021026144887481252,0.22891186607809255,0.19685393923788108
2,92.92929292929294,2.800408341529619,1.435515591680601,1.082816795274291,0.6478213933150182,2.0775168105622743,2.899737626884931,0.07399823942067406,0.007779812673917648,0.013973221420858427,0.2880680407763079,0.07770861623527138,0.028298146471115244,0.038698017508532294,0.020985772528420397,0.22878537221783474,0.19702267652334898
2,93.43434343434345,2.803313942151839,1.4361250813180608,1.0806599887950097,0.6464062366004851,2.0772365955952274,2.899960968917843,0.07401928444997785,0.007763237202162838,0.01398590445428749,0.2883311031523764,0.07754477816942126,0.02831227197965202,0.03862237969165126,0.02094552370307463,0.2286592198925701,0.1971910860152418
2,93.93939393939395,2.8062061711546096,1.4367377761245437,1.0785101460282949,0.6449946226538315,2.076957502591639,2.9001835290173164,0.07404053149503788,0.00774672033061714,0.013998524008526126,0.288592846428212,0.07738131595008214,0.02832645607301188,0.03854696148281859,0.020905397914122575,0.22853340006734468,0.19735916786475785
2,94.44444444444446,2.8090850787184802,1.4373536313427333,1.076367235857179,0.6435865459510176,2.0766795285366477,2.900405278980439,0.07406197806385648,0.0077302618111752125,0.014011080311603525,0.2888532761307493,0.0772182301626196,0.0283406975569935,0.03847176251501873,0.0208653949574088,0.22840793590320568,0.1975269282937688
2,94.94949494949496,2.811950750986494,1.4379726016438645,1.0742312278577821,0.6421820032688728,2.0764026666742086,2.9006262327304815,0.07408362151871885,0.0077138613455717524,0.014023573814404833,0.2891124015011283,0.0770555207740637,0.028354995676205867,0.038396782034899685,0.0208255143180401,0.22828281598054367,0.1976943668552197
2,95.45454545454547,2.814803279642505,1.4385946419321385,1.072102091893574,0.6407809917174195,2.0761269096553225,2.9008464111779912,0.0741054592170877,0.007697518628739933,0.014036005002606084,0.28937023235027587,0.07689318764185664,0.028369349754245897,0.038322019229474986,0.020785755432094235,0.22815802318094777,0.19786148195284348
2,95.95959595959597,2.8176427443049046,1.4392197078089892,1.0699797978791694,0.639383507600792,2.075852251360042,2.9010658218814895,0.0741274885930521,0.0076812333738981746,0.014048374287821692,0.2896267772392182,0.07673123080887882,0.028383758985389848,0.0382474734155089,0.0207461178382256,0.22803355140161102,0.19802827403835035
2,96.46464646464648,2.8204692242432285,1.4398477552590565,1.067864315932029,0.6379895471740489,2.0755786856849405,2.901284472571099,0.0741497071027584,0.007665005295829583,0.014060682079998006,0.28988204469050594,0.0765696503094598,0.028398222572963153,0.03817314391470744,0.020706601077344337,0.22790939442942626,0.19819474349445398
2,96.96969696969697,2.8232827984214133,1.4404787406459953,1.0657556163697366,0.6365991066452367,2.0753062065386225,2.901502371191436,0.07417211222398937,0.0076488341108047605,0.014072928787653332,0.2901360431929622,0.07640844617006458,0.028412739729698603,0.038099030053989194,0.020667204692586694,0.22778554589822853,0.19836089063345053
2,97.47474747474747,2.82608354554105,1.441112620708284,1.063653669707276,0.6352121821774522,2.0750348078372354,2.9017195259445034,0.07419470145574353,0.007632719536504621,0.014085114818117962,0.2903887812064305,0.0762476184099801,0.028427309678094488,0.03802513116575609,0.020627928229285362,0.2276619992460372,0.19852671569579772
2,97.97979797979798,2.828871544084636,1.441749352555034,1.0615584466543087,0.6338287698909059,2.074764483499978,2.9019359453325837,0.07421747231781431,0.007616661291943206,0.014097240577774195,0.29064026716652286,0.07608716704200157,0.028441931650772793,0.03795144658816425,0.020588771234939834,0.2275387476722983,0.19869221884869395
2,98.48484848484848,2.8316468723588324,1.4423888936617988,1.059469918112449,0.6324488658649838,2.0744952274446087,2.902151638201132,0.0742404223503693,0.007600659097390498,0.014109306472296364,0.2908905094893674,0.07592709207311897,0.02845660489083735,0.037877975665394775,0.020549733259186742,0.22741578409512697,0.19885740018465745
2,98.98989898989899,2.8344096085377153,1.4430312018663825,1.0573880551725434,0.6310724661403115,2.07422703358296,2.9023666137816693,0.07426354911352949,0.007584712674295236,0.014121312906890861,0.29113951657635684,0.07576739350520337,0.02847132865223201,0.03780471774792454,0.020510813853770214,0.2272931011085495,0.19902225972010526
2,99.4949494949495,2.8371597967928515,1.4436762362088875,1.055312830587777,0.629699566691292,2.073959900280746,2.9025808456477398,0.07428685038680034,0.007568821830479131,0.014133260044417045,0.29138729231159016,0.07560806988484303,0.028486101861232335,0.03773167147855496,0.020472012269091983,0.22717072511698339,0.19918680211100914
2,100.0,2.839897510546988,1.4443239553539575,1.0532442160201643,0.6283301634831985,2.0736938220321064,2.902794339019879,0.07431032379614916,0.007552986301123169,0.014145148256910657,0.29163384446774304,0.07544912100825528,0.028500923748413596,0.037658836123951406,0.020433328019723654,0.22704865258986884,0.1993510278593626
3,0.0,0.49620530001679825,0.47255215069550405,0.5258080402094943,0.5263255692702485,0.5104045526280929,0.5239569411467707,0.4569745545985026,0.479795854098575,0.4945157653112938,0.5144759234700942,0.48718895619836683,0.4905722600528518,0.5107312281490307,0.49318512404728776,0.46524789395752997,0.5210209164504882
3,0.5050505050505051,0.8960924513544521,0.9836692903031329,1.0716236094343243,0.7819290787938512,1.440431685747754,1.3063531777208135,0.2835101454407167,0.2324356953816673,0.17431523552164876,0.32547388801475763,0.2926981514630476,0.2364339742452848,0.32523752166085684,0.23438688832218285,0.5314146862337868,0.5653789203563496
3,1.0101010101010102,1.1030260888791572,1.2138176551945863,1.3506814050301983,0.9102221492440877,1.857593719886659,1.7336240120441504,0.18939212195829702,0.11555580434221398,0.0637272440605747,0.22989775985876634,0.19211498676881522,0.11885792657851688,0.21244855534334844,0.11681755907336386,0.551055745436546,0.5669845347575732
3,1.5151515151515151,1.2235955658588142,1.319122724038887,1.4929206970732785,0.9727620077979587,2.0467367232641744,1.9751347050875532,0.13884315086570395,0.06064909895938599,0.025939109069422706,0.18399856794783565,0.14176892049261866,0.06515338261198168,0.14480042711048619,0.0643518106074388,0.5502861616143847,0.5504079124778526
3,2.0202020202020203,1.3041937377192288,1.3680878409336228,1.5650154908785359,1.002191583616262,2.1331135967212957,2.1198454900091486,0.1115153466347058,0.034942270706598104,0.013257416797730959,0.16333801924619734,0.11732331520804368,0.0409329819346604,0.10456333692700043,0.04139900000340258,0.5409649475592839,0.5268742483607783
3,2.5252525252525255,1.365121727995875,1.391039525128189,1.600890351128502,1.0151784220764166,2.1722093448518267,2.213491115059952,0.09656038748127249,0.02293133909336935,0.009161771008906498,0.15530380767115531,0.10595415825028169,0.030203546159776218,0.08080502848463124,0.031637613213859696,0.5283898069208018,0.5014220519130155
3,3.0303030303030303,1.4155178207000605,1.4016823001058965,1.6178629212666515,1.0200746868183563,2.1891062949589593,2.2795018675148015,0.08825395801286536,0.017323290991013204,0.007966203518057203,0.15351690262563636,0.10108462590411242,0.02559772723242451,0.0669005240539845,0.027685745300848164,0.5148821738833148,0.47625065611283146
3,3.5353535353535355,1.4596618722396761,1.4063651366597572,1.6248561554882315,1.0210236762254294,2.1954183449309093,2.3299589292649787,0.08355765831044976,0.014699447413103433,0.007729364755373613,0.15476183469669502,0.09939101586294762,0.023744587374838616,0.05886578919001359,0.026244393375681584,0.5014303725785935,0.4522682323552627
3,4.040404040404041,1.4996547272167124,1.4081050415190872,1.6265247709040185,1.0200675618238326,2.196648515983544,2.3711740190629,0.08084219444519425,0.013461793808345007,0.0077961238755474005,0.15741802199390087,0.09921007119394845,0.02311139028717052,0.054314242205800806,0.025857582783640087,0.4884335261717598,0.42980248829709544
3,4.545454545454546,1.536586010747776,1.4083704212030843,1.6253299526754925,1.018207275014309,2.195456063952981,2.4065080292704737,0.079224671986668,0.012865628376650137,0.007949591066581708,0.1606706947236507,0.09971698382643647,0.02300632237482324,0.05181979785632883,0.025892637566609825,0.47603466318334636,0.40892488592429665
3,5.050505050505051,1.5710600979444238,1.407891729605118,1.6225908437814107,1.01593032645753,2.1931457348295504,2.437797696541723,0.07822199416970149,0.01256509766198321,0.008120295848913316,0.164113527596384,0.10050724211690668,0.02312008729548377,0.05053207046208477,0.026080408592344805,0.46426824211759077,0.3895975728761783
3,5.555555555555556,1.6034408069270578,1.4070393509601997,1.6190234432158854,1.0134721290529392,2.1903638215746337,2.466082342164239,0.07756751838151274,0.012400266409191474,0.008287422149425046,0.16754762159176995,0.10138571234816962,0.023316294572622773,0.049945062165554104,0.026310045796226245,0.45312455600790263,0.37173930694759705
3,6.0606060606060606,1.6339686105446138,1.4060040898691428,1.6150204603102531,1.0109448374305843,2.187430979731619,2.4919774520057643,0.0771129609587207,0.012297622284669501,0.008445702665577173,0.17087938446594617,0.10226089039111665,0.023536127787377716,0.04975854140496468,0.02653839333609298,0.44257732049316345,0.3552545945838306
3,6.565656565656566,1.6628183266982872,1.4048855748652487,1.610799086611985,1.0084008017434138,2.1845049285766973,2.5158692949250256,0.07677524029735612,0.012223589484971603,0.00859451569324699,0.17406837605426143,0.10309202223046257,0.02375512933188071,0.04979497472206724,0.026750400869310798,0.4325952067940216,0.34004629112953966
3,7.070707070707071,1.6901280817626791,1.4037364250306104,1.6064801525599461,1.0058636707333177,2.1816612416449703,2.53801752202437,0.07650740381498386,0.012162906414792214,0.00873444294366346,0.17710065528812421,0.1038628228567771,0.02396378693573513,0.04994979436643182,0.02694215935187659,0.4231464436436343,0.32602079082348134
3,7.575757575757576,1.716013909147574,1.4025844038302016,1.6021305690697196,1.0033433118219668,2.178933399446102,2.5586092280061465,0.07628280446275289,0.012108783567013642,0.00886628332608255,0.1799753793045834,0.10456871219740624,0.02415905885852212,0.05016199267543313,0.027113956933966465,0.4142004663172973,0.31308990501353356
3,8.080808080808081,1.7405775962669634,1.4014442381430796,1.5977872608651753,1.0008432880743505,2.176333815013392,2.5777890019189638,0.07608611277198264,0.012058178663957603,0.008990760777796081,0.1826977828794066,0.10521036378417425,0.024340478580768557,0.05039627259004368,0.027267325214021993,0.4057284614571641,0.30117141645716833
3,8.585858585858587,1.7639107307069506,1.4003235866245054,1.593470101872156,0.9983642712503669,2.1738641799531635,2.5956749440836013,0.07590843662978576,0.012009759984332617,0.009108502337213062,0.18527577120203953,0.10579073321531621,0.02450859445105782,0.05063261350716466,0.027404029363159884,0.3977034105012461,0.29018899488075833
3,9.090909090909092,1.7860970477157196,1.3992263729009433,1.5891894768176156,0.9959057534852035,2.17152107810484,2.6123680063974257,0.07574447667214082,0.011962912905736492,0.009220046093104329,0.18771813633071335,0.10631356850124109,0.024664257650692373,0.05085987707470757,0.02752568697889696,0.3901000061590007,0.2800719172403366
3,9.595959595959597,1.8072137140930629,1.3981544212557497,1.5849502542162899,0.9934667404528694,2.1692986128971348,2.62795695070362,0.07559104118957578,0.011917357635088511,0.009325863608758101,0.19003377477597874,0.10678281109328647,0.024808388680387546,0.0510722399895208,0.027633713853815942,0.38289451776191563,0.2707546979197525
3,10.101010101010102,1.8273321612716067,1.3971083804682904,1.5807541153292002,0.9910460811739584,2.1671898167745067,2.642521355051332,0.07544618048824736,0.01187296570930784,0.009426375326013009,0.19223131180846062,0.10720231944302598,0.024941882019506523,0.05126703998225008,0.02772933556980721,0.3760646669901973,0.2621767209461806
3,10.606060606060607,1.8465187320156506,1.3960883313165466,1.5766011085588278,0.9886426663327885,2.165187550633809,2.6561337211727887,0.07530861139095554,0.011829646541578816,0.009521961013363243,0.19431888052682855,0.10757570916490453,0.02506555147582229,0.051443324304719235,0.027813604099084205,0.36958951878253476,0.25428189100244747
3,11.111111111111112,1.8648351378050534,1.3950940784190622,1.5724904684611465,0.9862554763931612,2.1632848833601312,2.6688607113010767,0.075177418127592,0.01178731998614388,0.009612967556919988,0.19630406107574788,0.10790632495122082,0.025180133710534968,0.051601036851384605,0.027887439359913394,0.36344937891852086,0.24701829490965063
3,11.616161616161618,1.8823387822092932,1.3941252417973244,1.5684209178338773,0.9838835606857352,2.1614751526748757,2.6807637834341382,0.0750519429551492,0.01174592351776642,0.009699713831807956,0.19819391712693576,0.10819727347056744,0.025286308766445206,0.05174068919150895,0.0279516652873418,0.3576257080817053,0.24033789177059434
3,12.121212121212121,1.8990830661167335,1.3931813168959293,1.5643908528612644,0.9815260291834453,2.1597520027310178,2.6918996959091364,0.0749317184909178,0.011705410728460796,0.009782493067446024,0.1999950250886928,0.10845144436599874,0.02538470732066003,0.05186316741260382,0.028007026024597738,0.35210104821535354,0.23419623075394852
3,12.626262626262626,1.9151176992715684,1.3922617633471916,1.5603985776409746,0.9791820703427498,2.1581094816808024,2.702321062504462,0.07481637919789064,0.011665735955572062,0.00986157538776392,0.20171347788450586,0.10867150705034848,0.0254759064891999,0.051969507917399224,0.02805419298257537,0.3468589543237469,0.22855218873456568
3,13.131313131313131,1.9304889677084864,1.3913660627408042,1.5564424618769022,0.9768509559785922,2.1565420824517614,2.712076799435805,0.07470559865251286,0.011626847390791058,0.009937211333455815,0.20335491027801397,0.10885991774150472,0.025560432866641076,0.05206073777072098,0.028093777482899544,0.3418839303033379,0.2233677244013898
3,13.636363636363637,1.9452399686518465,1.3904937190850457,1.5525209612947606,0.9745320237436886,2.155044705460724,2.721212400897399,0.07459908021153605,0.011588694072017524,0.010009633265441555,0.20492453709681638,0.10901894525414632,0.025638772484097364,0.05213784069851342,0.0281263421742557,0.3371613696801404,0.21860764881374675
3,14.141414141414142,1.9594108221295738,1.3896442424135838,1.5486325858738277,0.9722246596036446,2.153612600973707,2.7297701426297034,0.07449656663697068,0.011551232149111482,0.010079056238083573,0.20642719410866225,0.10915069622200142,0.025711378169974472,0.05220177852641526,0.0281524073193883,0.3326775023229202,0.214239414811895
3,14.646464646464647,1.9730388757263142,1.3888171513892433,1.54477590340282,0.9699282947404979,2.152241345275578,2.7377893135660782,0.0743978349103559,0.011514422849018569,0.010145679370531777,0.20786736770105105,0.10925712686979593,0.02577867071680975,0.05225348699835161,0.02817245315707659,0.3284193453360254,0.2102329233581604
3,15.151515151515152,1.9861589546905891,1.3880119905225325,1.5409495776724502,0.9676424084130856,2.150926835741879,2.7453065291395586,0.07430267642719007,0.011478227708752021,0.01020968782985507,0.2092492223988587,0.10934005068133637,0.02584103947646129,0.0522938385710805,0.028186923775930347,0.3243746433941248,0.20656029496380585
3,15.656565656565657,1.9988034215018777,1.3872283213036638,1.5371523482786942,0.9653665219021214,2.1496652689881084,2.7523557775810277,0.07421090390768204,0.011442610974505586,0.010271252943666449,0.21057661329257213,0.1094011464903145,0.02589884458970598,0.05232365939214857,0.02819622841033864,0.3205318534407747,0.20319581009798707
3,16.161616161616163,2.0110024038541603,1.386465729180614,1.5333830478416568,0.9631001959024221,2.1484531241705764,2.758968686191056,0.07412234035591868,0.01140753906001508,0.010330533691373506,0.2118531128286511,0.1094419698326473,0.0259524202367685,0.05234370884805561,0.028200746475542056,0.31688008871052564,0.2001156997077022
3,16.666666666666668,2.022784028493196,1.385723816819912,1.5296405820920338,0.9608430233175176,2.1472871224126138,2.7651747618928244,0.07403682169308444,0.011372981089532627,0.010387678109316787,0.21308204680198692,0.10946396926483522,0.026002077916403073,0.05235469573719295,0.02820083097594749,0.3134090599345396,0.19729792428055434
3,17.171717171717173,2.0341743000307835,1.385002205108961,1.5259239327924101,0.9585946327939614,2.1461642444352957,2.7710012598735996,0.07395419812333061,0.011338908556688286,0.010442822499322197,0.21426647649189795,0.1094684781336539,0.026048104451778787,0.05235727766484459,0.028196806065723824,0.31010910541273323,0.19472228839996342
3,17.67676767676768,2.0451975991822477,1.3843005314523322,1.5222321483677417,0.9563546785648844,2.1450816668699675,2.7764737242800175,0.07387432741958523,0.011305295051562142,0.010496094465560522,0.21540926629985954,0.10945674401177362,0.02609076855276837,0.052352063587749326,0.02818897531147938,0.30697106669039204,0.19236997756811675
3,18.181818181818183,2.0558766499656804,1.3836184473123156,1.5185643357866478,0.9541228418000977,2.144036764792474,2.781615943655046,0.07379707850660969,0.011272115944588086,0.010547612582210548,0.21651307828065222,0.10942992599101087,0.026130319750003596,0.052339623303223254,0.028177620027885,0.30398629521618087,0.1902235920589476
3,18.68686868686869,2.066232503841256,1.382955619706735,1.5149196655394837,0.9518988307611156,2.143027115248011,2.7864499381833574,0.07372232997648974,0.011239348559013058,0.010597486357526612,0.21758036996549404,0.1093890938993277,0.026166988502410702,0.05232048224702394,0.0281629995765954,0.3011466564764289,0.18826716111715278
3,19.191919191919194,2.0762848726471237,1.382311727711292,1.5112973569649089,0.9496823750304687,2.142050454028624,2.7909963119079486,0.07364996860990239,0.011206971603985998,0.010645818117542402,0.21861343774648026,0.10933524679313886,0.026200989898056453,0.05229513263289384,0.028145355705931546,0.29844444457020325,0.1864858384941246
3,19.6969696969697,2.0860521330583297,1.3816864631761538,1.5076966803834058,0.9474732254735344,2.141104676567345,2.795274259106858,0.07357988852372249,0.011174965291873082,0.010692703049440812,0.21961441667415316,0.1092693130320389,0.02623252388738027,0.05226403102393987,0.028124912890339946,0.29587237940273947,0.18486590065900085
3,20.202020202020204,2.095551316553072,1.3810795304378476,1.504116956422391,0.9452711543132545,2.14018783848215,2.7993015528271945,0.07351199164193332,0.011143311326301307,0.01073822913201745,0.22058527952413284,0.10919214986397194,0.026261775107595968,0.05222759918838821,0.02810187808269389,0.29342360956797964,0.18339475536447292
3,20.70707070707071,2.1047983612365564,1.3804906445193112,1.5005575475829411,0.9430759507315339,2.139298124457338,2.8030948131957842,0.07344618565138515,0.011111992633367668,0.01078247857620312,0.22152786878824093,0.10910455728977142,0.02628891590331599,0.05218622955005942,0.028076444325178876,0.2910916455771845,0.18206071416100242
3,21.212121212121215,2.113808140594424,1.3799195305640108,1.4970178562533931,0.940887420297019,2.138433844358864,2.8066695369327617,0.07338238420760544,0.01108099332616299,0.010825527957749033,0.22244390025615307,0.1090072796861752,0.02631410661307089,0.05214028689642843,0.02804879102911215,0.28887035117435994,0.18085296767038864
3,21.71717171717172,2.1225944916659225,1.379365923648563,1.493497323788944,0.9387053846559673,2.137593430133236,2.81004012720894,0.07332050672765932,0.011050298656402825,0.01086744836436393,0.22333496622487317,0.10890100715391252,0.026337495872716835,0.05209010903836997,0.028019084313200406,0.28675393542123845,0.1797615609939182
3,22.222222222222225,2.1311703856667066,1.3788295672280027,1.4899954238531443,0.9365296785573323,2.136775414545006,2.813220074342959,0.07326047742550043,0.011019894822131296,0.010908306336721525,0.22420255697717575,0.10878638487278089,0.02635922259508366,0.05203601153370592,0.02798747930058422,0.28473690631225107,0.17877724104493187
3,22.72727272727273,2.139547706254175,1.3783102151916964,1.4865116711322053,0.934360153569255,2.135978458626484,2.8162217211036267,0.07320222650559,0.010989769227694896,0.010948162661895331,0.22504803308487087,0.1086640010956719,0.026379413427098465,0.051978281417703005,0.027954117204460033,0.28281413103295144,0.17789165472078491
3,23.232323232323235,2.1477379131673873,1.3778076258289398,1.4830455950752988,0.9321966666495739,2.1352012698691447,2.8190569644348344,0.07314568652730613,0.010959909669704348,0.010987076025544376,0.2258727080148357,0.10853442326800163,0.026398190367133693,0.05191719601359074,0.027919134188642763,0.28098065210903905,0.17709675962105456
3,23.73737373737374,2.1557511618422236,1.3773215698213883,1.4795967747350365,0.9300390953384368,2.134442710731947,2.821736324587917,0.073090797238215,0.010930305419073931,0.011025098162836405,0.22667773855446266,0.10839815009022974,0.026415660657468087,0.05185299798803102,0.027882649598406865,0.2792319315627777,0.17638560551746613
3,24.242424242424242,2.163597341402147,1.376851820976968,1.4761647979735169,0.9278873196438001,2.133701671019234,2.824270042559977,0.07303749975244839,0.010900945966992329,0.011062279568569559,0.22746425379929103,0.10825566813410943,0.026431928729873367,0.05178592437581712,0.0278447799059902,0.2775635607733504,0.1757514155231789
3,24.747474747474747,2.171285516229562,1.3763981611902751,1.4727492833253693,0.9257412317989308,2.132977136482155,2.8266674896447608,0.07298573970162492,0.010871821690599427,0.01109866643293267,0.22823328579922308,0.1081074213877739,0.026447089774565103,0.05171619105659715,0.02780563121009531,0.27597141682012866,0.17518808010837555
3,25.252525252525253,2.178824090354277,1.375960379031083,1.4693498742453397,0.923600734162727,2.1322681697506622,2.8289373416255423,0.07293546632301434,0.010842923685240645,0.011134301468862335,0.2289857888787553,0.10795381940563654,0.026461231580435226,0.05164399688300532,0.02776530117626935,0.27445161524862505,0.17469001408278237
3,25.757575757575758,2.186221108413117,1.3755382671482783,1.4659662284848998,0.9214657352825546,2.1315738752626316,2.8310878976489957,0.07288663079226801,0.010814243454308724,0.011169225435350065,0.2297226751619764,0.10779525233163802,0.026474437910353536,0.05156953130297025,0.027723882619903086,0.2730004238656165,0.174251894322819
3,26.262626262626263,2.193484006420674,1.3751316243853335,1.462598025683054,0.9193361516402505,2.130893426355537,2.833126815356552,0.07283918753276426,0.010785773114022467,0.01120347602027024,0.23044478708394076,0.10763208001224442,0.026486785812601384,0.0514929687625526,0.027681461073202372,0.2716143352724725,0.17386887371267049
3,26.767676767676768,2.2006196683171897,1.3747402552009662,1.4592449653853277,0.9172119066285147,2.130226059377146,2.83506116973763,0.0727930940288642,0.010757505359068917,0.01123708815700492,0.23115290318445078,0.10746463506147251,0.02649834624228075,0.05141446995070753,0.02763811559307065,0.27029004242062604,0.17353654099650884
3,27.272727272727273,2.2076346732171617,1.3743639677015485,1.455906759126802,0.9150929286658559,2.1295710453477605,2.8368977169463845,0.07274830932329905,0.010729433210510885,0.011270095143692855,0.2318477670812714,0.10729323386336057,0.026509186782206772,0.05133418778468835,0.027593921190060648,0.26902437713972266,0.1732506962958724
3,27.77777777777778,2.214535090942228,1.3740025753152991,1.4525831368305173,0.9129791526828106,2.128927713328325,2.838642676025308,0.07270479524493391,0.010701550213283678,0.011302527691915322,0.23253006362807682,0.10711816749712597,0.02651936938686424,0.05125226260893529,0.027548946790022028,0.26781436019955557,0.173007537494485
3,28.282828282828284,2.2213265479344266,1.37365589624359,1.449273844503862,0.9108705193067727,2.128295442749488,2.840301798821941,0.07266251602877308,0.010673850366288599,0.01133441425262656,0.23320042670935862,0.10693970497282174,0.026528951120090218,0.051168823863202956,0.02750325599582987,0.2666571828360326,0.1728036023923778
3,28.78787878787879,2.228014383151746,1.373323752108456,1.4459786388278308,0.9087669728488502,2.127673645090443,2.8418805354292176,0.07262143742089378,0.010646327962431744,0.011365781838204494,0.23385945779456183,0.10675810102515221,0.02653798592099996,0.05108399393322275,0.027456908984453958,0.2655501639128277,0.17263563079642152
3,29.292929292929294,2.2346035093003036,1.3730059692569165,1.4426972929373072,0.9066684645320631,2.127061781586768,2.8433838880226,0.07258152749278758,0.010618977755970479,0.011396655151644544,0.23450770811936392,0.10657358762439924,0.026546522937149524,0.05099788425318109,0.027409960244143633,0.2644907859571215,0.17250069096370074
3,29.7979797979798,2.2410985520133258,1.3727023774222504,1.4394295898772465,0.9045749482291238,2.126459344818054,2.8448165563066703,0.072542755843225,0.010591794773794603,0.011427057522133825,0.23514569714932715,0.10638638349301793,0.026554608239085294,0.050910599610358084,0.027362461182876135,0.26347665559382105,0.17239605557646717
3,30.303030303030305,2.2475038344086595,1.3724128099042618,1.4361753245002167,0.9024863825589083,2.125865862171508,2.8461829227833157,0.0725050937049866,0.010564774373598386,0.011457010699078002,0.23577390915736363,0.10619669138645949,0.026562284550033993,0.050822236995916786,0.027314459299266132,0.26250550676162243,0.17231921822568105
3,30.80808080808081,2.2538234055418944,1.372137103346227,1.43293430191843,0.900402729801912,2.1252808920231834,2.8474870821680573,0.07246851378318991,0.010537912194499975,0.011486535019067316,0.23639279708659394,0.10600470019111881,0.026569591587676755,0.05073288666625042,0.027265998712003955,0.261575191590392,0.1722678690867963
3,31.313131313131315,2.260061045443861,1.3718750976459155,1.4297063369501604,0.8983239552696235,2.124704022747315,2.848732846145022,0.0724329902289291,0.010511204143680676,0.011515649476751247,0.23700278350985812,0.10581058577903323,0.026576566149598108,0.05064263243224908,0.02721712044267028,0.26068367733133946,0.17223989172238338
3,31.81818181818182,2.266220271563123,1.3716266358370992,1.4264912535955956,0.8962500267386362,2.124134871611489,2.849923749705742,0.07239849860639835,0.010484646385666983,0.011544371809359908,0.23760426169362023,0.10561451186726843,0.02658324221585817,0.05055155191552671,0.02716786271226874,0.2598290428669033,0.17223335871872827
3,32.323232323232325,2.2723044502183303,1.3713915633234106,1.4232888826189485,0.8941809152459842,2.123573073655314,2.851063171334137,0.07236501528464635,0.010458235259892168,0.0115727188822494,0.23819760702443274,0.105416633103457,0.026589652076962685,0.050459718674027494,0.02711826137191651,0.2590094485830184,0.1722464348587767
3,32.82828282828283,2.2783167639231423,1.3711697280329327,1.420099061646134,0.8921165939451489,2.1230182842865646,2.8521542968435702,0.07233251761722764,0.01043196729119545,0.011600706646602243,0.23878317426494453,0.10521709513422965,0.026595826049264366,0.05036720185051096,0.02706835013119856,0.25822314289940335,0.17227740709411868
3,33.333333333333336,2.2842601031713325,1.37096098130036,1.4169216382655505,0.890057038520257,2.1224701912599775,2.8532000035802993,0.07230098454698339,0.010405839282802228,0.011628349626104605,0.23936128539066687,0.10501603027222801,0.026601791282939536,0.050274063819509884,0.02701815958750032,0.2574684899497654,0.17232478151005345
3,33.83838383838384,2.290137072927594,1.3707651778042909,1.4137564696925315,0.8880022269472,2.1219285138654094,2.854202867088984,0.07227039657349134,0.01037984830689152,0.01165566095638172,0.2399322304043607,0.1048135579734063,0.026607571837492912,0.05018036040016883,0.02696771735268497,0.25674396642286684,0.17238727892669206
3,34.343434343434346,2.2959504239932937,1.3705821720907152,1.4106034103100227,0.8859521377571896,2.1213929555225355,2.8551656222114623,0.07224073336423645,0.01035399132810432,0.011682654384471169,0.24049631550718714,0.10460980212422391,0.026613193392867194,0.05008615031856461,0.026917051855277475,0.2560480448607737,0.1724634552391266
3,34.84848484848485,2.3017026980810793,1.370411821414229,1.407462321646018,0.8839067510717667,2.120863242603335,2.856090783192535,0.0722119757264095,0.01032826550634665,0.011709342640969048,0.2410538236294743,0.10440487721975877,0.026618679381710777,0.0499914875525532,0.026866189340603933,0.25537928708413665,0.17255201623099783
3,35.35353535353536,2.307396096462329,1.3702539867966084,1.4043330774992169,0.8818660510533932,2.120339140319978,2.8569805050743464,0.07218410636376808,0.010302668354122009,0.011735736736172604,0.241604998332494,0.1041988811828041,0.0266240494827327,0.0498964177056746,0.026815152110343087,0.25473637981048175,0.17265193463591327
3,35.85858585858586,2.313032562705783,1.3701085323484277,1.401215561090025,0.8798300249107226,2.1198204432013714,2.857836671436363,0.07215710941571346,0.010277197650687398,0.011761846375001437,0.24215005346376076,0.10399189934516202,0.02662932054539794,0.04980098006515548,0.026763959462361254,0.2541181106900706,0.17276237845778528
3,36.36363636363637,2.3186143322309847,1.3699753208154273,1.3981096461691176,0.8777986563326781,2.1193069115562917,2.8586614775746924,0.07213096736303598,0.010251850867975894,0.011787682716756526,0.24268923760247432,0.10378403082557706,0.026634512747142392,0.04970522131551737,0.026712633906443888,0.2535232161344625,0.1728822274984606
3,36.86868686868687,2.324143397761111,1.3698542178922768,1.3950152153819306,0.8757719318607088,2.1187983333737876,2.859456863105016,0.07210566404913958,0.0102266257303611,0.011813255689379144,0.24322277126386693,0.10357536289515756,0.026639643598921563,0.04960918218395818,0.026661195127625045,0.25295052688543845,0.17301054620617912
3,37.37373737373738,2.329621458471116,1.369745092635398,1.3919321604626165,0.8737498393625841,2.118294527993682,2.8602244565208097,0.07208118488047295,0.010201520215630469,0.01183857389094425,0.24375084312580522,0.10336597060935393,0.026644727487576035,0.049512897041434495,0.026609660101083968,0.25239898273140177,0.17314662551063592
3,37.87878787878788,2.33505004685039,1.3696478164224908,1.3888603786194227,0.8717323675420289,2.117795332575333,2.8609657104417763,0.07205751616143297,0.010176532448649193,0.011863645149784965,0.2442736237713345,0.10315592190715424,0.026649777039299636,0.04941639663626321,0.02655804419851242,0.25186759545936827,0.17328987431992182
3,38.38383838383839,2.3404308837874708,1.36956226005549,1.385799762632098,0.8697195048601544,2.1173005644333043,2.861682280484686,0.07203464323451195,0.01015166040947461,0.01188847807266576,0.2447913039565779,0.1029452915903906,0.026654806925636102,0.04931971564343163,0.026506364185813164,0.2513553471274644,0.1734395140448741
3,38.88888888888889,2.345765492774174,1.3694882968905213,1.3827502113620431,0.8677112403663878,2.1168100617166568,2.862375613259247,0.0720125524989993,0.010126902243822606,0.011913080385438625,0.24530405326161733,0.10273414647541164,0.026659829740259707,0.04922288458060245,0.026454635080942344,0.25086129830740694,0.17359491255842566
3,39.3939393939394,2.3510552275488785,1.369425802711683,1.3797116316647637,0.8657075674459834,2.1163236837792923,2.8630469791747943,0.07199123131809677,0.010102256325411722,0.011937458768374615,0.24581201991535914,0.10252254254899738,0.02666485612299098,0.049125928969427475,0.026402869056367927,0.2503845838927142,0.17375556023700367
3,39.8989898989899,2.356301353186266,1.369374654987311,1.3766839340644204,0.8637084806364586,2.115841300081852,2.863697556375382,0.07197066755617745,0.010077721124709492,0.011961619426544352,0.24631534191725132,0.10231053116865559,0.026669895758734432,0.0490288721471465,0.026351077141474354,0.24992438567906464,0.1739210017318382
3,40.40404040404041,2.3615051623189642,1.3693347318030566,1.3736670264854083,0.8617139709635319,2.1153627741884766,2.8643285509652627,0.07195084891370024,0.010053295018395397,0.011985568915347878,0.24681416307061416,0.1020981680549289,0.026674958814390786,0.04893173933562271,0.026299271698372824,0.24947989333469253,0.17409073779902545
3,40.909090909090914,2.3666678385491724,1.3693059131206067,1.3706608219655925,0.8597240319307534,2.1148879830610405,2.8649410560878628,0.07193176371820043,0.010028976525428432,0.012009313129983287,0.24730861367188206,0.10188550219231986,0.02668005422409403,0.048834552661833106,0.026247463332265714,0.24905034891637645,0.17426434258754392
3,41.41414141414142,2.371790472910113,1.3692880804677487,1.3676652377550307,0.8577386587685956,2.11441681408234,2.865536069401927,0.07191340084341374,0.010004764267103578,0.012032857531677245,0.24779881338200033,0.10167257743791497,0.026685189941588208,0.048737331660832495,0.026195661454426148,0.2486350438793833,0.17444144622622354
3,41.919191919191924,2.3768741030671032,1.3692811167242858,1.3646801934419392,0.8557578472772712,2.1139491606165213,2.8661145334768574,0.07189574947914572,0.009980656922417768,0.012056207301412216,0.24828487578703803,0.1014594349038151,0.026690373363863307,0.04864009458400796,0.026143874808061757,0.24823330274241248,0.1746217061232779
3,42.42424242424243,2.381919744687011,1.3692849059445031,1.361705609478645,0.8537815929353645,2.113484918463769,2.8666773681645337,0.07187879894837504,0.009956653192732904,0.012079367464423656,0.24876691203723425,0.10124611483738931,0.02669561167021394,0.0485428594280261,0.026092111884327047,0.24784447001891816,0.17480478399888752
3,42.929292929292934,2.386928356839074,1.369299333487579,1.3587414090767878,0.8518098922475197,2.1130239898477416,2.867225435385998,0.07186253892222523,0.00993275184475129,0.01210234276848165,0.24924502672333493,0.10103265427150254,0.026700911448871614,0.0484456426110695,0.026040380413015863,0.24746792466238107,0.17499037120945735
3,43.43434343434344,2.3919008053366726,1.3693242862612731,1.3557875173275211,0.8498427403338651,2.112566285545747,2.867759497296364,0.07184695956405043,0.009908951698919843,0.012125137625025281,0.24971931567279224,0.10081908825700091,0.02670627839462445,0.04834845928823566,0.025988687896520445,0.24710309104925413,0.17517821782029627
3,43.939393939393945,2.396837929420002,1.3693596522690252,1.3528438609947098,0.8478801329216233,2.1121117195420087,2.8682802896461315,0.07183205122237725,0.009885251612961884,0.012147756290252838,0.25018987143893445,0.10060545004715915,0.02671171792984496,0.04825132381393692,0.025937041378052052,0.24674941578912105,0.17536808139805032
3,44.44444444444445,2.401740567735337,1.3694053204217955,1.3499103683105176,0.8459220669583122,2.111660206820209,2.8687885501885333,0.07181780430927703,0.009861650472622805,0.012170202945148898,0.2506567855592774,0.10039177134999654,0.026717235453153115,0.04815424998735986,0.025885447411901772,0.24640635839594557,0.1755597072154058
3,44.949494949494955,2.4066095116408537,1.369461180822587,1.3469869687752618,0.843968538763878,2.1112116667610215,2.8692849668243388,0.07180420950981282,0.009838147195295677,0.012192481595069391,0.251120145045336,0.10017808270176758,0.026722835923245,0.04805725091059094,0.025833912394431703,0.2460734067074473,0.17575286454047453
3,45.45454545454546,2.411445445818604,1.3695271254661916,1.3440735954514043,0.8420195452343855,2.110766030487454,2.8697701150659114,0.07179125805669405,0.009814740787711041,0.012214595656563475,0.2515800251181127,0.09996440986091862,0.02672852312012469,0.047960337571126645,0.02578244145201856,0.24575009567706024,0.1759473972551358
3,45.959595959595966,2.416249053664612,1.3696030471303278,1.3411701817248673,0.8400750829143135,2.110323228925532,2.870244570091368,0.07177894123791498,0.009791430259651124,0.012236548576299881,0.2520365011071369,0.09975077878906811,0.026734300871109992,0.047863520978314276,0.02573103984708385,0.2454359721572158,0.17614313726813605
3,46.46464646464647,2.421021026745106,1.3696888392778614,1.3382766609735137,0.8381351478713763,2.109883191718694,2.870708916731943,0.07176725035002113,0.009768214614962344,0.012258343884515462,0.252489649538342,0.09953721613637706,0.02674017315894462,0.04776681238279653,0.025679713107732035,0.24513059124613112,0.1763398972383717
3,46.969696969696976,2.42576200995175,1.3697843966367218,1.3353929681841927,0.8361997361092498,2.1094458534170366,2.871163691047657,0.07175617695006382,0.009745092894378042,0.012279984869444361,0.2529395419756121,0.09932374671367408,0.0267461434806265,0.047670222211062686,0.025628466301869032,0.24483353379047793,0.1765375164569286
3,47.47474747474748,2.430472563860583,1.369889615575255,1.3325190432225793,0.8342688466566278,2.1090111595339143,2.87160934336391,0.07174571309990542,0.009722064259443724,0.01230147429164629,0.25338623892162504,0.09911038880949014,0.02675221434663461,0.04757375800416515,0.02557730272519037,0.24454442052641534,0.17673589222649005
3,47.979797979797986,2.435153252937806,1.3700043932058004,1.3296548251851876,0.8323424769824557,2.108579054106459,2.87204632778757,0.07173585085629156,0.009699127846002655,0.012322814984533612,0.253829802313248,0.09889716235664489,0.02675838838764881,0.04747742801614973,0.02552622617697517,0.24426287941892072,0.17693490785838625
3,48.484848484848484,2.439804635804956,1.3701286274842754,1.3268002531077805,0.8304206236258773,2.1081494811635877,2.8724750924420808,0.0717265823284983,0.009676282782259443,0.012344009781731597,0.25427029405045787,0.0986840878939744,0.02676466822636845,0.04738124076758929,0.02547524066255928,0.24398854880730095,0.1771344412024225
3,48.98989898989899,2.444427234938525,1.3702622175188983,1.3239552680084916,0.8285032839211697,2.1077223891143024,2.8728960488555617,0.07171789985515864,0.009653528241401699,0.012365061303087213,0.2547077715925849,0.09847118359522358,0.026771056090026536,0.04728520374977047,0.02542434955546283,0.24372108806928103,0.17733439008696936
3,49.494949494949495,2.4490215266005952,1.3704050634571023,1.321119813463414,0.826590456280089,2.1072977318147306,2.873309561569249,0.07170979611178832,0.00963086347433805,0.012385971975009864,0.2551422867306683,0.09825846480362023,0.026777553767334716,0.04718932284118531,0.02537355571567821,0.24346018388312224,0.1775346774221053
3,50.0,2.4535879812018138,1.3705570663925506,1.3182938332902814,0.8246821386903626,2.1068754635800353,2.8737159895777524,0.07170226380780056,0.009608287722880393,0.012406744162422656,0.2555738908333961,0.0980459468157215,0.026784162980931826,0.04709360411080676,0.02532286188568252,0.24320553066625705,0.17773522396514324
3,50.505050505050505,2.458127054028667,1.3707181283635839,1.3154772721579164,0.8227783291579407,2.1064555403866447,2.8741156769042426,0.07169529576287209,0.00958580024332959,0.012427380141824181,0.25600263357186437,0.09783364415627788,0.02679088530490526,0.04699805333570848,0.025272270594562062,0.24295683488828226,0.17793595481831692
3,51.01010101010101,2.4626391780335313,1.3708881523478655,1.312670076074086,0.8208790260684703,2.1060379208172186,2.8745089452895143,0.07168888496754369,0.009563400325472964,0.012447882080953472,0.2564285619153464,0.0976215699989247,0.026797722101218408,0.0469026756136728,0.025221784082578916,0.2427138183917724,0.17813680452461378
3,51.515151515151516,2.4671247574838846,1.371067042229702,1.3098721910883708,0.8189842262749077,2.1056225653393827,2.8748960853202616,0.07168302457739374,0.009541087264453787,0.012468252074808388,0.2568517208504964,0.09740973813610827,0.026804674518725233,0.04680747609889702,0.02517140491955392,0.24247622299727933,0.17833771801146983
3,52.02020202020202,2.471584189794116,1.3712547027817141,1.3070835647979733,0.817093927847737,2.10520943608271,2.8752773827216096,0.07167770784590063,0.009518860386342263,0.012488492133906662,0.25727215365767553,0.09719816053605203,0.026811743609658434,0.04671245924647976,0.025121135138589296,0.24224379718358868,0.1785386415663172
3,52.525252525252526,2.4760178590011703,1.371451039641254,1.3043041456520632,0.815208128933078,2.1047984966705977,2.8756531101397473,0.0716729281403496,0.009496719035805743,0.012508604201475123,0.25768990205830683,0.09698684845207332,0.02681893030840142,0.04661762917075294,0.025070976619109182,0.24201630019754164,0.17873952511466917
3,53.03030303030303,2.480426134918168,1.3716559592878719,1.3015338826969398,0.8133268273901436,2.104389712041155,2.8760235258347473,0.07166867894111101,0.009474662571368114,0.01252859016484641,0.25810500638805417,0.0967758128205853,0.026826235437836323,0.0465229897805798,0.02502093121973946,0.24179350267379796,0.1789403222350091
3,53.535353535353536,2.4848093546966727,1.371869369347888,1.2987727257060602,0.8114500205370954,2.1039830501207013,2.876388853749794,0.07166495386494752,0.009452690348506609,0.012548451727842106,0.25851750404453716,0.09656506379221165,0.02683365945792182,0.0464285448601962,0.02497100046432372,0.24157519471014594,0.1791410029677016
3,54.04040404040404,2.4891678608747037,1.3720911780269271,1.2960206250190127,0.8095777059104052,2.1035784785299656,2.8767493248838623,0.0716617465963289,0.009430801747927884,0.012568190644820338,0.25892743258749207,0.09635461138930805,0.026841202948964544,0.04633429792260807,0.024921186003384128,0.24136116819126038,0.1793415286629075
3,54.54545454545455,2.493501984439271,1.3723212943659975,1.2932775315295926,0.8077098808441876,2.103175965986219,2.8771051587756094,0.0716590509104037,0.009408996158994558,0.01258780861469937,0.2593348284362185,0.09614446530243187,0.026848866392923932,0.04624025234154814,0.024871489414420644,0.24115122443745918,0.17954186333790215
3,55.05050505050505,2.497812044910057,1.372559628242637,1.2905433966277218,0.8058465424148181,2.1027754822517464,2.877456563526267,0.07165686066759774,0.009387272977035253,0.012607307280238038,0.25973972692991726,0.09593463495335666,0.026856650172015828,0.046146411397202707,0.024821912206877468,0.24094517401392673,0.17974197373264886
3,55.55555555555556,2.5020983263282774,1.372806090666193,1.287818174059099,0.8039876891091127,2.102377001722701,2.8778037120227604,0.07165516994948516,0.00936563164515489,0.012626688066201845,0.2601421587229922,0.09572512669172864,0.026864554255382384,0.04605277712623065,0.02477245503237699,0.24074284671080942,0.1799418481630065
3,56.06060606060606,2.5063611269350052,1.3730605931536386,1.285101816472347,0.8021333178896425,2.1019804963565836,2.8781467916768286,0.07165397279276198,0.009344071579084384,0.012645952506653456,0.2605421568714512,0.09551594901553137,0.026872578838460948,0.045959352435576535,0.02472311917486418,0.24054407014123122,0.18014145871980206
3,56.56565656565657,2.510600732184742,1.3733230480674936,1.2823942773400827,0.8002834258635966,2.1015859395607817,2.8784859774779123,0.07165326333298876,0.00932259220841188,0.012665102064370982,0.26093975293998145,0.09530710964946015,0.026880723991545487,0.04586613992960775,0.024673905710519303,0.24034868106504886,0.18034078217820096
3,57.07070707070707,2.514817417620929,1.3735933685789916,1.2796955107867756,0.798438010158502,2.101193305811623,2.878821434916354,0.0716530357887228,0.009301192972481833,0.01268413814808927,0.261334977385618,0.09509861579474937,0.02688898969428075,0.045773142017455776,0.024624815575326954,0.24015652396549475,0.1805397980386332
3,57.57575757575758,2.519011432106695,1.3738714687167115,1.2770054727704128,0.7965970687086299,2.100802573060591,2.8791533028246374,0.0716532846130179,0.009279873373484121,0.012703062041552898,0.26172785701788864,0.09489047267686473,0.026897375688836565,0.04568035995369564,0.02457584938080676,0.23996745892859014,0.18073850054886403
3,58.08080808080808,2.5231830346996307,1.3741572631996406,1.274324118569878,0.7947605985843187,2.1004137175320268,2.87948173110422,0.07165400418099785,0.00925863287034844,0.012721875068747404,0.26211842045441375,0.09468268669874358,0.02690588182019014,0.04558779581657908,0.0245270078792688,0.23978134401807097,0.18093687266522274
3,58.58585858585859,2.527332472281905,1.3744506675253987,1.271651404354778,0.7929285970634384,2.100026716925982,2.879806857882317,0.0716551889831757,0.009237470945550658,0.012740578493844277,0.2625066947579821,0.09447526346689343,0.0269145078307465,0.04549545126583567,0.024478291675105148,0.2395980457202789,0.18113490216111852
3,59.09090909090909,2.5314599838851723,1.3747515979434897,1.2689872869157777,0.7911010614672861,2.099641549833829,2.8801288139606758,0.07165683359089128,0.009216387094007525,0.012759173540680109,0.26289270604712667,0.09426820812770673,0.026923253400826283,0.04540332775155429,0.024429701275806723,0.23941743674112995,0.18133257874459555
3,59.5959595959596,2.5355657933291944,1.3750599714438572,1.2663317233256433,0.789277988390186,2.0992581960736194,2.88044771399804,0.07165893269799568,0.009195380825548381,0.01277766137638706,0.26327647913298335,0.09406152604240792,0.026932118105398806,0.04531142663956567,0.02438123734443784,0.23923940094768703,0.18152989692475754
3,60.101010101010104,2.5396501266132647,1.3753757057409715,1.2636846714447822,0.7874593751285145,2.0988766356662714,2.8807636768440408,0.0716614810197957,0.009174451655008662,0.012796043157806782,0.2636580386076515,0.09385522166772796,0.026941101529165602,0.0452197490735032,0.024332900246028872,0.23906382189410386,0.18172684874772488
3,60.60606060606061,2.5437132008236776,1.375698719266564,1.2610460895425146,0.7856452186935744,2.098496849449675,2.8810768124594346,0.07166447335860765,0.00915359910862212,0.012814320004007822,0.26403740818562144,0.0936492993662107,0.02695020319703447,0.04512829608466031,0.024284690371437948,0.23889059007673996,0.18192342844677684
3,61.111111111111114,2.5477552270747883,1.376028931161359,1.2584159363540521,0.7838355160209217,2.0981188188831026,2.8813872253107977,0.071667904585714,0.009132822721684362,0.012832493004725437,0.26441461091130786,0.0934437632580482,0.026959422594141476,0.04503706858531808,0.024236608071095584,0.2387196009833333,0.18211963119956048
3,61.61616161616162,2.5517763998095546,1.3763662614795056,1.255794170716691,0.7820302634100447,2.0977425264615404,2.8816950025370343,0.07167176960634905,0.009112121999301266,0.012850563162350179,0.2647896688769932,0.09323861749941792,0.02696875900744405,0.04494606783640127,0.024188653508423322,0.23855076349546608,0.18231545611810768
3,62.121212121212125,2.5557769225369804,1.3767106306981067,1.2531807523283924,0.7802294577845269,2.0973679546067743,2.882000242324011,0.07167606342881318,0.00909149650292061,0.012868531530298528,0.26516260403772746,0.09303386572388746,0.026978211898640535,0.04485529443197564,0.02414082700287263,0.23838397979394083,0.18251089882696647
3,62.62626262626263,2.5597569896353547,1.3770619600622902,1.250575641153001,0.7784330957527842,2.096995086397111,2.8823030337890985,0.0716807811091214,0.009070945785702306,0.012886399114943147,0.2655334376996565,0.09282951149855802,0.026987780637449704,0.04476474906807918,0.02409312878769123,0.238219159609269,0.18270595661214925
3,63.131313131313135,2.5637167916871353,1.3774201714827516,1.2479787975503387,0.7766411738468385,2.096623905312305,2.8826034628375385,0.07168591776231725,0.009050469408852341,0.012904166904183206,0.2659021907188768,0.09262555823670254,0.026997464577488518,0.044674432355844396,0.024045559081167844,0.23805621607653976,0.18290062683701308
3,63.63636363636364,2.5676565160451457,1.3777851875239926,1.2453901822594036,0.7748536885223617,2.0962543951780552,2.8829016127556275,0.07169146856027682,0.009030066941549437,0.012921835870351112,0.2662688835563018,0.09242200922054526,0.02700726306272239,0.044584344828294924,0.023998118094350582,0.23789506531815832,0.18309490672259557
3,64.14141414141415,2.5715763473987745,1.3781569313925546,1.2428097563815674,0.7730706361587213,2.095886540110502,2.883197564803895,0.07169742872951283,0.0090097379608717,0.012939406973119237,0.26663353633252873,0.09221886762404112,0.027017175433915467,0.044494486947142205,0.02395080603876533,0.23773562602658477,0.18328879312795046
3,64.64646464646465,2.5754764472343963,1.3785353272848262,1.2402374816384492,0.7712920129615917,2.0955203262015063,2.8834913765005354,0.0717037935652193,0.008989482024265935,0.012956881051423083,0.26699616726411923,0.09201613582628539,0.02702720075063267,0.04440485918211762,0.023903622731298684,0.23757783338777322,0.18348229162365168
3,65.15151515151516,2.579356964336268,1.3789203002060246,1.2376733202258199,0.7695178150088616,2.0951557406437447,2.883783092716008,0.07171055842143105,0.008969298682398744,0.012974258878609073,0.2673567934803505,0.09181381576820055,0.02703733793158256,0.04431546198362587,0.02385656779153499,0.23742163191360025,0.18367541189774259
3,65.65656565656566,2.5832180885919507,1.3793117750514197,1.2351172341039371,0.7677480384964516,2.0947927672840754,2.8840728025424625,0.07171771866786116,0.00894918754834422,0.01299154144529682,0.26771543516095647,0.0916119107646981,0.0270475864785869,0.04422629560657102,0.023809641665625263,0.23726693885025318,0.18386814409409777
3,66.16161616161617,2.5870599873375077,1.3797096776886737,1.2325691858165273,0.7659826794418891,2.09443139186493,2.8843605720024463,0.07172526973712197,0.008929148213962932,0.013008729624583248,0.2680721106659358,0.09141042336897572,0.02705794561750728,0.044137360337865486,0.02376284440825132,0.2371136873970858,0.18406048687016263
3,66.66666666666667,2.5908828264003314,1.3801139345972264,1.2300291382074953,0.764221733778882,2.0940716002799142,2.884646466286799,0.0717332071067728,0.008909180276467449,0.013025824282624545,0.2684268381607548,0.09120935608352082,0.027068414580664387,0.04404865643285331,0.02371617608117139,0.23696181237614217,0.18425243816114334
3,67.17171717171718,2.594686770591623,1.3805244728577868,1.2274970544050845,0.7624651973570221,2.0937133785243836,2.8849305502699107,0.07174152629718078,0.008889283338253093,0.013042826281155268,0.26877963566556123,0.09100871138041242,0.027078992612294774,0.04396018412236013,0.0236696367595315,0.23681124986498367,0.18444399499280115
3,67.67676767676768,2.5984719841988753,1.380941220141824,1.2249728978060328,0.7607130659414898,2.093356712646019,2.8852128890249813,0.07175022286938158,0.008869457006728702,0.01305973648000742,0.26913052110439734,0.09080849172162297,0.02708967897400764,0.04387194361974314,0.023623226538176854,0.23666193682951583,0.18463515329424676
3,68.18181818181819,2.602238553437513,1.3813641057433284,1.2224566345454364,0.7589653363613769,2.0930015967285565,2.885493466941877,0.0717592926481947,0.008849700893660018,0.013076555287629712,0.26947950454849307,0.09060869554944712,0.0271004719994345,0.04378393406798108,0.023576944049726083,0.23651386296252802,0.18482594443130074
3,68.68686868686869,2.6059866490083476,1.381793058403857,1.21994822831892,0.7572220041240906,2.092648016160166,2.885772357277828,0.07176873125230554,0.008830014616012523,0.013093283602260586,0.26982660447578927,0.09040932567551484,0.027111371074197282,0.04369615574790993,0.02353078956145816,0.23636696190254974,0.18501635876283676
3,69.1919191919192,2.6097164302013627,1.3822280075893374,1.217447643436904,0.7554830648337233,2.092295957505821,2.886049622138285,0.07177853437033924,0.00881039779518026,0.013109922256179699,0.270171838179014,0.09021038432377385,0.027122375467017748,0.043608608776110155,0.023484763143493514,0.2362211753462549,0.1852063908073592
3,69.6969696969697,2.613428042792105,1.3826688835142307,1.2149548448914504,0.7537485142289669,2.091945408725102,2.8863253102844295,0.07178869776621467,0.008790850056800371,0.013126472003190864,0.2705152215552258,0.09001187301673437,0.027133484303544918,0.043521293076696284,0.023438864625597956,0.23607645441795438,0.18539604027733728
3,70.20202020202021,2.6171216314135775,1.383115616972369,1.2124697979620467,0.7520183480079732,2.091596357899967,2.8865994700387785,0.07179921724271705,0.00877137103065804,0.013142933589944767,0.2708567703432472,0.08981379320920006,0.027144696716544105,0.043434208549714394,0.023393093830034236,0.2359327513556457,0.18558530630237785
3,70.70707070707071,2.6207973398626336,1.3835681393289325,1.2099924682056888,0.7502925618307976,2.0912487932044765,2.8868721496063547,0.07181008863989581,0.008751960350516091,0.013159307757380275,0.27119650015426516,0.08961614629896071,0.027156011849086493,0.04334735507566468,0.02334745057432473,0.23579001926832363,0.1857741873295795
3,71.21212121212122,2.624455296750423,1.3840263827052697,1.207522821463044,0.748571150776186,2.090902704003783,2.8871433812739187,0.07182130788618403,0.00873261764947319,0.013175595192043088,0.27153442537505046,0.08941893361358459,0.027167428696775554,0.043260732514716294,0.023301934667364594,0.23564822177766606,0.18596268745826908
3,71.71717171717172,2.628095583367597,1.3844902803977384,1.20506082388412,0.7468541081361985,2.0905580833234807,2.8874131460449526,0.07183287111349654,0.008713342549895956,0.013191796416579724,0.27187055670308113,0.0892221563682075,0.02717894575464191,0.04317434069948134,0.023256545897465546,0.23550735465457634,0.18615083058296972
3,72.22222222222223,2.631718364991455,1.384959765145967,1.2026064417746516,0.7451414302959473,2.0902149177256164,2.8876815180651842,0.07184477418438134,0.008694134703215582,0.013207912239195188,0.2722049112541257,0.08902581588985545,0.027190562459086444,0.043088179486979,0.023211284094554998,0.23536735722597574,0.1863386027806588
3,72.72727272727273,2.6353237692879223,1.385434770728857,1.2001596417199056,0.7434331121974114,2.089873196671261,2.8879485308456148,0.071857013128942,0.008674993752565602,0.013223943338186942,0.27253750321557846,0.0888299134293411,0.027202277852219472,0.043002248719010636,0.023166149077629428,0.23522819434781364,0.18652600573066572
3,73.23232323232324,2.6389119221887207,1.3859152314885168,1.1977203905357476,0.7417291486662168,2.089532909749482,2.888214216712499,0.07186958401527736,0.008655919343463776,0.01323989038503659,0.2728683466132741,0.08863445022996368,0.027214090975716653,0.04291654823956413,0.023121140673655935,0.23508983217246399,0.1867130409984311
3,73.73737373737374,2.642482948040216,1.3864010823243134,1.1952886552588995,0.7400295344082141,2.089194046659213,2.8884786069552097,0.07188248294844639,0.008636911123593615,0.013255754045312382,0.27319745532996864,0.08843942753794465,0.027226000872278264,0.042831077899279375,0.023076258720263438,0.23495223801229054,0.18689971000502878
3,74.24242424242425,2.646036969752266,1.3868922586869208,1.192864403137196,0.7383342640060562,2.088856597191123,2.888741731974096,0.07189570606943273,0.008617968742585908,0.013271534979571712,0.27352484312382086,0.08824484661286341,0.02723800658708846,0.04274583755991367,0.023031503068433913,0.23481538020321185,0.18708601399668764
3,74.74747474747475,2.64957409346583,1.387388696776886,1.1904476032514308,0.7366433335856569,2.088520554163657,2.8890036064989273,0.07190924965619548,0.008599091905686399,0.013287233671463769,0.27385052070953186,0.08805070636118073,0.027250106989382235,0.04266082616000762,0.022986872887736504,0.23467924114374428,0.18727195996131632
3,75.25252525252526,2.6530944329642336,1.3878903332181605,1.1880382239485663,0.7349567381957064,2.0881859087750883,2.8892642531343586,0.07192310996264314,0.008580280289086152,0.01330285069944649,0.27417450038027047,0.08785700707180617,0.027262301055834555,0.042576043190650954,0.02294236776208372,0.2345437965097655,0.18745755127779534
3,75.75757575757576,2.6565981094691904,1.38839710505681,1.1856362328691747,0.7332744718423053,2.087852650652717,2.8895237021675437,0.07193728321992483,0.008561533540931168,0.013318386733750862,0.27449679595921084,0.087663750372363,0.027274587867919777,0.04249148867855239,0.02289798767652728,0.2344090154183548,0.1876427878210339
3,76.26262626262627,2.660085235936584,1.3889089499644927,1.1832415986084712,0.7315965291955319,2.087520770859861,2.8897819764279995,0.07195176573993299,0.008542851336284308,0.013333842360333251,0.27481741981012303,0.08747093680562239,0.027286966429157945,0.04240716222915717,0.022853732305740598,0.23427487378328674,0.18782767202133074
3,76.76767676767678,2.663555923785024,1.3894258061455875,1.1808542900131285,0.7299229048762995,2.0871902606221706,2.8900390977806496,0.0719665538708802,0.008524233354004563,0.01334921815521991,0.2751363841042592,0.08727856685015549,0.02729943574303044,0.04232306343011365,0.022809601313137653,0.23414134857885993,0.1880122063063482
3,77.27272727272728,2.667010282991301,1.3899476123319499,1.1784742761771594,0.7282535934586934,2.0868611113196858,2.8902950872221984,0.07198164399661597,0.008505679276714409,0.013364514684813516,0.2754537008287047,0.08708664092257161,0.027311994813818824,0.04223919185250095,0.022765594351158814,0.23400841774890196,0.18819639309114455
3,77.77777777777779,2.670448422084662,1.3904743077777408,1.176101526456382,0.7265885894877961,2.0865333144722986,2.890549964917063,0.07199703253680594,0.008487188790146996,0.013379732507960174,0.2757693817993231,0.08689515936563719,0.027324642647350343,0.0421555470406618,0.022721711059743837,0.23387606025199512,0.18838023471984341
3,78.28282828282829,2.673870444480233,1.3910058322569407,1.1737360111551212,0.7249278880579395,2.086206861486501,2.890803748046514,0.07201271597831559,0.008468761560053113,0.013394872241713091,0.2760834388399519,0.08670412192553077,0.027337378248365223,0.042072128089742915,0.02267795099921373,0.2337442610354766,0.1885637316574516
3,78.7878787878788,2.6772764578578396,1.3915421260512988,1.1713776998174004,0.7232714833938862,2.085881744252781,2.8910564564504257,0.072028690795397,0.008450397289073455,0.013409934400114058,0.2763958833691694,0.08651352904955416,0.027350200629922078,0.0419889346924331,0.022634313816885764,0.23361299844582648,0.18874688691724797
3,79.2929292929293,2.6806665666003995,1.3920831299507024,1.169026562628883,0.7216193700253574,2.085557954638389,2.8913081081497345,0.07204495351427326,0.008432095669769964,0.013424919527728348,0.27670672675637437,0.08632338081984459,0.02736310880717092,0.04190596627783796,0.022590799110168397,0.23348225444672344,0.18892970239081533
3,79.7979797979798,2.6840408740045354,1.3926287852463806,1.1666825700243524,0.7199715424655664,2.0852354846173204,2.8915587207062954,0.07206150069442589,0.008413856397558643,0.013439828163148733,0.27701598023408114,0.08613367725077886,0.02737610180014389,0.04182322225092091,0.022547406464744273,0.23335201168031353,0.18911217984909803
3,80.30303030303031,2.6873994823680363,1.3931790337256666,1.1643456926850657,0.7183279952147803,2.084914326261852,2.891808311314478,0.07207832892797977,0.008395679170627921,0.013454660839441128,0.2773236549066338,0.08594441829009589,0.027389178634586685,0.041740701992830566,0.02250413545471276,0.23322225338697858,0.18929432092861262
3,80.80808080808082,2.690742493077317,1.393733817666759,1.1620159015361047,0.71668872276388,2.08459447173408,2.892056896892762,0.07209543483908804,0.008377563689857015,0.013469418084590243,0.2776297617589197,0.0857556038200192,0.027402338342790076,0.04165840486122803,0.02246098564273255,0.23309296332510468,0.18947612711765835
3,81.31313131313132,2.6940700001972466,1.3942930799990398,1.1596931668844614,0.715053718161091,2.0842759134595803,2.8923044853650395,0.07211281508868693,0.008359509655693848,0.013484100403378673,0.27793431149919473,0.08556723486788721,0.027415579887425007,0.04157633073140482,0.02241795693605285,0.23296413136576602,0.18965760084871966
3,81.81818181818183,2.697382095710392,1.3948567641665706,1.1573774590976795,0.7134229741547659,2.0839586439745483,2.8925510827376404,0.07213046636962307,0.008341516770484095,0.013498708292553436,0.2782373146993257,0.08537931264829189,0.027428902223422286,0.041494479567832844,0.022375049304482097,0.23283574891301614,0.1898387446076092
3,82.32323232323233,2.700678883451777,1.3954248137700282,1.155068750432419,0.7117964862590126,2.083642655529198,2.8927967119668203,0.07214838539459408,0.008323584744869142,0.013513242280839362,0.27853878215703437,0.08519183598658368,0.027442304462893228,0.04141285027199691,0.02233226202208582,0.2327077967296752,0.19001955856223984
3,82.82828282828284,2.7039604601590765,1.3959971730465306,1.152767012514259,0.7101742485475229,2.083327940612907,2.8930413872372633,0.07216656891126698,0.008305713288796306,0.01352770287498701,0.27883872441857754,0.08500480486370302,0.027455785650371302,0.041331442267172044,0.022289594710039107,0.2325802614839044,0.19020004378984198
3,83.33333333333334,2.707226921989734,1.3965737867005716,1.1504722171853279,0.7085562550789299,2.083014491765534,2.8932851227718097,0.07218501369634932,0.008287902114445841,0.013542090578590646,0.27913715195161465,0.08481821922044835,0.02746934483983447,0.04125025496361767,0.022247046984603686,0.2324531300534266,0.19038020116855436
3,83.83838383838385,2.7104783646160753,1.3971545998985875,1.1481843365026698,0.7069424999020624,2.082702301568742,2.893527932933434,0.07220371655496761,0.008270150936152887,0.013556405892555749,0.2794340751541165,0.08463207895717383,0.027482981095627364,0.04116928775826785,0.022204618456851257,0.23232638943860923,0.1905600313623316
3,84.34343434343435,2.713714883320426,1.3977395582635228,1.1459033427366088,0.7053329770611968,2.0823913626373174,2.893769832327218,0.07222267432004606,0.00825245947032941,0.013570649315566553,0.27972950436327504,0.08444638393348688,0.02749669349338346,0.04108854003442145,0.02216230873238678,0.23220002667554676,0.1907395348058515
3,84.84848484848486,2.7169365730902246,1.3983286078693975,1.1436292083691142,0.7037276806013115,2.0820816676104976,2.894010835902331,0.072241883851685,0.008234827435386153,0.013584821344553556,0.2800234498644123,0.08426113396794593,0.027510481120947294,0.04100801116143241,0.022120117411071786,0.23207402874914382,0.19091871168942257
3,85.35353535353536,2.7201435287131366,1.398921695235872,1.141361906092165,0.7021266045733395,2.08177320914329,2.894250959054004,0.07226134203653953,0.008217254551654585,0.01359892247516105,0.28031592189988963,0.08407632883775788,0.0275243430792966,0.04092770049439993,0.0220780440867477,0.2319483825061977,0.1910975619438912
3,85.85858585858587,2.72333584487217,1.399518767322814,1.139101408806115,0.700529743039422,2.081465979897796,2.8944902177255063,0.07228104578719811,0.00819974054130884,0.013612953202214638,0.2806069306780173,0.08389196827847586,0.02753827848346455,0.04084760737385865,0.022036088346959127,0.23182307456848128,0.1912760852255493
3,86.36363636363637,2.726513591412912,1.400119772128831,1.1368476886840593,0.6989370877049037,2.081159974446758,2.894728599066729,0.07230099212137932,0.008182285131378376,0.013626913900692322,0.28089648450632654,0.08370805316157094,0.027552286169158165,0.0407677317891346,0.021994250090409215,0.23169811207987956,0.19145428764541364
3,86.86868686868688,2.729676824683624,1.400724658412289,1.1346007175932216,0.6973486289984768,2.0808551883988033,2.894966074871589,0.07232117812515927,0.008164888052270078,0.013640804880314054,0.2811845906499878,0.08352458496065002,0.027566364826975855,0.04068807407744951,0.021952529382776562,0.23157351318336492,0.19163217869948904
3,87.37373737373738,2.732825667757364,1.4013333737366998,1.1323604701076182,0.6957643637366463,2.0805516122184433,2.8952026967026656,0.0723416006947531,0.00814754902771558,0.013654626771660072,0.28147126139396245,0.08334156194980029,0.027580513953135898,0.040608632781763125,0.021910925431021955,0.2314492396963425,0.19180974948756532
3,87.87878787878789,2.7359602089969655,1.4019458669351217,1.130126919686961,0.6941842854238797,2.0802492390371716,2.8954384755885365,0.07236225686229873,0.00813026778733222,0.01366838003797448,0.2817565063817574,0.08315898402003857,0.02759473264688476,0.040529407364431176,0.021869437882432414,0.2313252822216807,0.19198700027829066
3,88.3838383838384,2.739080536476661,1.4025620872696942,1.1279000399663506,0.6926083875390764,2.079948062000985,2.8956734228335774,0.07238314368488061,0.008113044062271832,0.013682065140846045,0.2820403352175511,0.08297685105050455,0.027609020018317477,0.040450397289325285,0.021828066385054797,0.23120163125606505,0.1921639311694503
3,88.8888888888889,2.7421867380549028,1.4031819844267481,1.125679804753804,0.6910366635386904,2.0796480742634222,2.8959075500935034,0.07240425824397978,0.008095877585145473,0.013695682540568431,0.2823227574734185,0.08279516290921601,0.027623375189035588,0.04037160202211904,0.021786810587704392,0.2310782771217869,0.1923405420789297
3,89.3939393939394,2.74527890144719,1.4038055085119119,1.1234661880277796,0.6894691068598523,2.0793492689786053,2.8961408694509094,0.0724255976449243,0.008078768089948146,0.01370923269650044,0.28260378269655645,0.08261391945382396,0.027637797292805095,0.04029302103057411,0.021745670139973475,0.23095520989853163,0.19251683273567705
3,89.89898989898991,2.7483571142988903,1.4044326100452222,1.1212591639347047,0.6879057109234922,2.0790516392942764,2.8963733934908134,0.07244715901633934,0.008061715311983518,0.013722716067426238,0.282883420416509,0.08243312053236782,0.02765228547621441,0.04021465378482629,0.021704644692239903,0.23083241935516705,0.19269280267066602
3,90.40404040404042,2.7514214642580614,1.4050632399562308,1.1190587067865005,0.6863464691374614,2.0787551783448404,2.8966051353761944,0.07246893950959749,0.008044718987788637,0.013736133111915589,0.28316168015239246,0.0822527659840306,0.0276668388993323,0.04013649975767159,0.02166373389567569,0.2307098948815319,0.19286845120785873
3,90.90909090909092,2.754472039048277,1.4056973495791139,1.1168647910581098,0.6847913748996559,2.078459879244402,2.8968361089235346,0.07249093629826892,0.008027778855058666,0.013749484288684092,0.28343857142012086,0.08207285563989404,0.027681456736365823,0.040058558424852314,0.021622937402255592,0.23058762542022426,0.19304377745516824
3,91.41414141414143,2.757508900694661,1.4063348911793818,1.1146773920630382,0.6832404212661091,2.078165737951262,2.8970663008347084,0.07251314670328933,0.008010894686235677,0.013762769903950202,0.28371410086179716,0.08189338853180517,0.027696137912969754,0.03998082893907081,0.021582254684965045,0.23046562234270776,0.1932187867560679
3,91.91919191919193,2.7605320786892174,1.406975818091058,1.1124964861320796,0.6816936008645779,2.077872754028347,2.8972956633313665,0.07253556822600779,0.007994066297430024,0.013775990070905712,0.2839882714838439,0.08171436268150095,0.02771088103652519,0.039903310043079995,0.02154168498975743,0.23034392551291746,0.1933934924071475
3,92.42424242424244,2.7635417024310485,1.40762008198933,1.1103220471385653,0.6801509076134284,2.077580915930858,2.897524256824294,0.07255819790380813,0.007977293375943488,0.013789145493640912,0.28426109740228395,0.0815357791568091,0.02772568574546658,0.039826001740885776,0.02150122825636345,0.23022248571587037,0.1935678825626054
3,92.92929292929294,2.7665378521668127,1.4082676359529263,1.1081540504079475,0.6786123347916857,2.077290217567209,2.897752089334943,0.07258103303493213,0.007960575674431057,0.013802236584697612,0.2845325872452645,0.0813576375033159,0.027740551190455168,0.039748903415487195,0.021460884080875042,0.23010129697497544,0.19374195750224285
3,93.43434343434345,2.769520607703883,1.4089184334588196,1.1059924714393874,0.6770778756726387,2.077000652888357,2.897979168969152,0.07260407094134538,0.00794391294747419,0.013815263753361765,0.284802749575996,0.08117993723535408,0.027755476530625087,0.03967201444316511,0.02142065205411569,0.2299803533055632,0.19391571746431976
3,93.93939393939395,2.772490048445097,1.409572428378118,1.1038372859042798,0.6755475235264689,2.07671221588507,2.8982055039516745,0.07262730896837273,0.007927304951555107,0.013828227405798319,0.28507159289573863,0.08100267783559158,0.027770460933853405,0.039595334193287667,0.02138053176138413,0.22985964868046985,0.19408916264603368
3,94.44444444444446,2.775446253423511,1.4102295749719556,1.1016884696447784,0.6740212716228795,2.076424900585195,2.89843110266071,0.07265074448433366,0.007910751445031096,0.013841127945186101,0.28533912564678865,0.08082585875462032,0.027785503577030184,0.03951886202811586,0.021340522782198123,0.22973917699562135,0.19426229320399885
3,94.94949494949496,2.7783893013371515,1.410889827887385,1.0995459986723206,0.6724991132337244,2.076138701050931,2.8986559736624313,0.07267437488017775,0.00789425218810883,0.013853965771852675,0.28560535621546457,0.08064947941054498,0.02780060364632851,0.039442597302608955,0.021300624690038183,0.22961893203561773,0.19443510925472504
3,95.45454545454547,2.7813192705837677,1.4115531421532685,1.097409849166153,0.6709810416356364,2.075853611376093,2.8988801257455137,0.07269819756912002,0.007877806942818668,0.013866741283409213,0.28587029293509375,0.08047353918857167,0.027815760337474568,0.03936653936423005,0.021260837052091325,0.2294989074393171,0.19460761087509648
3,95.95959595959597,2.7842362392955846,1.4122194731761697,1.095279997471856,0.6694670501126575,2.0755696256833853,2.899103567955663,0.07272220998627642,0.007861415472988959,0.013879454874885365,0.28613394408899856,0.08029803744059678,0.027830972856017665,0.039290687552751516,0.0212211594289948,0.22937909666542,0.19477979810285093
3,96.46464646464648,2.787140273840291,1.412888777117516,1.0931564194403147,0.6679571302553429,2.075286738498524,2.899326295737722,0.07274640964260948,0.00784507753234845,0.013892106933639166,0.2863963174994138,0.08012297460960058,0.02784624028214796,0.039215041611160885,0.021181591753237913,0.22925950388363409,0.19495167212479153
3,96.96969696969697,2.7900314123028815,1.4135610114366806,1.0910390894796747,0.6664512695185448,2.075004945288357,2.899548271032206,0.0727707942025083,0.007828792847462405,0.013904697831993206,0.2866574199362136,0.07994835384352211,0.027861561376569356,0.039139602275465146,0.02114213487234436,0.22914015962032327,0.19512323698186473
3,97.47474747474747,2.792909758480359,1.4142361317808392,1.0889279859269256,0.6649494651018182,2.074724239388078,2.8997695354846456,0.0727953610409843,0.007812561214421483,0.013917227969934673,0.28691726049311633,0.07977417183161095,0.027876935684233786,0.03906436792546223,0.02110278746387351,0.22902103171871227,0.19529448989375672
3,97.97979797979798,2.7957753848879574,1.4149140951883339,1.0868230854978913,0.6634517096210468,2.0744446151688125,2.899990093609199,0.0728201077001956,0.007796382398942933,0.013929697731294936,0.2871758471072888,0.07960042826650929,0.027892362395109702,0.0389893380429545,0.02106354922064926,0.22890211721662015,0.19546543125125315
3,98.48484848484848,2.7986283634364755,1.415594859071613,1.0847243650380378,0.6619579956369469,2.0741660670336715,2.9002099497321834,0.0728450317447924,0.0077802561678858234,0.013942107497765931,0.2874331876624191,0.07942712285549078,0.027907840704318104,0.03891451211935446,0.021024419844495774,0.22878341328526988,0.1956360614611825
3,98.98989898989899,2.8014687654441053,1.4162783812138802,1.0826318015196872,0.6604683156543095,2.0738885894157675,2.900429107998997,0.07287013076166023,0.00776418228920176,0.013954457649024648,0.2876892899908806,0.07925425532228454,0.027923369812133402,0.03883988965630721,0.0209853990467337,0.22866491721658397,0.19580638094925523
3,99.4949494949495,2.804296661648269,1.4169646197657428,1.0805453720392328,0.6589826621212456,2.073612176776233,2.9006475723810397,0.07289540235966332,0.007748160531885599,0.013966748562857612,0.2879441618758952,0.0790818254088991,0.027938948923984297,0.038765470166312856,0.020946486548676365,0.22854662641047988,0.19597639016290294
3,100.0,2.807112122217447,1.4176535332418632,1.078465053814353,0.6575010274284286,2.0733368236022383,2.9008653466826355,0.072920844169388,0.007732190665926162,0.01397898061528537,0.28819781105369685,0.07890983287744643,0.027954577250454676,0.03869125317334898,0.02090768208212602,0.2284285383621657,0.19614608957411764
4,0.0,0.5368859956175412,0.47220318509540443,0.49620858611909846,0.5009560329351781,0.45853857078072713,0.4824139886114605,0.5279609940165946,0.4887530781349079,0.4875672271481266,0.4801700934037525,0.4704963258181618,0.4919518418690837,0.5452380417041875,0.5330788636711333,0.548525201869849,0.49942292065268
4,0.5050505050505051,0.9232219384095884,1.0097385329449533,1.0731256672756888,0.7525066981594729,1.4035150233621194,1.2897765730525497,0.3260421291154306,0.23666211790717884,0.17188999062061996,0.30488070247876276,0.282301760976348,0.23708037349424887,0.3454683010325702,0.25298407585464033,0.6180345698220179,0.5454815299641828
4,1.0101010101010102,1.123482441784093,1.2557170764446475,1.3681314772427247,0.8785396052733594,1.8297024198479812,1.730866940521805,0.2152055699434066,0.11755272597825223,0.06288780652483808,0.2176414411896258,0.1851671094863863,0.1193334360648924,0.22438220407114487,0.1255654498466979,0.6372220117300601,0.5485900324755653
4,1.5151515151515151,1.2411768463735517,1.370162632374066,1.5184416453657996,0.9398349178878481,2.023970087867853,1.9803447137583756,0.15496458446555877,0.061624071227411543,0.025656875546235337,0.17677434437704884,0.13673477873736492,0.06570827902724907,0.15196744331039014,0.06861380392559942,0.6343409914343308,0.5334171740032443
4,2.0202020202020203,1.3210107737821941,1.4242885543763637,1.5945545932287581,0.9686092945646835,2.1131524579038565,2.1300095176731046,0.12204099879662422,0.035457435677355924,0.013172326754881766,0.15916674435138944,0.11335961471101924,0.04163650744925419,0.10900623418415462,0.04364716497034199,0.6222410245997705,0.5112271206089085
4,2.5252525252525255,1.3823531994256821,1.4500901214809772,1.6323593095588471,0.9812825471456715,2.153734779667213,2.2270491575689286,0.1038539663570664,0.02324261538765812,0.009148994161460967,0.15300960791071058,0.10259462536732425,0.031050275671830222,0.08369688574480778,0.0329982056043191,0.606670164464782,0.4870678697745619
4,3.0303030303030303,1.4338193166140534,1.4622537673476017,1.650177816686988,0.986061251864406,2.171384458325366,2.2956264538126474,0.09367512667046649,0.01754504368299713,0.007982812436816129,0.15240252236846324,0.09807134689096943,0.026560577823910327,0.0689138266635545,0.028666510081119038,0.5901505811498843,0.46313788777446907
4,3.5353535353535355,1.4793910916473914,1.4676954335464103,1.6574487300703602,0.9870036285286434,2.178045384212006,2.348192259205763,0.08788837813117036,0.014881844507304684,0.007760776898918834,0.15441357973470907,0.09658161463253513,0.024795892386614633,0.060386076300892086,0.027071570944107278,0.5737572654743478,0.4403425052522933
4,4.040404040404041,1.520998060382327,1.4697572826252514,1.6590939858468228,0.9861026817501477,2.1794037533798654,2.3912470168496482,0.08453262736565355,0.01362633416584985,0.007837422681472774,0.15758982589126794,0.09652615542571007,0.024229102492969636,0.05556258541759204,0.026630357780045695,0.5579244446866432,0.419007521543945
4,4.545454545454546,1.559630783929117,1.470093831760637,1.6577148159901332,0.9843312178433835,2.1782197159219527,2.428249693226282,0.0825343707044598,0.013021247924869004,0.007999116384517802,0.1612155125483096,0.09711551471251043,0.02417452569802186,0.05292287134589219,0.026653405710717056,0.5428072029480362,0.3992039705550946
4,5.050505050505051,1.5958362786953477,1.469542091923671,1.6547046269387788,0.9821607836199959,2.1758533896932186,2.461089151109539,0.08130091398354483,0.012715380418553598,0.008177464080076904,0.1649428153087147,0.09796468074757383,0.024327803934821167,0.05156229498002807,0.026846510696711453,0.5284419274372,0.38089481529068087
4,5.555555555555556,1.6299453497238747,1.4685336832133167,1.6508194407216779,0.9798178800360929,2.1729816530344324,2.490833460285493,0.08050246184461515,0.012546538397266301,0.008351955346797816,0.16860735486099698,0.09888918633892269,0.024556008077441568,0.05094358173343472,0.027087891826237245,0.5148165507466383,0.36400050518838556
4,6.0606060606060606,1.6621796445025905,1.4672946270423102,1.6464737551929784,0.977409709246184,2.169941979704437,2.51811451590459,0.07995431450527833,0.012440320844711118,0.00851741190938907,0.17213593652029338,0.09980335232634495,0.024802648591186312,0.0507484613639954,0.027329769953417765,0.5019006924978012,0.3484277435592175
4,6.565656565656566,1.69270347106914,1.4659448582790873,1.641896750172257,0.9749858942826011,2.1669013295868216,2.5433284038412274,0.0795523715023917,0.012362836235160737,0.00867322965166648,0.17550019650806817,0.10066959218670773,0.02504478455325553,0.05078901040620414,0.027555222745578086,0.4896583309279461,0.33408183953563414
4,7.070707070707071,1.7216492909504342,1.4645486968942427,1.6372158386272342,0.9725685668160436,2.1639402486518446,2.566740904261074,0.07923756150680987,0.01229876010637195,0.00881999431594505,0.17869339890313696,0.10147336120780903,0.02527390298522024,0.05095473695380156,0.02775966517031904,0.4780528867301482,0.32087172688818094
4,7.575757575757576,1.7491304669386547,1.4631408850739132,1.632501928475265,0.9701669181807032,2.161095250336223,2.5885437079572773,0.078976110954756,0.012241218376698164,0.008958488310231872,0.18171889550619957,0.10221089889385528,0.025487517908063376,0.0511810698947514,0.02794310867623779,0.4670491044466467,0.3087117764197213
4,8.080808080808081,1.775247679044397,1.4617400767712185,1.6277939873794658,0.9677840780939713,2.158380129522299,2.6088844513917175,0.07874865271229918,0.012187217468141134,0.009089443589617868,0.18458452019175164,0.10288338064129761,0.025685600215918113,0.051430803299301386,0.02810709761643952,0.4566136192135107,0.29752223181836773
4,8.585858585858587,1.8000924562589302,1.460356335832628,1.6231132129467805,0.9654205759375097,2.1557974566791387,2.627883883921674,0.0785438918990559,0.01213541783802691,0.009213484282813728,0.1872997127850737,0.10349396308516558,0.025868945448601924,0.051682756856139156,0.02825342416446981,0.44671507041885794,0.2872291403016442
4,9.090909090909092,1.82374898513157,1.4589949254126469,1.618470584674712,0.9630758085040942,2.1533441049259645,2.645644958422023,0.0783552009131091,0.01208524031637877,0.009331152527073238,0.18987426480158356,0.10404652722851991,0.026038607196175203,0.05192527951152121,0.028383784101904355,0.43732399681272766,0.27776403092368107
4,9.595959595959597,1.8462952507051313,1.457658542114012,1.6138714353681278,0.9607487934777854,2.1510143845663308,2.662258396723691,0.07817856322167777,0.012036406904782948,0.009442923671646713,0.19231768511967096,0.10454504197982539,0.02619563451598824,0.05215219351756175,0.028499655144939507,0.42841270814942406,0.26906355416512323
4,10.101010101010102,1.8678037216523944,1.4563484380360459,1.609317860751513,0.9584384535239706,2.1488015072650586,2.67780572632383,0.07801149109990876,0.011988770609815139,0.009549222647906164,0.1946389718614199,0.1049933335568182,0.026341005715709662,0.052360546496726904,0.028602312112785973,0.41995514975262377,0.26106911023805873
4,10.606060606060607,1.888341834679145,1.4550650180493145,1.6048100525277351,0.9561437193319448,2.1466983012018708,2.692361083011235,0.07785242946431252,0.011942250274606088,0.009650433966786692,0.19684654857653325,0.10539501241774557,0.02647562093142067,0.05254932318170445,0.028692866867526447,0.41192678116597237,0.25372649662094926
4,11.111111111111112,1.9079724047974964,1.4538082357825617,1.6003471799837559,0.9538635954466181,2.1446976676566973,2.705992507978701,0.07770036075467396,0.011896784944408217,0.00974690881651121,0.19894824131181882,0.10575343189557104,0.026600296157091176,0.05271859542657281,0.02877229399081505,0.4043044726415852,0.24698558610621738
4,11.616161616161618,1.9267539824993676,1.4525778468887414,1.5959279709782814,0.9515971854759797,2.1427928468320214,2.7187628986353145,0.0775545450353079,0.0118523130108322,0.009838970310371899,0.2009512882955757,0.10607168126711315,0.02671576886364599,0.052868947845945286,0.0288414579291519,0.39706640900012774,0.2408000206552552
4,12.121212121212121,1.944741155975778,1.4513735286532021,1.5915510044556613,0.9493436839886038,2.140977506562823,2.730730626135388,0.07741438887516991,0.01180877109815188,0.009926917009633933,0.20286237993833023,0.10635260688266764,0.026822711396328008,0.05300117308775026,0.02890113830561251,0.39019200286034306,0.23512692552846448
4,12.626262626262626,1.9619847948318987,1.4501948739026915,1.5872147186600023,0.9471023475088443,2.1392456727948463,2.7419498217335563,0.07727943927966842,0.01176610538197272,0.010011024971418706,0.20468772105620292,0.1065988499533542,0.02692174586814109,0.05311624242105197,0.028952047208447348,0.383661821714653,0.2299266552973497
4,13.131313131313131,1.978532299384086,1.4490414139743233,1.5829174652874043,0.9448724880399573,2.1375917190768794,2.752470707233858,0.07714935624640833,0.011724270322129767,0.010091549397133033,0.20643306844155884,0.10681286356300247,0.027013448263367355,0.05321524844460014,0.028994836079662262,0.3774575211022304,0.22516255950983305
4,13.636363636363637,1.9944278555470294,1.4479126714999198,1.5786576256374525,0.9426534779681329,2.1360104074151276,2.762339982862373,0.07702385836541543,0.011683221793929032,0.01016872613349235,0.2081037497761446,0.1069969188653513,0.027098348642071703,0.05329929364886024,0.02903009990922043,0.3715617795417879,0.22080076072688926
4,14.141414141414142,2.0097126492046224,1.4468081919580604,1.5744336787368227,0.9404447486040298,2.13449688651523,2.7716011416132713,0.07690268599476523,0.011642914481341558,0.010242774493351503,0.20970470199942054,0.10715311595113104,0.02717693603339208,0.053369418226514136,0.029058386793167214,0.365958237671535,0.21680994790754318
4,14.646464646464647,2.0244250735164715,1.4457275485737937,1.5702442152851794,0.938245782092321,2.1330466684378586,2.7802947106548728,0.07678559169568842,0.011603303876158546,0.01031389828669428,0.21124050118770946,0.10728339971105522,0.027249663470767696,0.053426580601228485,0.02908020410205193,0.3606314414469324,0.21316118420964503
4,15.151515151515152,2.038600917802527,1.444670332419551,1.5660879170972644,0.9360561021596815,2.131655588899325,2.7884584402046646,0.07667234611417467,0.011564349015708342,0.010382286678939381,0.2127153927759616,0.10738957601875022,0.027316952272114444,0.05347167272873071,0.02909602259444105,0.35556679000155306,0.2098277303762998
4,15.656565656565657,2.0522735441246103,1.4436361431530293,1.5619635346943448,0.9338752680105761,2.130319771969852,2.796127477637674,0.07656274434840987,0.01152601351755326,0.010448115125175364,0.21413331852311826,0.10747332453090946,0.027379194715975438,0.053505539690032224,0.029106278875192442,0.3507504871097797,0.20678488163699063
4,16.161616161616163,2.0654740530248867,1.4426245856733952,1.5578698754196407,0.9317028718015972,2.1290356052511314,2.8033345402933545,0.07645660729876075,0.011488264808261877,0.010511546405965359,0.2154979397199898,0.10753620773481169,0.027436755461450375,0.05352899091264643,0.02911137700763949,0.3461694956817243,0.2040098171049273
4,16.666666666666668,2.0782314395578405,1.4416352820362206,1.5538058237312837,0.9295385405410127,2.1277997357747105,2.8101101097166126,0.07635376816072253,0.011451071223270331,0.010572731951212397,0.21681265637419336,0.10757967551392267,0.027489972372790335,0.05354278078950475,0.029111690887692568,0.34181149443122105,0.20148146048480983
4,17.171717171717173,2.090572735704786,1.4406678732555884,1.5497703442375232,0.9273819325135029,2.1266090540628237,2.8164825912735423,0.0762540679592683,0.011414402739699656,0.010631812574415589,0.21808062614790208,0.10760507394062989,0.027539159340965787,0.05354760278668933,0.029107567672355807,0.33766483719061907,0.1991803519917515
4,17.67676767676768,2.1025231501828734,1.4397220157732273,1.5457624721231387,0.925232733548563,2.125460672744249,2.822478458508519,0.07615735692953424,0.011378231545610075,0.01068891914928589,0.21930478311542997,0.10761365417156046,0.027584608364646403,0.053544097026982096,0.02909932988998884,0.33371851332459895,0.19708852291025772
4,18.181818181818183,2.1141061895345734,1.438797378829252,1.5417813043203616,0.9230906549070789,2.1243519084314593,2.828122378784772,0.07606349556303237,0.011342531763593258,0.010744173369183827,0.22048785435684007,0.10760657917570293,0.027626590867648324,0.053532858213942415,0.02908727686698192,0.32996211271681913,0.19518938757068702
4,18.68686868686869,2.1253438031205873,1.4378936470823893,1.537826002094319,0.9209554315689698,2.123280267039072,2.8334373764521583,0.07597234994457053,0.011307278817359186,0.01079768867376353,0.22163237900934363,0.1075849310511338,0.027665359460954646,0.053514431921993476,0.02907168715373189,0.32638578488431075,0.19346761327227066
4,19.191919191919194,2.136256426280022,1.4370105065011174,1.5338957606398798,0.9188268177891636,2.1222434226566667,2.83844484817848,0.0758838050803345,0.011272451643954328,0.010849570090537294,0.22274071401261572,0.10754971646851395,0.027701149115557388,0.05348934291654325,0.02905281843927713,0.3229802229592058,0.19190908611897586
4,19.6969696969697,2.146863188130949,1.4361476623892564,1.5299898413831066,0.9167045894537946,2.121239213291143,2.8431648276909276,0.07579774446548658,0.011238028858013291,0.010899916055698617,0.22381506081376712,0.10750187304768903,0.027734178553482786,0.053458063727101525,0.029030911280600216,0.3197366076514405,0.1905007222453114
4,20.202020202020204,2.1571818743272746,1.435304821443351,1.5261075359190854,0.9145885395350202,2.1202656263461077,2.8476159045035883,0.07571406828470961,0.011203992176240985,0.010948817530122187,0.22485745914692834,0.10744227145461423,0.02776465084020517,0.0534210485008449,0.029006187753185697,0.3166466109908092,0.18923051015330586
4,20.70707070707071,2.1672291299307638,1.4344817014212892,1.522248181255148,0.9124784778810753,2.1193207842058164,2.851815465907424,0.0756326811226011,0.011170324023842437,0.010996359603046558,0.22586981452880217,0.10737172389711286,0.027792755221256207,0.053378717479494575,0.028978854850658563,0.3137023413657316,0.18808732547487547
4,21.212121212121215,2.17702045472588,1.433678031265004,1.5184111603192396,0.9103742314272094,2.1184029470157926,2.8557796903465045,0.07555349206294913,0.011137007785839103,0.011042621326929842,0.22685389529259786,0.1072909834198517,0.027818667152923037,0.05333145638189475,0.028949104391450767,0.3108963396473763,0.187060942856552
4,21.71717171717172,2.1865703385071504,1.4328935471878204,1.5145958908105626,0.9082756409911734,2.1175104909460396,2.859523686175631,0.07547641661513675,0.011104028022532532,0.011087676473671143,0.22781135142672837,0.1072007522009814,0.027842550103467745,0.05327962594702054,0.028917114861518895,0.3082215408027704,0.1861419141051631
4,22.222222222222225,2.195892304654758,1.4321279961429838,1.5108018316179503,0.9061825615157397,2.1166419078227174,2.8630615457336783,0.075401372765576,0.011071369965437821,0.01113159382818161,0.22874371910219596,0.10710168292764576,0.027864556014048112,0.053223555401230575,0.02888305226344317,0.30567125830178965,0.1853215335547172
4,22.72727272727273,2.204998980292626,1.431381130615038,1.5070284703679027,0.9040948597131778,2.1157957909310436,2.8664064096826642,0.07532828519463301,0.011039020115738898,0.011174437454624537,0.2296524297880686,0.10699438360838587,0.02788482630335833,0.053163553786708465,0.028847070803523747,0.3032391622348766,0.18459177777703514
4,23.232323232323235,2.213902177224934,1.430652711017761,1.503275326699511,0.9020124134649767,2.1149708284258835,2.869570559606262,0.07525708183681987,0.011006965749688529,0.011216267219865532,0.23053882025185093,0.10687942124107969,0.02790349280079748,0.05309990618280119,0.028809314244735394,0.30091925426510013,0.18394523585577668
4,23.73737373737374,2.222612911654333,1.4299425023872594,1.4995419447256202,0.899935111058184,2.1141657981722126,2.872565431278148,0.0751876970361941,0.010975195229797962,0.01125713880206611,0.23140413424383782,0.10675732315463644,0.02792067792588131,0.05303288097545055,0.028769915782973977,0.2987058589152152,0.1833750961642474
4,24.242424242424242,2.231141502558917,1.429250275517135,1.4958278934308444,0.8978628497610395,2.113379557122481,2.8754017237704184,0.07512006903176349,0.010943697750982818,0.011297104286198874,0.2322495352926822,0.10662858213260656,0.02793649598140989,0.05296272851260674,0.02872899970204409,0.29659359397348933,0.1828750601239779
4,24.747474747474747,2.239497574226419,1.428575807486823,1.492132767401261,0.8957955365014113,2.112611042881697,2.8780894023591803,0.07505413960971485,0.010912463053733177,0.011336212182130085,0.2330761057568333,0.10649365578396691,0.027951052933059082,0.05288968076246297,0.02868668116191478,0.29457736635577936,0.18243934484018962
4,25.252525252525253,2.2476901410547137,1.4279188799172733,1.4884561815721962,0.8937330858243387,2.111859261352793,2.8806377866406923,0.07498985460208918,0.01088148165795648,0.01137450785261436,0.23388485801865563,0.10635297167874995,0.027964447651776275,0.05281395539513605,0.02864306749265074,0.29265234616656943,0.18206260917097833
4,25.757575757575758,2.255727622926477,1.4272792810377364,1.484797775130329,0.8916754204279452,2.111123287914807,2.8830555712326436,0.07492716172760583,0.010850744474667233,0.0114120336457339,0.23467673572129458,0.1062069274002931,0.02797677196566325,0.052735752059546954,0.02859825845109382,0.2908139592449431,0.18173994384236955
4,26.262626262626263,2.2636178851947815,1.4266568029335305,1.4811572050678394,0.8896224696637891,2.110402259500548,2.8853508629843563,0.07486601273882475,0.010820243219199378,0.01144882903125934,0.23545261899427739,0.10605589343055585,0.02798811130701339,0.05265525805315974,0.028552346701040808,0.28905787361979896,0.1814668381006282
4,26.767676767676768,2.2713683009896455,1.4260512431803867,1.4775341480580044,0.8875741693441089,2.109695369821904,2.8875312513752047,0.07480636108388689,0.010789969945282777,0.011484931001660951,0.236213331631374,0.10590021567354216,0.02799854531912288,0.0525726462363143,0.028505418703910098,0.28737997908940915,0.18123912779904996
4,27.272727272727273,2.278985800754102,1.42546240452333,1.473928298642952,0.8855304610556,2.109001863598921,2.8896038610020267,0.07474816162106146,0.010759916952827133,0.011520374340803774,0.23695964697049518,0.10574021794648329,0.028008148422399508,0.05248807644317974,0.02845755536052183,0.28577637066229217,0.18105295435965002
4,27.77777777777778,2.286476773596752,1.4248900906533317,1.4703393630948816,0.8834912918112922,2.108321042504647,2.8915752362765743,0.07469137592388603,0.010730077883728597,0.01155519090710886,0.23769227626473827,0.10557619852370471,0.028016988974002052,0.0524017015768462,0.028408830555578517,0.2842433743192744,0.1809048539705733
4,28.282828282828284,2.2938473362031715,1.4243341124939888,1.4667670658572711,0.8814566129692077,2.1076522428374918,2.8934516443111113,0.07463596286073787,0.010700445816419674,0.011589411376887087,0.23841190059257247,0.10540844134470738,0.02802513195681525,0.05231366022454316,0.02835931502035466,0.2827774676254644,0.18079152371355692
4,28.78787878787879,2.3011031829588715,1.423794283530237,1.463211143759157,0.8794263806364975,2.106994846958556,2.8952389035511708,0.07458188500784602,0.010671014545944725,0.011623064212812027,0.23911915275895007,0.10523720990646673,0.028032637523359886,0.05222408283231211,0.028309074053736505,0.2813753203033738,0.1807099560261334
4,29.292929292929294,2.3082495484523946,1.4232704193318673,1.4596713461764992,0.8774005563825534,2.106348287452768,2.89694234251551,0.0745291096215088,0.010641778763906417,0.011656175407802888,0.2398146122381225,0.10506274514426482,0.02803956054187851,0.05213309188509419,0.028258166834932437,0.28003380276000067,0.1806574745148728
4,29.7979797979798,2.315291503982306,1.4227623401677907,1.4561474329640276,0.8753791035450793,2.1057120162752416,2.8985671240089257,0.07447760234028378,0.010612732818935185,0.011688770301826489,0.2404988417478217,0.10488528012096847,0.028045953960393402,0.052040801831117325,0.02820665090549845,0.2787498982683132,0.18063147510133695
4,30.303030303030305,2.3222337012365717,1.4222698692246851,1.4526391769074527,0.873361990096657,2.105085531775682,2.9001179653146485,0.07442733213487372,0.010583871700884054,0.011720872057771123,0.24117235581489785,0.10470502766425942,0.028051865906472663,0.0519473183304753,0.028154578505653977,0.27752077484554893,0.18062965362949457
4,30.80808080808081,2.329080489706873,1.4217928326962856,1.4491463612568627,0.8713491872270316,2.1044683657731307,2.901599264738886,0.07437826976833616,0.010555190727830678,0.011752502319634053,0.24183563489517693,0.1045221860935324,0.028057341039322482,0.0518527398530772,0.028101998167395878,0.27634374894150004,0.18064990536283956
4,31.313131313131315,2.3358360345057627,1.4213310591882988,1.4456687760934472,0.8693406680148509,2.103860070075403,2.9030152273519203,0.07433038694395923,0.010526685360196608,0.01178368182549579,0.2424891392790541,0.10433694484243697,0.02806242191731018,0.05175716045898239,0.02804895615738978,0.27521624886791934,0.1806902246005941
4,31.81818181818182,2.342504146982143,1.4208843814317922,1.442206225732709,0.8673364101737484,2.1032602373527456,2.904369686592611,0.07428365671323567,0.01049835137605479,0.01181442949182124,0.24313328855025157,0.10414947553895593,0.028067146977293043,0.051660663879957824,0.02799549421905997,0.27413586373540577,0.18074885325326984
4,32.323232323232325,2.3490884627157116,1.4204526340750825,1.438758519871349,0.8653363926194395,2.102668478684345,2.9056662902222015,0.07423805343304309,0.010470184749704459,0.011844763389181029,0.24376848322783526,0.10395994190054336,0.028071552696367404,0.051563330556682864,0.02794165208991692,0.27310028700592553,0.18082412972491563
4,32.82828282828283,2.3555923948171276,1.4200356545153696,1.4353254766074313,0.8633405966687687,2.102084429951658,2.906908452282003,0.07419355253528315,0.010442181663206413,0.011874700471136958,0.24439509886282462,0.10376849683993189,0.02807567300811273,0.051465235177170277,0.027887466770139844,0.27210732942777394,0.18091453069142127
4,33.333333333333336,2.3620191115562545,1.4196332828558271,1.4319069231575066,0.861349006612395,2.101507754441384,2.9080993293655633,0.07415013082984963,0.010414338592560256,0.011904256430900477,0.2450134831894149,0.10357528109687057,0.028079539040557176,0.05136644620940111,0.027832972122498547,0.2711549256265175,0.18101869073514468
4,33.83838383838384,2.3683716367975265,1.4192453615713674,1.4285026924565611,0.8593616078418018,2.10093813126745,2.90924192702477,0.0741077656239733,0.010386652087411194,0.011933446270768103,0.24562396823450652,0.10338042871928771,0.028083180300982717,0.05126702829932835,0.02777820037744218,0.270241098835834,0.18113532063890783
4,34.343434343434346,2.3746527978560623,1.4188717353664837,1.4251126243205878,0.8573783877230114,2.1003752610927107,2.910339043798399,0.07406643547289257,0.010359118933231557,0.011962284001565918,0.2462268639837087,0.10318406433105802,0.02808662406924861,0.05116704156618091,0.027723181353263907,0.2693639774838526,0.18126325159454998
4,34.84848484848485,2.38086523783599,1.418512250917769,1.4217365645414102,0.8553993352201891,2.0998188644619287,2.911393283678394,0.07402612027354388,0.010331736149118007,0.011990782715043795,0.24682245988447502,0.10298630396100424,0.02808989554931191,0.05106654231970463,0.02766794266912235,0.2685217897687425,0.1814014262502735
4,35.35353535353536,2.3870114864433245,1.4181667571455663,1.4183743641094522,0.8534244404111564,2.0992686745973153,2.9124071331371484,0.07398680016304592,0.010304500823775929,0.012018954940767487,0.2474110329592048,0.1027872580581699,0.02809301868520757,0.0509655833995937,0.027612510574215963,0.2677128387094771,0.18154884163274046
4,35.85858585858586,2.3930938899423455,1.4178351050815847,1.415025880176512,0.8514536949920982,2.098724444752928,2.913382885064577,0.07394845648112643,0.010277410235727499,0.01204681229571991,0.24799283971860736,0.10258702848836332,0.028096015328603167,0.050864213650016095,0.027556909124637024,0.2669355240867918,0.18170460845356495
4,36.36363636363637,2.3991146686266176,1.4175171476002548,1.4116909744359591,0.8494870916344391,2.0981859417789397,2.9143227001432956,0.07391107133209832,0.010250461798836744,0.012074365774079561,0.24856812280015497,0.10238571124505495,0.028098905930208043,0.05076247907340036,0.02750116089806767,0.2661883222001567,0.18186790470637013
4,36.86868686868687,2.4050759408165496,1.4172127392345415,1.4083695122797317,0.847524623668557,2.0976529433655133,2.915228632258831,0.07387462746903425,0.01022365304583979,0.012101625868893568,0.2491371137348282,0.10218339763337314,0.02810170982816336,0.05066042345558274,0.027445287300397875,0.26546977667565475,0.18203795704455042
4,37.37373737373738,2.4109796537330785,1.4169217371497516,1.4050613663685723,0.8455662865035185,2.097125246790309,2.916102556589576,0.07383910819931269,0.010196981621648673,0.012128602203510903,0.24970002466932767,0.1019801703468648,0.028104444379409718,0.050558085562305344,0.02738930755357544,0.26477852056638645,0.18221409919843534
4,37.87878787878788,2.4168276881270074,1.416643999633958,1.4017664110682724,0.843612075416908,2.096602655718352,2.9169462781527584,0.07380449756029184,0.010170445276290994,0.012155304092008353,0.2502570608371661,0.10177610947800228,0.02810712625618473,0.05045550350454966,0.027333240238005277,0.2641132395835216,0.18239568698353123
4,38.38383838383839,2.422621808021912,1.4163793869460128,1.3984845254914866,0.8416619867981288,2.0960849867940285,2.9177614800884757,0.07377078011062052,0.010144041859659406,0.012181740263148506,0.25080841445665203,0.10157128945062567,0.028109770815792794,0.0503527123145769,0.02727710250828639,0.26347268830578013,0.18258214071301546
4,38.88888888888889,2.4283636589515836,1.4161277612658048,1.3952155935934696,0.8397160182519113,2.0955720698352676,2.918549721852466,0.07373794097864145,0.010117769353779164,0.01220791884712126,0.2513542644692998,0.10136577886231433,0.028112392095560507,0.05024974385904822,0.02722091006019161,0.2628556904514787,0.18277294701549354
4,39.3939393939394,2.434054821034565,1.4158889862517157,1.391959501800325,0.8377741675591396,2.0950637415535267,2.9193124947171825,0.073705965678334,0.010091625781182244,0.012233847659734908,0.2518947828113313,0.10115964343421414,0.028115003417762113,0.05014662867423588,0.02716467787276289,0.26226111805325697,0.1829676180271385
4,39.8989898989899,2.4396967763842357,1.4156629271925738,1.3887161402612185,0.835836433263902,2.0945598492937414,2.9200511874331534,0.07367484031707455,0.010065609280830586,0.012259534029622678,0.25243013056284025,0.10095294427112014,0.028117617027159716,0.050043394999230224,0.027108419774080666,0.26168790325151536,0.18316571744029378
4,40.40404040404041,2.44529092215746,1.415449450883313,1.3854854022795906,0.8339028144441694,2.09406024950392,2.9207670998855777,0.07364455155735851,0.01003971809213699,0.012284984866912926,0.2529604594637807,0.10074573856643862,0.028120244242219473,0.04994006920827556,0.0270521486204354,0.26113503262387006,0.18336685104973627
4,40.909090909090914,2.450838595299686,1.4152484256824032,1.382267183963049,0.831973310585708,2.093564805278128,2.921461469877683,0.07361508628247002,0.01001395049894582,0.012310206781292007,0.2534859146432735,0.10053808059869027,0.028122895727305208,0.049836676016492824,0.026995876549631332,0.2606015365012539,0.18357064892549677
4,41.41414141414142,2.4563410324958226,1.4150597214885046,1.379061384791898,0.8300479217813808,2.093073390403753,2.9221354297788174,0.07358643207209992,0.009988304876584737,0.012335205891359663,0.254006630240312,0.10033002014007449,0.028125581021593123,0.049733238161759306,0.02693961455125003,0.2600865045470164,0.18377679599604255
4,41.919191919191924,2.4617994256800935,1.414883209528028,1.3758679063537707,0.8281266483009756,2.0925858834702047,2.9227900660176274,0.07355857674512495,0.009962779661377203,0.01235998809452123,0.25452273551288107,0.10012160485219035,0.028128309208890416,0.04962977723139017,0.026883373115572515,0.25958906282826555,0.18398499094261678
4,42.42424242424243,2.467214917294456,1.4147187623462933,1.3726866523657049,0.8262094905988744,2.0921021683387506,2.9234264138915425,0.07353150841892513,0.009937373348659255,0.012384559045066232,0.2550343543327078,0.09991288012113499,0.028131088855856974,0.049526313665109796,0.026827162182871043,0.2591083751053392,0.18419495037469852
4,42.929292929292934,2.4725885995974197,1.4145662537822579,1.3695175286054058,0.8242964492909557,2.0916221341816432,2.92404545671936,0.07350521553630757,0.009912084489543388,0.012408924151910942,0.2555416051247041,0.09970388906625816,0.0281339279998069,0.04942286681671244,0.026770991140368627,0.25864364249521676,0.18440640995883012
4,43.43434343434344,2.4779214434692296,1.4144255595791255,1.366360445242243,0.8223875258844875,2.091145683429224,2.9246480503708265,0.07347968712689872,0.009886911696278365,0.012433088228715266,0.25604459300299265,0.09949466924728113,0.02813683327927637,0.049319453229224076,0.026714867952033056,0.25819413130706687,0.18461917881084544
4,43.939393939393945,2.4832144082035095,1.4142965564752934,1.3632153132717673,0.8204827216450937,2.0906727195491555,2.925235039671473,0.07345491236055425,0.009861853621287305,0.012457056034651552,0.25654342191846036,0.09928525775706276,0.028139811267016472,0.049216089249735515,0.02665880050237303,0.2577591285159683,0.18483305723292434
4,44.44444444444445,2.4884684519325657,1.4141791221207773,1.3600820441668189,0.8185820374810122,2.0902031458879473,2.925807269438191,0.07343088049780697,0.009836908950991494,0.012480832326317253,0.2570381958210461,0.09907569171748265,0.028142868593650366,0.04911279128100189,0.02660279672563621,0.2573379369685217,0.18504782947206921
4,44.949494949494955,2.4936844804927243,1.4140731355050464,1.356960551521406,0.8166854744575911,2.0897368713658575,2.926365530235875,0.07340758108628981,0.00981207640879436,0.012504421606788819,0.25752901301637854,0.09886600592743891,0.02814601132211622,0.04900957456895894,0.02654686398253292,0.25692989520337595,0.18526330295625545
4,45.45454545454546,2.4988632838975997,1.4139784773918296,1.3538507537660687,0.8147930353512416,2.089273818212726,2.926910491818978,0.07338500430245364,0.009787354824639213,0.012527827763493673,0.25801595838079666,0.09865622905217145,0.028149244159257937,0.04890645129995962,0.026491008006988136,0.25653440328125626,0.18547935657794176
4,45.959595959595966,2.5040056133039466,1.4138950297571105,1.3507525711456798,0.812904723145479,2.0888139128893006,2.9274427840878796,0.0733631405619378,0.009762743068785175,0.012551054486387634,0.25849911247769786,0.09844638788336207,0.028152571398635983,0.048803432741352085,0.026435234064448004,0.2561508905672345,0.1856958834536409
4,46.46464646464647,2.509112278481657,1.4138226750783407,1.3476659218829388,0.8110205391120715,2.0883570745773308,2.9279630996026413,0.0733419800264995,0.009738239967993235,0.012574105798286276,0.2589785631139993,0.09823651274666328,0.028155998115586507,0.04870053195855415,0.026379548423370414,0.25577877507751634,0.18591271827222108
4,46.969696969696976,2.514184022134231,1.4137612972428586,1.3445907272040827,0.8091404854075215,2.0879032301291534,2.928472061484505,0.07332151323670986,0.009713844413145567,0.012596985364608808,0.25945439034049145,0.09802663042159518,0.02815952861702584,0.04859776025803236,0.026323956418288275,0.2554175146308164,0.1861297323662905
4,47.47474747474748,2.519221513023574,1.4137107815135745,1.3415269105570684,0.8072645639275235,2.0874523137440586,2.928970214902646,0.07330173116586665,0.009689555351179092,0.012619696536974671,0.2599266666860299,0.09781676503883371,0.02816316643280012,0.04849512758859476,0.026268462807889855,0.2550666098683837,0.18634683755740475
4,47.979797979797986,2.524225350785602,1.4136710144914109,1.3384743974670847,0.8053927762780638,2.087004266458099,2.9294580321890265,0.07328262519412289,0.009665371780912608,0.012642242375782192,0.26039545767519234,0.09760693828769573,0.028166914369977047,0.04839264264639697,0.026213071825857213,0.25472560171074066,0.1865639831668588
4,48.484848484848484,2.529196201939518,1.4136418833291702,1.3354331129281514,0.8035251244654149,2.086559023068634,2.9299360592185852,0.07326418636889002,0.009641292671036415,0.012664626178575377,0.26086083519697334,0.09739717361464942,0.028170775979483687,0.048290315110505015,0.026157788024453274,0.25439401296199937,0.18678105928687702
4,48.98989898989899,2.5341346702846,1.4136232764609482,1.332402983783111,0.8016616101306673,2.0861165244982955,2.9304047757859957,0.07324640611023783,0.009617317035690447,0.012686850984400585,0.2613228648554849,0.09718749234166242,0.028174754163332337,0.048188153564968916,0.02610261551312345,0.25407140299205133,0.18699798983541893
4,49.494949494949495,2.539041323014099,1.4136150834665078,1.3293839387125421,0.7998022353425377,2.0856767159052696,2.9308646242553813,0.07322927608730909,0.009593443937615723,0.012708919619992327,0.26178160793392247,0.09697791378127281,0.028178851418740047,0.04808616567419446,0.02604755785882896,0.25375735742995925,0.1872147137781761
4,50.0,2.5439166741250263,1.413617195186989,1.3263759092000857,0.7979470033866845,2.085239549099539,2.9313159924242114,0.0732127883329905,0.009569672523168671,0.012730834562194145,0.2622371189662172,0.09676845381050275,0.02818306960962256,0.047984357574725855,0.02599261763704775,0.253451496463878,0.1874311966765647
4,50.505050505050505,2.548761262450231,1.4136295031474244,1.3233788252354466,0.796095915467001,2.0848049715817805,2.931759294343287,0.07319693472519774,0.009546001870771887,0.012752598547441304,0.2626894567589179,0.09655913116060161,0.02818741101453769,0.047882736603898114,0.02593779837885898,0.2531534343383487,0.18764737835702072
4,51.01010101010101,2.553575588751291,1.4136519000117613,1.3203926188555906,0.7942489734959867,2.0843729355077163,2.932194905231878,0.07318170741158417,0.00952243111724991,0.012774214068500597,0.26313867537905816,0.09634996221411987,0.028191877473367006,0.047781309058247415,0.025883102949079275,0.25286281154273405,0.18786321572712755
4,51.515151515151516,2.558360132044282,1.4136842794574003,1.317417223315592,0.792406179467568,2.0839433953681916,2.9326231785416157,0.07316709869401286,0.00949895942292268,0.012795683511090233,0.26358482648789205,0.09614096227485418,0.028196470607456798,0.04768008071235473,0.025828533948238967,0.252579286547435,0.18807867156459757
4,52.02020202020202,2.563115337702575,1.413726536256389,1.3144525739469328,0.7905675360675087,2.083516309389636,2.9330444342087345,0.07315310106975229,0.00947558597595599,0.012817009114413731,0.2640279579343513,0.09593214457539023,0.02820119167408615,0.04757905623232708,0.025774093456854,0.2523025434448031,0.18829372060435814
4,52.525252525252526,2.567841655431917,1.4137785659917401,1.3114986056887197,0.7887330450434232,2.083091635150213,2.9334589966305513,0.07313970709003621,0.009452309975347885,0.01283819310594469,0.2644681181625677,0.09572352316826882,0.02820604202301542,0.04747824086496823,0.02571978377502803,0.25203226753567715,0.18850833019904395
4,53.03030303030303,2.5725395126213213,1.413840265246554,1.3085552549301114,0.7869027084778824,2.0826693326912444,2.9338671682095887,0.07312690945528182,0.00942913064159849,0.012859237610418368,0.26490535308556606,0.0955151107847775,0.028211022772862752,0.04737763917812532,0.025665606872311886,0.2517681624517776,0.1887224739271091
4,53.535353535353536,2.577209321774948,1.4139115315413489,1.3056224589566146,0.7850765283847206,2.0822493636031694,2.934269236679428,0.07311470098475828,0.009406047212044123,0.012880144680180474,0.26533970700395726,0.09530691949368432,0.028216134904559743,0.04727725542627423,0.02561156456687046,0.25150994517255965,0.18893612795317694
4,54.04040404040404,2.5818514549176856,1.4139922634762354,1.3027001557584177,0.7832545055981184,2.0818316928499043,2.9346654465255178,0.07310307469603991,0.009383058939275216,0.012900916244410058,0.2657712207544799,0.09509896098232844,0.028221379040829723,0.047177093462709,0.025557658783878234,0.25125735925310105,0.18914928614818916
4,54.54545454545455,2.5864663041161267,1.4140823603667032,1.2997882842831003,0.7814366421578021,2.081416284276353,2.9350560662723444,0.07309202360661356,0.009360165089856147,0.01292155424403777,0.266199936267249,0.09489124616787262,0.02822675598046345,0.047077157039466695,0.02550389105056227,0.2510101428412922,0.18936192484455158
4,55.05050505050505,2.5910542391035767,1.4141817224844704,1.2968867841573772,0.7796229395168675,2.0810031036636807,2.935441341223576,0.07308154086747325,0.00933736494268432,0.012942060544783866,0.2666258934654874,0.09468378560891945,0.028232266330716408,0.04697744964396214,0.0254502629033458,0.250768050715549,0.18957402777048435
4,55.55555555555556,2.5956156197672695,1.414290250975725,1.2939955956919438,0.7778133989769025,2.0805921177602618,2.935821507276544,0.07307161971970537,0.009314657787541604,0.012962436968498626,0.26704913124810203,0.09447658949038854,0.028237910620570843,0.046877974582640314,0.02539677580867677,0.2505308475197902,0.1897855788979426
4,56.06060606060606,2.6001507601706386,1.4144078481581883,1.2911146606511381,0.7760080216682764,2.080183298134013,2.936196752139194,0.07306225367821333,0.009292042958611371,0.012982685080705119,0.2674696836325668,0.09426966623653689,0.02824368887306918,0.04677873444324753,0.025343430736870894,0.25029832586272416,0.18999658590491073
4,56.56565656565657,2.6046600016115584,1.4145344169031548,1.2882439206231733,0.7742068085420123,2.0797766133307274,2.9365672939741363,0.07305343615709634,0.009269519765832296,0.013002806619789958,0.2678875876106632,0.09406302537995594,0.028249601472292565,0.046679732224710335,0.025290229035969523,0.25007026886545036,0.1902070332440381
4,57.07070707070707,2.6091436652669655,1.4146698610280368,1.2853833180401755,0.7724097603488678,2.0793720339466524,2.936933330362358,0.07304516071163605,0.00924708753907589,0.013022803217591607,0.26830287806915365,0.09385667573049085,0.02825564860060112,0.04658097062539574,0.02523717186992921,0.24984647405743288,0.19041691295034505
4,57.57575757575758,2.6136020625980154,1.4148140852041844,1.282532795927151,0.7706168776245509,2.0789695315063,2.9372950494725667,0.07303742098450616,0.009224745618204253,0.013042676459894225,0.2687155889152045,0.09365062579871368,0.02826183036169733,0.0464824522147672,0.02518426034547894,0.24962674784461822,0.19062621815871117
4,58.08080808080808,2.6180354760759417,1.4149669951206398,1.2796922993196036,0.7688281618951094,2.078569081234009,2.9376526108022505,0.0730302108353053,0.009202493387835279,0.013062427749451586,0.269125750277508,0.09344488176712372,0.028268146511089488,0.046384178551297714,0.0251314948738015,0.24941091657810102,0.19083495511288948
4,58.58585858585859,2.6224441954937645,1.41512849716312,1.2768617727513847,0.7670436136278691,2.0781706569699328,2.9380061816911707,0.07302352410191414,0.009180330214987452,0.013082058556924873,0.26953339364035017,0.09323945107921996,0.028274596953699216,0.046286151749146305,0.025078876291174803,0.24919880535970929,0.19104312107243324
4,59.09090909090909,2.626828502124647,1.4152984985475277,1.2740411613843576,0.7652632331813036,2.0777742334248144,2.938355921437987,0.07301735470589535,0.009158255477094143,0.013101570308878218,0.26993854956742747,0.09303434081530886,0.028281181523489775,0.046188373774034154,0.025026405347613644,0.24899024705240458,0.19125071424571546
4,59.5959595959596,2.6311886667677196,1.4154769073324323,1.2712304111683113,0.7634870209563429,2.077379786480579,2.9387019793691924,0.07301169666628128,0.009136268565954198,0.013120964372418975,0.270341247398876,0.09282955745650724,0.028287899954278876,0.04609084634379271,0.02497408263008255,0.2487850832477029,0.19145773519499673
4,60.101010101010104,2.6355249459408405,1.415663632406542,1.2684294691214968,0.7617149775392711,2.076987293630722,2.9390444910023943,0.07300654412398985,0.009114368895528172,0.01314024205670562,0.2707415147771641,0.09262510663932007,0.028294751855272582,0.04599357067756567,0.024921908572449546,0.2485831676799877,0.19166418776956334
4,60.60606060606061,2.6398375918912222,1.415858583451497,1.2656382826666959,0.7599471033175285,2.0765967327577104,2.939383588194199,0.07300189127880037,0.009092555884314804,0.013159404641374191,0.2711393789219101,0.09242099388245494,0.02830173680649413,0.045896548011041774,0.024869883561136463,0.24838435844239248,0.19187007529883462
4,61.111111111111114,2.6441268524971697,1.4160616709337746,1.2628567996606013,0.7581833985120119,2.0762080821594906,2.9397193990690327,0.07299773239072763,0.009070828956153576,0.01317845337727594,0.271534866600462,0.09221722455513748,0.028308854358378436,0.045799779570257174,0.024818007931879504,0.2481885180262083,0.19207540068565987
4,61.61616161616162,2.648392967414463,1.4162728061074092,1.2600849686807571,0.7564238633640993,2.0758213210400234,2.9400520441516713,0.07299406180531934,0.00904918754787242,0.01319738947692883,0.27192800361396585,0.09201380356365094,0.02831610399576497,0.045703266344260945,0.024766281926038188,0.24799551626666486,0.1922801679485021
4,62.121212121212125,2.6526361640927307,1.416491901033152,1.2573227385432433,0.7546684973966463,2.0754364294552494,2.9403816312354882,0.07299087394796148,0.009027631100612887,0.013216214113463411,0.27231881486682225,0.09181073602788682,0.028323485121806474,0.04560700936017609,0.024714705921660626,0.24780523410148528,0.19248438242804983
4,62.62626262626263,2.6568566654571617,1.4167188685296397,1.254570058686352,0.7529173001884386,2.0750533880179405,2.9407082644686167,0.07298816331199683,0.009006159065345807,0.013234928432571997,0.27270732465625414,0.09160802669269735,0.028330997107189327,0.04551100949252611,0.024663280198957055,0.24761755677660988,0.19268804945995704
4,63.131313131313135,2.6610546949120573,1.416953622139144,1.2518268794052776,0.7511702718608194,2.0746721776938015,2.9410320502484626,0.0729859244503013,0.008984770906189375,0.013253533560905811,0.2730935568729115,0.09140567956569867,0.028338639323005264,0.04541526734687108,0.024612004794982472,0.2474323694290681,0.19289117348846538
4,63.63636363636364,2.6652304684269077,1.41719607616365,1.2490931513681893,0.7494274121760595,2.07429278003772,2.941353087722052,0.07298415198353882,0.008963466093127866,0.013272030597339654,0.2734775347723831,0.09120369864730672,0.028346411094769607,0.045319783501857745,0.024560879788597834,0.24724956413545776,0.19309375930651185
4,64.14141414141415,2.6693841979711936,1.417446145639145,1.2463688257636472,0.7476887208553888,2.073915177043325,2.9416714728110156,0.07298284059376314,0.008942244104042502,0.013290420619288408,0.2738592811236907,0.09100208770118572,0.028354311725716723,0.04522455843638275,0.024509905207407402,0.24706903688724594,0.19329581142759955
4,64.64646464646465,2.673516092085851,1.4177037463254996,1.2436538542887288,0.7459541975893025,2.0735393510901057,2.9419872988242415,0.07298198502171685,0.00892110442439281,0.013308704685225896,0.2742388182626681,0.09080085026680487,0.028362340502616504,0.04512959253620342,0.02445908103007332,0.24689068710758033,0.19349733392903357
4,65.15151515151516,2.6776263528975828,1.4179687947285229,1.2409481890664298,0.7442238418457496,2.0731652851228413,2.942300653040409,0.07298158007336089,0.00890004654556249,0.013326883824191999,0.2746161679181532,0.0905999897576542,0.028370496667619073,0.04503488614027825,0.024408407219039283,0.24671441992606669,0.19369833144548654
4,65.65656565656566,2.681715131950683,1.4182412084945406,1.2382517817442702,0.7424976503383511,2.072792965520497,2.942611566632313,0.072981620733272,0.008879069947743715,0.01334495887465825,0.27499134840793843,0.09039951055116507,0.0283787789967956,0.044940440047074696,0.02435788410531224,0.24654018038353587,0.1938988234803569
4,66.16161616161617,2.685782648303915,1.4185209053371843,1.23556458581908,0.7407756237144507,2.0724223743682018,2.942920148431394,0.07298210185696546,0.008858174143742273,0.013362930916943279,0.2753643821982567,0.09019941517116782,0.028387186928354298,0.044846254208538515,0.02430751138608384,0.24636786182795106,0.19409880624306391
4,66.66666666666667,2.6898290910544955,1.4188078039141714,1.2328865546757275,0.7390577609944027,2.072053495807483,2.9432264744562797,0.07298301842262533,0.008837358641847953,0.01338080091708345,0.2757352896950699,0.08999970666150472,0.028395719632076898,0.04475232883179681,0.024257288965226498,0.24619738145031225,0.19429828419935655
4,67.17171717171718,2.6938546470828326,1.4191018235713846,1.2302176421155098,0.7373440611258519,2.071686314208804,2.9435306193117405,0.07298436545788914,0.008816622955717848,0.013398569828748945,0.27610409103294986,0.0898003879442342,0.028404376274647283,0.04465866408227045,0.024207216723310925,0.2460286587332277,0.19449726112712226
4,67.67676767676768,2.6978595015436553,1.41940288433348,1.22755780234268,0.7356345229894744,2.0713208141239314,2.943832656710324,0.07298613803735529,0.008795966604027565,0.013416238595468742,0.2764708061233268,0.08960146183412218,0.02841315602470073,0.04456526009118198,0.02415729452060748,0.24586161503001377,0.1946957399856031
4,68.18181818181819,2.70184383835714,1.419710906894492,1.2249069899509777,0.7339291454047179,2.070956980238303,2.94413265999399,0.07298833128009045,0.008775389110122421,0.013433808152855607,0.27683545470273785,0.08940293105313359,0.02842205805787314,0.04447211696306371,0.024107522200087477,0.24569617314379427,0.19489372278461142
4,68.68686868686869,2.7058077939925074,1.4200258130452554,1.22226516003835,0.7322279256896823,2.070594801240811,2.944430651149949,0.07299094052124512,0.008754890011608589,0.01345127924420747,0.2771980524662374,0.08920479794362882,0.028431081083236213,0.04437923458813771,0.024057899611065525,0.24553229276372873,0.195091227056807
4,69.1919191919192,2.7097515214751486,1.420347525070002,1.2196322680191534,0.7305308616330377,2.070234264449007,2.9447266713733002,0.0729939610727971,0.00873446884648731,0.013468652676515579,0.27755861643930263,0.08900706489257597,0.028440223999197857,0.04428661291517175,0.024008426584131878,0.24536992128320778,0.19528826314896788
4,69.6969696969697,2.713675211826951,1.4206759655410452,1.2170082695531852,0.7288379521482592,2.0698753540044406,2.9450208046899653,0.07299738814296802,0.008714125148347837,0.013485929406393657,0.2779171667819596,0.08880973448117864,0.02844948611321875,0.044194252046505886,0.023959102924895944,0.2452089772963642,0.19548482664442463
4,70.20202020202021,2.717579029451808,1.421011057918265,1.2143931207109016,0.7271491952639838,2.069518056285507,2.9453131066844165,0.07300121707642022,0.00869385845987393,0.013503110282168282,0.27827372138014006,0.08861280907939251,0.028458866479721543,0.04410215197357159,0.023909928445759045,0.24504940015841353,0.19568092137527848
4,70.70707070707071,2.721463137065161,1.4213527263111623,1.2117867778928721,0.7254645888862576,2.0691623578101392,2.945603631970279,0.0730054432606668,0.00867366832729425,0.01352019614374947,0.27862829794225974,0.08841629101806084,0.028468364155561567,0.04401031268649502,0.023860902958115944,0.2448911308035123,0.19587655060452885
4,71.21212121212122,2.7253276960038435,1.4217008954711596,1.2091891978168061,0.7237841307986643,2.0688082452033787,2.9458924345120603,0.07301006212425466,0.00865355430007215,0.013537187824131346,0.2789809140322726,0.08822018260223656,0.028477978203218453,0.04391873418084773,0.023812026275436306,0.24473411146302546,0.19607171695972875
4,71.71717171717172,2.729172862510558,1.4220554908164809,1.206600337733477,0.7221078188070548,2.068455705664628,2.9461795638279082,0.0730150691566399,0.008633515936728061,0.013554086126792517,0.2793315865993209,0.0880244858321975,0.0284877076491122,0.04382741631748077,0.023763298137723633,0.24457828862330552,0.19626642380882586
4,72.22222222222223,2.732998730006871,1.4224164388941407,1.204020158713961,0.7204356528244867,2.06810473413949,2.9464650059249355,0.07302046021912247,0.008613552892947744,0.013570891479724628,0.27968032475282456,0.08782919820235965,0.028497550839788995,0.04373635671106883,0.02371471708103643,0.24442365945045785,0.1964606959869063
4,72.72727272727273,2.736805481092916,1.4227836661446316,1.2014486170109593,0.7187676294223215,2.0677553144576786,2.9467488388381153,0.07302623072559594,0.008593664690174313,0.013587604845114563,0.28002714876554585,0.08763432372972267,0.02850750713618015,0.043645556273178884,0.023666283403335528,0.2442701494326869,0.19665452538333397
4,73.23232323232324,2.7405932606375654,1.4231570999238046,1.1988856712800535,0.7171037464003628,2.0674074350927043,2.9470311027740475,0.073032376326298,0.008573850909115737,0.013604226959168877,0.28037207419682236,0.08743986372899731,0.02851757549852469,0.043555014575806184,0.023617996682744745,0.24411771448153904,0.1968479164548939
4,73.73737373737374,2.7443622114700092,1.4235366682088297,1.196331280554782,0.7154440015159962,2.0670610847374187,2.9473118366371645,0.07303889271532676,0.008554111135530958,0.013620758545448225,0.28071511635038493,0.08724581939521014,0.028527754884003265,0.04346473114947366,0.023569856471698854,0.2439663121759052,0.19704087348309782
4,74.24242424242425,2.7481124745430696,1.4239222995916827,1.1937854042419993,0.7137883924895824,2.066716252289775,2.9475910782015253,0.07304577562961359,0.008534444960142903,0.013637200315490742,0.2810562902890874,0.08705219180638508,0.028538044248296212,0.043374705484634596,0.023521862297163035,0.24381590159821215,0.19723340056033728
4,74.74747474747475,2.7518441890965173,1.4243139232726336,1.1912480021172323,0.7121369170098495,2.0663729268385906,2.947868864282608,0.07305302084789578,0.008514851978551514,0.013653552969435406,0.28139561084963616,0.08685898192622499,0.028548442547141673,0.04328493703307526,0.023474013660852337,0.24366644317061406,0.19742550157603733
4,75.25252525252526,2.755557478418613,1.4247114692237235,1.1887190333245397,0.7104895707615462,2.0660310978047898,2.9481452135485986,0.0730606242397182,0.008495331764514846,0.01366981722804399,0.2817330924470422,0.0866661920183273,0.028558948622415467,0.043195425698605905,0.023426310600205995,0.2435179106818392,0.197617183026561
4,75.75757575757576,2.7592524690831097,1.4251148679571177,1.1861984576903104,0.7088463500501495,2.065690754721246,2.948420149684407,0.07306858169814792,0.00847588390513334,0.013685993791740224,0.2820687493678417,0.08647382377943237,0.028569561356628338,0.04310617119045086,0.02337875294594412,0.243370274978099,0.19780845026159166
4,76.26262626262627,2.762929298828439,1.42552405042752,1.1836862362519678,0.7072072528668483,2.06535188713524,2.948693710864501,0.07307688911194352,0.008456508015031129,0.013702083324411116,0.2824025958974833,0.0862818775858635,0.028580279736352503,0.043017172762510686,0.02333134002185792,0.243223497268031,0.19799930595743714
4,76.76767676767678,2.766588095576409,1.4259389482752385,1.1811823297917396,0.7055722759902274,2.065014484822502,2.9489659244360786,0.07308554243798003,0.008437203697168187,0.013718086500129578,0.28273464602632936,0.0860903545686167,0.02859110268423513,0.04292842993313591,0.023284071468327013,0.24307754685715746,0.19818975424900265
4,77.27272727272728,2.7702289854320292,1.4263594937271762,1.1786866993737035,0.7039414160678181,2.0646785376883674,2.9492368165373253,0.07309453767299917,0.008417970557244709,0.013734003986692715,0.2830649135788051,0.08589925584797711,0.02860202912339218,0.04283994222029069,0.023236946937412475,0.2429323943507137,0.19837979917944207
4,77.77777777777779,2.7738520927877537,1.4267856195910145,1.1761993063350609,0.7023146696133781,2.0643440357541776,2.9495064121979957,0.07310387085278738,0.00839880820350489,0.013749836446374014,0.28339341222726544,0.08570858254199025,0.028613057978492857,0.04275170914496242,0.023189966095376404,0.24278801153984242,0.19856944469789362
4,78.28282828282829,2.777457540317528,1.4272172592584635,1.1737201123654273,0.7006920331217776,2.0640109692750164,2.949774735413146,0.07311353805320818,0.008379716250527101,0.013765584525418179,0.2837201553799391,0.08551833564074932,0.028624188171824053,0.042663730193437784,0.023143128573528387,0.24264437165606945,0.19875869454779865
4,78.7878787878788,2.7810454472065667,1.4276543468536316,1.1712490809952218,0.6990735050667428,2.0636793309601877,2.9500418087869416,0.07312353542092463,0.008360694386835989,0.013781248663306718,0.284045154052854,0.08532851373239875,0.028635418538985203,0.0425760041210314,0.023096433091788104,0.24250145552195013,0.1989475504034587
4,79.2929292929293,2.7846159340821486,1.4280968168302,1.168786173732027,0.6974590807471529,2.0633491102070987,2.9503076548093956,0.07313385909135349,0.00834174220010687,0.013796829586568105,0.2843684223989817,0.08513911888872226,0.028646748049842012,0.042488530757100934,0.023049879724427416,0.2423592353069528,0.19913601666011263
4,79.7979797979798,2.7881691190885016,1.428544604297044,1.1663313532700696,0.6958487565845257,2.0630202978900427,2.9505722949750646,0.0731445052556514,0.00832285932273065,0.013812327897909411,0.2846899731177749,0.08495015176720994,0.028658175626057006,0.04240130950441901,0.02300346801317961,0.24221768787975095,0.19932409643087287
4,80.30303030303031,2.7917051191091815,1.4289976449204456,1.1638845825884536,0.6942425289270041,2.0626928850139494,2.9508357501561018,0.07315547014107623,0.008304045391169326,0.01382774419119194,0.2850098187467222,0.08476161298104194,0.028669700193109608,0.042314339759948784,0.022957197494064604,0.24207679095761592,0.19951179265467128
4,80.80808080808082,2.7952240498667154,1.4294558749186559,1.161445824946109,0.6926403940515451,2.0623668627062672,2.951098040701724,0.07316675001024245,0.008285300045926144,0.013843079051713532,0.2853279716699595,0.08457350310195952,0.02868132068117105,0.042227620916536694,0.022911067697751808,0.24193652300798255,0.19969910808942787
4,81.31313131313132,2.7987260260222464,1.4299192310564588,1.15901504387674,0.6910423481661089,2.0620422222088446,2.951359186537676,0.0731783411603765,0.00826662293151576,0.013858333056490884,0.2856444441268813,0.08438582266313568,0.028693036025979307,0.0421411523646053,0.02286507814992295,0.24179686315001483,0.1998860453052198
4,81.81818181818183,2.802211156171252,1.4303876506963569,1.1565922035983325,0.6894483876085986,2.061718954842705,2.951619202856802,0.07319023994728233,0.008248013673937973,0.013873506811097688,0.2859592482090861,0.08419857181415835,0.028704845130582756,0.0420549332420331,0.022819228307083543,0.2416577956778426,0.20007260716805156
4,82.32323232323233,2.805679549498285,1.4308610717204122,1.154177268475675,0.687858508596358,2.0613970520347396,2.9518781058809576,0.0732024427528608,0.0082294719095406,0.013888600902997403,0.28627239588397063,0.08401175077070193,0.028716746916472295,0.04196896275925686,0.02277351763983062,0.24151930402640195,0.20025879620293283
4,82.82828282828284,2.8091313190945644,1.4313394324891098,1.1517702027539327,0.6862727071043114,2.061076505326676,2.952135915740209,0.07321494596878567,0.008210997299173312,0.013903615878777661,0.2865838990106963,0.08382536003673625,0.02872874034912792,0.04188324035972862,0.02272794567391424,0.24138136775910715,0.20044461427773083
4,83.33333333333334,2.8125665741713255,1.4318226719234106,1.1493709711941502,0.6846909791711614,2.0607573063250797,2.9523926497599344,0.07322774603393975,0.008192589493397573,0.013918552300916568,0.2868937693307752,0.08363939986986091,0.02874082437843027,0.041797765332521476,0.022682511890859212,0.24124396961055936,0.20063006335438827
4,83.83838383838385,2.8159854230442813,1.4323107294673119,1.1469795388338841,0.683113320790371,2.060439446708555,2.9526483250522606,0.07324083941970363,0.008174248145172147,0.013933410727403103,0.287202018483275,0.08345387048080774,0.02875299796165314,0.04171253695635102,0.022637215764813385,0.24110709277587153,0.20081514520479687
4,84.34343434343435,2.819387973211923,1.4328035450826455,1.1445958709838864,0.6815397279131759,2.0601229182195113,2.952902958597086,0.0732542226293144,0.00815597290972917,0.013948191712172302,0.28750865801338166,0.08326877203485673,0.028765260064174722,0.04162755450021494,0.022592056762640506,0.24097072083156296,0.20099986140601808
4,84.84848484848486,2.8227743307772384,1.43330105925322,1.1422199331861704,0.6799701963722202,2.05980771271264,2.9531565665011756,0.07326789220027816,0.008137763445713037,0.013962895802430325,0.28781369932304696,0.0830841047072657,0.028777609653955958,0.041542817241904124,0.022547034367353086,0.24083483822682022,0.20118421349807933
4,85.35353535353536,2.826144587086999,1.4338032131708203,1.1398516904203202,0.6784047202598875,2.0594938233074105,2.9534091472555835,0.07328184476623527,0.008119619440904112,0.01397752347543034,0.2881171524941284,0.08289986979025737,0.028790045574674735,0.04145832483444026,0.02250214855593514,0.24069944187882614,0.20136820630683708
4,85.85858585858587,2.829498852924233,1.4343099482446575,1.1374911091064934,0.6768432960554748,2.059181241433394,2.953660724522432,0.07329607689764972,0.008101540546482067,0.013992075300503263,0.28841902930607993,0.08271606688800555,0.02880256687028431,0.041374076378158146,0.022457398586744812,0.24056451145876329,0.2015518394921659
4,86.36363636363637,2.8328372302340656,1.4348212064995458,1.1351381554346405,0.6752859192005927,2.0588699592708335,2.953911311722978,0.07331058523303866,0.00808352643143302,0.014006551805190112,0.28871934074361344,0.08253269625048848,0.028815172516573607,0.041290071193073895,0.022412784007480042,0.24043003394241155,0.20173511456354862
4,86.86868686868688,2.8361598200526172,1.4353369304590093,1.1327927958228954,0.6737325850512594,2.0585599690643575,2.9541609219463907,0.07332536644181697,0.00806557676732634,0.014020953512864734,0.28901809769774334,0.08234975812906896,0.028827861496404504,0.04120630860583827,0.022368304376198415,0.24029599671124788,0.20191803293140534
4,87.37373737373738,2.839466722553223,1.4358570631405398,1.130454996912372,0.672183288877035,2.0582512631175143,2.9544095679906226,0.07334041722380523,0.008047691228252423,0.014035280943017052,0.28931531097151986,0.08216725278054911,0.028840632800118587,0.041122787951249504,0.02232395926255036,0.240162387501207,0.2021005959102571
4,87.87878787878789,2.8427580370926537,1.436381548050852,1.1281247255619602,0.6706380258601548,2.0579438337873124,2.954657262403275,0.07335573430873749,0.00802986949076046,0.01404953461153631,0.28961099128576206,0.08198518047122526,0.028853485425943876,0.041039508573766065,0.02227974824901231,0.24002919435144207,0.20228280472188942
4,88.3838383838384,2.8460338574112303,1.436910329304747,1.1258019491891524,0.6690967913461785,2.057637674157632,2.954904012718643,0.07337131448107435,0.008012111237198256,0.014063714989454862,0.2899051486187494,0.0818035409423917,0.028866418312681292,0.04095646968494645,0.0222356707161406,0.23989641045809904,0.202464661363652
4,88.8888888888889,2.84929427770225,1.4374433514667386,1.123486635334758,0.6675595805305174,2.0573327771899925,2.9551498274692385,0.07338715454805929,0.007994416151421616,0.014077822554860654,0.2901977930397749,0.0816223340837586,0.028879430424280678,0.04087367054402978,0.02219172611224449,0.2397640280266542,0.2026461675363479
4,89.3939393939394,2.8525393961881442,1.4379805594562725,1.121178751405648,0.6660263882743623,2.057029135223595,2.9553947197257986,0.07340325132079398,0.007976783916254051,0.01409185782343809,0.2904889352000276,0.08144156032979102,0.028892520799575445,0.04079111056439232,0.02214791411194012,0.23963203464782967,0.20282732401722683
4,89.89898989898991,2.855769307293315,1.4385218987438049,1.1188782652317415,0.6644972095124496,2.0567267410728154,2.955638699333462,0.07341960165485914,0.007959214218951792,0.014105821281262847,0.29077858525621947,0.08126121978878922,0.02890568844266536,0.04070878908098739,0.0221042342664859,0.23950042121544465,0.2030081320687197
4,90.40404040404042,2.8589841045350415,1.4390673152735016,1.1165851448576802,0.6629720391045552,2.056425587623239,2.9558817757725064,0.07343620243496805,0.00794170674914454,0.014119713409469001,0.29106675326728826,0.08108131256307585,0.028918932363075432,0.040626705436429746,0.02206068613179665,0.239369178995907,0.20318859293376296
4,90.90909090909092,2.8621838805490354,1.439616755459021,1.114299358539099,0.6614508718357005,2.0561256678290936,2.956123958178729,0.07345305057458251,0.007924261198787757,0.01413353468435509,0.29135344919728967,0.08090183875075355,0.028932251575873803,0.04054485898189383,0.022017269268755555,0.23923829959789608,0.20336870784265254
4,91.41414141414143,2.8653687270553703,1.4401701661823507,1.1120208747800147,0.6599337024600778,2.0558269747303757,2.9563652553724045,0.07347014301664588,0.007906877262439986,0.014147285576933665,0.29163868289771344,0.08072279839831688,0.028945645101410507,0.04046324905493467,0.021973983228589292,0.23910777506533748,0.20354847797556078
4,91.91919191919193,2.8685387333749532,1.4407274948668938,1.1097496633699255,0.6584205268079334,2.0555295019487154,2.9566056760959576,0.07348747676148337,0.007889554645443251,0.014160966538950036,0.2919224635895168,0.08054419025833674,0.028959111955838477,0.04038187439620545,0.02193082717507079,0.23897760096809517,0.20372790334705002
4,92.42424242424244,2.8716939902339913,1.44128868927968,1.1074856927737267,0.6569113390145238,2.055233242436674,2.9568452284902143,0.07350504879559046,0.007872293043271177,0.014174578038264666,0.2922048011703085,0.08036601490652587,0.02897265117526316,0.04030073461321371,0.021887800831661624,0.23884776855627501,0.20390698562340054
4,92.92929292929294,2.8748345866625007,1.4418536976873282,1.105228932284731,0.6554061338135209,2.054938189508007,2.957083920565041,0.0735228561498581,0.007855092158531132,0.014188120529768207,0.29248570513794453,0.0801882721655919,0.02898626179597424,0.04021982897071066,0.02184490369832559,0.23871827119710204,0.2040857258038086
4,93.43434343434345,2.8779606108838696,1.4424224688075737,1.102979351425025,0.6539049059036012,2.0546443365497224,2.957321760095314,0.0735408958829946,0.007837951696205587,0.014201594463553131,0.29276518489163306,0.08001096181927787,0.02899994286005811,0.04013915672605665,0.021802135268323582,0.23858910255769808,0.20426412486982587
4,93.93939393939395,2.8810721503368955,1.44299495180523,1.1007369199441588,0.6524076499512247,2.054351677020675,2.9575587546418007,0.07355916508120723,0.007820871363623527,0.014215000284987048,0.29304324973361584,0.07983408361122835,0.029013693415493456,0.04005871712876172,0.02175949502764671,0.2384602565820183,0.20444218378960485
4,94.44444444444446,2.8841692916978316,1.443571096288152,1.0985016078178371,0.6509143605934136,2.0540602044501575,2.957794911572044,0.07357766085788371,0.007803850870431851,0.014228338434786025,0.2933199088708499,0.07965763724385581,0.02902751251624684,0.03997850942002614,0.0217169824544495,0.23833172746778764,0.20461990352214432
4,94.94949494949496,2.8872521209579824,1.4441508523191864,1.096273385035795,0.6494250320855276,2.0537699122715014,2.9580302377519576,0.0735963803563194,0.007786889930054886,0.014241609362108974,0.2935951715641243,0.07948162278460201,0.02904139923603491,0.03989853293314832,0.021674597198860855,0.23820351003132134,0.20479728426062896
4,95.45454545454547,2.8903207233790784,1.4447341703929504,1.0940522218534758,0.6479396587300624,2.053480794018667,2.9582647399618676,0.07361532074574402,0.007769988257880012,0.014254813509005126,0.29386904695281296,0.07930604017591249,0.029055352652019424,0.039818786972020175,0.021632338865956013,0.23807559921898364,0.20497432634979457
4,95.95959595959597,2.89337518346922,1.44532100141853,1.0918380889656336,0.6464582351739709,2.0531928434617237,2.9584984251905984,0.07363447921847649,0.007753145569994402,0.014267951299683916,0.29414154393423014,0.07913088889609116,0.029069371833563732,0.03973927072697898,0.021590206865531987,0.23794798976230044,0.20515103092148945
4,96.46464646464648,2.896415585099755,1.4459112967427332,1.0896309571451728,0.6449807558054692,2.052906054323816,2.9587313000942816,0.07365385299480494,0.007736361585696545,0.01428102316281458,0.29441267141697686,0.0789561686535692,0.029083455865656627,0.03965998344652339,0.021548200719436476,0.2378206768169943,0.20532739860009258
4,96.96969696969697,2.8994420114934534,1.4465050081363067,1.0874307973703392,0.6435072149732054,2.052620420380319,2.958963371217953,0.07367343932081195,0.007719636026560593,0.014294029523662611,0.2946824382327546,0.07878187913744733,0.029097603840677538,0.039580924375371175,0.021506319951053326,0.23769365570348944,0.2055034299705623
4,97.47474747474747,2.9024545452467954,1.4471020877899698,1.0852375808224939,0.6420376069874923,2.052335935456717,2.9591946450150015,0.07369323546806944,0.00770296861641425,0.014306970804219743,0.2949508531386882,0.07860802001813495,0.029111814858551573,0.039502092754438695,0.02146456408552064,0.23756692188553627,0.20567912557937051
4,97.97979797979798,2.905453268221055,1.4477024883182847,1.0830512788624855,0.6405719260878572,2.052052593430084,2.9594251276845664,0.07371323873346618,0.007686359080989669,0.014319847422590484,0.2952179248169786,0.07843459097515659,0.029126088024822715,0.039423487838471744,0.02142293265561506,0.23744047108425778,0.20585448593366384
4,98.48484848484848,2.9084382575208605,1.448306162997239,1.0808718623688205,0.6391101654060213,2.051770388338166,2.9596548195797427,0.07373344644299615,0.007669807137823197,0.014332659770207496,0.29548366179491603,0.0782615925351474,0.029140422386641215,0.039345109440077825,0.021381425376613902,0.23731430343077675,0.20602951144755421
4,98.98989898989899,2.9114095960846105,1.4489130651289939,1.078699303459287,0.6376523196805723,2.0514893140866164,2.9598837298918146,0.07375385594075526,0.007653312522572129,0.01434540827184807,0.29574807266231706,0.0780890238840919,0.02915481710061845,0.03926695650784349,0.02134004169008739,0.23718841253623554,0.2062042025858627
4,99.4949494949495,2.9143673637530605,1.4495231485727649,1.0765335740282207,0.6361983829592771,2.0512093646931095,2.9601118642451807,0.07377446459769997,0.0076368749666773615,0.014358093335026153,0.29601116589159554,0.07791688472205338,0.02916927129090075,0.03918902833096576,0.021298781150816928,0.23706279471257657,0.2063785597440602
4,100.0,2.917311639827663,1.450136367589363,1.0743746461579535,0.6347483492514648,2.0509305342154716,2.96033922823594,0.07379526980877485,0.0076204942036618714,0.014370715364493409,0.2962729498917069,0.07774517473865833,0.02918378408956772,0.03911132419802464,0.021257643317483765,0.23693744633340763,0.20655258328347204
5,0.0,0.5434217830047587,0.5374144784710697,0.4548487489516572,0.5338324999840185,0.5237518711182675,0.4898105068679483,0.5077185074989798,0.456217426909552,0.48610292241327285,0.5009534207815386,0.5259523553868867,0.5172099258690781,0.5288649672527416,0.5423458516082642,0.5428363779825572,0.5436284171084673
5,0.5050505050505051,0.9392766461599411,1.0740163974990724,1.0176805987936195,0.8005573367137937,1.4488574902281675,1.326718356512968,0.3149797378949754,0.22099796684395592,0.1714647689848674,0.31844418476963615,0.3152855142987307,0.24941154856495362,0.3370142435248748,0.2572291622377587,0.6141933078307238,0.5907962691059371
5,1.0101010101010102,1.1460596873411406,1.317768253460297,1.3059578302873278,0.9346255785925948,1.8646320783937265,1.783824138862344,0.21006172544057636,0.10992589994676374,0.0628567884746248,0.22726765646591887,0.2063252573857976,0.1257579547205015,0.22008028657481496,0.1274246357207645,0.6343024873677727,0.5929336414439481
5,1.5151515151515151,1.268423158295827,1.4301033500016482,1.4531858794134074,0.9998932551211862,2.0533755547782895,2.04227495562849,0.15347789639384893,0.05781194248353854,0.025783770102127325,0.18429498496380092,0.1518363808146462,0.06946324390242661,0.14985637471217006,0.06934710781060476,0.6319112576497082,0.5759590815578995
5,2.0202020202020203,1.3517718081595345,1.482577240854554,1.5280292549372172,1.0304423358312895,2.1395541257116975,2.197311381645607,0.1227599974213622,0.03345257983955874,0.013369023502265659,0.16560842224671934,0.12542682748007677,0.04419867576471261,0.10806183791774744,0.04385256308345141,0.6201008113336478,0.5516963048507034
5,2.5252525252525255,1.4158961005841624,1.5071688260119924,1.5654703199519358,1.0437327765213378,2.178441579731435,2.2978713109127016,0.10588149937834673,0.022093472301059174,0.00938133006760842,0.1589462672431525,0.11318118559379044,0.03308927035729209,0.08338213757797114,0.03295833579508066,0.6047276204841839,0.5254385413549268
5,3.0303030303030303,1.4696632204806934,1.5184586684188448,1.5833813676530037,1.0485291917342283,2.1950855551500146,2.3689917607114643,0.09646794310807863,0.0168014263874844,0.008236774400149978,0.15815244967587438,0.10796571292281264,0.02837856528739504,0.06894565392398795,0.028514722633908807,0.5883643857152279,0.4994876008811502
5,3.5353535353535355,1.517206024569304,1.5232580209473865,1.5909768865997909,1.0491834847247474,2.2011109288345945,2.4235583555813385,0.09112156130877568,0.01433109536699324,0.0080300792493594,0.16015048396187886,0.10617859691798733,0.02652833685756196,0.060614247979254736,0.026870723502617228,0.5721095164376491,0.4747886247995362
5,4.040404040404041,1.5605453225521013,1.5248286628883179,1.593066338056457,1.0478415211290708,2.202037835251222,2.468288876949427,0.0880134704578685,0.013168185324563292,0.008118915478605432,0.16340574220934206,0.10601966876295463,0.02593604929477048,0.05590666737761584,0.026410101922415795,0.5564079623285748,0.45167907544018526
5,4.545454545454546,1.60072806322109,1.5247695596538422,1.592194052634895,1.0455550848972441,2.2005388668300694,2.5067527611517035,0.08614931550015191,0.012608520478986548,0.008290975400907417,0.16715647051148635,0.10659758133662256,0.025881965309621155,0.05333928577011758,0.026427742374328794,0.541419614019079,0.430229452114471
5,5.050505050505051,1.6383372349070362,1.523881461012952,1.5897243734230582,1.0428362802540465,2.1979272883113223,2.540896928860468,0.08498341443675198,0.012325909062959075,0.008478460251381308,0.17102907665918685,0.10747598801445787,0.026046368918731046,0.052027022618497724,0.02662203313649707,0.5271829225758736,0.41039713795141475
5,5.555555555555556,1.673727527746889,1.522573011737858,1.5863981170685755,1.039932211900419,2.194854239907008,2.571821496121429,0.08421379381155815,0.012169969050450986,0.00866118510339447,0.17484496084919018,0.10844487513645196,0.026289488450624007,0.05144309740817976,0.026867735739098602,0.5136865950445396,0.39209511417561554
5,6.0606060606060606,1.707137322602454,1.5210560581263344,1.5826216759310276,1.036960437574369,2.191642790932402,2.6001775708764763,0.08367213380169451,0.012071840559918081,0.008834144209235967,0.17852323921835012,0.10940607776010783,0.026551804745294165,0.05127491754315195,0.027115432798589995,0.5009004506861077,0.3752221476662096
5,6.565656565656566,1.738743323475392,1.5194419294090913,1.578619762724797,1.0339756836614609,2.188451586777741,2.62637398006769,0.08326393902057744,0.01200022329944264,0.008996843389065841,0.18203155623477357,0.11031611410666575,0.026809069373185133,0.05133766129399473,0.027347425207895806,0.48878841049697896,0.359675741529524
5,7.070707070707071,1.7686877362660476,1.5177898672143555,1.5745173400100294,1.0310025675830523,2.1853563253186774,2.650686053329493,0.08293569916805468,0.01194096232841253,0.00914993828568344,0.1853612236207732,0.11115779642173175,0.027052199087119977,0.05152248135512,0.02755872068569801,0.4773137413580613,0.34535740983870555
5,7.575757575757576,1.7970917936942667,1.5161314036741984,1.570383495750192,1.0280512505205468,2.1823901288181893,2.673312682395699,0.08265700005815671,0.011887810428609263,0.009294283866455819,0.18851492555018984,0.11192649861894882,0.027278593335926964,0.05176590904643185,0.027749220765328434,0.46644096453140477,0.3321745333821893
5,8.080808080808081,1.824062982247838,1.514483468410601,1.566256258417245,1.0251253031556815,2.1795648311965836,2.694408048609465,0.08241031837719845,0.011837989440353655,0.009430650263528656,0.19150035944393695,0.11262320438247209,0.027488159399935427,0.05203124895269099,0.02792034668237946,0.45613651691205537,0.3200408771369294
5,8.585858585858587,1.8496987267955063,1.5128550292685734,1.5621559920990835,1.0222252818942585,2.1768814419169273,2.714098455715177,0.08218547699015451,0.01179029480250896,0.00955970597079805,0.19432722904121297,0.11325132116368682,0.027681753339872415,0.05229771406306528,0.028073867419344457,0.4463688300621235,0.30887646031265736
5,9.090909090909092,1.874088520348058,1.5112508089924956,1.5580932150470554,1.0193505160514902,2.1743358163030018,2.732492111710774,0.08197641405515174,0.011744176909572312,0.009682027125857227,0.19700571432801833,0.11381508985152025,0.027860481406404656,0.05255378074660127,0.02821144431349836,0.43710825672978165,0.29860723731734107
5,9.595959595959597,1.897315118699369,1.5096731619993105,1.5540727930631304,1.0164998534812217,2.171921379340278,2.7496844154774256,0.08177945781866715,0.011699378874067318,0.009798120413497957,0.19954581227509124,0.1143189264687607,0.028025471054479004,0.052793415131017124,0.028334543621788322,0.4283269335109116,0.289164696811534
5,10.101010101010102,1.919455293833108,1.5081230723564012,1.5500962671987364,1.0136719784313806,2.1696304827758897,2.76576099661841,0.0815923741500614,0.011655783248245385,0.009908438810198665,0.20195706973720662,0.1147671513027543,0.02817779782487759,0.05301389877371555,0.028444446191637787,0.4199986474443081,0.2804854639202145
5,10.606060606060607,1.9405804539942397,1.5066008553934633,1.5461634937133837,1.010865626620052,2.1674553386529007,2.780799958642915,0.0814136964211325,0.0116133042426768,0.010013392438778653,0.2042484169661135,0.11516381148758685,0.028318434447260767,0.053214295068180935,0.028542254757476793,0.41209871960810585,0.27251092806439403
5,11.111111111111112,1.9607570947664896,1.505106495070742,1.5422735011904058,1.008079637120292,2.1653884108175263,2.794873184905083,0.08124237952866278,0.011571862633101932,0.01011335628516262,0.20642813945714863,0.1155126499985593,0.028448258690742582,0.053394597535422736,0.02862893380825901,0.4046038937122784,0.2651868834255776
5,11.616161616161618,1.980047132958966,1.5036397587396837,1.5384248218116185,1.005312932080805,2.1634224859081397,2.8080470272576123,0.08107766625564723,0.01153139247879264,0.010208675336845484,0.20850392874217696,0.11581713962419264,0.02856807691644348,0.05355537006600693,0.028705347736408197,0.39749224047287046,0.2584632000023878
5,12.121212121212121,1.9985082166395791,1.5022002581928102,1.5346156642646611,1.0025645027260455,2.161550693899148,2.8203828154986197,0.0809190166827256,0.01149184256947378,0.01029966722898904,0.21048292834126545,0.11608051053133635,0.02867863531459652,0.05369756087273024,0.028772279305929238,0.3907430756485166,0.25229352490418583
5,12.626262626262626,2.016194045658317,1.5007875434218991,1.5308441399114396,0.9998334245284282,2.1597665962877626,2.8319374248069904,0.08076601422669585,0.011453163958849617,0.010386624547099568,0.2123717497011944,0.11630575026717323,0.02878061786639692,0.05382228452155722,0.028830435533711844,0.38433688437752095,0.2466350047025612
5,13.131313131313131,2.0331546488273964,1.4994011736301125,1.5271084330531575,0.9971188644736841,2.1580642303416577,2.8427637572173627,0.08061828999926239,0.011415302398499682,0.010469818706938833,0.2141765072752437,0.11649560963907225,0.028874649975834058,0.05393064988934947,0.028880459929786023,0.3782552497969083,0.24144802562759973
5,13.636363636363637,2.0494366353825195,1.4980407253717078,1.523406834632316,0.9944200647556551,2.1564380780230175,2.852911049693852,0.0804755062539021,0.011378203813020458,0.010549501547806175,0.21590285908385634,0.11665262877524177,0.028961308715431983,0.0540237130051583,0.02892294460534931,0.37248078627699027,0.23669597100388962
5,14.141414141414142,2.065083422089268,1.4967057741096672,1.5197377072846867,0.991736322963976,2.1548830041040166,2.862425089918251,0.08033736794865785,0.011341820812988875,0.010625906240381953,0.21755604961555738,0.11677916568279749,0.029041131252233145,0.054102499963022826,0.028958437647040793,0.36699707901602036,0.23234499859654584
5,14.646464646464647,2.0801354502522873,1.4953958940615055,1.5160994803160501,0.9890669867765961,2.1533942247670095,2.8713484542140977,0.080203620256996,0.011306111624430197,0.010699248690415176,0.21914094338275159,0.11687741096164198,0.029114616966835403,0.054168009723757245,0.02898744564501947,0.36178862854023525,0.22836383602432314
5,15.151515151515152,2.094630436027197,1.494110677240258,1.5124906850838493,0.986411456856044,2.1519673002136432,2.8797208225683724,0.08007402750111195,0.011271035513818218,0.01076972960299349,0.22066205589003593,0.11694939589035208,0.02918222833666061,0.05422117932547661,0.029010436939405276,0.3568407869427126,0.22472355207292996
5,15.656565656565657,2.1086034704158116,1.4928497300828245,1.5089099471984213,0.983769182224031,2.150598116344992,2.8875790811507627,0.07994837446007962,0.011236553933627838,0.010837534965160345,0.2221235690177431,0.11699700098495222,0.02924439327091956,0.05426288864279258,0.02902784382377279,0.3521397315355289,0.2213974626671798
5,16.161616161616163,2.122087292500865,1.4916126764959146,1.5053559906642453,0.9811396539351636,2.1492828539196824,2.8949576272511717,0.07982645865904127,0.01120263114518883,0.010902837661781083,0.22352936733590945,0.1170219731662228,0.02930151004885933,0.0542939506402801,0.02904006824215403,0.34767239283137114,0.21836087989584904
5,16.666666666666668,2.1351123183263634,1.4903991515882704,1.5018276207473975,0.9785224030454002,2.148017975120035,2.901888386162062,0.07970809655143514,0.011169234145521413,0.010965797677847977,0.22488304522676378,0.11702592910662049,0.029353947226959182,0.054315128452882555,0.029047481186658196,0.34342644625362057,0.2155910836871046
5,17.171717171717173,2.1477068761885136,1.4892088066249949,1.4983237317376512,0.9759169967177828,2.146800200417904,2.9084010784257037,0.07959311488223857,0.01113633246925729,0.011026563572900659,0.22618793737930268,0.11701036853821702,0.029402047395720537,0.05432712360209617,0.02905042734375235,0.3393902499401703,0.21306710683024735
5,17.67676767676768,2.1598974776456656,1.4880413040965446,1.4948432878048277,0.9733230322330747,2.145626467804412,2.914523501550365,0.0794813521985184,0.0111038978418568,0.011085274045118877,0.22744715683169686,0.11697669119679532,0.02944613041843207,0.0543305916115343,0.029049228211412436,0.3355527717557316,0.21076948733163664
5,18.181818181818183,2.1717087349426087,1.4868963184034714,1.4913853260384013,0.9707401393398856,2.1444939455409955,2.9202814407580364,0.07937265950142018,0.011071904106207137,0.011142057390599359,0.22866358218238064,0.11692619103831188,0.02948649212698819,0.05432614050809812,0.029044180670838856,0.3319036103739439,0.20868034659969012
5,18.68686868686869,2.183163621816784,1.4857735345631915,1.4879489471538723,0.9681679749206284,2.143399997540409,2.9256989484887317,0.07926689796046603,0.011040326959500515,0.011197033060605958,0.22983989320062095,0.1168600720525081,0.029523407834984482,0.05431433630275413,0.029035560763806333,0.32843292510092426,0.20678315153219856
5,19.191919191919194,2.1942836149506393,1.484672647278591,1.4845333091198254,0.9656062208973164,2.142342166388867,2.93079849343217,0.07916393819972631,0.011009143666908113,0.01125031243678942,0.2309785880293119,0.11677945583070673,0.02955713399842517,0.05429570771775181,0.029023625368893243,0.3251313953330135,0.2050625903949473
5,19.6969696969697,2.2050886739175386,1.4835933614598196,1.4811376293328986,0.9630545843523083,2.141318176102225,2.9356009405350045,0.07906365991819958,0.0109783332094589,0.011301998738872842,0.23208198075284586,0.11668538062115477,0.029587908138606487,0.05427074402942819,0.02900861217864805,0.32199022538692373,0.20350459118614186
5,20.202020202020204,2.2155974086922945,1.4825353911490848,1.47776117756528,0.9605127945589605,2.140325910848921,2.940125728691364,0.07896595086440068,0.010947876022711531,0.011352187977861142,0.2331522230077082,0.11657881089911179,0.029615950932012167,0.05423989994580587,0.028990741868556043,0.3190010977301614,0.2020961720088966
5,20.70707070707071,2.2258272276873994,1.481498458888145,1.4744032708851045,0.9579806001093526,2.1393633965015484,2.9443910286431185,0.07887070554371622,0.01091775389891996,0.011400969804656455,0.23419132297276155,0.11646064598494697,0.0296414682260937,0.05420359852663441,0.028970220223737554,0.3161561297521367,0.2008253107192399
5,21.212121212121215,2.235794320440305,1.4804822955342076,1.471063273518507,0.9554577692925869,2.138428802692543,2.9484137236677284,0.07877782570099438,0.010887949965149107,0.011448427388048722,0.23520114297486752,0.11633171897637162,0.029664650726461097,0.054162231672898714,0.028947237767586013,0.3134478781783859,0.19968096108647593
5,21.71717171717172,2.2455138039308657,1.4794866395204187,1.4677405914148145,0.9529440874387599,2.1375204246662833,2.9522095652132405,0.0786872192057185,0.010858448532569873,0.011494638241402014,0.2361834180756291,0.11619280509790288,0.029685675908956512,0.05411616354931418,0.02892197175363524,0.31086929661618734,0.1986529239366711
5,22.222222222222225,2.2549999126054563,1.4785112355253425,1.464434664180096,0.9504393537260406,2.1366366600085978,2.9557933736030026,0.07859879912481066,0.010829234849107187,0.011539675242779084,0.23713977949630824,0.1160446322261242,0.02970471035894072,0.054065736246878146,0.02889458850943394,0.30841367855987445,0.19773168257165366
5,22.72727272727273,2.264265626109036,1.477555836926925,1.4611449804701573,0.947943387601326,2.1357760544876485,2.9591786441944614,0.0785124857673052,0.010800295559961221,0.011583604608493673,0.23807170829819435,0.11588786006928446,0.029721905117968753,0.054011259207464454,0.028865238723780582,0.3060747680365348,0.1969087267264133
5,23.232323232323235,2.27332346413851,1.4766202007418063,1.4578710453135666,0.9454560145378904,2.134937204051943,2.962378388254495,0.07842820208726549,0.0107716177307021,0.011626490281410032,0.23898063457028204,0.11572312508542537,0.029737405718162926,0.05395303141608517,0.028834067733640046,0.3038465209413936,0.19617586292670536
5,23.73737373737374,2.282184708379819,1.475704092562043,1.4546124120746473,0.9429770800246265,2.134118850784001,2.9654043098317993,0.07834587820723704,0.010743189802245335,0.011668389629732667,0.23986784029838654,0.11555099646948572,0.02975134235000112,0.05389131971999154,0.028801205433522523,0.3017233388123977,0.1955258894587096
5,24.242424242424242,2.2908599527927094,1.4748072831421852,1.451368659984605,0.9405064395281169,2.1333198151904007,2.968267387831881,0.07826544815121605,0.010715000926112182,0.011709356487329063,0.24073452796654463,0.11537200736164734,0.029763836837130683,0.05382637398011555,0.028766773454283773,0.29969990192292434,0.19495212068792528
5,24.747474747474747,2.2993593800993586,1.4739295467179006,1.4481393829180018,0.9380439533953145,2.1325389622495003,2.9709781684557406,0.07818684817496506,0.01068704063596968,0.011749442678815891,0.24158185498235177,0.11518667055479458,0.02977500614886028,0.05375843460098703,0.028730888784636793,0.2977710847888543,0.19444814874203434
5,25.252525252525253,2.307692107600486,1.4730706650182317,1.444924216043427,0.9355894989511068,2.1317752819412594,2.973546073246657,0.07811002069527308,0.010659299626874062,0.011788694408645304,0.24241085204955085,0.11499544126462902,0.02978495408930476,0.05368771462525562,0.028693655198817038,0.29593215518714433,0.19400840846409984
5,25.757575757575758,2.3158669927376687,1.4722304225281857,1.4417228054969438,0.9331429591595507,2.131027794660813,2.9759802528362007,0.07803490960724296,0.010631768897442034,0.011827156391353585,0.24322251916475113,0.11479875927632203,0.029793781189396247,0.053614420245516006,0.028655172795953254,0.2941785243814466,0.1936274913510729
5,26.262626262626263,2.3238921916838486,1.4714086089663245,1.4385348231448336,0.9307042260503828,2.1302955996436137,2.978289117776441,0.07796146269895192,0.010604440143320775,0.011864869834602505,0.2440177764011137,0.11459702871259402,0.029801579558417484,0.05353874066783716,0.02861553357534354,0.2925058866648312,0.1933005151204437
5,26.767676767676768,2.331775351473176,1.4706050181437909,1.4353599601306501,0.9282731989469525,2.1295778542067825,2.9804805420624523,0.07788963066665797,0.01057730559458263,0.011901873347431894,0.2447974849061478,0.11439062709541158,0.029808435138137874,0.0534608524446161,0.028574823469814794,0.2909101529281769,0.19302296893729856
5,27.272727272727273,2.339523629314401,1.4698194478462858,1.4321979258937385,0.9258497837985851,2.1288737709934287,2.9825618834342467,0.07781936696910886,0.010550357983605135,0.011938203073880488,0.24556244970157937,0.11417990675783694,0.029814427980484753,0.05338092011502385,0.028533122688268218,0.2893874452316549,0.19279069586839248
5,27.77777777777778,2.347143807968432,1.4690516992593297,1.4290484442248017,0.9234338923048424,2.1281826049356756,2.984540106396396,0.07775062711771255,0.010523590429366955,0.011973893203382751,0.24631343303546507,0.11396520010426608,0.029819633599698386,0.05329909897737773,0.028490506833667387,0.2879340640743812,0.19259979209012149
5,28.282828282828284,2.3546420545214106,1.4683015782968112,1.4259112616222718,0.9210254441564214,2.1275036811761763,2.986421524995404,0.0776833701623536,0.010496996676420303,0.012008974776823134,0.24705112592982936,0.11374680805140365,0.029824120065816865,0.05321552938069247,0.028447044313338995,0.2865465534276577,0.19244682184159437
5,28.78787878787879,2.362024288596855,1.4675688934313031,1.4227861337510617,0.918624362092033,2.1268363515837154,2.9882121938622035,0.07761755646702352,0.010470570712462804,0.012043477648533536,0.24777619230986755,0.11352501918433205,0.0298279525662405,0.0531303457703403,0.028402800765024275,0.28522159384186074,0.19232849608590705
5,29.292929292929294,2.369295968211219,1.4668534570883025,1.4196728341616724,0.9162305762606225,2.1261800213995428,2.9899176818969386,0.07755314902700913,0.010444307012035713,0.012077429203275694,0.24848924207973913,0.11330009700959813,0.02983119060587244,0.05304367103888158,0.028357835981875017,0.2839560626299563,0.192241862912786
5,29.7979797979798,2.376462201964102,1.4661550848869487,1.4165711493422002,0.9138440212949205,2.1255341349563706,2.9915431901064657,0.07749011278861613,0.010418200398048996,0.012110855058460672,0.2491908455201061,0.11307228724403968,0.029833889516195488,0.05295561969740977,0.028312205688573195,0.28274699916822005,0.1921842106550041
5,30.303030303030305,2.3835277827241783,1.4654735954266993,1.4134808775306489,0.9114646359175224,2.1248981718301985,2.9930935873435156,0.07742841446030001,0.010392246010044093,0.012143779246001166,0.24988153717505915,0.11284181949840963,0.029836100869474344,0.05286629865470513,0.028265961941121756,0.2815915932774216,0.19215304049126047
5,30.80808080808081,2.3904972063482317,1.464808810191851,1.4104018286516118,0.9090923636904331,2.1242716454700457,2.994573430986747,0.07736802242836657,0.010366439306309462,0.012176224264819489,0.250561817252062,0.11260890723505339,0.029837872638333214,0.05277580729585493,0.028219153097803346,0.28048717817707786,0.19214605264503834
5,31.313131313131315,2.397374686753009,1.4641605535167537,1.4073338230791992,0.9067271517845424,2.123654100831978,2.9959869818761913,0.07730890664777759,0.010340776020462935,0.012208211155791493,0.2512321540655928,0.11237374948391561,0.029839249421846424,0.05268423834796084,0.02817182416642663,0.2794312243110544,0.19216113446851338
5,31.81818181818182,2.4041641216463026,1.4635286525128988,1.4042766919687248,0.9043689496627364,2.1230451169971953,2.9973381663681327,0.07725103883831323,0.010315252184229289,0.012239759512451674,0.25189298118941333,0.11213653109742609,0.029840272209735494,0.05259167731851748,0.028124017095705018,0.27842134625189724,0.1921963917344944
5,32.323232323232325,2.4108692375796776,1.4629129366047986,1.4012302739891966,0.9020177108257607,2.1224442931597354,2.998630733414364,0.07719439167983165,0.010289864022434664,0.012270887934969945,0.25254471192463135,0.11189742618304575,0.0298409798300014,0.0524982051874486,0.028075771232388375,0.2774552607543012,0.1922500254743594
5,32.82828282828283,2.4174935579847565,1.4623132375330175,1.3981944154446297,0.8996733913636361,2.1218512509837577,2.999868218916948,0.07713893898413814,0.01026460796249249,0.012301614006558693,0.253187736784656,0.11165659848094038,0.029841408718700817,0.05240389808277121,0.02802712356351727,0.27653079327132724,0.19232036104170386
5,33.333333333333336,2.424040440161791,1.4617293891678438,1.395168969090311,0.8973359497670085,2.1212656305887636,3.001053985172857,0.07708465548748383,0.010239480600355639,0.012331954459556562,0.25382242758544366,0.11141420292412209,0.029841593344755148,0.0523088281133667,0.02797810904705668,0.275645865571281,0.1924058179024701
5,33.83838383838384,2.4305126631810268,1.461161229542502,1.3921538064565648,0.8950053475162922,2.120687135228988,3.002190779042064,0.0770315191994032,0.010214479052235536,0.012361923306721513,0.2544490919342546,0.11117036968577297,0.02984156148405475,0.05221305459564469,0.02792875720768579,0.27479861306318787,0.19250526699749887
5,34.343434343434346,2.436913279298731,1.4606085966044924,1.3891487919802559,0.8926815471439995,2.1201154386998913,3.0032816439022536,0.07697950655602687,0.010189600217107499,0.0123915357275625,0.25506806752101513,0.11092523786884621,0.029841344018484435,0.05211664238514179,0.027879099359665146,0.273987136935572,0.19261729760594545
5,34.84848484848485,2.4432451061908207,1.4600713307194615,1.3861537981950418,0.8903645129698816,2.119550240374957,3.0043293752749145,0.07692859531330114,0.010164841210384554,0.012420805767919447,0.255679666055041,0.11067893584419294,0.02984096911472696,0.05201965106136186,0.027829164413928933,0.27320964909887,0.1927406572679134
5,35.35353535353536,2.4495108524518967,1.4595492740289597,1.3831687017916796,0.8880542105907634,2.1189912514591116,3.005336654978854,0.07687876383405776,0.01014019925192463,0.012449746922052467,0.2562841872544568,0.1104315864460174,0.029840463680784492,0.051922137692569766,0.027778980003974267,0.2724644341141791,0.19287414515952986
5,35.85858585858586,2.4557124606228906,1.4590422738839317,1.3801934072466242,0.8857506147121839,2.118438270815101,3.006305353225195,0.07682999496981179,0.010115672352175737,0.012478368842276578,0.2568818417422379,0.11018327464454683,0.029839845392197816,0.05182414063715013,0.027728565259142805,0.27175004351570775,0.19301717940196833
5,36.36363636363637,2.461852448900888,1.4585501758036081,1.3772277986993786,0.8834536933654913,2.1178910304377,3.007237953906331,0.07678226815904715,0.010091257917605755,0.012506684045470395,0.25747290816177937,0.10993411337271217,0.029839138954748552,0.05172571252418308,0.027677945516938997,0.27106489440280473,0.19316864339818993
5,36.86868686868687,2.467933042717375,1.4580728280135777,1.374271771097415,0.8811634181087395,2.117349295563134,3.008136631948639,0.07673556455300942,0.010066953654625581,0.012534703570992102,0.25805763137984195,0.10968420094381214,0.02983836557489867,0.051626898893337575,0.027627142809057106,0.2704075266686344,0.19332763523752966
5,37.37373737373738,2.473956371445957,1.4576100804035017,1.3713252231396473,0.8788797617052003,2.116812842062062,3.00900346220691,0.07668986586314744,0.010042757365798599,0.012562437963247502,0.2586362454673471,0.10943363071477198,0.02983754534223433,0.05152774302318846,0.02757617802279306,0.26977654281186725,0.1934932999541439
5,37.87878787878788,2.47992395017657,1.4571617871167823,1.3683880722427684,0.8766026982187486,2.1162815102465258,3.00983986508301,0.0766451571141566,0.010018667363735018,0.01258989510003549,0.25920891889714986,0.10918247147347382,0.029836691423572512,0.05142827526652879,0.027525066823855953,0.26917076679791824,0.19366526520754979
5,38.38383838383839,2.485837750086898,1.4567278011482367,1.3654602230642712,0.8743322018627833,2.115755092984683,3.010647750752172,0.07660142093116722,0.009994681599131259,0.012617084740563932,0.2597758684660574,0.10893080888901142,0.029835822122257882,0.051328535375549024,0.027473828340937975,0.2685889120599456,0.1938427445360352
5,38.88888888888889,2.491699488114448,1.456307977903756,1.3625415881980822,0.8720682474335223,2.115233409730344,3.0114287594941307,0.07655864132617068,0.009970798234090321,0.012644015528093487,0.2603372839029046,0.10867871833389649,0.02983495289695544,0.05122855778265274,0.027422479495348734,0.2680297995303293,0.19402513454259537
5,39.3939393939394,2.4975107916402592,1.4559021743561664,1.3596320832332782,0.8698108099647588,2.1147162891964806,3.012184437572648,0.07651680281664848,0.009947015505250595,0.012670695700275446,0.26089334550294757,0.10842627142916193,0.029834098228076474,0.0511283750843727,0.027371036384471244,0.2674923053945937,0.19421187798258502
5,39.8989898989899,2.5032729945419363,1.455510250526664,1.3567316386587842,0.867559875018703,2.1142035988286567,3.0129160274920963,0.0764758917407209,0.009923332077922873,0.01269713151313773,0.26144419456116463,0.10817351780801679,0.029833268564600106,0.05102801064241334,0.027319509712806604,0.2669754355369676,0.19440263231900784
5,40.40404040404041,2.508987578483344,1.4551320663434941,1.353840175183949,0.8653154182578423,2.113695182602202,3.0136249232410934,0.0764358934575211,0.009899746315590851,0.012723330517418472,0.2619899958288706,0.10792052267066615,0.02983247678706892,0.05092749400715098,0.027267914141346387,0.266478163170237,0.1945969080583459
5,40.909090909090914,2.5146558816188045,1.4547674837267681,1.350957620307567,0.8630774194028721,2.1131909025099462,3.014312370120731,0.07639679420841272,0.009876256771735018,0.012749299360202986,0.26253089587130585,0.10766734149943256,0.029831733902917334,0.05082685058233924,0.027216261976546446,0.2659995347285979,0.19479430926534438
5,41.41414141414142,2.520279173406834,1.454416366061517,1.348083904272991,0.8608458590061908,2.112690628230607,3.014979542091592,0.07635858064895136,0.009852862070800522,0.012775044322539935,0.2630670334487046,0.1074140261780116,0.029831050122940794,0.05072610416277015,0.027164564685583606,0.2655386416960976,0.19499447313891297
5,41.919191919191924,2.525858591909004,1.4540785783347845,1.3452189633670535,0.8586207209208067,2.1121942441073136,3.0156274779990007,0.0763212402582823,0.009829560980268194,0.012800571121606368,0.26359853225413277,0.10716062067130976,0.029830434105787725,0.050625274622817976,0.027112832053861204,0.2650946506343,0.19519711198883122
5,42.42424242424243,2.531395293171895,1.4537539866909794,1.3423627324498357,0.856401987045115,2.111701632435399,3.0162572344970915,0.07628476039176028,0.009806352241506411,0.012825885439300395,0.26412551821363683,0.10690717091258004,0.029829894763717085,0.05052438310294633,0.027061074166659878,0.2646667325056728,0.19540191212724067
5,42.929292929292934,2.536890358395024,1.4534424586649615,1.3395151498003746,0.8541896409211499,2.111212683897382,3.0168697914587934,0.07624912888299958,0.009783234677726713,0.012850992608898722,0.26464810865459626,0.10665371840770473,0.02982944013524031,0.050423448633591016,0.027009300140913923,0.2642541066782322,0.1956085966214327
5,43.43434343434344,2.5423448240917303,1.453143863070984,1.3366761557085065,0.8519836668371611,2.110727294212975,3.0174660830700724,0.07621433385914461,0.009760207161229937,0.012875897729237308,0.2651664157590163,0.10640030210768762,0.029829077747159177,0.05032248910702599,0.026957518507229307,0.26385602669661684,0.19581690484011705
5,43.939393939393945,2.547759580760988,1.4528580702413336,1.3338456924092523,0.8497840452637611,2.110245371388203,3.0180468848617976,0.07618036417204652,0.009737268628933704,0.01290060545046223,0.2656805390819577,0.10614695965392239,0.029828813820728096,0.05022152085748709,0.02690573779694961,0.26347181809523573,0.1960266669897877
5,44.44444444444445,2.5531355916994416,1.4525849514229618,1.33102370350818,0.8475907615927676,2.109766819295806,3.0186130565022107,0.07614720844619803,0.009714418033104988,0.012925120492985772,0.2661905824535086,0.10589372590920439,0.02982865506666682,0.050120559947857767,0.02685396561289641,0.2631007947784618,0.19623764425861015
5,44.949494949494955,2.558473747479632,1.4523243791324576,1.3282101340150765,0.8454037997830022,2.109291548214163,3.019165379770671,0.07611485570208214,0.009691654366386956,0.012949447331323777,0.26669664310764707,0.1056406345330861,0.029828607531576116,0.050019621496524426,0.026802209415060167,0.26274231365240075,0.19644963567658968
5,45.45454545454546,2.563774907865121,1.4520762270199725,1.3254049300763155,0.8432231437898466,2.1088194715118935,3.0197046048140272,0.07608329516916107,0.00966897664883126,0.01297359030616839,0.26719881508554877,0.10538771796937026,0.029828676959499742,0.049918720007098044,0.026750476417204055,0.26239575812497534,0.19666244778373332
5,45.959595959595966,2.569039761561682,1.4518403709676202,1.3226080434444454,0.8410487786489724,2.108350521475521,3.0202313007218637,0.07605251693800999,0.009646384038557788,0.012997552784639039,0.2676971734848753,0.10513500071395766,0.0298288669930306,0.04981786666402235,0.026698771750791345,0.2620605884000051,0.19687600683223688
5,46.46464646464647,2.574269118358398,1.4516166868060119,1.319819422052384,0.8388806880749928,2.1078846163114764,3.020746166554975,0.0760225105898636,0.009623875597252833,0.013021338899299833,0.26819180732371045,0.10488251346124475,0.029829182912877745,0.04971707505846742,0.026647102290549788,0.2617362346207458,0.19709012717704733
5,46.969696969696976,2.5794637072197872,1.4514050518934831,1.3170390164561145,0.8367188560285475,2.107421682925622,3.0212498162469754,0.0759932661370746,0.009601450449885538,0.013044952341687401,0.26868279686733365,0.10463028341026599,0.029829629050482476,0.04961635728565928,0.02659547401594505,0.26142216957814024,0.19730467248843964
5,47.47474747474748,2.5846242302331963,1.4512053446953468,1.3142667780858426,0.8345632662682086,2.106961650840587,3.0217428360166725,0.07596477376809378,0.00957910774092612,0.013068396680452598,0.2691702196915437,0.10437833687519407,0.029830209475226153,0.04951572501225826,0.02654389271067253,0.261117888460973,0.1975195135249112
5,47.979797979797986,2.589751264750491,1.4510174456041396,1.311502665813348,0.832413908340337,2.106504466327447,3.0222256857555334,0.07593702447007337,0.00955684679751051,0.013091674672679184,0.2696541364538931,0.10412668910041073,0.02983092647989902,0.04941518545223936,0.02649236142673081,0.2608229482004102,0.19773460566068413
5,48.484848484848484,2.5948454677850847,1.4508412352344182,1.3087466324931143,0.8302707654897769,2.1060500631887544,3.0226989053883044,0.07591000873515555,0.009534666794051341,0.013114789682444419,0.2701346203211971,0.10387536506643721,0.02983178370972869,0.04931474963047724,0.02644088564973805,0.26053688370257944,0.1979498289286427
5,48.98989898989899,2.599907434140335,1.450676595610753,1.3059986344458234,0.8281338232823308,2.105598383202487,3.023162971851421,0.07588371746212243,0.009512566988000114,0.013137744685289015,0.27061173638370456,0.10362438479223163,0.029832783971671092,0.04921442656933685,0.026389469641579167,0.2602592651202149,0.19816510012945351
5,49.494949494949495,2.604937734215452,1.4505234098498074,1.3032586290334232,0.8260030674710022,2.1051493707875784,3.0236183373567713,0.07585814172005756,0.009490546659521596,0.013160542527288517,0.2710855470271571,0.1033737670743429,0.029833929806759515,0.04911422477710754,0.026338117369162646,0.2599896820098783,0.19838034368188534
5,50.0,2.6099368779894268,1.4503815620997977,1.3005265768374243,0.8238784855839172,2.1047029775178805,3.0240653925673504,0.07583327307107503,0.009468605194638838,0.013183185819489508,0.2715561071185192,0.10312352675217243,0.029835223134630155,0.049014150529713876,0.02628683217592491,0.2597277629922843,0.19859551392383162
5,50.505050505050505,2.6149053939467786,1.4502509376078974,1.2978024370934025,0.8217600637382416,2.1042591523888814,3.0245045475721035,0.07580910288867151,0.009446741913065907,0.013205677179404133,0.27202347435158003,0.10287368044218859,0.029836666039222384,0.04891421144777153,0.026235617493518108,0.25947313213999895,0.19881054694110467
5,51.01010101010101,2.619843775893561,1.4501314226405861,1.295086170876563,0.8196477889411573,2.1038178484596597,3.0249361774668726,0.07578562283047119,0.009424956189486813,0.013228019073609034,0.2724877021683764,0.10262424253824992,0.02983826024285636,0.04881441398737554,0.0261844763579508,0.2592254380882818,0.19902539339432074
5,51.515151515151516,2.6247524983138772,1.4500229044788466,1.2923777402227918,0.8175416484800296,2.103379020958176,3.025360638112035,0.07576282470995035,0.009403247421489572,0.01325021386867427,0.2729488417633128,0.1023752263328729,0.029840007264213823,0.04871476411514356,0.026133411562118423,0.25898434546749455,0.1992400092220297
5,52.02020202020202,2.6296320008730802,1.449925271300492,1.2896771067190507,0.8154416271195557,2.1029426269894334,3.0257782465974103,0.07574070052362228,0.009381615006320537,0.013272263863641788,0.27340694233858487,0.10212664670950516,0.029841908455209558,0.0486152680054788,0.02608242640382441,0.2587495461093892,0.19945435979509024
5,52.525252525252526,2.634482725314326,1.4498384123609471,1.286984234178241,0.8133477127479228,2.102508625542695,3.0261893266334075,0.07571924236944828,0.009360058383863055,0.013294171252238926,0.2738620511733578,0.1018785149391613,0.02984396499165544,0.04851593073691541,0.026031523233065828,0.25852073288054406,0.19966840866115826
5,53.03030303030303,2.639305091934863,1.4497622178298524,1.284299086603839,0.8112598922795281,2.102076977153825,3.026594179068923,0.07569844249068707,0.00933857700324591,0.013315938166121796,0.2743142139077235,0.1016308425823451,0.0298461779172111,0.04841675729593155,0.025980704537217576,0.2582976166143499,0.19988212405992964
5,53.535353535353536,2.6440995069573496,1.4496965788158676,1.2816216286168245,0.8091781526287416,2.1016476438021203,3.026993090791328,0.07567829325465267,0.009317170328782827,0.013337566671762459,0.2747634746642846,0.10138364062774835,0.029848548150552334,0.048317752379658484,0.025929972693009118,0.2580799208790439,0.2000954765545676
5,54.04040404040404,2.648866336703201,1.4496413877068317,1.278951825516565,0.807102480001822,2.1012205910196187,3.027386306483466,0.07565878716113392,0.009295837815528228,0.01335905860848731,0.2752098741168348,0.10113691919828884,0.029851076127908327,0.04821892059004657,0.025879329646791953,0.2578673952155632,0.20030845481384277
5,54.54545454545455,2.653605964891866,1.4495965374248516,1.276289642956941,0.8050328612497601,2.1007957830537713,3.0277740910443125,0.07563991679953622,0.009274578954131647,0.013380415943368187,0.2756534539707953,0.10089068843425071,0.029853762589308604,0.048120266161098206,0.025828777633019336,0.2576597851796283,0.20052103103428986
5,55.05050505050505,2.6583187537510136,1.44956192193698,1.2736350470676958,0.802969282836322,2.100373186068409,3.0281566870982672,0.07562167486535917,0.009253393235503263,0.013401640528037875,0.2760942540242937,0.10064495801434213,0.02985660804138739,0.04802179322641181,0.0257783186913597,0.25745685236776966,0.2007331846363696
5,55.55555555555556,2.6630050544968222,1.4495374361194258,1.2709880044106758,0.80091173111736,2.099952767276027,3.028534326442922,0.07560405415096323,0.009232280158819613,0.013422734162046823,0.27653231297374603,0.10039973727930224,0.02985961289721729,0.0479235057644404,0.025727954784528138,0.25725836874897884,0.20094489615851882
5,56.06060606060606,2.6676651766840225,1.4495229760918829,1.2683484842215418,0.7988601944830819,2.099534499392758,3.028907199662436,0.0755870477184512,0.009211239277349943,0.013443698386354341,0.2769676639466897,0.10015503158273889,0.029862776976158238,0.04782540628906033,0.025677686877169665,0.25706413106199427,0.20115616962635002
5,56.56565656565657,2.672299454618725,1.4495184384933713,1.265716453659877,0.7968146589050169,2.0991183510941185,3.0292755221575374,0.07557064852321473,0.009190270100024808,0.013464534924450459,0.27740034407979447,0.09991084997889102,0.029866100570510014,0.04772749863438648,0.02562751686720463,0.2568739288572244,0.20136698501015374
5,57.07070707070707,2.6769082010620378,1.4495237209871912,1.2630918811779386,0.7947751111414407,2.0987042937266422,3.0296394882166315,0.07555484967536796,0.009169372160516628,0.01348524537144968,0.2778303877876267,0.09966719974596544,0.029869583692794,0.04762978598535254,0.025577446204897915,0.25668756636647166,0.20157733186379448
5,57.57575757575758,2.6814917192467456,1.4495387221223077,1.2604747356872734,0.7927415379667005,2.0982922996079547,3.0299992829897384,0.07553964437437367,0.009148545000724654,0.013505831273907575,0.2782578284646426,0.09942408773941869,0.029873226268692776,0.04753227135904587,0.02552747623887305,0.2565048565670954,0.20178720091304353
5,58.08080808080808,2.6860502827511237,1.4495633413362714,1.2578649879931179,0.7907139272080208,2.0978823449315094,3.03035506193169,0.07552502611348959,0.009127788231273588,0.013526294039980716,0.2786826954053497,0.09918151850922562,0.0298770279301262,0.04743495648522814,0.025477607979298857,0.2563256317890382,0.20199659745130055
5,58.58585858585859,2.6905841795810694,1.4495974789178074,1.2552626077538187,0.7886922656084977,2.0974744035093633,3.0307069959264954,0.07551098824326592,0.00910710140425383,0.013546635136518086,0.2791050204282019,0.09893949828025606,0.029880988469076875,0.047337844168773964,0.025427842605710908,0.2561497198933803,0.202205512732214
5,59.09090909090909,2.695093681426468,1.4496410360164058,1.2526675656552113,0.786676540388723,2.097068451191924,3.03105523986955,0.07549752428197871,0.009086484104767678,0.013566855951774223,0.27952483319115845,0.09869803210002415,0.029885107521405222,0.04724093659442403,0.025378181107065904,0.2559769605724333,0.2024139443110053
5,59.5959595959596,2.6995790518301295,1.4496939146254897,1.2500798328357063,0.7846667388298525,2.096664464702655,3.031399940993189,0.07548462783628183,0.009065935927835252,0.013586957832720969,0.27994216242211023,0.09845712460425898,0.029889384653829867,0.047144235764598245,0.025328624386744814,0.255807200865798,0.20262189080748882
5,60.101010101010104,2.704040538022338,1.4497560175302204,1.2474993805890142,0.7826628473920132,2.0962624220518618,3.03174122905639,0.07547229265391472,0.00904545648340171,0.013606942065700685,0.2803570354667244,0.09821678078119646,0.0298938193457672,0.04704774357979524,0.02527917349371956,0.25564030130135595,0.2028293545176835
5,60.60606060606061,2.708478389815747,1.4498272483840366,1.2449261809302496,0.7806648535581133,2.095862301490106,3.032079238772707,0.07546051250529749,0.009025045385020728,0.01362680992582872,0.28076947941535046,0.09797700444690231,0.029898411048573496,0.046951461698800115,0.025229829159526766,0.2554761215650769,0.20303633538432142
5,61.111111111111114,2.712892846849563,1.4499075116346194,1.2423602061521961,0.7786727444899265,2.095464082169722,3.032414094531249,0.07544928126526522,0.009004702257630807,0.013646562645984359,0.2811795203830012,0.0977377993978524,0.02990315915425427,0.04685539165643611,0.025180592147193648,0.255314530114632,0.20324283507429008
5,61.61616161616162,2.7172841418863527,1.4499967125405255,1.2398014288949757,0.7766865073286776,2.0950677439306142,3.032745914294584,0.0754385928863581,0.008984426733256157,0.013666201424997379,0.28158718374637753,0.09749916917095143,0.02990806300251892,0.04675953486974893,0.02513146316440951,0.2551554017272484,0.2034488558464468
5,62.121212121212125,2.7216524901770702,1.4500947573768783,1.2372498217932095,0.7747061285879405,2.0946732676700393,3.0330747978397254,0.07542844133632991,0.008964218412401956,0.013685727372091467,0.2819924939307407,0.0972611173622545,0.029913121712793228,0.04666389309778412,0.02508244270648152,0.2549986269811479,0.20365440237572124
5,62.62626262626263,2.7259981163700813,1.4502015529149608,1.2347053582431073,0.772731595572279,2.094280634281065,3.0334008563940293,0.07541882073717485,0.008944076954131276,0.013705141647154818,0.28239547510207735,0.09702364696584609,0.02991833460263474,0.04656846739036484,0.025033531451282894,0.2548440883950789,0.20385947687667103
5,63.131313131313135,2.7303212351224073,1.4503170067972029,1.2321680117885068,0.7707628952978222,2.0938898253560785,3.0337241912245267,0.07540972525564998,0.008924002007456844,0.01372444535952441,0.2827961507428934,0.09678676092102234,0.029923700883019273,0.046473258900174653,0.02498472997350587,0.2546916776837718,0.2040640824898873
5,63.63636363636364,2.734622056846671,1.450441027426049,1.2296377562567022,0.7688000147690732,2.093500822932026,3.034044899941135,0.07540114912871408,0.008903993228885172,0.01374363959787652,0.28319454383410114,0.0965504620034688,0.02992921974622404,0.046378268683226455,0.024936038828473436,0.2545412906909947,0.20426822218238544
5,64.14141414141415,2.7389007883189134,1.4505735239522126,1.2271145657409779,0.7668429409784299,2.093113609431575,3.034363077133625,0.07539308666138221,0.008884050282346368,0.013762725433311878,0.28359067691298767,0.09631475285056179,0.02993489037344231,0.04628349770616109,0.024887458560392844,0.2543928268865398,0.20447189856518502
5,64.64646464646465,2.7431576332864185,1.4507144062629325,1.2245984145831377,0.7648916609057044,2.0927281676042755,3.0346788150085837,0.07538553222458015,0.008864172839123963,0.01378170392244083,0.2839845721311828,0.09607963598666973,0.029940711942398102,0.046188946853546055,0.02483898971060914,0.2542461888632114,0.2046751137108898
5,65.15151515151516,2.747392768406394,1.4508635853710095,1.2220892777152748,0.7629461614224139,2.092344482450949,3.034992178038809,0.07537848023769178,0.008844360545577898,0.013800575983692342,0.28437624950369184,0.09584511295405906,0.02994668325812874,0.04609461702127471,0.02479063235043442,0.2541013007937678,0.20487787765943397
5,65.65656565656566,2.7516063612938697,1.4510209731197266,1.2195871303883372,0.7610064293586237,2.0919625397627923,3.035303221972431,0.07537192517723516,0.008824613045843258,0.01381934249002475,0.2847657282457077,0.09561118497049684,0.029952803027004527,0.046000509062995354,0.02474238642550697,0.2539580945239913,0.20508020209348157
5,66.16161616161617,2.7557986197604896,1.4511864813810367,1.2170919474464814,0.7590724516901974,2.0915823221529464,3.035612045699925,0.07536586160489243,0.008804930045250367,0.01383800452192838,0.2851530303965858,0.09537785471769948,0.029959070607203438,0.04590662362767733,0.02469425270126234,0.2538164716933663,0.20528208302877382
5,66.66666666666667,2.759969728247752,1.4513600230864119,1.2146037042441309,0.7571442152905842,2.0912038141568483,3.035918724286697,0.0753602841255441,0.008785311226471353,0.01385656304071373,0.28553817617202565,0.09514512403994325,0.029965485036030224,0.045812961390892755,0.024646231534412495,0.25367635255472326,0.20548352323320868
5,67.17171717171718,2.764119869412634,1.4515415118742898,1.2121223763230227,0.7552217070113197,2.090827000486925,3.036223331709007,0.07535518739814029,0.008765756276837582,0.013875018999402794,0.2859211855602973,0.09491299472992938,0.02997204535797646,0.045719522988898156,0.024598323285484152,0.2535376593483162,0.20568452465629633
5,67.67676767676768,2.7682492246559445,1.451730862079621,1.2096479393958965,0.7533049136812392,2.0904518659801434,3.036525941407224,0.07535056613350588,0.008746264888165742,0.013893373345405868,0.2863020783743825,0.0946814685512044,0.029978750631121404,0.04562630902621046,0.024550528325540902,0.2534003158598821,0.20588508827472465
5,68.18181818181819,2.772357974650685,1.4519279887234153,1.2071803693301828,0.751393822105691,2.090078395545559,3.0368266268390807,0.07534641509214575,0.008726836756583912,0.013911627023198333,0.2866808743041161,0.0944505472605806,0.029985599933532853,0.045533320083183025,0.024502847042905316,0.2532642469787003,0.2060852139379248
5,68.68686868686869,2.7764462139979926,1.4521328085393936,1.2047196449373414,0.7494884205118453,2.0897065828887667,3.037125372672473,0.0753427292881903,0.008707471581719868,0.01392978048116471,0.28705758448176183,0.0942202278828965,0.029992591172551365,0.04544055556141744,0.02445527822386006,0.2531294432513106,0.20628493331139924
5,69.1919191919192,2.7805141337639334,1.4523452377653705,1.202265742009914,0.7475886954828765,2.0893364118566256,3.037422264740135,0.07533950355028178,0.008688169067878943,0.013947834725203683,0.2874322295216132,0.09399051279620495,0.029999723628505687,0.045348016154571624,0.024407822505756693,0.2529958226798693,0.20648423957086476
5,69.6969696969697,2.7845619073239574,1.452565193517868,1.1998186370522006,0.7456946338884596,2.088967868106491,3.037717371250661,0.07533673279468293,0.008668928923018349,0.013965790659212792,0.28780482823819814,0.09376140341362219,0.030006996362346338,0.04525570230384802,0.024360480212162212,0.25286331708289,0.20668313145037828
5,70.20202020202021,2.7885896949863973,1.4527925937322064,1.1973783071301503,0.7438062228150205,2.0886009386352034,3.0380107476032374,0.07533441201325174,0.00864975085860366,0.01398364911141082,0.28817539810313375,0.09353290043215783,0.030014408279135325,0.04516361426099169,0.024313251437123935,0.2527318685537472,0.2068816115095145
5,70.70707070707071,2.7925976557007792,1.4530273570170267,1.1949447294897746,0.7419234493766788,2.088235610583953,3.038302448574973,0.07533253624440865,0.00863063458951794,0.01400141090156836,0.2885439564021556,0.09330500447324545,0.03002195829030276,0.04507175224717152,0.02426613626358757,0.25260142055678053,0.20707968166984728
5,71.21212121212122,2.79658594738897,1.4532694026462198,1.1925178815472794,0.7400463007177819,2.0878718712059863,3.038592528668931,0.07533110057141515,0.008611579833886338,0.014019076842545896,0.2889105202677695,0.09307771609425977,0.030029645317298473,0.0449801164578872,0.024219134766385056,0.2524719176346207,0.207277343136526
5,71.71717171717172,2.8005547109495716,1.4535186507114073,1.1900977409234428,0.738174763312751,2.0875097090473687,3.0388810244244704,0.07533010017039915,0.00859258630831216,0.014036647688924748,0.2892751055065986,0.09285103584346968,0.03003746812159309,0.04488870705790244,0.024172247003186667,0.25234331753963635,0.20747460208564963
5,72.22222222222223,2.804504038349386,1.453775022430904,1.1876842855211152,0.7363088215810476,2.0871491163100484,3.039167919147071,0.07532953040686625,0.008573653718640653,0.014054124034071856,0.2896377242519763,0.09262496435732667,0.030045424965429914,0.04479752416645701,0.024125472993722398,0.25221561547460253,0.20767148097129895
5,72.72727272727273,2.8084341097466754,1.4540384387964798,1.1852774931446453,0.7344484637771193,2.0867900786561164,3.0394532943834696,0.07532938641717998,0.008554781798228429,0.014071506754955313,0.28999839509512326,0.09239950200805712,0.030053515070390904,0.04470656794573887,0.024078812823610414,0.2520887397057115,0.2078679701389299
5,73.23232323232324,2.8123450654008795,1.4543088218281401,1.1828773418380343,0.7325936764657898,2.0864325847170337,3.0397371883904767,0.07532966349813365,0.008535970271675823,0.01408879659753037,0.29035713363722987,0.09217464925683463,0.03006173725516412,0.04461583852733968,0.024032266552675048,0.25196264899439574,0.20806407309902264
5,73.73737373737374,2.8162370436202915,1.4545860941961488,1.1804838097731258,0.7307444461437755,2.086076623266486,3.0400196380415223,0.07533035699061351,0.008517218865223448,0.014105994300174606,0.2907139552991061,0.0919504065652213,0.030070090339282957,0.044525336040141424,0.02398583424566487,0.2518373036797079,0.20825979316436757
5,74.24242424242425,2.8201101809263402,1.4548701792145953,1.1780968752401908,0.7289007592350383,2.085722183200488,3.0403006789903433,0.0753314622783857,0.008498527306529929,0.014123100594685281,0.2910688753415146,0.09172677440712873,0.030078573145002965,0.04443506061512154,0.02393951597511754,0.25171266551262456,0.20845513343056984
5,74.74747474747475,2.823964612217873,1.455161000834966,1.1757165166385115,0.7270626020861375,2.08536925351749,3.0405803458346643,0.0753329747868834,0.008479895324449604,0.014140116207276711,0.29142190888550357,0.0915037532807791,0.030087184499178743,0.044345012390157944,0.02389331182422468,0.2515886974903497,0.20865009675655402
5,75.25252525252526,2.8278004543809323,1.455458483841587,1.1733427141621504,0.725229962945559,2.085017826536422,3.040858656368473,0.07533489011737357,0.008461322705029523,0.01415704166679217,0.29177306769598593,0.09128134095355354,0.030095922967066976,0.04425519054398892,0.02384722117186182,0.25146537953847514,0.20884469053248916
5,75.75757575757576,2.8316178322946466,1.455762553530068,1.1709754471443479,0.7234028288620787,2.0846678928223694,3.041135636583438,0.07533720383441599,0.008442809203528797,0.014173877606639622,0.29212236525464963,0.09105953679342002,0.030104787272666876,0.04416559481650902,0.023801243815994595,0.25134268360675693,0.20903891918712283
5,76.26262626262627,2.835416878894554,1.4560731357021048,1.1686146940584432,0.7215811856922152,2.0843194411864236,3.04141132073556,0.07533991146547579,0.00842435454453918,0.014190624764613385,0.29246981676055145,0.09083834176401925,0.030113776298962176,0.044076225507653485,0.023755379972165876,0.251220573600066,0.20923278419748162
5,76.76767676767678,2.839197718139655,1.4563901568687594,1.1662604342694605,0.7197650201565846,2.083972462029441,3.0416857349796844,0.07534300864034653,0.00840595848016474,0.014207283783621195,0.29281543578802977,0.09061775556208047,0.030122888811316317,0.04398708247366522,0.023709629530655963,0.251099021675839,0.20942628904266686
5,77.27272727272728,2.842960472285264,1.4567135441573436,1.1639126472967727,0.7179543189833268,2.083626945931764,3.04195890436561,0.07534649103180456,0.008387620765658816,0.01422385529546437,0.29315923569691205,0.09039777781759141,0.0301321235744612,0.0438981655487846,0.02366399236758852,0.2509780012732503,0.20961943712862233
5,77.77777777777779,2.8467052619903415,1.4570432253056842,1.1615713128105174,0.7161490689102838,2.0832828836444612,3.042230852947032,0.0753503543548618,0.008369341159395138,0.01424033992117198,0.29350122964171316,0.09017840809623993,0.03014147935345184,0.04380947454671465,0.02361846834532597,0.2508574870020355,0.20981223178510822
5,78.28282828282829,2.850432206349799,1.4573791286573645,1.159236410639073,0.7143492566983622,2.082940266075908,3.042501603843357,0.07535459436634544,0.008351119422431661,0.01425673827254353,0.29384143058437473,0.08995964589164744,0.0301509549142607,0.043721009254699544,0.0235730573115801,0.2507374546303694,0.21000467622999394
5,78.7878787878788,2.8541414179619196,1.4577211832216281,1.1569079215084195,0.712554869885073,2.082599083969332,3.042771176182374,0.07535920688611214,0.00833295529112245,0.014273051033667298,0.29417985154136944,0.08974148994205959,0.030160549000530102,0.043632768938782,0.02352775901350247,0.2506178876277878,0.2101967713708719
5,79.2929292929293,2.857833015254389,1.4580693185085054,1.1545858252373662,0.7107658949651178,2.0822593286545725,3.0430395928854725,0.07536418774305781,0.008314848543418176,0.014289278764432612,0.2945165050161223,0.08952393989531379,0.03017026039320247,0.04354475354826823,0.023482573307316526,0.25049876092190015,0.2103885211244343
5,79.7979797979798,2.8615071125709313,1.4584234646535887,1.1522701022111432,0.7089823188864758,2.0819209914156183,3.0433068744811878,0.07536953281803552,0.008296798944439736,0.014305422062279942,0.29485140348123023,0.08930699494782396,0.03018008786335441,0.04345696273059889,0.02343749998711549,0.2503800540173461,0.2105799280484816
5,80.30303030303031,2.8651638230392917,1.4587835523763415,1.1499607329708625,0.7072041286410164,2.0815840636536787,3.0435730409485005,0.0753752380310788,0.008278806261435621,0.014321481518065728,0.29518455925734477,0.0890906542226482,0.03019003018640833,0.04336939610461638,0.023392538832532058,0.2502617472397789,0.21077099454142403
5,80.80808080808082,2.8688032586683168,1.4591495129744954,1.147657698211445,0.7054313112682069,2.081248536877791,3.0438381118193396,0.07538129934069908,0.008260870263697371,0.014337457716561742,0.2955159845228543,0.08887491677053498,0.03020008614303783,0.04328205326102025,0.023347689608958153,0.2501438216382295,0.21096172283478778
5,81.31313131313132,2.8724255304450286,1.4595212783184492,1.1453609787795485,0.7036638538588186,2.0809144026954245,3.0441021062810867,0.0753877127431831,0.008242990722475004,0.01435335123695444,0.2958456913235663,0.08865978157096949,0.03021025452007309,0.04319493376282265,0.023302952067764705,0.25002625888747004,0.21115211498572156
5,81.81818181818183,2.8760307451497718,1.459898780895591,1.1430705550856795,0.7019017425047962,2.0805816528279273,3.044365038382577,0.07539447426907908,0.008225167410235237,0.014369162645532367,0.2961736915688294,0.08844524849959345,0.030220534102643606,0.043108037498001794,0.023258326191419036,0.24990904437069977,0.21134217303097316
5,82.32323232323233,2.8796190067857297,1.4602819537844276,1.1407864073399578,0.7001449627308162,2.080250279091046,3.0446269191245507,0.07540157998363563,0.00820740010084376,0.014384892499357118,0.29649999704672075,0.08823131793691047,0.030230923678641136,0.04302136453696738,0.023213812094277895,0.2497921657907199,0.21153189891384014
5,82.82828282828284,2.883190425650844,1.460670730512453,1.1385085171520297,0.6983935023798414,2.079920273317603,3.044887769952231,0.07540902599378693,0.008189688571277975,0.014400541368125472,0.2968246194708099,0.08801798812666452,0.030241422063587684,0.042934914169887525,0.023169409353104548,0.24967560437531636,0.21172129403511636
5,83.33333333333334,2.886745107698165,1.4610650452138776,1.1362368656125181,0.6966473481692342,2.079591627429366,3.045147606839095,0.07541680843825325,0.008172032599392306,0.014416109809112171,0.29714757044547985,0.08780525833834534,0.03025202807287412,0.04284868605934797,0.023125117808462926,0.24955934518393996,0.21191035977384257
5,83.83838383838385,2.890283158055158,1.4614648325719648,1.1339714339018099,0.6949064867933513,2.079264333401751,3.045406445495199,0.07542492348976977,0.008154431964518986,0.014431598375815207,0.2974688614897487,0.08759312786054949,0.030262740531802838,0.04276267987355344,0.023080937309570636,0.24944337369379257,0.21209909731144
5,84.34343434343435,2.8938046811022775,1.4618700278137113,1.1317122032846803,0.6931709049213095,2.078938383254569,3.0456643014420757,0.07543336735436826,0.008136886447379792,0.014447007618411141,0.2977885040468755,0.08738159600747426,0.03027355827644373,0.042676895288768564,0.023036867715899256,0.24932767572011919,0.21228750762512705
5,84.84848484848486,2.8973097805515446,1.4622805667045258,1.1294591551049187,0.6914405891947526,2.0786137690427706,3.045921190087637,0.07544213627065866,0.008119395829997789,0.014462338084210422,0.298106509493966,0.08717066212541152,0.030284480154490194,0.04259133199175869,0.022992908898774648,0.2492122373364997,0.212475591481336
5,85.35353535353536,2.9007985469032955,1.4626963858088182,1.1272122712366803,0.6897155263279778,2.078290484255074,3.0461771135963636,0.07545122656119414,0.008101959895265782,0.014477590235494286,0.2984228877745752,0.08696032471773645,0.03029550483909528,0.04250598953894243,0.022949060430011728,0.2490970561563519,0.21266335279740634
5,85.85858585858587,2.904271083101434,1.4631174219458432,1.1249715331536074,0.6879957028982802,2.0779685209517997,3.04643208772203,0.07546063452621161,0.008084578427553675,0.014492764617386817,0.29873765019865145,0.0867505832376703,0.030306631208701865,0.04242086764918987,0.022905322217703437,0.24898211823103608,0.21285079180957622
5,86.36363636363637,2.907727490578046,1.4635436124800376,1.12273692243128,0.6862811054575312,2.077647871321013,3.046686127200547,0.07547035650082394,0.00806725121223853,0.01450786176644846,0.2990508079210797,0.08654143711464601,0.03031785813995495,0.042335966046943896,0.02286169415984079,0.2488674106024548,0.21303790881152002
5,86.86868686868688,2.9111678676014408,1.4639748953521603,1.1205084208044613,0.6845717205439796,2.0773285278622975,3.04693924401441,0.07548038886144247,0.008049978035569231,0.014522882199803806,0.2993623717624905,0.08633288563994176,0.030329184482915994,0.0422512844450153,0.022818176103003525,0.24875292278104283,0.21322470460957818
5,87.37373737373738,2.914592311644781,1.4644112090257244,1.1182860100788563,0.6828675346614458,2.077010483122063,3.04719144986341,0.07549072801560885,0.008032758684640517,0.014537826430586891,0.2996723524687042,0.08612492813311197,0.030340609095851075,0.04216682257302136,0.02277476790074371,0.24863864460472324,0.21341117990504643
5,87.87878787878789,2.9180009194322225,1.4648524924823592,1.1160696721269106,0.6811685342773509,2.0766937296879067,3.047442756205602,0.07550137040141051,0.008015592947303833,0.01455269496818421,0.2999807607167983,0.0859175639462158,0.030352130845606277,0.04208258017945845,0.022731469414381787,0.24852456618839527,0.2135973352962482
5,88.3838383838384,2.9213937852999883,1.4652986852477294,1.1138593891907882,0.6794747061650955,2.0763782604955083,3.0476931729827585,0.0755123125051497,0.007998480617005265,0.014567488305848583,0.3002876067980917,0.08571079201613009,0.030363748583342454,0.041998556842432304,0.022688280412117696,0.2484106795629613,0.21378317167616553
5,88.8888888888889,2.924770995532304,1.4657497274904407,1.111655144919111,0.6777860385689908,2.0760640698820705,3.0479427042034413,0.07552355092261537,0.00798142150939283,0.014582206878145678,0.3005928995293792,0.0855046093373665,0.030375461061410595,0.04191475132332694,0.02264520022524625,0.24829698435017178,0.2139686915749444
5,89.3939393939394,2.9281326481727357,1.4662055596589978,1.1094569207596645,0.6761025171631955,2.075751149914813,3.048191363414446,0.07553508214439011,0.007964415404434594,0.014596851209332047,0.30089665004863375,0.08529901626710097,0.030387267222752645,0.04183116381325077,0.022602228941678754,0.24818346789446216,0.21415389452221653
5,89.89898989898991,2.9314788352203314,1.4666661228008426,1.1072646992091593,0.674424128697459,2.0754394936959923,3.048439159806466,0.07554690274862752,0.007947462098522293,0.014611421779817016,0.30119886839864446,0.08509401174223581,0.030399165940257315,0.04174779390820994,0.02255936632958561,0.24807012310981105,0.21433878123934233
5,90.40404040404042,2.9348096478194683,1.4671313584644468,1.1050784628713577,0.672750859944015,2.0751290944032554,3.0486861022706977,0.07555900934474791,0.007930561389342172,0.014625919064956468,0.30149956451930127,0.08488959466311262,0.030411156092351645,0.041664641195258346,0.022516612148588123,0.24795694327186837,0.21452335243403126
5,90.90909090909092,2.9381251762841645,1.4676012086950676,1.1028981944568534,0.6710826977000706,2.0748199452880547,3.048932199422767,0.0755713985730902,0.007913713075849663,0.014640343535132258,0.30179874824947683,0.08468576389188676,0.030423236563057208,0.04158170525209165,0.022473966149237325,0.24784392198932953,0.21470760880753836
5,91.41414141414143,2.9414255101223916,1.4680756160305088,1.100723876782848,0.669419628790297,2.0745120396740555,3.049177459626655,0.07558406710456386,0.007896916958244064,0.014654695655831619,0.30209642932890823,0.08448251825090189,0.03043540624204629,0.04149898564664129,0.02243142807249283,0.24773105317530944,0.21489155106186086
5,91.91919191919193,2.94471073689135,1.4685545235058608,1.0985554927650345,0.6677616399061598,2.0742053710679165,3.0494218895751537,0.07559701166223873,0.007880172848565098,0.014668975889910181,0.30239261725297295,0.08427985674233102,0.03044766404194909,0.04141648187051661,0.02238899777432005,0.24761833280720894,0.21507517926442812
5,92.42424242424244,2.9479809438399225,1.4690378746368244,1.0963930254283043,0.6661087178342489,2.073899933002168,3.049665496311798,0.07561022899063112,0.007863480555965127,0.014683184694648913,0.30268732147819033,0.08407777824028081,0.030460008874531604,0.041334193430164264,0.02234667505198402,0.24750575642251363,0.21525849374463563
5,92.92929292929294,2.951236218416688,1.4695256134117534,1.0942364579097907,0.6644608495262772,2.073595718987135,3.04990828785204,0.07562371584627872,0.00784683988228894,0.014697322520930037,0.3029805514849708,0.083876281397615,0.03047243964361409,0.04125211987383319,0.02230445959175925,0.24739331835016126,0.21544149536688512
5,93.43434343434345,2.9544766466797836,1.4700176842998176,1.0920857734477447,0.6628180218762463,2.0732927226645232,3.050150271213735,0.07563746902768899,0.0078302506367173,0.014711389816332026,0.3032723165763421,0.08367536494989948,0.030484955268950984,0.04117026069981242,0.022262351141198018,0.24728101415183737,0.2156241846504747
5,93.93939393939395,2.95770231393315,1.4705140322420598,1.089940955385445,0.6611802218083423,2.0729909377470133,3.050391453196649,0.07565148536350753,0.007813712630181633,0.014725387024066,0.30356262595683486,0.08347502759795501,0.030497554677257063,0.04108861539065227,0.022220349443115964,0.24716883965716294,0.21580656211311533
5,94.44444444444446,2.960913304746428,1.4710146026471878,1.0878019871709477,0.65954743627881,2.0726903580170997,3.0506318404009396,0.07566576171225295,0.0077972256753787664,0.014739314583063387,0.30385148873380874,0.08327526800706674,0.030510236802328748,0.0410071834125087,0.02217845423554312,0.2470567909418182,0.21598862827570275
5,94.94949494949496,2.9641097029748633,1.471519341387366,1.0856688523568323,0.6579196522778267,2.0723909773259237,3.0508714392456304,0.0756802949620514,0.007780789586785721,0.014753172928063572,0.3041389139187793,0.08307608480619377,0.0305230005851654,0.040925964214487694,0.022136665251674917,0.24694486430566648,0.21617038366708896
5,95.45454545454547,2.967291592334609,1.4720281949800298,1.0835415329329996,0.6562968546424177,2.072092788646439,3.0511102538182815,0.0756950819682449,0.007764404149553792,0.014766962513516134,0.3044249114438495,0.08287747908199018,0.03053584499377044,0.040844958440768735,0.022094982682013903,0.24683305783041481,0.2163518252286677
5,95.95959595959597,2.970459055060623,1.4725411101275054,1.0814200134142158,0.6546790314262217,2.0717957863912804,3.0513482912119505,0.07571011970547618,0.007748069195839232,0.014780683755269019,0.30470948967373845,0.08267944826009468,0.030548768975012665,0.04076416495590245,0.022053406040910196,0.2467213674843066,0.21653295514773024
5,96.46464646464648,2.9736121730294767,1.4730580340821948,1.0793042775296997,0.6530661695546249,2.071499964533723,3.051585557236938,0.07572540514405535,0.0077317845430199365,0.01479433707794614,0.304992657422859,0.08248199105842824,0.030561771493826877,0.040683583252439044,0.02201193508431068,0.24660979023682097,0.2167137737131436
5,96.96969696969697,2.97675102749831,1.4735789145482738,1.0771943090660552,0.6514582559338644,2.071205317084863,3.051822057536305,0.07574093528111955,0.0077155500094518055,0.014807922902989053,0.3052744234431795,0.08228510622446708,0.030574851523380644,0.04060321283681937,0.021970569575922676,0.24649832323782844,0.21689428114118411
5,97.47474747474747,2.9798756991117705,1.474103699673143,1.0750900919059319,0.649855277503999,2.0709118381145317,3.0520577976549776,0.07575670714181805,0.0076993654152099624,0.014821441648188693,0.30555479640185507,0.08208879247621591,0.030588008044736218,0.040523053200409394,0.02192930927637607,0.24638696375884342,0.21707447766434868
5,97.97979797979798,2.9829862679215626,1.474632338043102,1.0729916100288173,0.6482572212421546,2.070619521750718,3.0522927830595834,0.07577271777908572,0.007683230582123018,0.014834893727758114,0.30583378488191854,0.08189304849985489,0.030601240046959497,0.040443103818084886,0.02188815394288481,0.24627570917015862,0.21725436353838126
5,98.48484848484848,2.986082813406,1.475164778679026,1.0708988475118297,0.6466640741657697,2.0703283621790027,3.052527019158288,0.07578896427341672,0.007667145333807332,0.014848279552405232,0.30611139738297144,0.08169787294738652,0.030614546527229006,0.040363364146816176,0.02184710332890845,0.2461645569179796,0.21743393904929978
5,98.98989898989899,2.9891654144895585,1.475700971032042,1.06881178853051,0.64507582333584,2.0700383536419835,3.0527605113206318,0.07580544373263814,0.007651109495701269,0.014861599529405555,0.3063876423218749,0.08150326443428257,0.030627926490944864,0.04028383362425286,0.021806157183813665,0.2460535045015591,0.2176132045204228
5,99.4949494949495,2.9922341495624254,1.4762408649792027,1.0667304173596142,0.6434924558601643,2.069749490438705,3.0529932648973666,0.07582215329168356,0.007635122895099464,0.014874854062674926,0.30666252803344046,0.08130922153713106,0.030641378951837765,0.040204511667308526,0.021765315252535788,0.24594254945033153,0.21779216031939624
5,100.0,2.9952890965000547,1.4767844108191643,1.0646547183739057,0.6419139588965894,2.069461766924086,3.053225285240293,0.0758390901123667,0.007619185361187088,0.014888043552842256,0.30693606277112123,0.0811157427912832,0.030654902932077937,0.040125397670745466,0.02172457727524031,0.24583168930104735,0.2179708068652202
6,0.0,0.5369829263857375,0.46459496319840904,0.5081945931564475,0.48881531718435745,0.5201324601225203,0.5212439943115696,0.5268874197695198,0.4800538348562418,0.47209986641627966,0.4643173214084592,0.46463169035300017,0.5054155512792755,0.49228039603606677,0.4628014790458807,0.4779641352275613,0.48461646408444886
6,0.5050505050505051,0.9074389014867376,1.0010231827819904,1.0360789474129422,0.7368346458710363,1.4429393062240563,1.2812250258377915,0.32567621921914575,0.23250841417283788,0.166517736837408,0.2958492261195735,0.27878003409369706,0.24348002844716324,0.3132976500974086,0.21998592096874345,0.5383294079525481,0.5338556429404547
6,1.0101010101010102,1.0982754096499976,1.247252336633055,1.3060733350712803,0.8616314633692348,1.8596086453343295,1.6964125538983734,0.21522386676775399,0.11546921378409876,0.06100642679906363,0.21218274988777489,0.18234652838267953,0.12222978957963046,0.20441809335756164,0.10969747597566473,0.5551259552746954,0.5387233138691947
6,1.5151515151515151,1.2096838028060621,1.3621826640224985,1.4437789321259593,0.9227427838219239,2.0498957782241334,1.9312810590614349,0.15517510059949427,0.0604464126706718,0.024960334288238854,0.1730132767904828,0.1338726172483852,0.06682806706918477,0.13906060693674074,0.06049460445689913,0.5528479297485746,0.5245688258165646
6,2.0202020202020203,1.2847790933207974,1.416721391905305,1.5136309099803602,0.9517308327080909,2.1374881091310964,2.0721627732925767,0.12235262222092363,0.03466514651601183,0.012865917556484958,0.15611910714850413,0.11020641867038611,0.041841984513265776,0.10014509059062941,0.03897853686306373,0.5426175596186283,0.5030013467892251
6,2.5252525252525255,1.3421909537702665,1.4428266854029732,1.5484230255370373,0.9647270420771081,2.1775156241519116,2.1634407371445907,0.10422491711740568,0.022610586700400604,0.008962272547819857,0.15017750205548264,0.09911464490154227,0.03077756295660932,0.07713853453957235,0.029834881576018896,0.5294015486896783,0.47924580052976085
6,3.0303030303030303,1.3901872086811466,1.4552122486544796,1.5649042208488173,0.9698292995163185,2.1950613079220904,2.227860324287786,0.09408550156567197,0.016978714227451046,0.007825395311662101,0.1495399835461435,0.09430271193443042,0.02603165515777538,0.06365403376656184,0.026138193933470017,0.5153744886949573,0.45559230256279315
6,3.5353535353535355,1.4325817026543544,1.4608247159192849,1.5717098834692327,0.9710642914725897,2.2018138561532847,2.2771553918712906,0.08832797000728271,0.014342802294066405,0.007603389147182493,0.1514028849712024,0.09257747734745753,0.024124332320641793,0.055847607791404616,0.02479410201607283,0.5014604540272092,0.432994344963698
6,4.040404040404041,1.4712191370267291,1.4630276166833143,1.573347852577897,0.9704225046825491,2.2033461104850747,2.317459654994528,0.08499575659514459,0.013099739589471589,0.0076712516693488615,0.15437804423397877,0.09233410414931467,0.02347350467871065,0.0514144967834114,0.024437397142710364,0.4880309400237757,0.4118036125653239
6,4.545454545454546,1.5070450307748637,1.4634883554765523,1.5722035231965348,0.9688830317170593,2.202367408290194,2.352041187383929,0.08301759065952596,0.012501787377950872,0.007821962646645012,0.15778215359870218,0.09277273254245812,0.023365503631801208,0.04897617858669371,0.024475106522902232,0.4752173979866104,0.3921056036833799
6,5.050505050505051,1.5405808496781477,1.4630512467212675,1.569556566994799,0.9669248662376858,2.200215147917504,2.38268703622351,0.08180191058618456,0.012201341784052386,0.007989138453370567,0.1612833638319056,0.09349868509182627,0.023481628774872868,0.04770977713707829,0.02465512477481426,0.4630496171949499,0.3738718411407249
6,5.555555555555556,1.5721414683002575,1.4621516435916155,1.566102093713857,0.9647805168046198,2.197555771669498,2.410408605249966,0.08101964260448494,0.01203756229694215,0.008152876068156671,0.16472504993393516,0.09432016004625597,0.02368169458902534,0.04712518672360782,0.024873793003509292,0.45151609257895153,0.3570281781464615
6,6.0606060606060606,1.6019377026068256,1.4610175859081014,1.5622218417723541,0.9625615845175055,2.1947223694959184,2.4358049998179827,0.08048648925877896,0.011936417467035712,0.008308098355626495,0.16803752799565758,0.09514623683033543,0.023905421518918522,0.04693124964866757,0.025090812335043303,0.44058992256304247,0.341485067623788
6,6.565656565656566,1.630125701522954,1.459770036219399,1.5581271756779675,0.960320666577409,2.191880186088383,2.459252048418461,0.08009860602708108,0.011864070869797107,0.008454185305889277,0.17119385428186595,0.0959357573153329,0.02412789042232808,0.046955598999153705,0.02529219832164033,0.43023958985488386,0.32715062700597897
6,7.070707070707071,1.6568312887669372,1.4584738819408563,1.5539358340844822,0.958081865041044,2.1891093638375754,2.4810021605048593,0.07979705739766534,0.011805139765038903,0.008591679886276732,0.17418766168646024,0.09667175109677605,0.024339513822306317,0.04709658847766113,0.025474380222030496,0.42043326745827464,0.31393604875587133
6,7.575757575757576,1.6821620102696218,1.4571640241750718,1.5497132311571318,0.9558555455163054,2.186446317432987,2.501237148194259,0.07954825358147288,0.011752748956994172,0.008721331357278667,0.1770222512442835,0.09734889412740773,0.024537271780659668,0.047294774436223354,0.02563766657839252,0.41114036583766167,0.30175758938317554
6,8.080808080808081,1.706213403297253,1.455859314127694,1.5454955266286257,0.953645666321988,2.1839052685634655,2.5200972963212114,0.07933286923359277,0.011703832114530235,0.008843829920415125,0.17970510274101267,0.09796721557972031,0.024720772576578103,0.04751571460002874,0.025783534519283835,0.40233202073545793,0.2905371560054998
6,8.585858585858587,1.729072224749099,1.4545698432180372,1.541302292988689,0.951453232133907,2.181489127752263,2.5376971198465874,0.07913969816089145,0.01165704177418386,0.008959773683880902,0.18224526120179763,0.09852910390496387,0.024890625231359032,0.04773980455504875,0.025913659247744497,0.3939811368825529,0.2802022606695248
6,9.090909090909092,1.7508182662823102,1.453300966118728,1.5371437939626467,0.9492779878655064,2.1791952818267,2.55413438691161,0.07896211425794104,0.011611767701569126,0.009069678954263397,0.1846520598325434,0.09903783406168384,0.02504773710366795,0.047956121025976454,0.026029576103896526,0.38606229991712354,0.2706857552138232
6,9.595959595959597,1.7715253789589342,1.4520554079533217,1.5330249754402925,0.9471191656520289,2.177018470347293,2.569495112166405,0.07879613232897999,0.011567724282491068,0.009173999195398205,0.18693457641885491,0.09949692088212168,0.025193061039988796,0.04815886407161135,0.02613261931325751,0.3785516492221962,0.2619254836422031
6,10.101010101010102,1.791262116474063,1.4508343556841958,1.5289476260439827,0.944975795026984,2.174952186015801,2.5838563617225456,0.07863936407285806,0.011524785640181494,0.00927313933252002,0.1891014275116564,0.09990985725020629,0.025327518585248968,0.04834534752396317,0.026223943815798154,0.3714267555527022,0.25386392588731943
6,10.606060606060607,1.810092264052409,1.4496382306671742,1.5249119090097745,0.942846915167953,2.1729896436238967,2.597288329782535,0.07849027842638238,0.011482867938662988,0.009367466083568761,0.1911606465005062,0.10027994009929289,0.025451945916540347,0.04851457313850576,0.026304541635150967,0.3646665153669096,0.246447864398849
6,11.111111111111112,1.8280752269441634,1.4484670740271228,1.5209171774300927,0.940731636335236,2.1711242054686943,2.609855563777042,0.0783478108515226,0.011441897113115598,0.009457314940332704,0.1931196741993521,0.1006102287392279,0.02556709663110164,0.04866642801468996,0.026375279463899712,0.3582510525563248,0.2396280611554976
6,11.616161616161618,1.845266328410923,1.4473206856639826,1.5169623013512328,0.9386291293151677,2.1693494805256384,2.6216176187247893,0.07821120785998809,0.011401812910040469,0.009542994380776345,0.19498540689657384,0.10090356682213085,0.025673661809790436,0.0488013363001812,0.026436931539917337,0.3521616345504777,0.23335896059049696
6,12.121212121212121,1.8617170810641832,1.4461986915873442,1.5130458281719161,0.9365386140246826,2.1676593499054704,2.6326295194517773,0.07807994989282478,0.011362570622432334,0.009624788479358921,0.19676424367293052,0.10116260471117118,0.025772281116533225,0.048920086883637665,0.026490197361030806,0.3463806006574929,0.227598420156141
6,12.626262626262626,1.8774754641113753,1.445100643046404,1.5091661861777972,0.9344593742299044,2.1660480540409335,2.642942268033669,0.07795365115716874,0.011324128620681473,0.009702959413793222,0.19846210934044003,0.10138979779737833,0.02586354131193274,0.0490236367261415,0.02653570974581153,0.3408912960564282,0.22230746066642257
6,13.131313131313131,1.8925861798592065,1.444026097079986,1.5053218508121675,0.932390767751576,2.1645102568976373,2.652603293114421,0.07783197612009393,0.01128643984892855,0.009777750080790902,0.20008447962556655,0.10158740766669945,0.025947977617648398,0.04911294709919841,0.02657404409781408,0.3356780090785794,0.2174500316634237
6,13.636363636363637,1.907090874761324,1.4429746294117902,1.5015113818156602,0.9303322135754486,2.163041020498007,2.661656733575337,0.07771461851822119,0.011249456508090115,0.009849385883604612,0.20163642116509414,0.1017575228970099,0.026026083015734718,0.049188935323061,0.026605729385532316,0.330725913286009,0.21299279285510017
6,14.141414141414142,1.921028339047776,1.441945815370177,1.4977333919654334,0.9282831740983203,2.1616357437786236,2.6701436312122047,0.07760131327351423,0.011213136779415368,0.009918075823158089,0.20312263291830593,0.10190208362436388,0.026098316627555074,0.04925249477256308,0.026631255280456904,0.32602101530822797,0.208904913512413
6,14.646464646464647,1.934434701622889,1.4409392285922984,1.4939865418416178,0.926243150434419,2.1602901341627487,2.678102142837597,0.07749183513225495,0.011177444223740975,0.00998401357367375,0.20454747548059882,0.10202289390855473,0.02616510567594121,0.04930449840201731,0.026651074505914793,0.3215501068613681,0.20515788814639135
6,15.151515151515152,1.947343655965628,1.4399544613168214,1.49026957419902,0.9242116859702003,2.1590002071498033,2.6855678248109878,0.07738597677203381,0.01114234317728704,0.010047379070850168,0.205914996403043,0.10212162740805032,0.02622684555801068,0.04934576647808553,0.026665605316328018,0.3173007096516232,0.2017253311146987
6,15.656565656565657,1.9597865508902657,1.4389911213853506,1.4865813080578187,0.9221883624937911,2.1577622691933387,2.692573728143009,0.07728354968826301,0.011107799809547847,0.010108339052896737,0.20722894482897122,0.10219983452165042,0.026283902029326355,0.04937706992424896,0.02667523362140647,0.31326105210137234,0.19858288999677115
6,16.161616161616163,1.9717926358629454,1.438048835975717,1.4829206439411289,0.9201727952191324,2.156572889872433,2.6991506756356127,0.07718437579321202,0.011073782582102135,0.010167048694103845,0.20849280563116673,0.10225895638354762,0.026336615611916196,0.049399120802203406,0.02668031828108675,0.3094200064905889,0.1957080171328288
6,16.666666666666668,1.9833890722264822,1.4371272441735525,1.4792865474723038,0.9181646309490507,2.155428890932026,2.705327258398485,0.07708829504387163,0.011040262442252643,0.010223651525540663,0.2097098026293265,0.10230032713582328,0.026385301297458866,0.04941258876497789,0.02668119024068281,0.3057670858742169,0.1930799586261399
6,17.171717171717173,1.9946011687031893,1.4362260033694008,1.475678059065598,0.9161635449559057,2.1543273243869687,2.7111301062162463,0.07699515504979264,0.011007212415920824,0.01027828100848859,0.21088292971184666,0.10232518579609713,0.026430252102800072,0.04941808831853511,0.026678157172887965,0.30229238380563517,0.1906795369255825
6,17.67676767676768,2.0054526074275514,1.4353447831375425,1.4720942767453373,0.914169236778897,2.153265437958031,2.716584120640418,0.07690481415163215,0.01097460749147645,0.01033106167177164,0.21201498130010626,0.10233468881544365,0.02647174156885009,0.04941619389483436,0.02667150572965184,0.298986515957288,0.1884889437312981
6,18.181818181818183,2.015965360813879,1.4344832662408178,1.468534359022218,0.9121814316778665,2.1522406868503894,2.721712385413513,0.07681714174912967,0.010942424521153286,0.010382108695312522,0.21310854075703292,0.10232990550339942,0.026510022599976677,0.0494074379596554,0.026661500443500033,0.29584064051257164,0.18649181790516856
6,18.68686868686869,2.0261599548834814,1.4336411468873695,1.4649975163440205,0.9101998760562084,2.1512506992955407,2.7265364493846604,0.07673201613625855,0.010910641974568668,0.010431529426623405,0.21416601574002644,0.1023118323357225,0.026545330808629055,0.04939231665237787,0.026648387412140966,0.29284638995494255,0.18467300378931062
6,19.191919191919194,2.0360555721184226,1.4328181298729719,1.4614830065742057,0.9082243361005224,2.1502932642232104,2.731076434952033,0.07664932404317103,0.010879239693541435,0.010479423969686472,0.21518965064340848,0.10228139797772051,0.026577885645968163,0.049371293393384634,0.026632395556330745,0.28999584224539793,0.18301846056694915
6,19.6969696969697,2.045670028884977,1.432013931236229,1.4579901372096793,0.906254598114744,2.1493663345906744,2.735351015364076,0.07656896021546404,0.010848199023260351,0.010525885051152057,0.2161815236924669,0.10223946210502557,0.026607890262036936,0.04934479675494436,0.02661373645593105,0.2872815264745192,0.18151528292125133
6,20.202020202020204,2.0550199516635157,1.4312282768876583,1.4545182586480687,0.9042904656961703,2.1484680050126896,2.739377602391844,0.07649082632763196,0.010817502547122895,0.010570999032348302,0.21714356965322476,0.10218682463610775,0.02663553361701464,0.04931322539229473,0.02659260668459733,0.28469637541601645,0.18015154219990967
6,20.70707070707071,2.0641208885240987,1.4304609020795729,1.4510667609837933,0.9023317579059683,2.1475964981571547,2.743172465845399,0.07641482991922943,0.010787134032835138,0.010614846530199886,0.21807759393359832,0.10212423155022358,0.026660991936903126,0.04927694996460158,0.02656918938485813,0.28223369405907284,0.1789161875967262
6,21.212121212121215,2.072987286966964,1.4297115512116378,1.4476350739522628,0.9003783095850969,2.146750167199285,2.746750709025797,0.07634088495287704,0.010757078426208672,0.010657502283822706,0.21898526971082416,0.1020523737726267,0.026684428373988565,0.049236313486132915,0.026543653883743797,0.2798871653555193,0.1777990664399761
6,21.71717171717172,2.081632649796818,1.4289799768483298,1.4442226617105711,0.8984299688738825,2.1459274765655247,2.750126435173197,0.07626891061311573,0.010727321694729043,0.010699036028921758,0.219868157670726,0.1019718952645683,0.02670599494750425,0.04919163486977925,0.026516157803290245,0.2776508068058902,0.17679078547355523
6,22.222222222222225,2.090069689668743,1.4282659382773195,1.440829016611836,0.8964865948753664,2.1451269829103348,2.75331291103205,0.0761988307031178,0.010697850632896772,0.010739513328550263,0.22072772499811744,0.10188340088580679,0.026725834350011846,0.049143213630923915,0.026486848962031576,0.27551892571183245,0.17588257576512784
6,22.72727272727273,2.0983100065099376,1.4275692042440202,1.4374536715866508,0.8945480626553747,2.14434737498175,2.756322224523353,0.07613057526152363,0.010668653241143683,0.010778993812753724,0.22156530527584625,0.10178743983262667,0.026744076097162898,0.04909132078463036,0.0264558612733203,0.27348621134227435,0.17506657648441654
6,23.232323232323235,2.1063647409786674,1.4268895476672694,1.4340961751974317,0.8926142526816105,2.1435873926140685,2.7591659784200293,0.07606407698648937,0.010639717949960431,0.010817534806901256,0.22238218021559736,0.10168453957802824,0.026760844412545323,0.04903621692428336,0.02642332329360897,0.27154754651724067,0.17433526119204798
6,23.73737373737374,2.114244014907719,1.426226750143869,1.4307561129770938,0.890685059895849,2.1428458961169397,2.76185469631671,0.07599927432322227,0.010611034283740337,0.01085518822053961,0.223179509628575,0.10157517678125853,0.026776251468763102,0.048978136778893684,0.02638935088540548,0.2696981690040338,0.17368192910271943
6,24.242424242424242,2.1219572519448247,1.4255805994581958,1.4274330953143186,0.8887603884435179,2.1421218266743884,2.7643981629955876,0.07593610961999542,0.010582592486329376,0.010892002324745175,0.2239583714675586,0.10145979398426291,0.026790401271910003,0.04891729790638237,0.0263540514457676,0.26793357791356714,0.17310042482030624
6,24.747474747474747,2.1295135618780936,1.4249508866157417,1.4241267429728182,0.8868401453544703,2.1414141589293836,2.766805832400859,0.07587452690388037,0.010554383075396481,0.010928023878285417,0.22471980978607103,0.10133881961671815,0.02680339431865238,0.048853911069982305,0.026317528972461684,0.2662494213180487,0.1725848026410619
6,25.252525252525253,2.136921076764009,1.4243374109667017,1.420836712055132,0.8849242514369895,2.140721982855413,2.769086122876537,0.07581447572057387,0.010526397604422632,0.010963294465247554,0.22546475192735965,0.10121263346387355,0.026815319553772383,0.04878816235248803,0.026279875331591974,0.2646416901888817,0.17212990657063912
6,25.757575757575758,2.1441877014372337,1.4237399745988415,1.417562669014051,0.8830126326131824,2.140044416990062,2.771247215182364,0.07575590694854299,0.010498627930395504,0.010997854234050097,0.22619409646996647,0.1010816019616117,0.026826263101337317,0.04872023141691399,0.02624117875785576,0.2631064957844219,0.1717307241332789
6,26.262626262626263,2.151320715242784,1.4231583852206484,1.4143043014452015,0.8811052216439033,2.1393806500781185,2.7732966279835356,0.07569877485707151,0.010471066500370014,0.011031740227488046,0.22690867090996858,0.10094606238764778,0.026836303917713196,0.048650283268742475,0.026201520429483902,0.2616401896115662,0.17138272273909455
6,26.767676767676768,2.158326949901737,1.422592454783642,1.4110613129329366,0.8792019568287803,2.1387299219993534,2.7752414069568596,0.07564303622179186,0.010443706221798306,0.011064987219920122,0.22760925091015316,0.10080633048155903,0.026845515787097953,0.04857847201812519,0.026160976248629817,0.2602393053659101,0.17108170347960183
6,27.272727272727273,2.1652127837347552,1.4220419994902906,1.4078334226524325,0.8773027813470237,2.1380915234147015,2.777088118318918,0.075588650326721,0.01041654044604328,0.011097627775555379,0.22829656060999587,0.10066270091383832,0.0268539673271814,0.04850494105728342,0.026119617062597432,0.2589005599341154,0.17082380572384973
6,27.77777777777778,2.1719842763177266,1.4215068389759355,1.4046203620029973,0.8754076431479003,2.137464782164218,2.778842992789459,0.07553557818692784,0.01038956286441547,0.01112969270538446,0.22897128665207125,0.1005154520905469,0.026861723405677555,0.04842982580408786,0.02607750957004493,0.25762081757925526,0.17060538909871203
6,28.282828282828284,2.1786469291343256,1.4209867980140114,1.4014218812197288,0.8735164961982246,2.1368490896040657,2.780511669471342,0.07548378394381472,0.010362767709873074,0.011161209954477655,0.229634051360786,0.10036483635046989,0.026868842452493904,0.04835324864785294,0.026034714101294914,0.25639715184022244,0.1704232474741075
6,28.78787878787879,2.185206023622915,1.420481703904859,1.3982377384311793,0.871629296622925,2.1362438607426673,2.782099556348329,0.0754332328932879,0.010336149427512513,0.011192206461317708,0.23028545304823161,0.10021109598482383,0.02687538046742607,0.048275326843439686,0.025991288632469436,0.25522675134616835,0.17027431071512766
6,29.292929292929294,2.1916664343834524,1.4199913880927952,1.3950677070360713,0.8697460065648437,2.135648558692489,2.7836116318937907,0.07538389261928993,0.010309702891378938,0.011222706903752863,0.23092604146610596,0.1000544525143508,0.026881388611038046,0.048196167484143446,0.02594728579942101,0.2541069706432049,0.17015581339183483
6,29.7979797979798,2.198032716965996,1.4195156854118351,1.391911571875173,0.8678665919690207,2.1350626829023738,2.7850525378287685,0.07533573246241597,0.010283423292478083,0.011252734295957773,0.23155632961979145,0.09989511209811054,0.026886914359300018,0.04811587007208824,0.025902754421412388,0.25303530382981015,0.170065217728294
6,30.303030303030305,2.204309148453192,1.4190544337120146,1.3887691275039642,0.8659910216057208,2.1344857637856327,2.7864266219983764,0.07528872328673462,0.010257306090733678,0.011282310275016352,0.23217679913489953,0.0997332679937026,0.02689200203945846,0.04803452765713253,0.025857740212205913,0.25200937146930186,0.17000017896760583
6,30.80808080808081,2.210499740113371,1.418607473749455,1.3856401789750734,0.8641192683624194,2.133917362908223,2.787737952801214,0.07524283746952261,0.01023134704318902,0.011311455095955766,0.23278790005612665,0.09956909971368245,0.026896692870004294,0.04795222640458503,0.02581228545392087,0.2510269160182886,0.16995853707608868
6,31.313131313131315,2.2166082513936836,1.4181746492456664,1.3825245403943398,0.8622513080047391,2.1333570705323153,2.7889903330152315,0.07519804876072143,0.010205542148527964,0.011340187647702525,0.2333900534837497,0.0994027746324832,0.02690102515069188,0.04786904663663221,0.025766429346813946,0.25008579639100326,0.16993830516492778
6,31.81818181818182,2.222638162389504,1.4177558066948335,1.3794220341477044,0.8603871172850116,2.1328045057567824,2.7901872692693876,0.07515433241862217,0.010179887646145032,0.01136852565011688,0.2339836511013501,0.09923444924623043,0.026905034221210707,0.04778506285986707,0.02572020883640209,0.2491839925032515,0.169937693401434
6,32.323232323232325,2.2285927904951746,1.4173507949414368,1.3763324902737584,0.8585266766667763,2.132259308263809,2.791332098622454,0.07511166464326445,0.010154379976231616,0.011396485806940993,0.23456906388277068,0.09906427015433676,0.02690875339100593,0.04770034497357698,0.025673658135337535,0.24831957371932994,0.16995501134174246
6,32.82828282828283,2.2344752788734974,1.4169594651069413,1.3732557455992114,0.8566699688973031,2.1317211377368395,2.79242797524923,0.07507002261037601,0.010129015761851158,0.011424083908075642,0.2351466425558742,0.09889237522136934,0.026912213964043984,0.04761495860573006,0.025626809272080275,0.24749069966835682,0.1699886783569732
6,33.333333333333336,2.2402886200838372,1.4165816704102705,1.3701916429471577,0.8548169787224416,2.1311896711592753,2.7934778955135484,0.07502938434231156,0.010103791785898375,0.011451334952248567,0.2357167203332828,0.09871889469431674,0.026915445514835382,0.047528965675403885,0.025579692367585446,0.2466956121619559,0.170037204410138
6,33.83838383838384,2.246035323220777,1.416217268326865,1.3671400372778835,0.8529676908098748,2.1306646342387205,2.7944843399057957,0.07498973038315374,0.010078705176097331,0.011478251855837998,0.23627958091920667,0.09854394193328293,0.02691847248913755,0.047442419079965915,0.025532334069565565,0.24593272460398172,0.17009947825605426
6,34.343434343434346,2.2517180619803385,1.4158661163645447,1.3641007830683696,0.8511220930035938,2.130145739448395,2.795449969477567,0.07495104051563264,0.010053753023955787,0.011504848002588025,0.23683552158244456,0.09836763227783303,0.026921320871549834,0.0473553734020301,0.025484760867828433,0.2452004434359138,0.17017421000506114
6,34.84848484848485,2.257339364108377,1.4155280740643337,1.3610737399470167,0.8492801742670774,2.129632715196746,2.7963772916991747,0.07491329532189339,0.010028932555273302,0.011531136052279338,0.2373848234468245,0.098190074529759,0.02692401502684324,0.047267879998024065,0.025436997687158708,0.24449725137695283,0.17026020001987086
6,35.35353535353536,2.2629016419943357,1.415203002785996,1.3580587718318464,0.8474419245166138,2.1291253025670716,2.797268693070836,0.07487647602047309,0.010004241104366757,0.011557128080733484,0.23792775480037123,0.09801137218089845,0.02692657803818403,0.04717998764490572,0.02538906816079008,0.24382169749867938,0.1703563137434899
6,35.85858585858586,2.268406691397566,1.4148907690685188,1.3550557614567493,0.8456073381026311,2.1286233099274128,2.798125904607168,0.0748405672271994,0.009979676564905008,0.011582833234679131,0.23846451561881957,0.0978316027095129,0.02692902609620635,0.0470917315555503,0.025340989965945575,0.2431725382987492,0.17046191710465142
6,36.36363636363637,2.2738566650436645,1.414591238083812,1.3520645825114073,0.8437764075321655,2.1281265074618174,2.798951040218347,0.074805551620847,0.009955236528341594,0.011608262255740935,0.23899534470626915,0.09765085732777304,0.026931379358174034,0.04700315448726564,0.025292783726781676,0.24254846036503735,0.17057603485440476
6,36.86868686868687,2.2792535799249287,1.4143042769334278,1.3490851136532542,0.8419491265575741,2.127634680477312,2.7997460711009885,0.07477141264493319,0.009930918718431285,0.011633425196095958,0.23952046553624373,0.09746922097275845,0.026933656458128494,0.04691429609480543,0.025244468546850436,0.24194821872415265,0.17069777844009978
6,37.37373737373738,2.2845993324121556,1.4140297545364204,1.3461172380182058,0.8401254900215054,2.1271476277232675,2.8005128417741356,0.07473813442641729,0.009906720976883568,0.011658331492009198,0.24004008795443868,0.09728677299247639,0.02693587467906892,0.04682519328102904,0.025196062172061075,0.24137063122907815,0.1708263342099344
6,37.87878787878788,2.289895335652579,1.4137675439699369,1.343160850678081,0.8383054924107006,2.126665196479356,2.8012526807410585,0.07470570360673381,0.009882641496479735,0.011682988644890278,0.24055437234555707,0.09710357590156088,0.026938046209738296,0.046735873891120654,0.0251475790219611,0.24081468438851378,0.1709612701838302
6,38.38383838383839,2.295143260123439,1.4135175176280137,1.340215842260676,0.8364891293614239,2.126187209342716,2.8019671945399556,0.07467410555274202,0.009858678312330402,0.01170740504917403,0.24106350431605478,0.09691969974684697,0.02694018590225299,0.04664637018476124,0.02509903473718561,0.24027931468332653,0.17110191054345486
6,38.88888888888889,2.3003446683429996,1.4132795495890742,1.3372821067880187,0.8346763966271143,2.125713500049357,2.8026578758069682,0.07464332621938062,0.009834829546621529,0.01173158862220271,0.2415676581354551,0.09673521038270265,0.026942307467220965,0.04655671230896922,0.025050444045666233,0.23976351469038773,0.17124764563586836
6,39.3939393939394,2.3055010100323403,1.4130535156337376,1.3343595416206784,0.8328672898732301,2.1252439137557158,2.80332609791339,0.0746133521701418,0.009811093407759913,0.011755546802451115,0.24206699643694857,0.09655016951002098,0.02694442343767521,0.046466928289748445,0.025001820806598782,0.23926633333503122,0.17139793704531878
6,39.8989898989899,2.310613505536941,1.4128392943548262,1.3314480563962783,0.8310618125177401,2.12477832760147,2.8039729957134356,0.07458417140976785,0.009787468463301542,0.011779285371452666,0.24256164972702524,0.0963646225109521,0.026946543294650533,0.04637703847760668,0.024953174218860386,0.23878691891670986,0.17155241720556824
6,40.40404040404041,2.315683434864345,1.4126367646498978,1.3285475555673267,0.8292599622890848,2.1243166064925267,2.8045997653872488,0.0745557714987233,0.00976395310767455,0.011802810827902941,0.24305176064618994,0.09617862241812485,0.02694867762654626,0.04628706676111173,0.02490451593626989,0.23832441636688556,0.1717106458415967
6,40.909090909090914,2.320712005907872,1.4124458068740855,1.3256579466604996,0.8274617377484276,2.123858623730284,2.805207527969722,0.07452814042628747,0.009740545814910137,0.011826129268155404,0.24353746333338014,0.0959922185762297,0.02695083619937032,0.046197035282505135,0.02485585667273464,0.23787801320003746,0.1718722224371844
6,41.41414141414142,2.3257003499904556,1.4122663028854878,1.3227791407537215,0.8256671387715743,2.1234042620212135,2.8057973248891477,0.07450126664900754,0.009717245153863959,0.011849246323731988,0.24401888242520053,0.0958054559861683,0.02695302786928759,0.04610696414488077,0.024807205987303717,0.23744694047655496,0.1720367909844404
6,41.919191919191924,2.3306494927671575,1.4120981359939184,1.319911053972574,0.8238761673494668,2.1229534157619123,2.8063700888303273,0.07447513928401626,0.00969404980260411,0.011872167197674883,0.24449613052681013,0.09561837392525716,0.02695526031298275,0.04601687031458007,0.024758572107613785,0.23703048735435125,0.17220405749267112
6,42.42424242424243,2.335560449295076,1.4119411906541168,1.3170536026879416,0.8220888247527545,2.1225059808760784,2.806926741022934,0.07444974750606247,0.009670958455253861,0.011894896927293978,0.2449693188083291,0.09543101142333056,0.026957541092396214,0.04592677096395743,0.024709963121002754,0.23662795882320942,0.17237372389095332
6,42.929292929292934,2.3404341883065105,1.4117953525353513,1.3142067055165494,0.8203051128196152,2.1220618586335434,2.807468155053606,0.07442508078564242,0.00964796985825641,0.011917440303826948,0.24543855299174863,0.09524340505370908,0.026959877253728507,0.04583668208110111,0.024661386499523586,0.236238691606857,0.17254551278925803
6,43.43434343434344,2.3452716327384264,1.4116605084866887,1.3113702834357701,0.8185250341006275,2.1216209555935395,2.8079951576770967,0.07440112889398164,0.009625082810764376,0.011939801887201703,0.2459039333875307,0.09505558885445461,0.026962275332739174,0.04574661839153397,0.024612849086793894,0.2358620539411942,0.1727191670539711
6,43.939393939393945,2.350073595291326,1.4115365467679906,1.308544258122571,0.8167485881305013,2.1211831867359114,2.808508456085601,0.0743778821220115,0.009602296152960555,0.011961985937292575,0.24636555162484158,0.09486759613150034,0.026964740956172895,0.04565659398636575,0.02456435810412003,0.2354974673794885,0.17289449769453488
6,44.44444444444445,2.354840908947223,1.4114233565130188,1.305728553691553,0.8149757771054481,2.120748467619617,2.8090087831467496,0.07435533078091199,0.009579608762009969,0.011983996628292526,0.24682349878218635,0.09467945774830067,0.026967279776460976,0.04556662197513807,0.024515919789426487,0.2351443599301184,0.17307128797158944
6,44.949494949494955,2.3595743758242613,1.4113208279022431,1.3029230956466142,0.8132066032338736,2.120316717043253,2.8094968400728626,0.07433346538715184,0.009557019546542993,0.012005837992855045,0.24727786260321458,0.09449120326823067,0.026969897140118746,0.04547671482154609,0.024467540105478063,0.2348021836861836,0.17324933124336378
6,45.45454545454546,2.364274761375867,1.4112288521585035,1.3001278105281118,0.8114410681654725,2.1198878570842035,2.8099732896528744,0.07431227667667305,0.009534527441505151,0.012027513933687546,0.24772872743694865,0.09430286138491804,0.026972598072221913,0.04538688450870909,0.02441922493159111,0.23447041635746563,0.1734284354300033
6,45.959595959595966,2.3689427081362915,1.4111473225033075,1.2973426286654532,0.8096791740550989,2.1194618233824727,2.810438664486801,0.07429175597402973,0.009512131469533301,0.012049027635130816,0.24817616411185114,0.09411445549016366,0.026975386149072588,0.04529714080411076,0.02437097863598515,0.2341485906400113,0.17360849413163879
6,46.46464646464647,2.373578901433959,1.4110761324477743,1.2945674795082658,0.8079209223330386,2.1190385463100623,2.8108935439220986,0.07427189447737818,0.00948983062965337,0.012070382598822812,0.248620248557101,0.09392601121729033,0.026978265560291082,0.04520749430638458,0.024322806373180274,0.2338362360182777,0.17378935294026104
6,46.969696969696976,2.3781840042998326,1.4110151764697552,1.2918022933842803,0.806166314120731,2.1186179583307587,2.8113384844529636,0.0742526835321239,0.009467623938404082,0.01209158223279375,0.2490610545389375,0.09373755353914562,0.026981240296518424,0.04511795530040011,0.02427471318623595,0.23353290084187436,0.17397086272064535
6,47.47474747474748,2.3827586430335805,1.4109643501672273,1.289047001846659,0.8044153502853445,2.1181999956115676,2.8117740042303674,0.07423411468757503,0.009445510437505716,0.012112629758058645,0.24949865207831096,0.09354910615868207,0.026984313967998882,0.0450285335323566,0.024226703810273306,0.23323815678338483,0.17415289185472047
6,47.979797979797986,2.387303354331759,1.4109235508169768,1.286301542333001,0.802668035450052,2.117784607081024,2.8122005303598896,0.07421618007931303,0.009423489303524555,0.012133527779482426,0.24993309832967428,0.09336068527731554,0.026987488945676385,0.044939235264973273,0.0241787807648935,0.23295161986463314,0.17433536986040207
6,48.484848484848484,2.3918186978204,1.4108926762029175,1.2835658498733378,0.8009243713461623,2.1173717367752283,2.812618512976713,0.07419887168836145,0.009401559651057894,0.012154279137436485,0.2503644553209339,0.09317231084528803,0.026990768074005116,0.04485006854207426,0.024130947771834124,0.23267290571703378,0.17451819641083485
6,48.98989898989899,2.3963052146513952,1.4108716250533935,1.28083986027483,0.7991843594297716,2.1169613304955,2.8130283834230148,0.07418218161704024,0.009379720607526535,0.012174886584326429,0.25079278326862503,0.09298400223251772,0.02699415402570129,0.04476104117247809,0.024083208426248413,0.23240164547908948,0.17470127557873374
6,49.494949494949495,2.4007634148009336,1.4108602971784832,1.278123511166585,0.7974480017710073,2.1165533379330235,2.8134305414931102,0.07416610217525482,0.00935797133732493,0.012195352680227473,0.2512181384471878,0.09279577680431393,0.02699764909616477,0.044672160071403184,0.02403556575296624,0.23213749038784048,0.1748845267319846
6,50.0,2.4051937626086053,1.4108585932925861,1.2754167428682361,0.7957153015169537,2.1161477144311185,2.813825340364387,0.07415062606887195,0.00933631109690442,0.012215679806320205,0.25164057116980365,0.09260764915146819,0.02700125513479203,0.04458343043618994,0.023988022324522486,0.23188012041916448,0.1750678925072589
6,50.505050505050505,2.4095967198300374,1.410866415084531,1.2727194957537997,0.7939862612490967,2.1157444152953913,2.8142131311311984,0.07413574597775349,0.00931473911747727,0.012235870283032262,0.2520601318993644,0.0924196340203099,0.02700497393987647,0.04449485785235193,0.023940580583068114,0.23162922172300784,0.17525131108797048
6,51.01010101010101,2.4139727321943263,1.4108836651660739,1.2700317111703512,0.7922608836031337,2.115343397657636,2.814594248985374,0.07412145470032044,0.009293254646894924,0.012255926337450842,0.2524768692307164,0.09223174530461045,0.027008807138355052,0.04440644755127055,0.02389324273726733,0.23138449348686085,0.1754347251340449
6,51.515151515151516,2.41832222444008,1.4109102470386448,1.2673533318232062,0.7905391715492559,2.114944621206094,2.8149690081542182,0.07410774521309392,0.009271856967637923,0.012275850093356173,0.2528908290928366,0.0920439956285121,0.027012756142867522,0.04431820409536164,0.023846010722979455,0.2311456503827387,0.1756180852111055
6,52.02020202020202,2.422645593869267,1.410946064998939,1.264684300121099,0.7888211263076799,2.1145480469444076,2.8153376928617027,0.07409461064060265,0.009250545366587752,0.012295643626121691,0.2533020559952991,0.0918563985377449,0.027016822235689512,0.04423013235133509,0.023798886969393165,0.23091242729490197,0.17580135008701606
6,52.525252525252526,2.4269432305528134,1.4109910242479649,1.2620245602206062,0.787106750306113,2.114153637854591,2.8157005819820324,0.07408204422138064,0.00922931916175114,0.012315308915278343,0.2537105924200179,0.09166896571490143,0.027021006541882442,0.04414223637260045,0.023751873307665674,0.23068456636260454,0.17598448005609638
6,53.03030303030303,2.4312155125431687,1.411045030827156,1.259374057258783,0.7853960461559125,2.1137613584428716,2.816057942851274,0.07407003930982548,0.009208177691718356,0.01233484787184286,0.2541164792567604,0.09148170802555862,0.027025310063079795,0.04405451982253212,0.0237049713698686,0.23046182014236197,0.17616743806310797
6,53.535353535353536,2.435462803831393,1.4111079915734739,1.2567327368945689,0.7836890160654377,2.113371174408208,2.816410028465791,0.07405858937411859,0.009187120309213736,0.012354262357436054,0.2545197561240423,0.09129463614372711,0.027029733704614867,0.043966986228529986,0.02365818282428059,0.2302439530001066,0.17635018997073312
6,54.04040404040404,2.4396854392601197,1.4111798144261498,1.2541005453692595,0.7819856616486308,2.1129830538628824,2.816757061350403,0.07404768796590668,0.009166146351312634,0.012373554068913623,0.25492046032400323,0.09110776014613817,0.027034278037669102,0.043879639134536554,0.02361150903466257,0.2300307480639739,0.17653271457039998
6,54.54545454545455,2.4438837537362117,1.4112604079387918,1.2514774296004947,0.780285984627648,2.1125969652126897,2.8170992651995816,0.0740373287434277,0.00914525518539036,0.012392724722842073,0.2553186287086688,0.09092108986817109,0.02703894369310492,0.04379248177940492,0.023564951451580815,0.22982199271321538,0.17671498563272417
6,55.05050505050505,2.4480580748623595,1.411349681409149,1.248863337075387,0.778589986581617,2.112212877609376,2.8174368568282624,0.07402750545459769,0.009124446192873038,0.01241177600749948,0.2557142973086727,0.09073463489503789,0.02704373125953578,0.0437055172457609,0.023518511517254377,0.22961748203984458,0.17689697655208728
6,55.55555555555556,2.452208717946376,1.4114475449687298,1.2462582157567064,0.7768976687573959,2.111830761235886,2.817770040702447,0.07401821192270004,0.0091037187570312,0.012430709549986648,0.2561075011074144,0.09054840457667575,0.027048641213619842,0.04361874857828409,0.023472190602022457,0.22941702114209145,0.17707866352264257
6,56.06060606060606,2.456335969139651,1.411553909811732,1.2436620157622171,0.775209033544732,2.1114505902833214,2.8180989924841366,0.07400944216113181,0.009083072297451833,0.01244952678963702,0.2564982710414766,0.09036240570302677,0.027053673634716512,0.04353217772188034,0.023425989304693477,0.22922043264207978,0.1772600388472499
6,56.56565656565657,2.4604401177200796,1.4116686877447207,1.241074686786333,0.7735240823713887,2.1110723378987473,2.8184238912329,0.07400119019209338,0.009062506223398777,0.012468229208717733,0.25688663905006137,0.09017664613991803,0.02705882872043157,0.04344580711021887,0.02337990858430727,0.22902754155578678,0.17744108699422065
6,57.07070707070707,2.4645214483559252,1.4117917912968858,1.238496178764672,0.7718428162728139,2.11069597744479,2.818744911754633,0.07399345008903783,0.0090420199450694,0.012486818274410314,0.2572726368197111,0.08999113388202813,0.027064106656665015,0.0433596392585776,0.02333394945887574,0.22883817867952672,0.17762179064747755
6,57.57575757575758,2.4685802339625664,1.4119231338219953,1.2359264424905694,0.7701652364221878,2.1103214836657185,2.819062217540726,0.07398621601580535,0.009021612883993559,0.012505295385068714,0.25765629462243256,0.08980587617374934,0.027069507497221906,0.04327367638625436,0.023288112725353558,0.22865218370211363,0.1778021363123645
6,58.08080808080808,2.4726167263965473,1.4120626294454102,1.233365430318703,0.7684913445444695,2.1099488342234807,2.819375950990776,0.07397948236152724,0.009001284519395046,0.012523661836962565,0.25803763963165344,0.08962087873927314,0.02707503110005532,0.04318791977507498,0.023242398947848165,0.22846941004829907,0.17798212073645703
6,58.58585858585859,2.4766311773646965,1.4122101930385218,1.2308130946347138,0.7668211419450028,2.109578006398039,2.8196862550940223,0.07397324350300052,0.008981034310955972,0.012541918921206797,0.2584166994398163,0.08943614760453562,0.02708067732821258,0.043102371014359105,0.023196808686740573,0.228289713964341,0.17816173664557255
6,59.09090909090909,2.4806238342002156,1.4123657402128909,1.2282693882033113,0.7651546297503332,2.1092089778034433,2.819993269072434,0.07396749385772963,0.008960861716854143,0.012560067904119137,0.2587935012908725,0.08925168868133286,0.02708644600959645,0.043017031712537464,0.023151342448078566,0.2281129565433563,0.1783409758704481
6,59.5959595959596,2.484594934589022,1.4125291873152117,1.225734264594837,0.7634918091996569,2.108841727271626,2.820297122936228,0.07396222794910846,0.00894076621577975,0.01257811000270865,0.25916807113379575,0.08906750725796721,0.027092336886652656,0.04293190314472478,0.023106000621286336,0.22793900629113845,0.17851983319978612
6,60.101010101010104,2.488544703850583,1.4127004513778143,1.22320767766182,0.7618326809453012,2.108476234612347,2.820597933732298,0.07395744041497457,0.008920747302460164,0.012596046387160616,0.2595404338560767,0.08888360875171382,0.02709834963686895,0.04284698655598295,0.023060783732998323,0.22776774147220977,0.17869830645571175
6,60.60606060606061,2.492473363954678,1.4128794501619644,1.220689581961942,0.760177245871813,2.108112480217333,2.8208958162421913,0.07395312594550267,0.008900804479076409,0.01261387820136426,0.2599106137297426,0.08869999802134186,0.02710448389467309,0.0427622829797944,0.0230156921403767,0.22759904378204163,0.17887639327736482
6,61.111111111111114,2.496381132308108,1.413066102136897,1.2181799326532494,0.7585255049310701,2.1077504450804674,2.8211908814579845,0.07394927929329737,0.008880937256842199,0.0126316065617815,0.26027863438063076,0.08851667952980745,0.027110739253983406,0.04267779328340588,0.022970726100376843,0.22743279915122835,0.17905409156099736
6,61.61616161616162,2.5002682194563772,1.4132603264520358,1.2156786853333905,0.7568774588730299,2.1073901108620983,2.8214832337618616,0.07394589529114327,0.008861145158660837,0.012649232554018472,0.2606445187070981,0.08833365759711738,0.027117115268707283,0.04259351823723462,0.022925885878886512,0.22726889930608937,0.17923140028788684
6,62.121212121212125,2.5041348230567237,1.4134620431119058,1.21318579576548,0.7552331079426176,2.1070314598533866,2.8217729645324674,0.07394296877454364,0.008841427676773548,0.012666757200548927,0.2610082890677664,0.0881509365619668,0.027123611340003163,0.04250945890949185,0.022881171584897796,0.2271072469389374,0.17940832047001962
6,62.62626262626263,2.5079811410512436,1.4136711726745328,1.210701220385893,0.7535924525657018,2.1066744748242434,2.8220601663622547,0.07394049468967873,0.008821784339973621,0.012684181524422444,0.2613699671947009,0.08796852040695609,0.027130226920264823,0.04242561599454723,0.02283658338706997,0.22694774482513597,0.17958485244155534
6,63.131313131313135,2.511807369006313,1.4138876363132886,1.2082249161569154,0.7519554931770048,2.1063191390001132,2.822344930162536,0.07393846806431899,0.008802214696824285,0.012701506536552444,0.26172957427521015,0.0877864128785375,0.02713696146977673,0.0423419899889424,0.022792121468730074,0.2267902980468477,0.17976099632241363
6,63.63636363636364,2.515613696797753,1.414111355893758,1.2057568403923247,0.7503222300125544,2.1059654360440776,2.8226273415614394,0.07393688397307553,0.008782718295405799,0.012718733219846467,0.26208713104061376,0.08760461762740454,0.027143814403149606,0.04225858140242996,0.02274778597206557,0.22663481675835992,0.17993675261293493
6,64.14141414141415,2.5194003109425913,1.4143422539209891,1.2032969508166043,0.7486926632081402,2.1056133499930128,2.8229074834044394,0.07393573755152336,0.008763294693017233,0.012735862540589338,0.26244265779487636,0.08742313817245106,0.027150785123958205,0.042175390666724634,0.022703577035595092,0.22648121427731369,0.18011212165730195
6,64.64646464646465,2.523167395127531,1.41458025352814,1.2008452055495478,0.7470667928000453,2.105262865208422,2.823185436305969,0.07393502399471678,0.008743943456311905,0.012752895451122886,0.2627961744624455,0.08724197792107521,0.02715787303121084,0.04209241814079295,0.02265949480184991,0.22632940666865212,0.18028710346823362
6,65.15151515151516,2.5269151242153503,1.4148252785949562,1.1984015631679878,0.7454446186957747,2.1049139667731844,2.8234612724100114,0.0739347385390635,0.008724664145850455,0.012769832859989757,0.2631477002549307,0.08706113997844954,0.027165077426205806,0.04200966416301417,0.022615539277394823,0.22617931707466238,0.18046170000804623
6,65.65656565656566,2.5306436309491325,1.4150772544097447,1.195965983090398,0.7438261405191924,2.10456664275498,2.8237350207226144,0.07393487637453701,0.008705456235424168,0.012786675465878132,0.26349725174219957,0.08688062607337783,0.02717239700239507,0.04192712929954963,0.02257170957472361,0.22603089991275302,0.18063592775237067
6,66.16161616161617,2.5343531094842495,1.4153361056075593,1.1935384243433969,0.7422113580850769,2.1042208771146815,2.8240067749147277,0.07393543290600646,0.008686319358284171,0.012803424274142973,0.2638448489199038,0.08670043991147235,0.027179831425051777,0.04184481360939242,0.02252800625195633,0.22588406550394713,0.18080977872123644
6,66.66666666666667,2.5380437263897297,1.4156017579410347,1.1911188466050786,0.7406002709880202,2.1038766557782305,2.8242766006547595,0.07393640352332258,0.008667253093380695,0.012820080152872393,0.2641905100252128,0.08652058429863928,0.027187379970370434,0.0417627172930482,0.022484429293613196,0.22573874480552247,0.18098325402183116
6,67.17171717171718,2.5417156464975204,1.415874137764979,1.1887072098901765,0.7389928787196369,2.1035339648562634,2.8245445625251757,0.07393778366443927,0.008648257025994411,0.012836643961882234,0.2645342530644394,0.08634106198068489,0.027195041918667198,0.041680840515855765,0.022440978691562863,0.22559487056906602,0.1811563541367715
6,67.67676767676768,2.545369033360327,1.416153172026424,1.186303474535501,0.7373891806689702,2.1031927905997736,2.824810724500575,0.07393956881374869,0.008629330747703142,0.012853116555043436,0.26487609585675,0.08616187566133411,0.02720281655977066,0.04159918341378432,0.022397654451104875,0.22545237697581783,0.18132907877539733
6,68.18181818181819,2.54900404970945,1.416438788254677,1.1839076011853764,0.7357891761228976,2.102853119355769,2.825075150425759,0.07394175450041626,0.008610473856348562,0.0128694987826094,0.26521605607787563,0.08598302802024903,0.027210703198412685,0.04151774609923081,0.02235445659705211,0.22531119927201504,0.18150142672506572
6,68.68686868686869,2.5526208123413414,1.416730915217579,1.1815195522164657,0.7341928649152799,2.1025149419494644,2.8253378572503283,0.07394433635935738,0.008591685930924723,0.012885791229031336,0.2655541471042405,0.0858045194424811,0.027218700539625378,0.04143652813283102,0.022311384225914214,0.2251713061200991,0.1816734146265052
6,69.1919191919192,2.556219453282791,1.4170294820240747,1.1791392898057425,0.7326002465631507,2.1021782477431827,2.8255988784417028,0.07394731004612508,0.008572966564952413,0.012901994567652775,0.2658903836511054,0.08562635108518157,0.02722680752005074,0.04135552924060145,0.02226843678270745,0.22503265565193592,0.18184505161560452
6,69.6969696969697,2.5598001443413336,1.4173344177620535,1.1767667751549546,0.731011319924148,2.1018430222518,2.8258582894398168,0.07395067120212795,0.008554315379704164,0.01291810970287881,0.2662247840365077,0.08544852610553653,0.02723502364110905,0.041274749602043935,0.022225614571343342,0.22489517780797671,0.1820163291699581
6,70.20202020202021,2.5633630306695774,1.4176456524663188,1.1744019705889204,0.7294260841491995,2.1015092535960544,2.826116138787089,0.07395441554491586,0.008535731987359017,0.012934137384229622,0.26655736406045943,0.08527104631942777,0.027243348064308573,0.04119418907211119,0.022182917360494776,0.22475882199580483,0.18218724873854858
6,70.70707070707071,2.56690825610045,1.4179631167449551,1.1720448387552023,0.7278445383287798,2.1011769300417615,2.8263724743967527,0.07395853883231898,0.008517216004659427,0.012950078353065204,0.2668881393412132,0.08509391346878187,0.0272517799550916,0.0411138474785078,0.022140344910412835,0.2246235388658588,0.1823578112623787
6,71.21212121212122,2.570435963433542,1.418286741771887,1.1696953426149619,0.7262666814957586,2.10084603997213,2.8266273438531466,0.07396303686101864,0.008498767052783584,0.01296593334391732,0.26721712534316916,0.0849171292309766,0.0272603184858921,0.04103372462547798,0.022097896975419553,0.22448928006989158,0.18252801709697997
6,71.71717171717172,2.573946294721454,1.4186164592794366,1.1673534454338128,0.7246925126282473,2.1005165718600796,2.8268807947119994,0.07396790546511806,0.008480384757217756,0.012981703085821465,0.26754433740478195,0.08474069522824722,0.027268962839193406,0.04095382029759347,0.02205557330640068,0.2243559980194294,0.18269786593492093
6,72.22222222222223,2.5774393197051375,1.418952202411159,1.1650191105114942,0.7231220277820228,2.1001885192540586,2.8271327956648826,0.07397314071261125,0.008462068710523888,0.012997388080988865,0.26786978581483645,0.08456461317167828,0.027277711462145814,0.0408741344797564,0.022013373708642127,0.22422369753923635,0.1828673843114426
6,72.72727272727273,2.5809152047772215,1.419293903694821,1.162692301785873,0.7215552268319655,2.0998618689807036,2.8273834226183054,0.07397873843936957,0.008443818559318765,0.013012989128853604,0.2681934874647734,0.08438888455465787,0.027286563826657582,0.04079466685340195,0.021971297914398245,0.22409231379737643,0.183036560772987
6,73.23232323232324,2.584374078289004,1.4196414966510744,1.1603729833331422,0.7199921080825249,2.09953661053552,2.827632710329354,0.07398469461948394,0.008425633934441377,0.0130285069091154,0.26851545657445847,0.08421351091511632,0.027295519026432506,0.040715417206467965,0.021929345689353265,0.22396180955367057,0.18320539761738974
6,73.73737373737374,2.587816066067784,1.4199949153641935,1.1580611194867403,0.7184326696780341,2.0992127335969095,2.827880691508971,0.07399100526679955,0.008407514469018945,0.013043942092249305,0.2688357071480418,0.08403849377894078,0.027304576147013156,0.04063638533116526,0.02188751680797718,0.22383214947227256,0.18337389729144457
6,74.24242424242425,2.5912412922994603,1.4203540944674917,1.1557566748303738,0.7168769096293771,2.098890227956886,2.8281273977789456,0.07399766643184441,0.008389459798647182,0.013059295342685412,0.26915425304295587,0.08386383466826457,0.02731373427504946,0.040557571025971136,0.02184581105555924,0.22370329944947978,0.18354206208451468
6,74.74747474747475,2.594649879670883,1.4207189691376056,1.1534596141883466,0.7153248258110838,2.098569083503441,2.828372859813607,0.07400467420079675,0.008371469561188246,0.013074567319694566,0.2694711079878987,0.08368953511114333,0.027322992499856428,0.04047897409985054,0.02180422823081164,0.22357522647619504,0.18370989410632044
6,75.25252525252526,2.5980419411953553,1.4210894751989533,1.151169903550395,0.7137764168831671,2.0982492919477767,2.8286170993892235,0.07401202476356546,0.00835354342726893,0.013089758573961387,0.26978628386044684,0.08351559535011575,0.02733234978758595,0.04040059384367898,0.021762767743267273,0.22344790617365626,0.18387739805025669
6,75.75757575757576,2.6014175831974495,1.4214655490803605,1.1488875097426297,0.7122316819721669,2.097930846210328,2.8288601322914086,0.07401971438913675,0.008335681089586171,0.013104869584121104,0.2700997912998476,0.08334201479656367,0.02734180502632142,0.0403224292165589,0.02172142875437126,0.22332132003339447,0.18404458021916617
6,76.26262626262627,2.6047769294059453,1.4218471274920628,1.1466123977267157,0.7106906180052002,2.097613735378301,2.829101991760753,0.07402773922551173,0.008317882174295469,0.01311990105804194,0.2704116447368695,0.08316879578730124,0.027351357394477558,0.040244480384377425,0.021680211346984498,0.22319543318244794,0.1842114404814428
6,76.76767676767678,2.608120092941473,1.4222341477929625,1.1443445337537403,0.7091532228375523,2.097297950594886,2.8293427012399732,0.0740360955326398,0.008300146344737172,0.013134853580584754,0.27072185652017183,0.0829959391896322,0.027361005931123228,0.040166746920364683,0.021639115156258364,0.22307022022186113,0.18437798167857192
6,77.27272727272728,2.6114471853813583,1.4226265478667117,1.1420838843519887,0.7076194942576881,2.0969834831696876,2.82958228319719,0.07404477960724008,0.008282473268298592,0.013149727726397744,0.2710304388013959,0.08282344580689105,0.027370749674201576,0.04008922838091269,0.021598139806952243,0.22294565685709616,0.18454420661454093
6,77.77777777777779,2.614758316853411,1.4230242661166368,1.1398304163227297,0.7060894299897451,2.0966703245712752,2.829820759220379,0.07405378778217228,0.00826486261639119,0.013164524060193193,0.27133740354298796,0.082651316380523,0.02738058766134404,0.040011924306685986,0.021557284913671555,0.222821719805292,0.18471011804988938
6,78.28282828282829,2.618053596129725,1.423427241460666,1.1375840967360036,0.704563027696028,2.0963584664197383,2.830058150111815,0.07406311642580767,0.008247314064427786,0.013179243137024205,0.27164276252602193,0.0824795515921641,0.027390518930684404,0.03993483422373221,0.021516550081105795,0.2226983867025238,0.18487571869575897
6,78.7878787878788,2.621333126960457,1.4238354133707714,1.1353448935197994,0.7030402853452536,2.0960479001509955,2.8302944735544178,0.0740727619546187,0.00822982726515368,0.013193885570213358,0.27194652763203897,0.08230815171662698,0.027400542503754836,0.03985795730109645,0.021475934846257105,0.22257564050153633,0.18504100991409522
6,79.2929292929293,2.624597015920376,1.4242487217761042,1.1331127742323288,0.7015212004609018,2.0957386176861457,2.830529749212697,0.07408272080529421,0.00821240190356528,0.013208451892138283,0.27224871028587666,0.08213711734377654,0.027410657423244916,0.03978129306018529,0.021435438798287812,0.2224534601201154,0.1852059943794776
6,79.7979797979798,2.6278453679929488,1.424667107111313,1.1308877067695198,0.7000057705623878,2.0954306110303342,2.8307639959149666,0.07409298944996467,0.008195037664928344,0.013222942635649187,0.2725493217921437,0.0819664489619111,0.02742086273232508,0.03970484096389259,0.021395061509182665,0.2223318257341612,0.18537067452134534
6,80.30303030303031,2.6310782864242697,1.4250905103143108,1.1286696593986563,0.6984939931908877,2.095123872244364,2.8309972315928924,0.07410356439641645,0.00817773423305536,0.013237358338661343,0.27284837336052326,0.08179614693757259,0.027431157474317618,0.039628600395797374,0.02135480253028628,0.22221071897140968,0.18553505243550852
6,80.80808080808082,2.6342958734212836,1.4255188728140433,1.1264586006587778,0.6969858658530376,2.094818393490012,2.8312294737662618,0.07411444218533776,0.008160491294566105,0.013251699533556718,0.27314587606954743,0.08162621157374365,0.02744154069639103,0.0395525707164917,0.021314661401866247,0.22209012209684462,0.18569913008618533
6,81.31313131313132,2.637498230236044,1.4259521365255285,1.1242544993579688,0.6954813860243542,2.0945141670217526,2.8314607396312748,0.07412561938972308,0.008143308538797288,0.013265966747632255,0.2734418408751148,0.08145664311104257,0.027452011450328613,0.039476751263820394,0.021274637653204097,0.2219700179313426,0.18586290929677166
6,81.81818181818183,2.640685454128158,1.4263902439095435,1.122057324140932,0.6939805505055346,2.0942111852758694,2.8316910419174306,0.07413709261326001,0.008126185658688676,0.01328016049164896,0.27373627853355303,0.08128744226332234,0.02746256877333844,0.03940114162341581,0.02123473098119123,0.22185039267088916,0.18602639210819666
6,82.32323232323233,2.643857632958093,1.4268331380813752,1.119867042730447,0.6924833542876563,2.0939094410334858,2.8319203815332172,0.07414885848794397,0.008109122352410267,0.01329428123935071,0.2740291994598293,0.08111861115882794,0.02747321165371673,0.03932574210435904,0.021194941564391858,0.22173124090703208,0.18618958141623929
6,82.82828282828284,2.6470148716692807,1.427280762259188,1.1176836255583311,0.6909897960276091,2.0936089265887166,2.8321487834348242,0.0741609136820869,0.008092118315014853,0.01330832952853117,0.27432061445867084,0.08095014882250955,0.027483939200385225,0.039250551453824396,0.02115526855370949,0.22161254101851588,0.18635247785401546
6,83.33333333333334,2.6501572667689963,1.4277330602892802,1.115507042238419,0.6894998727441892,2.093309634539169,2.8323762620108477,0.07417325489137631,0.008075173246356232,0.013322305863891616,0.27461053403222707,0.08078205556010012,0.02749475047997023,0.039175569074127684,0.021115711536475183,0.22149427887877962,0.18651508279748372
6,83.83838383838385,2.6532849141247787,1.4281899764814123,1.1133372626254336,0.6880135814201742,2.0930115575370585,2.832602831623872,0.0741858788407935,0.008058286848586527,0.013336210746885055,0.2748989685996964,0.08061433163911405,0.02750564456687719,0.03910079435522674,0.021076270095558482,0.22137644060900893,0.18667739744812678
6,84.34343434343435,2.656397909055511,1.4286514556037042,1.111174256813216,0.6865309190071579,2.092714688280715,2.8328285067080055,0.07419878228402019,0.008041458826063701,0.013350044676190494,0.27518592850603046,0.08044697728887461,0.02751662054410291,0.039026226674370584,0.02103694380906843,0.2212590124904444,0.18683942282291796
6,84.84848484848486,2.659496346422502,1.4291174428775326,1.1090179951329544,0.6850518824303845,2.09241901950609,2.8330533018664146,0.07421196200284512,0.00802468888525905,0.013363808148187202,0.2754714240306385,0.08027999270054124,0.027527677504047738,0.03895186539574866,0.020997732250054538,0.22114198087668993,0.1870011597442875
6,85.35353535353536,2.662580320720567,1.4295878839724276,1.1068684481514153,0.6835764685935839,2.092124543978264,2.8332772319688617,0.0742254148065708,0.00800797673466472,0.013377501657428988,0.2757554653960918,0.08011337802713707,0.027538814549327773,0.03887770987013994,0.0209586349862078,0.22102533210602088,0.18716260883008914
6,85.85858585858587,2.6656499261691105,1.4300627250009708,1.1047255866691723,0.682104674383806,2.0918312544829525,2.8335003122492384,0.07423913753142,0.007991322084701203,0.013391125697118464,0.27603806277682785,0.07994713338357617,0.02755003079358706,0.038803759434562164,0.02091965157956168,0.22090905241369252,0.18732377048356644
6,86.36363636363637,2.668705256803204,1.4305419125136918,1.1025893817188355,0.6806364966762554,2.0915391438180166,2.833722558403102,0.07425312703994257,0.007974724647624849,0.013404680759581317,0.27631922630785477,0.07978125884669107,0.02756132536230981,0.038730013411920984,0.0208807815861931,0.22079312784424826,0.18748464488331934
6,86.86868686868688,2.6717463896613243,1.4310253938598105,1.1004598038721498,0.6791719308082358,2.091248206088453,2.833943966622199,0.07426738026658102,0.007958184143338619,0.013418167249386949,0.27659896482526003,0.07961575516735762,0.027572697224076747,0.038656471594936896,0.020842024790337248,0.22067755932257674,0.1876452356163002
6,87.37373737373738,2.6747733754340155,1.431513117386501,1.09833682285215,0.6777109697288105,2.090958437426049,2.8341645024845596,0.07428189424286225,0.007941700302597237,0.013431585435025957,0.27687728516648585,0.07945062416830873,0.027584145096661385,0.03858313451631786,0.020803381335035,0.22056237103408088,0.18780555170282087
6,87.87878787878789,2.6777863367990515,1.4320050303074554,1.096220411548323,0.6762536129013381,2.090669828404878,2.8343842176604213,0.07429666582852264,0.007925272832604307,0.013444935957093089,0.27715419954992165,0.07928586460537396,0.027595668433319006,0.03851000063373393,0.02076485035939546,0.2204475222327031,0.1879655864128373
6,88.3838383838384,2.6807853617012833,1.4325010810095364,1.094110541647618,0.674799856634702,2.0903823722694694,2.8346031232328017,0.07431169200259112,0.00790890145422216,0.013458219276779218,0.2774297175699582,0.07912147666720849,0.02760726635218578,0.03843706938958838,0.020726431479543804,0.2203330029404543,0.18812534027600145
6,88.8888888888889,2.683770537742862,1.4330012183053251,1.0920071850350734,0.6733496971945259,2.090096062281359,2.8348212305055585,0.07432696976913292,0.007892585889900853,0.01347143585359776,0.2777038487790293,0.07895746053037965,0.02761893798114233,0.03836434022800281,0.020688124312665368,0.2202188031006007,0.188284813679435
6,89.3939393939394,2.686741952253057,1.433505391428478,1.0899103137911779,0.671903130806083,2.0898108917122427,2.835038551075684,0.07434249615671425,0.007876325863593115,0.013484586145749053,0.27797660269472085,0.0787938163602901,0.02763068245841266,0.03829181259507549,0.020649928477001544,0.22010491250904154,0.1884440068622785
6,89.89898989898991,2.689699692358075,1.4340135500290856,1.0878199001892304,0.6704601536572047,2.089526853837119,2.835255096905607,0.07435826821786705,0.007860121100669264,0.01349767061048473,0.27824798880687973,0.0786305443121011,0.02764249893316303,0.038219485939139805,0.020611843591845657,0.21999132074568667,0.18860291991024078
6,90.40404040404042,2.6926438450508745,1.4345256441690282,1.0857359166927008,0.6690207619011891,2.0892439419274393,2.835470880395484,0.07437428302855363,0.00784397132783214,0.013510689704472112,0.27851801658472275,0.0784676445316556,0.02765438656610089,0.03814735971102257,0.020573869277538827,0.21987801710583404,0.18876155275014805
6,90.90909090909092,2.6955744972609854,1.435041624317335,1.0836583359525898,0.6675849516597108,2.088962149244252,2.8356859144555,0.07439053768763147,0.007827876273032042,0.013523643884158578,0.27878669548394575,0.07830511715640144,0.027666344530073772,0.03807543336430251,0.020536005155465876,0.2197649905315474,0.18891990514449333
6,91.41414141414143,2.6984917359243243,1.4355614413455409,1.081587130804789,0.6661527190257286,2.0886814690313518,2.8359002125781623,0.07440702931631787,0.007811835665381659,0.01353653360613595,0.2790540349538326,0.07814296231631465,0.027678372010668188,0.03800370635556853,0.02049825084805118,0.21965222954303387,0.1890779766859856
6,91.91919191919193,2.701395622346669,1.43608504701908,1.0795222749723474,0.6647240597953525,2.0884018975569885,2.8361137610855915,0.07442375519070514,0.007795849276237762,0.013549359158391642,0.279320041390697,0.07798117927469257,0.027690467942456852,0.03793217781206558,0.02046060579241875,0.21953974651541874,0.18923577191514018
6,92.42424242424244,2.704286195024879,1.4366123939395525,1.077463742987382,0.663298969499762,2.0881234337807193,2.8363265221799874,0.07444071272698459,0.007779916914709974,0.013562120678773585,0.27958471847183275,0.07781976652113871,0.027702631037891712,0.03786084656755321,0.020423069260332008,0.2194275750043832,0.18939329976649785
6,92.92929292929294,2.707163576070546,1.437143433487848,1.0754115072720647,0.6618774445294907,2.0878460667338596,2.836538549135221,0.07445789893044702,0.007764038257258077,0.013574818855020033,0.2798480797964352,0.07765872533106699,0.027714860881594555,0.03778971253866894,0.020385641129109438,0.21931566895430235,0.18955055236782123
6,93.43434343434345,2.710027845317787,1.437678118250101,1.0733655415900425,0.6604594808092148,2.0875697904506993,2.8367498500255777,0.07447531104689938,0.007748213049325599,0.01358745409646296,0.28011013392963297,0.07749805555195713,0.027727156635623012,0.03771877509537266,0.020348320968568156,0.2192040219229544,0.18970753013773126
6,93.93939393939395,2.7128790821403843,1.4382164012074825,1.0713258198990248,0.6590450742408378,2.0872945990107556,2.836960432986105,0.07449294634605447,0.00773244103839957,0.013600026809033746,0.28037088936877674,0.07733775700113603,0.027739517469378815,0.037648033601370715,0.02031110834363074,0.21909262747576821,0.18986423346039472
6,94.44444444444446,2.7157173654859132,1.4387582357322426,1.0692923163491237,0.6576342207060231,2.087020486536155,2.8371703062462794,0.07451080212118036,0.007716721973982602,0.013612537395392792,0.2806303545463096,0.07717782946550691,0.02775194255983975,0.037577487413912564,0.020274002814062407,0.21898147915099783,0.19002066268718545
6,94.94949494949496,2.7185427739098755,1.4393035755837598,1.067265005281192,0.6562269160687267,2.0867474471890097,2.837379478163676,0.0745288756887498,0.007701055607564968,0.013624986255059137,0.2808885378326365,0.07701827270127848,0.02776443109179156,0.037507135883587416,0.020237003934208256,0.21887057042489688,0.19017681813834558
6,95.45454545454547,2.7213553856098294,1.439852374904585,1.0652438612251625,0.6548231561777301,2.0864754751687995,2.837587957257639,0.07454716438808966,0.007685441692596682,0.013637373784540064,0.2811454475389943,0.07685908643369402,0.027776982258059895,0.037436978354120895,0.020200111252730437,0.2187598946768932,0.1903327001046467
6,95.95959595959597,2.72415527845952,1.4404045882164884,1.063228858898386,0.6534229368691723,2.0862045647097487,2.8377957522429504,0.07456566558103025,0.007669879984459578,0.01364970037746072,0.2814010919203212,0.07670027035676054,0.027789595259742207,0.03736701416217164,0.02016332431234537,0.21864944515476317,0.19048830884905107
6,96.46464646464648,2.7269425300430115,1.4409601704165054,1.0612199732039718,0.6520262539690828,2.0859347100782055,2.8380028720634987,0.07458437665155487,0.007654370240439394,0.013661966424693726,0.2816554791781269,0.07654182413297796,0.027802269306439708,0.037297242637128,0.020126642649560943,0.21853921493980633,0.19064364460837274
6,96.96969696969697,2.729717200021394,1.4415190772926054,1.0592171781775284,0.6506331007994599,2.085665905958157,2.8382093048419637,0.0746032950727503,0.007638912200301728,0.013674172319300355,0.2819086170225114,0.0763837490085132,0.027815003466737057,0.03722766376154646,0.02009006640526534,0.2184292143302663,0.1907987085234921
6,97.47474747474747,2.732479340473452,1.4420812652166093,1.0572204475989662,0.6492434696371445,2.085398147222182,2.8384150302131235,0.07462241836719517,0.007623505597579112,0.013686318453853262,0.2821605129322113,0.07622604687053698,0.027827796755794356,0.03715827778555361,0.020053595968115397,0.21831946064532787,0.1909535020993325
6,97.97979797979798,2.735229047376078,1.442646689627129,1.0552297580530112,0.6478573589858503,2.085131427798614,2.8386200807525883,0.07464174391063315,0.007608150216023224,0.01369840520655513,0.28241117544119565,0.07606871554289191,0.027840648571646823,0.037089083302901046,0.020017230195517426,0.2182099274695979,0.19110802450264075
6,98.48484848484848,2.7379663928493474,1.4432153070193836,1.0532450848926185,0.6464747639999213,2.0848657421581693,2.8388244611122353,0.0746612691898537,0.007592845815154981,0.013710432959830062,0.2826606124500128,0.07591175498420633,0.02785355812084472,0.03702007978561256,0.019980968757172556,0.21810061145125087,0.1912622761264619
6,98.98989898989899,2.7406914484073455,1.4437870742584094,1.051266403619209,0.6450956797674456,2.0846010848012844,2.839028175760259,0.07468099171390134,0.007577592155724988,0.013722402094130318,0.2829088318079801,0.07575516516477351,0.02786652461547409,0.03695126671563409,0.019944811332096243,0.2179915093779542,0.19141625737159262
6,99.4949494949495,2.743404284970443,1.444361948575749,1.0492936898797092,0.6437201013096999,2.084337450255971,2.839231228988765,0.07470090901380821,0.007562388999661626,0.01373431298807188,0.28315584131550864,0.07559894606827888,0.02787954727320343,0.036882643585447475,0.019908757609111042,0.21788261816358753,0.19156996864939074
6,100.0,2.746104972877575,1.444939887566141,1.047326919463588,0.6423480235805941,2.0840748330756775,2.8394336249213548,0.07472101864232683,0.007547236110019141,0.013746166018570023,0.28340164872642776,0.07544309769352742,0.027892625317330395,0.03681420989868431,0.019872807287339398,0.21777393483496252,0.19172341038458507
7,0.0,0.5239360541596418,0.516627744300829,0.5137497130168784,0.4751354127706157,0.4689532981750817,0.5489912725541636,0.5183440047236896,0.47245555330844297,0.476072083842071,0.4939629808889528,0.5385045613906484,0.4761219105360471,0.5260348741888752,0.5175101235000461,0.4947270997739129,0.4898491483392908
7,0.5050505050505051,0.9092687784676016,1.0400968574478824,1.0717980219408119,0.7498338557871089,1.3995788447181081,1.3599143154065876,0.32062292224345834,0.2288354380605138,0.16784502269161503,0.312905693224553,0.32207129119418054,0.2298740245852492,0.3360037235366912,0.2459104417046766,0.5638822844291805,0.5340829094264207
7,1.0101010101010102,1.1088998591277095,1.2791362708650529,1.3575262337217568,0.8888202655120095,1.8204809518570768,1.802397323850894,0.21228936619746622,0.1137508388562524,0.06142104680024552,0.2218457172273428,0.2092567226184851,0.11634837890583251,0.22008969588474042,0.12252263171579283,0.5842146862273203,0.5369095510799555
7,1.5151515151515151,1.2255514988081073,1.3900262897632802,1.503370070581455,0.9571600280191361,2.013027928981182,2.051575604672315,0.15348308089064475,0.05972200220382055,0.025077153523280833,0.1784777553395163,0.15225113010377042,0.06477279256442821,0.15038076164399794,0.06746362976359206,0.5831302386523376,0.5221648328825965
7,2.0202020202020203,1.3039038460516985,1.4422241823285231,1.5774050419818364,0.9896776178537497,2.1018327603168845,2.1998735743804723,0.12137724854121644,0.03445064113677473,0.012893233776719899,0.15923403716687132,0.12420962083844592,0.04168651728334925,0.10881292038400944,0.043374451817533945,0.573076294649546,0.5007056109296876
7,2.5252525252525255,1.3634794229138598,1.4668994492751064,1.6143131290987702,1.0042852077319773,2.1425174423773266,2.2949554131239567,0.10365755984995655,0.022658285063754658,0.00896699153574787,0.1519876421116948,0.11089499272807157,0.031566000807492445,0.08420414910719028,0.03312279283694218,0.5596125178575678,0.4773831238218287
7,3.0303030303030303,1.4130415003097,1.4783418481112707,1.6318183576786482,1.010017522346471,2.1604223588264673,2.3612925161011917,0.09374650679096394,0.017161058483378802,0.00782735517015843,0.1506306416675109,0.10496095846559222,0.02728867536094138,0.06975819514632126,0.028961939537141393,0.54517430476436,0.4543024009075013
7,3.5353535353535355,1.4566765924406115,1.4832718667539335,1.6390633849238059,1.0113851151881454,2.16737198935641,2.4115206164316536,0.08811301271636303,0.01459390799183375,0.007607565410296154,0.15210144546357507,0.10267167404680153,0.025613199656008043,0.061378138913381126,0.02743147892042925,0.5307980296281617,0.432325852686613
7,4.040404040404041,1.4963790484681492,1.4849326896137365,1.6408232951589108,1.0106258256715366,2.169011533270173,2.4522449721237223,0.08484430224566994,0.013385554040234986,0.007678379384629064,0.15486815199776707,0.10214492766347366,0.025076130311571874,0.05660468736080968,0.027005353029096364,0.516902017468559,0.4117609023258132
7,4.545454545454546,1.5331766287549016,1.484928044584513,1.6396268621388606,1.008844622085437,2.168089981031946,2.486981823013331,0.08289436979719277,0.012804520494057638,0.007831675264572126,0.15816737435070716,0.10243978021774403,0.02502266628475559,0.05396544557300567,0.027020859897437518,0.5036362518088118,0.39267216348796224
7,5.050505050505051,1.5676355260281043,1.4840679082626227,1.6368312171682637,1.0065838967441372,2.1659656277454653,2.517648566939229,0.08168647551006683,0.01251181737143064,0.008001119583975399,0.16162288072753855,0.10309043436505286,0.02516365522081143,0.0525810132195237,0.02719662371175823,0.4910369328198853,0.3750217640067883
7,5.555555555555556,1.6000949947466823,1.4827693730720697,1.6331742489999161,1.004108091687947,2.1633165843161235,2.5453257706720582,0.08090012191344408,0.012351009897416339,0.008166928902954236,0.1650532759085392,0.10386931159765096,0.02537360990094651,0.051927314158843656,0.027416960226583777,0.47909408817218063,0.35873193555478444
7,6.0606060606060606,1.6307789297427606,1.4812506295459311,1.6290614846974347,1.0015447373215136,2.1604823288835746,2.5706490989056325,0.08035602654249822,0.012250371603159272,0.00832415107342148,0.16837504283582372,0.1046676722528987,0.02559962915137172,0.05169290639166016,0.027636921628283777,0.46778044399989543,0.3437123179533072
7,6.565656565656566,1.6598504556813451,1.4796274956399733,1.6247179232366944,0.9989544458895713,2.1576319790626997,2.594013987866455,0.07995316440322513,0.012177181376931672,0.008472229655392198,0.1715533664402306,0.10543546488528888,0.02582042627478191,0.05169321821023558,0.02784081216066177,0.45706348483932796,0.3298715960462998
7,7.070707070707071,1.6874387940070568,1.4779618397224499,1.6202686762163943,0.9963650781525031,2.154847469180848,2.615682565399127,0.07963439173268654,0.01211675972094681,0.008611777689314152,0.17457752261468382,0.10615154574249579,0.02602836371787721,0.05181954372910148,0.0280246801352534,0.4469101814425992,0.31712211011659736
7,7.575757575757576,1.7136531318252204,1.4762870572619164,1.6157835255550668,0.9937888850146452,2.152166502045938,2.6358417440924824,0.07936709077007696,0.012062534898765475,0.008743561646316416,0.17744823157738251,0.10680856316272058,0.026221352831513476,0.052008196891583244,0.028188783373653596,0.43728879152356365,0.3053815584075351
7,8.080808080808081,1.7385895961007929,1.4746211264376,1.6113010129158074,0.9912306600134576,2.1496039844683925,2.6546340574808363,0.07913254797281793,0.012011629944953837,0.008868284708821872,0.18017147384349294,0.10740568134370349,0.02639950829399601,0.052222310258143674,0.028334710790032587,0.4281693617139895,0.29457336040234966
7,8.585858585858587,1.762335052284848,1.4729737696735425,1.6068422164468743,0.9886918328409661,2.147163446058021,2.672175071669782,0.07891984616436774,0.011962758673102083,0.008986542477543392,0.18275532756544496,0.10794490140405086,0.026563671388947954,0.0524407692294201,0.028464230726993212,0.41952380057256744,0.2846265452912909
7,9.090909090909092,1.7849691057705919,1.4713501416050516,1.6024182371012168,0.9861723126550301,2.1448426798260005,2.6885627637874636,0.07872253549435587,0.011915351337157888,0.009098849128484405,0.18520850515248097,0.10842939210263955,0.026714882880805955,0.0526517819740067,0.02857897465485591,0.41132576807988586,0.27547542680339593
7,9.595959595959597,1.8065652191547308,1.4697527502323005,1.5980342636535156,0.9836713023298878,2.142636530101704,2.7038826517503045,0.07853683397727225,0.011869185076531718,0.009205655411159882,0.1875397163718115,0.10886275645472948,0.02685420128348378,0.05284922508779465,0.028680380510098236,0.40355053888399356,0.26705923631264916
7,10.101010101010102,1.8271915681733881,1.4681827919587707,1.5936924051242456,0.9811878484169467,2.140538800851176,2.71821145930375,0.07836037829499568,0.011824126915433985,0.009307359123726992,0.18975725575314706,0.10924854289753273,0.02698257597073968,0.053030095843396526,0.028769652237257463,0.3961748860966312,0.2593217779337466
7,10.606060606060607,1.8469115402703609,1.4666407042611609,1.5893929963254751,0.9787209707617937,2.1385429485600795,2.7316189095402854,0.0781916520604605,0.011780092891741985,0.009404320639021762,0.19186890678717564,0.10959013521610168,0.02710086578512444,0.05319321958057641,0.028847826112367164,0.3891769563814365,0.25221107766716244
7,11.111111111111112,1.8657841139747766,1.4651264777312423,1.5851353398409394,0.9762697158954141,2.136642431426542,2.744168862497404,0.0780296630531601,0.011737025196266996,0.009496868896946318,0.19388193236556345,0.10989071633070799,0.0272098513321736,0.0533385113333008,0.02891581047899905,0.382536170247679,0.24567906806278944
7,11.616161616161618,1.8838642093504183,1.4636398861869244,1.5809182446464844,0.9738332014395399,2.1348309647722337,2.7559202233327063,0.07787370848138513,0.011694870247109364,0.009585305618255073,0.19580307181949544,0.11015324034940825,0.027310239013664184,0.053466447498056166,0.028974409107209206,0.3762331349234366,0.23968129605857297
7,12.121212121212121,1.901202984439112,1.4621805983872818,1.5767403061757213,0.9714106199501463,2.1331026155548867,2.7669275398789477,0.07772325256311369,0.011653576574455501,0.009669909193757896,0.19763856705226496,0.11038044059385037,0.027402673444555756,0.05357777575562368,0.02902434476807241,0.3702495650778222,0.23417665076418157
7,12.626262626262626,1.9178480934022208,1.4607482222889003,1.5726000197023065,0.9690012326254543,2.131451814944975,2.7772413995554803,0.0775778753611506,0.011613094803034497,0.009750936945170055,0.19939419888414905,0.11057484654859004,0.02748774516006344,0.053673394217916365,0.029066271983800213,0.3645682148698789,0.22912711794732427
7,13.131313131313131,1.933843923606523,1.4593423293704912,1.5684958428112452,0.9666043614046413,2.1298733493613624,2.786908754313112,0.07743724280365372,0.011573378158504429,0.009828626791205506,0.20107532382375334,0.11073880152185907,0.02756599689645698,0.053754282445179616,0.029100786530288678,0.3591728155551441,0.22449755302101343
7,13.636363636363637,1.9492318205545396,1.4579624814910948,1.5644262620230827,0.9642193841236755,2.128362359163886,2.7959732355100795,0.07730107432953479,0.011534382586897922,0.009903199049998498,0.202686905808162,0.11087447653385815,0.027637929655403914,0.05382142894522743,0.029128434860585275,0.35404801610718467,0.22025546867071474
7,14.141414141414142,1.964050286103244,1.4566082430260778,1.560389820442328,0.9618457315543913,2.126914327448877,2.804475400158737,0.07716912720868001,0.011496066281220674,0.009974857934295958,0.2042335420654053,0.11098388115536506,0.027704006161233197,0.05387580056898141,0.029149719188066296,0.3491793317797464,0.2163708512709241
7,14.646464646464647,1.9783352207956948,1.4552792131422783,1.5563852002246548,0.9594828797112246,2.1255250787295177,2.812453081625907,0.07704115757924439,0.011458390523659732,0.010043793392087056,0.20571950071397002,0.11106888107318283,0.02776465858239597,0.05391825200881607,0.029165109370692992,0.3445530794902748,0.21281592813178363
7,15.151515151515152,1.992119997713816,1.4539749617882771,1.5524110531760842,0.9571303498522707,2.1241907054506752,2.819941303561344,0.07691698923068006,0.011421318109642559,0.010110180715694039,0.20714872743178647,0.11113120069309274,0.0278202812443366,0.05394970320478889,0.029175028961038876,0.3401563619331783,0.20956511068527314
7,15.656565656565657,2.00543586178186,1.452695155148808,1.5484663261589604,0.9547876946085161,2.1229076388395565,2.826973045340159,0.0767963706823296,0.011384816236522894,0.0101741845655165,0.20852491061455253,0.11117245362181474,0.027871252438168848,0.053970791039960886,0.029179891547827956,0.33597695753587725,0.2065945987592436
7,16.161616161616163,2.0183117375300936,1.451439372424761,1.544549778693018,0.9524545104338957,2.1216724951983226,2.8335785503650155,0.07667917784005045,0.011348852243982218,0.010235955447448937,0.20985144020867344,0.11119412119252604,0.027917908468508605,0.053982379678813856,0.029180054692139086,0.3320033776380525,0.20388259824799543
7,16.666666666666668,2.030774815611838,1.4502073059527134,1.5406605051377387,0.9501304144695885,2.120482193205388,2.83978649444806,0.07656518699743904,0.011313398166431616,0.010295635803861827,0.21113150676535647,0.11119760045504781,0.027960577287175898,0.053985002792767266,0.029175876559806746,0.3282247060139457,0.20140873272624757
7,17.171717171717173,2.0428501996898007,1.4489985703962938,1.5367974292563904,0.947815065986602,2.119333820808429,2.845623091002227,0.07645428863017463,0.011278425730481104,0.010353355467378879,0.2123680303020134,0.11118416661936603,0.02799954897876762,0.0539794012171918,0.029167664836075063,0.3246306940354665,0.19915442359395652
7,17.67676767676768,2.0545614881653163,1.4478128392186296,1.5329596622123431,0.9455081421010568,2.1182246852222146,2.8511130929567,0.07634632935213331,0.011243910038943533,0.010409236871399736,0.21356375945378567,0.11115502202907587,0.028035101726466925,0.05396613709377747,0.029155719094466293,0.3212116074080579,0.19710230997450603
7,18.181818181818183,2.0659305072150214,1.4466497773917177,1.52914632089844,0.9432093521601507,2.117152293157834,2.8562793109890645,0.07624119038331534,0.011209827069138317,0.010463392539307538,0.21472121778888212,0.11111126954565309,0.028067488632325093,0.05394579033846076,0.029140309321861256,0.3179582891958994,0.19523653225978618
7,18.68686868686869,2.0769777181210163,1.4455090554333887,1.5253565631907282,0.9409184254919388,2.1161143043393693,2.861143104379272,0.0761387653433174,0.011176154460130306,0.010515927766323626,0.21584276902933652,0.1110539417408969,0.028096945908024095,0.05391891479781887,0.029121686951816196,0.31486205909202264,0.19354233741319982
7,19.191919191919194,2.087722107411941,1.4443903738831567,1.5215896519239538,0.9386351150437116,2.115108573776703,2.8657243209676295,0.07603893597721383,0.011142871811502504,0.010566940194174531,0.21693059917888358,0.110983992379349,0.028123694019941428,0.053885973070771344,0.029100088051089816,0.3119147310415037,0.19200619075276593
7,19.6969696969697,2.0981814514706567,1.443293434739737,1.5178448740790902,0.9363591926323745,2.1141330907794424,2.8700415086239857,0.07594159917285671,0.011109959730541085,0.010616521066790336,0.21798675018884728,0.11090231149013198,0.028147937755107707,0.05384741799349111,0.029075731133358703,0.3091085496443254,0.1906155336426501
7,20.202020202020204,2.108372264788031,1.4422179534553505,1.5141215765359886,0.9340904481962159,2.113185996343913,2.8741118931132426,0.07584665474503373,0.011077400704860638,0.010664754845226278,0.2190131142994443,0.11080972405969754,0.02816986725117644,0.053803655241383704,0.02904881917284526,0.30643619685914947,0.18935883458555539
7,20.70707070707071,2.1183100267899944,1.4411636628696751,1.5104191687487236,0.9318286872358154,2.112265560011218,2.8779516321145593,0.07575399802771829,0.011045178427108506,0.01071172080101683,0.220011463671416,0.110707001294584,0.028189661334799585,0.053755038033487565,0.029019543980083967,0.303890732716454,0.188225380809082
7,21.212121212121215,2.1280091091296525,1.4401302903290947,1.5067370656738053,0.9295737318212073,2.111370168854686,2.8815756745806427,0.07566354589952146,0.01101327763546252,0.010757492069113861,0.2209834364796935,0.11059485653083811,0.028207483650998344,0.05370192803077594,0.02898807960944513,0.30146561178022946,0.18720535610012076
7,21.71717171717172,2.137482995909035,1.439117577607118,1.503074735742856,0.9273254160027994,2.1104983175869894,2.884998054156388,0.07557521193879337,0.010981684368273657,0.010802137273805473,0.22193056977061595,0.1104739584903475,0.02822348828544586,0.053644641830306004,0.028954590647387063,0.2991546233558564,0.18628963351731917
7,22.222222222222225,2.146744208124004,1.4381252683968342,1.4994316672184385,0.9250835894891667,2.1096486095702387,2.888231770139774,0.075488921395208,0.010950385313272144,0.010845719969005272,0.22285428469075347,0.11034492430204107,0.028237816804127774,0.053583487966570524,0.028919227689278012,0.2969519074438233,0.18546985593743584
7,22.72727272727273,2.1558044860428223,1.437153108676174,1.4958073675118697,0.9228481126041819,2.1088197332347516,2.8912889880818655,0.07540460809418313,0.010919368034183485,0.010888299590321476,0.22375591198503816,0.11020833168206359,0.02825060101128552,0.05351876480425554,0.028882130543820002,0.29485190649135856,0.18473826766840162
7,23.232323232323235,2.164674748988278,1.43620085680013,1.4922013889863555,0.9206188583599485,2.1080104776729813,2.8941810219432993,0.07532220422119536,0.010888620972148913,0.010929931424933644,0.22463668664721836,0.11006471515721182,0.02826196352825199,0.053450734210219265,0.028843429745294306,0.2928493703127302,0.18408775538604322
7,23.73737373737374,2.173365223511916,1.4352682730364814,1.488613299062977,0.9183957100770521,2.1072197079017463,2.896918444268249,0.07524164993008442,0.010858133103830176,0.010970667177562515,0.2254977628252544,0.10991457327651966,0.028272018175046962,0.05337965137091563,0.02880324610636901,0.2909393221130334,0.1835117349729164
7,24.242424242424242,2.181885438735348,1.4343551266722037,1.4850427002219406,0.9161785604445487,2.1064463714840764,2.8995111010715338,0.07516288568293601,0.01082789437846314,0.011010554935709045,0.22634021445729333,0.10975836938937227,0.028280870938730166,0.0533057435258489,0.02876169237511385,0.2891170557818365,0.18300415720061455
7,24.747474747474747,2.1902443162019947,1.4334611941447994,1.4814892220479452,0.9139673110228688,2.10568948702662,2.9019682028725575,0.07508585314735323,0.01079789534544784,0.011049639726955976,0.2271650456921009,0.1095965354474811,0.028288620809931414,0.053229217453889435,0.02871887406567403,0.2873781099380532,0.18255942969546335
7,25.252525252525253,2.198450178775204,1.4325862546454884,1.4779525106367304,0.9117618712207577,2.104948139176155,2.9042983225835948,0.07501049983236109,0.01076812723756594,0.011087963428567334,0.22797319126382856,0.10942947335370928,0.028295359396536404,0.05315027034148368,0.028674888606560704,0.2857182637730314,0.18217241222813407
7,25.757575757575758,2.206510821131337,1.4317300937645938,1.4744322364779654,0.9095621572852407,2.1042214737212888,2.906509481419417,0.07493677422131045,0.010738581964401701,0.011125565213740021,0.22876552581773715,0.10925755859860371,0.02830117232701432,0.053069080605950024,0.02862982725147713,0.28413351527628505,0.18183835480430263
7,26.262626262626263,2.214433520790349,1.4308925000426824,1.470928084611002,0.9073680927842948,2.1035086939022847,2.908609150807612,0.07486462941125345,0.010709251866170565,0.011162481617051736,0.2295428641417172,0.10908114012719593,0.028306138856904844,0.052985818299629124,0.028583774352249378,0.28262007635508396,0.1815528914843749
7,26.767676767676768,2.2222250939580506,1.4300732648205203,1.4674397536881612,0.9051796071238536,2.102809053655225,2.91060431241693,0.07479402253243937,0.01068012978398175,0.011198746789065362,0.2303059681777667,0.10890054391265239,0.028310332643548052,0.052900645264390686,0.028536808206356193,0.2811743555600292,0.18131199227914369
7,27.272727272727273,2.229891911405485,1.4292721845315182,1.4639669610604578,0.9029966359382722,2.1021218581267336,2.9125014812905685,0.07472491208939348,0.010651208988098154,0.011234392644325157,0.23105554908992748,0.10871607311998771,0.028313822200816838,0.05281370969395146,0.02848900176980172,0.27979295112511904,0.1811119510828051
7,27.77777777777778,2.237439938257949,1.4284890584061287,1.4605094359902129,0.9008191204382943,2.1014464572895077,2.914306742284645,0.07465725994359002,0.010622483073774879,0.011269449051449786,0.2317922715801553,0.10852801021603169,0.028316671109084483,0.052725152801870005,0.0284404227001557,0.278472638248909,0.1809493529223541
7,28.282828282828284,2.2448747571566643,1.427723690025192,1.4570669236884755,0.8986470066488826,2.1007822445465236,2.916025779454259,0.07459102932443104,0.01059394608801901,0.011303943927382877,0.2325167570521216,0.10833661859680349,0.028318938568563892,0.052635104169537164,0.028391134089425438,0.2772103605178089,0.18082105488665248
7,28.78787878787879,2.2522015947719294,1.426975887465791,1.453639184783851,0.8964802453987151,2.1001286541105837,2.917663904791271,0.07452618435178521,0.010565592426593858,0.011337903408381792,0.23322958664113344,0.108142143551139,0.0283206797250009,0.0525436820615258,0.028341194849076216,0.276003220366935,0.18072416493810206
7,29.292929292929294,2.2594253484778952,1.4262454615705829,1.4502259906824289,0.8943187914928002,2.099485156489807,2.9192260822154683,0.07446269155766773,0.010537416837130201,0.011371351949529809,0.23393130410434326,0.10794481408054933,0.028321945814507622,0.05245099791032026,0.02829065972074711,0.27484847016844044,0.18065602037301684
7,29.7979797979798,2.2665506050911386,1.4255322271255217,1.4468271263629227,0.8921626033786971,2.098851257448671,2.920716950991177,0.07440051837608493,0.010509414460962832,0.011404312420053873,0.23462241823270508,0.10774484391659803,0.02832278457186661,0.052357153111870294,0.028239579823093428,0.2737435048026963,0.18061417306574845
7,30.303030303030305,2.2735816545979057,1.424836001092028,1.4434423851214728,0.8900116433742857,2.0982264951787477,2.922140835488512,0.07433963488615893,0.010481580663254003,0.011436806205906893,0.23530340400441,0.10754243178802668,0.028323240124039733,0.052262244509344094,0.028188002398829917,0.27268585649968163,0.18059637947461601
7,30.80808080808081,2.280522520253341,1.4241566032023651,1.4400715699208213,0.8878658767972349,2.0976104373763933,2.923501779278936,0.07428001278107005,0.010453911118521085,0.01146885333384018,0.23597470632865306,0.10733776340194298,0.028323353499288335,0.05216636249816657,0.028135971420174096,0.27167318426713266,0.18060057591740922
7,31.313131313131315,2.287377010377214,1.4234938574541598,1.4367144963051484,0.8857252710454389,2.0970026766660053,2.9248036049975226,0.07422162309853186,0.010426401843984428,0.011500472739094601,0.23663674659086134,0.10713101426302461,0.02832316352175105,0.052069587263076964,0.02808352870936846,0.27070325684876373,0.18062483467954252
7,31.81818181818182,2.2941486538553706,1.4228475889581718,1.4333709847558744,0.8835897973312368,2.096402835425901,2.9260498359563205,0.07416444043981191,0.01039904896521567,0.011531681987237814,0.23728991412031153,0.1069223455472605,0.028322705463579134,0.05197199780134381,0.028030712220965263,0.26977397076646326,0.18066742252711773
7,32.323232323232325,2.30084075583735,1.4222176249452987,1.430040862516226,0.8814594295188545,2.0958105603727826,2.9272437589265143,0.07410844117685907,0.010371848776917414,0.011562497540286897,0.23793457307163177,0.10671190731526452,0.028322011937244842,0.051873669236640656,0.027977557103635645,0.2688833321870806,0.18072675357666998
7,32.82828282828283,2.307456510953408,1.4216037971017461,1.4267239683521546,0.8793341415166127,2.0952255117233136,2.928388552682176,0.07405359949865412,0.010344797940964545,0.011592935272086676,0.23857107650345874,0.10649984530166175,0.028321114771757874,0.05177466621378727,0.02792409792864625,0.2680294215839252,0.1808012918010962
7,33.333333333333336,2.3139988550001975,1.421005938294767,1.4234201460447131,0.8772139113904012,2.0946473778508636,2.9294871193607834,0.07399989285727007,0.010317893214749053,0.011623009754075535,0.2391997472615195,0.10628629132856449,0.028320042463483405,0.05167505203128425,0.027870365530965314,0.26721043698471514,0.1808896825832545
7,33.83838383838384,2.3204704882570466,1.420423882944068,1.4201292451639294,0.8750987210601622,2.0940758731696643,2.9305421107371106,0.07394730128272767,0.010291131483505538,0.011652734350145334,0.2398208806524352,0.10607136447119303,0.02831882052664707,0.0515748875626279,0.027816387382101838,0.26642468564133026,0.18099073396203982
7,34.343434343434346,2.3268740885968886,1.4198574689993455,1.416851122147458,0.872988550692615,2.0935107146511696,2.931556162266706,0.0738958024688994,0.010264509838117126,0.011682122353497795,0.24043477162679391,0.10585518448297233,0.02831747474383208,0.051474226853850384,0.02776219161302337,0.2656705182778027,0.18110323204486378
7,34.84848484848485,2.3332121114655444,1.4193065360198152,1.4135856389147283,0.8708833832403676,2.0929516433279827,2.932531672794041,0.07384537638804062,0.010238025512811322,0.011711185956301013,0.2410416897533422,0.10563785992727492,0.02831602817040585,0.05137312139558745,0.02770780343860592,0.2649463882680306,0.18122611628910454
7,35.35353535353536,2.339486784349247,1.418770925465563,1.4103326634269753,0.8687832031961521,2.0923984242034783,2.9334707987160273,0.0737960049429788,0.010211675939667394,0.011739936278534284,0.2416418795738191,0.1054194892340943,0.028314501221696594,0.05127161916994588,0.027653245513138518,0.26425085206214743,0.18135848436600033
7,35.85858585858586,2.3457003275137254,1.4182504809003216,1.4070920669604208,0.8666879957403695,2.091850823975017,2.934375693621388,0.07374766921306987,0.010185458579757532,0.011768384353973645,0.24223558481665985,0.1052001696040148,0.028312914341273577,0.05116976568304341,0.027598540358637784,0.2635825008273515,0.18149940584734112
7,36.36363636363637,2.3518547890181236,1.4177450478370477,1.4038637263116684,0.86459774751381,2.0913086279223188,2.9352483292399,0.07370035152193068,0.01015937106467247,0.011796540368792779,0.2428230300607636,0.10497999020832936,0.028311285987893436,0.05106760305899878,0.027543708481539017,0.26294000979896937,0.18164806350742083
7,36.86868686868687,2.357952045135292,1.4172544742004045,1.4006475258440836,0.8625124478322249,2.090771641481686,2.9360904980118874,0.07365403504687847,0.01013341126296382,0.011824413536617591,0.24340441961033227,0.10475903094961132,0.028309632577735142,0.05096516832299833,0.027488768009157484,0.2623221385892222,0.18180375382243857
7,37.37373737373738,2.3639939314421303,1.4167786091360366,1.3974433503796837,0.8604320849935007,2.0902396728876416,2.9369039495452784,0.07360870328943088,0.0101075770194739,0.011852012997325207,0.24397995474460674,0.10453737103257418,0.028307970212057786,0.05086249862411143,0.027433737046040692,0.2617276861330538,0.18196577768993424
7,37.87878787878788,2.369982160728226,1.4163173037899637,1.3942510899834886,0.8583566488838789,2.0897125443727953,2.937690305494331,0.07356434038207214,0.010081866330644406,0.011879347230453441,0.24454982262251315,0.104315083302547,0.02830631357108299,0.05075962770810949,0.027378632100773174,0.26115551764379236,0.18213351046241447
7,38.38383838383839,2.375918320897766,1.41587041124494,1.3910706399990775,0.856286131461191,2.0891900922688666,2.938451057815677,0.07352093115088315,0.010056277300537982,0.011906424101113705,0.24511419611707677,0.10409223375988218,0.028304675865662002,0.050656586024004684,0.02732346800907315,0.2606045658172754,0.1823064029914761
7,38.88888888888889,2.3818039494396124,1.4154377860762952,1.3879018977151993,0.8542205242172185,2.0886721580569967,2.9391876458728974,0.07347846065825192,0.010030808115804344,0.011933251202601022,0.24567324290482423,0.10386888670485243,0.02830306982423068,0.050553402868862014,0.02726825919958831,0.260073802172342,0.18248392364027777
7,39.3939393939394,2.3876404948898626,1.4150192845577976,1.3847447641915824,0.8521598197594946,2.0881585930978015,2.939901416782505,0.07343691445467963,0.01000545704882175,0.011959835686728976,0.24622712065044655,0.10364510183411886,0.028301507163362525,0.05045010524318572,0.027213018982620584,0.2595622511026228,0.18266558917463516
7,39.8989898989899,2.393429290755041,1.4146147644018214,1.381599143240811,0.850104011057565,2.087649260308209,2.9405935956285987,0.07339627903959581,0.009980222427400829,0.011986184219780956,0.24677597494349193,0.10342093413171055,0.028299998347483684,0.05034671876240634,0.027157759622994517,0.25906899812828427,0.18285098566157257
7,40.40404040404041,2.3991716439078363,1.4142240849499623,1.3784649415868333,0.848053091811,2.0871440263288545,2.941265382408347,0.0733565407956263,0.009955102661308262,0.012012303262822073,0.24731994788986728,0.10319643654571999,0.028298553541422026,0.05024326713470435,0.027102492822324544,0.25859315795187626,0.18303969987865687
7,40.909090909090914,2.404868788083449,1.413847106947444,1.3753420682986746,0.8460070560427482,2.0866427653471953,2.9419179005066893,0.0733176866382668,0.009930096210654542,0.012038198949660756,0.24785917379270095,0.10297165882743974,0.028297182121792372,0.05013977283572751,0.02704722955414151,0.2581338901999887,0.18323135623727138
7,41.41414141414142,2.4105218474084626,1.413483692848987,1.372230436000031,0.8439658982804005,2.086145363220691,2.94255215779876,0.07327970416332294,0.009905201645333442,0.012063876850617262,0.24839377505851382,0.10274664596164898,0.028295892240994838,0.05003625619661684,0.026991979602424557,0.2576904112715265,0.18342564721107946
7,41.919191919191924,2.4161319338198965,1.4131337062365499,1.3691299583214465,0.8419296131276474,2.085651706997741,2.9431691509893687,0.07324258106581308,0.00988041753668699,0.012089342510304925,0.2489238728279322,0.10252144221066109,0.028294691963458136,0.049932737197751785,0.02693675263864161,0.2572619597589698,0.1836222555241998
7,42.42424242424243,2.4217000969171547,1.4127970120925493,1.366040551069262,0.8398981953771183,2.085161690244851,2.943769811692802,0.07320630545418093,0.009855742512704886,0.01211460116785729,0.24944958155888408,0.10229608914229393,0.028293588682483214,0.04982923464955991,0.02688155768809544,0.2568478131247091,0.18382089530310708
7,42.929292929292934,2.427227302870038,1.4124734771909213,1.362962134210026,0.8378716410705173,2.084675216266089,2.9443549855569837,0.07317086576691013,0.009831175315561658,0.012139657595248555,0.24997100599466923,0.10207062372586445,0.028292588815926677,0.049725764665026186,0.02682640258410882,0.25644729525865234,0.1840213296764888
7,43.43434343434344,2.4327144910900373,1.4121629693612474,1.3598946282420463,0.8358499457844888,2.084192190620713,2.944925490338677,0.07313625074000711,0.009806714691408572,0.012164516467717658,0.2504882484186322,0.10184508223540771,0.028291698548973936,0.04962234339699222,0.026771295048719727,0.25605975472705367,0.18422332598722704
7,43.939393939393945,2.4381625574977424,1.411865357741369,1.3568379554583154,0.8338331052581306,2.0837125234785634,2.9454820989585637,0.07310244938465596,0.009782359429426082,0.01218918224319371,0.2510014064026391,0.10161949896479441,0.028290923604222085,0.04951898607125413,0.026716242324632558,0.2556845704311317,0.18442666992845252
7,44.44444444444445,2.4435723378481793,1.4115805129391383,1.353792041134147,0.8318211160899424,2.0832361318918258,2.946025522601151,0.07306945101597159,0.009758108390833013,0.012213659079538612,0.2515105705603095,0.10139390492575798,0.028290269031236933,0.04941570607542361,0.026661250875155643,0.2553211581999492,0.1846311785743767
7,44.949494949494955,2.4489446332643334,1.4113083068070473,1.3507568120257893,0.8298139749253053,2.0827629365509552,2.94655643695309,0.07303724517396316,0.009733960471996076,0.012237950957639918,0.2520158277839244,0.10116832958985078,0.02828973951778073,0.04931251608752867,0.026606326784463036,0.2549689596375503,0.18483668171278744
7,45.45454545454546,2.4542802129651204,1.4110486124231014,1.3477321963196307,0.827811678461858,2.0822928615184106,2.9470754851328693,0.0730058216043953,0.009709914602823758,0.012262061694494725,0.2525172615183541,0.10094280098504364,0.02828933941978224,0.049209428104233795,0.026551475781631466,0.2546274405893284,0.1850430202701621
7,45.959595959595966,2.4595798007429055,1.410801304074569,1.3447181238942867,0.8258142235499237,2.081825835584706,2.947583263158548,0.0729751703846794,0.009685969752049979,0.012285994903454663,0.2530149503135883,0.10071734516486087,0.028289072625464096,0.04910645324968639,0.026496703171645694,0.2542960969194548,0.18525005599339067
7,46.46464646464647,2.4648440874129975,1.410566257246315,1.3417145261318981,0.8238216071754186,2.081361791065538,2.9480803333826597,0.07294528181133844,0.009662124922682381,0.012309754037480932,0.25350896910143833,0.10049198664243476,0.028288942682296675,0.049003601896343986,0.026442013903560577,0.25397444858035606,0.18545766319539875
7,46.969696969696976,2.4700737396813435,1.4103433486285808,1.3387213358993597,0.821833826534198,2.080900663026,2.948567234199051,0.0729161463058406,0.009638379151379434,0.012333342417804568,0.25399939003745375,0.10026674860856016,0.02828895288283146,0.04890088365828406,0.026387412594530202,0.2536620352461135,0.1856657230936802
7,47.47474747474748,2.4752693797988505,1.4101324561164004,1.335738487487572,0.8198508787747599,2.080442390994488,2.949044457664664,0.07288775461110486,0.009614731508278738,0.012356763149073437,0.25448628067553375,0.10004165251256046,0.028289106053071774,0.048798307504975186,0.026332903437772278,0.2533584252177992,0.1858741378922074
7,47.979797979797986,2.480431599607226,1.409933458752089,1.3327659164531978,0.8178727610608331,2.079986917648708,2.949512464706207,0.07286009768605216,0.009591181091795485,0.012380019186805948,0.2549697053251171,0.09981671849614092,0.028289404708279297,0.048695881832158984,0.026278490317438796,0.2530632088354154,0.18608282138741028
7,48.484848484848484,2.485560985466143,1.4097462365831195,1.329803559283026,0.8158994706648102,2.079534186447009,2.9499717120316586,0.07283316654475964,0.00956772701734198,0.012403113471660532,0.2554497274577074,0.0995919661997237,0.02828985134224018,0.04859361461784087,0.026224177059045263,0.25277598711848626,0.18629168191405596
7,48.98989898989899,2.4906580974848693,1.4095706707570324,1.3268513535429927,0.8139310048066682,2.0790841435170755,2.9504226295560563,0.07280695239954851,0.00954436842360458,0.012426048816200536,0.25592640778204956,0.09936741418680514,0.028290448186633663,0.048491513396144596,0.026169967235130823,0.25249638067580454,0.18650063704647557
7,49.494949494949495,2.4957234796139742,1.4094066434562675,1.3239092376998944,0.8119673606647717,2.078636736669449,2.9508656312470283,0.07278144659881297,0.009521104466963384,0.012448827958809177,0.2563998052444442,0.09914308030161957,0.028291197328262303,0.04838958535417091,0.02611586427128932,0.25222402492658286,0.18670960685409732
7,50.0,2.500757594789789,1.409254038440781,1.320977152893535,0.8100085356161062,2.078191922088424,2.951301046133357,0.07275664089263899,0.00949793437193513,0.012471453207640627,0.25686997037784015,0.09891897897492248,0.02829209992876591,0.04828783614932286,0.026061870639011765,0.2519585985333488,0.18691855992432177
7,50.505050505050505,2.505760916199456,1.4091127402785253,1.3180550404028908,0.8080545268625128,2.0777496548842747,2.9517292153406793,0.07273252705152344,0.009474857359188137,0.012493926939401578,0.2573369547040912,0.0986951250522512,0.028293157319903554,0.04818627159832008,0.02600798898941217,0.25169978265920684,0.18712744932327718
7,51.01010101010101,2.5107339436371405,1.4089826342055114,1.3151428411783437,0.8061053313515272,2.0773098873890397,2.9521505094650524,0.07270909679548465,0.009451872632299893,0.012516251687973204,0.2578008124336814,0.09847153449260995,0.028294371198911893,0.04808489798833653,0.025954222355690452,0.25144725341653407,0.18733620136591522
7,51.515151515151516,2.5156771422453916,1.4088636066381957,1.3122404975146245,0.804160946002468,2.076872575475596,2.9525652634066533,0.07268634204477716,0.009428979425379295,0.012538429808056912,0.25826159418466943,0.0982482218245259,0.02829574289143072,0.04798372096048744,0.025900573390691402,0.2512007087061218,0.1875447591031398
7,52.02020202020202,2.520590969109977,1.4087555449474904,1.3093479523006546,0.8022213675870093,2.0764376757950447,2.9529738046316565,0.07266425480657758,0.009406176981795229,0.012560463619857375,0.25871934973520394,0.09802520127248804,0.028297273669863867,0.047882746009296755,0.02584704469665366,0.25095985612922905,0.18775306387386284
7,52.525252525252526,2.5254757570723245,1.4086583383157933,1.3064651536991154,0.8002865952937008,2.076005159524445,2.9533763313380583,0.07264282779747326,0.009383464692895966,0.012582354706838935,0.2591741142168255,0.09780247992526313,0.028298963275973785,0.04778197541819164,0.02579363691479666,0.2507244662170856,0.1879611371936813
7,53.03030303030303,2.530331910999892,1.4085718762753674,1.3035920472889526,0.7983566264871986,2.0755749892155464,2.9537731183174336,0.0726220533924564,0.009360841865527594,0.012604105095450081,0.25962593136949835,0.09758006919438227,0.028300812408559535,0.0476814134058976,0.02574035192137525,0.25049428182202627,0.18816894321337613
7,53.535353535353536,2.535159850561047,1.4084960491278284,1.300728578379136,0.7964314579885917,2.075147125579487,2.9541644569586856,0.07260192393161573,0.00933830779070587,0.012625716908017018,0.26007484672865344,0.09735798143390713,0.02830282199428323,0.047581064611372584,0.025687191880883663,0.2502690442039451,0.18837642919997308
7,54.04040404040404,2.539959959787513,1.4084307483132668,1.2978746940500747,0.794511087207897,2.0747215334699325,2.9545506023703885,0.07258243199047418,0.009315861804224406,0.012647192056519489,0.26052090161732866,0.09713622695751628,0.028304992544630578,0.04748093275710773,0.025634158410188006,0.2500485159921291,0.1885835612510904
7,54.54545454545455,2.5447326156426398,1.4083758661930899,1.295030342025003,0.7925955115558179,2.0742981785362016,2.9549318033619176,0.0725635702271795,0.009293503253403708,0.012668532412227278,0.26096413650946715,0.09691481568031012,0.028307324515453376,0.047381021388576285,0.025581253033842812,0.2498324677771733,0.18879030452577678
7,55.05050505050505,2.5494780828807184,1.4083312966312596,1.2921954715364756,0.7906847260601938,2.0738770356071323,2.955308187983084,0.07254533186047966,0.009271231513493459,0.012689739497402144,0.2614045824599715,0.09669375561442795,0.028309817316130883,0.047281332961810855,0.0255284770556334,0.24962072777913,0.18899669157283328
7,55.55555555555556,2.554196715050389,1.4082969338588336,1.2893700315604821,0.7887787277970926,2.073458072547625,2.955679982200741,0.07252770975245834,0.009249045953109675,0.012710815083224204,0.26184227760206225,0.09647305587962714,0.02831247121163725,0.047181870643714784,0.025475831846865055,0.24941308621897856,0.1892026922814864
7,56.06060606060606,2.558888847737181,1.4082726730642705,1.286553971696843,0.7868775134712708,2.0730412587720366,2.956047393679097,0.07251069689387887,0.009226945950906146,0.012731760876708027,0.2622772584449497,0.09625272517505623,0.02831528631642527,0.047082637385313195,0.02542331871570449,0.24920934575409692,0.1894082832573568
7,56.56565656565657,2.563554794012215,1.4082584104106122,1.2837472421707892,0.7849810792717024,2.072626565569138,2.9564106067777494,0.07249428642372738,0.00920493089523116,0.012752578510161596,0.2627095595402215,0.09603277175834751,0.028318262554106247,0.046983635900649925,0.025370938915652213,0.24900932340646117,0.18961345097008367
7,57.07070707070707,2.568194858739634,1.4082540429469208,1.2809497936723804,0.7830894211468952,2.0722139649161604,2.956769798071239,0.07247847156280815,0.009183000180644761,0.01277326958646948,0.26313921469239687,0.09581320370283501,0.028321399795335423,0.04688486881279114,0.02531869367968682,0.24881284354044636,0.18981818268071676
7,57.57575757575758,2.5728092967246985,1.4082594690210641,1.2781615808664888,0.7812025383783731,2.0718034374326946,2.9571250940394984,0.07246324594807213,0.009161153335450254,0.012793835180574802,0.26356624904168835,0.09559402356488601,0.028324697130143444,0.046786336582655734,0.025266582594200008,0.24861976420728688,0.19002249216437947
7,58.08080808080808,2.577398401473577,1.4082745873914273,1.2753825550567455,0.7793204261885588,2.071394955715937,2.9574766608759404,0.07244860293005503,0.009139389756382045,0.012814276879220226,0.2639906956568861,0.0953752395013648,0.028328154395914698,0.04668804184011232,0.02521460698147902,0.24842992102415612,0.19022636566408255
7,58.58585858585859,2.581962445370538,1.4082992978187152,1.2726126691878326,0.7774430808230164,2.070988495681875,2.957824643999796,0.07243453604987198,0.00911770889018864,0.012834596070780392,0.26441258424576425,0.0951568576735856,0.028331771139363686,0.04658998643191979,0.02516276758451413,0.2482431648650638,0.19042979858880713
7,59.09090909090909,2.586501691410831,1.408333500944959,1.269851876905767,0.7755704986251849,2.070584034419131,2.958169179949179,0.07242103894815115,0.009096110199996019,0.012854794077830424,0.2648319432933717,0.09493888366347944,0.028335546814268718,0.04649217197715326,0.025111064995741558,0.2480593543730486,0.1906327885101794
7,59.5959595959596,2.591016395456967,1.408377098266113,1.2671001324128583,0.7737026759060278,2.070181549788293,2.958510398735241,0.07240810534765468,0.00907459315895391,0.01287487218314926,0.2652488004604294,0.09472132270348578,0.028339480817332664,0.04639459995091745,0.025059499726968113,0.2478783545258587,0.19083533382324608
7,60.101010101010104,2.5955067946529407,1.408429992211845,1.264357391765071,0.7718396099493665,2.0697810210869716,2.95884841397382,0.07239572908725363,0.009053157239285353,0.012894831683824657,0.2656631818411451,0.0945041784386497,0.028343572352690877,0.04629727081701508,0.02500807192201583,0.24770004660001793,0.19103743617884061
7,60.60606060606061,2.5999731354949107,1.4084920859319987,1.2616236099055718,0.7699812967754268,2.069382427354022,2.9591833472354536,0.07238390403503796,0.00903180193524563,0.0129146737791048,0.2660751138350702,0.09428745577021035,0.02834782075696064,0.04620018600755748,0.024956782015100407,0.24752430428655672,0.19123909421121033
7,61.111111111111114,2.604415653412418,1.4085632834417172,1.2588987429118061,0.7681277328682418,2.068985748560447,2.959515310555304,0.07237262414921261,0.009010526744618915,0.012934399661534233,0.26648462182266763,0.094071158708595,0.028352225261169,0.046103346421510844,0.024905630232825052,0.24735101119438754,0.19144030790925853
7,61.61616161616162,2.6088345789010496,1.4086434895701754,1.2561827473877962,0.7662789147325597,2.068590965219638,2.9598444118535108,0.07236188345807026,0.008989331172918495,0.012954010496777116,0.26689173059107674,0.09385529095911976,0.028356785061029916,0.046006752829373776,0.024854616729377447,0.24718005569099025,0.19164107715964776
7,62.121212121212125,2.6132301360429184,1.4087326099540758,1.253475580313275,0.7644348386439479,2.0681980583940263,2.9601707530417585,0.07235167606171809,0.008968214732866742,0.01297350742523662,0.2672964643246327,0.0936398561350312,0.02836149931869579,0.04591040594632758,0.024803741665073743,0.24701133170876113,0.19184140246740133
7,62.62626262626263,2.61760252688537,1.4088305510580674,1.2507771979790447,0.7625954986665229,2.0678070101615735,2.9604944109089995,0.07234199616717003,0.00894717694382436,0.012992891554858547,0.267698846111054,0.09342485928042005,0.028366367134081888,0.04581430693714452,0.024753005788327963,0.24684474804313397,0.19204129219094154
7,63.131313131313135,2.6219519733521888,1.4089372200856412,1.2480875586398277,0.7607608917184367,2.067417802211532,2.9608154880661295,0.0723328379876995,0.008926217331426062,0.01301216398979983,0.2680988994180226,0.09321030306422602,0.028371387639976587,0.045718456164589825,0.024702408969552676,0.24668020310390998,0.19224074327466487
7,63.63636363636364,2.626278684631985,1.4090525250318906,1.2454066203517835,0.7589310135082857,2.0670304168633917,2.9611340731421207,0.07232419581801777,0.008905335426948843,0.013031325812640665,0.2684966470174813,0.09299619087686853,0.028376559936809702,0.045622854213055945,0.024651951387957755,0.24651760441563086,0.1924397563106058
7,64.14141414141415,2.6305828665247892,1.409176374656401,1.2427343415211818,0.7571058596114175,2.066644836721509,2.9614502520738477,0.07231606401045824,0.00888453076683081,0.013050378092752722,0.26889211134692953,0.09278252604052682,0.028381883117697324,0.0455275016311843,0.024601633224701352,0.24635686292312423,0.19263833127196744
7,64.64646464646465,2.634864716708193,1.4093086785354043,1.2400706809887092,0.7552854254531846,2.066261045194357,2.9617641029727015,0.07230843699343534,0.008863802894227342,0.013069321853205813,0.26928531400325467,0.09256931160983449,0.028387356205374626,0.04543239889375156,0.02455145458748791,0.24619789565219113,0.19283647036170806
7,65.15151515151516,2.639124409899192,1.4094493472346399,1.237415598322425,0.7534697062763792,2.0658790281290558,2.9620756800851478,0.07230130933125424,0.00884315136456903,0.013088157968162395,0.26967627414543877,0.09235654972797945,0.028392977955566504,0.045337546264690554,0.024501415273059893,0.24604063424463316,0.19303418673197198
7,65.65656565656566,2.6433621471029753,1.4095982917166419,1.2347690527873716,0.7516586972090005,2.065498768372169,2.962385066925388,0.07229467552165172,0.008822575725738087,0.01310688750115578,0.27006501381776593,0.09214424380266223,0.0283987475074816,0.04524294428716928,0.024451515557855342,0.24588499623504084,0.19323147596745208
7,66.16161616161617,2.647578114541038,1.4097554238269845,1.2321310041802334,0.7498523931906181,2.065120250299838,2.9626923319206036,0.07228853016296456,0.008802075534016131,0.013125511422010702,0.2704515535196509,0.09193239670789868,0.028404663840416483,0.04514859338992808,0.024401755539624145,0.2457309088373272,0.19342834004725146
7,66.66666666666667,2.651772495329814,1.4099206561503759,1.229501412574742,0.7480507889813212,2.0647434585254683,2.962997540992352,0.07228286790542211,0.008781650349140184,0.013144030686659086,0.27083591347179065,0.09172101130687235,0.02841072592763441,0.045054494009753816,0.0243521353253365,0.24557830206368372,0.1936247806574166
7,67.17171717171718,2.6559454647576883,1.4100939020715602,1.2268802389191291,0.7462538797602946,2.0643683787442737,2.963300753245965,0.07227768348810217,0.00876129974402163,0.013162446198267995,0.2712181127638146,0.09151008961074326,0.028416932646203628,0.044960646229949906,0.02430265477994942,0.24542711191430847,0.19382080185592976
7,67.67676767676768,2.6600971856325812,1.4102750758352498,1.2242674456249203,0.7444616617158792,2.0639949985654606,2.9636020167247366,0.07227297177533794,0.008741023314322702,0.013180758768935121,0.27159816851442387,0.09129963194956786,0.02842328268815035,0.04486704942403255,0.02425331327877304,0.24527728351860284,0.19401641269918624
7,68.18181818181819,2.6642278344565047,1.4104640921834508,1.2216629933749903,0.7426741289153649,2.0636233029421134,2.963901392469764,0.07226872755341013,0.00872082062580344,0.013198969329307827,0.2719761004878453,0.09108964143387191,0.0284297750459175,0.04477370418251464,0.02420411103237668,0.24512875307559054,0.1942116130430142
7,68.68686868686869,2.6683375777847043,1.4106608666757094,1.219066844041178,0.7408912761866175,2.063253278331019,2.964198932838757,0.07226494571461081,0.008700691262229599,0.013217078737565589,0.2723519268930551,0.09088011986669595,0.028436408569763552,0.0446806105502925,0.024155047870320502,0.24498146405412083,0.19440640653309946
7,69.1919191919192,2.672426579195872,1.4108653155897104,1.2164789598476367,0.7391130983054942,2.0628849114880317,2.9644946879322482,0.07226162120327118,0.008680634811486879,0.013235087834589593,0.27272566560110106,0.09067106890923934,0.028443182095444847,0.044587768531130105,0.024106123586413297,0.2448353623407791,0.19460079688779455
7,69.6969696969697,2.6764949974825187,1.4110773558977887,1.2138993035461225,0.7373395900850008,2.0625181897099845,2.9647887037830136,0.07225874904108218,0.00866065087604442,0.013252997446467438,0.27309733386490215,0.0904624899641174,0.02845009444393332,0.04449517791707847,0.02405733797275987,0.24469039818774327,0.19479478801440384
7,70.20202020202021,2.6805429869872572,1.4112969052616517,1.2113278383975972,0.7355707463745979,2.0621531007992115,2.9650810227034596,0.07225632432392023,0.008640739071986687,0.013270808385025765,0.27346694835833607,0.09025438418640325,0.028457144422961368,0.04440283830341754,0.024008690816831445,0.24454652586857606,0.19498838398140067
7,70.70707070707071,2.6845707035225206,1.4115238820744909,1.2087645276498846,0.733806561825721,2.06178963230633,2.965371689247854,0.07225434214453223,0.008620898998301374,0.013288521443231865,0.273834526046085,0.09004675282715298,0.028464330833320683,0.04431074958630893,0.023960181802325526,0.24440369737029335,0.1951815886157944
7,71.21212121212122,2.688578298515019,1.4117582054031543,1.2062093350781333,0.7320470311503456,2.061427772295143,2.9656607443330762,0.07225279767158056,0.008601130268896215,0.013306137401416467,0.2742000833014443,0.08983959687573623,0.028471652465135135,0.044218911442429704,0.023911810612930105,0.2442618686626999,0.1953744058910424
7,71.71717171717172,2.6925659209568154,1.4119997949965755,1.2036622248206719,0.7302921490526797,2.0610675090984283,2.9659482272098816,0.07225168612502653,0.00858143250302858,0.013323657026322426,0.27456363618567486,0.0896329171670358,0.02847910810078051,0.044127323483519526,0.02386357690156891,0.2441209976294073,0.19556683979085637
7,72.22222222222223,2.6965337153410136,1.4122485712798183,1.2011231605592252,0.7285419091352907,2.060708830887308,2.9662341719096075,0.07225100275580584,0.008561805313840851,0.013341081083026679,0.2749252008984993,0.0894267155410936,0.028486696552593598,0.04403598577501656,0.02381548062458707,0.24398104706311438,0.19575889281703737
7,72.72727272727273,2.7004818240430195,1.4125044553464596,1.1985921063340752,0.7267963050065666,2.0603517260769415,2.966518611134747,0.07225074286453027,0.008542248319784894,0.01335841032440972,0.2752847933528143,0.08922099368427898,0.028494416627947296,0.043944898316509676,0.023767521707812465,0.24384198136168694,0.19595056745006748
7,73.23232323232324,2.7044103903124785,1.4127673689507425,1.1960690275838146,0.7250553316905692,2.059996183847101,2.9668015811720716,0.07225090182555015,0.008522761159190758,0.013375645477540818,0.27564242862909794,0.08901575165197162,0.028502267084348044,0.04385406037957717,0.023719699620838086,0.2437037623589272,0.19614186801531636
7,73.73737373737374,2.708319554094285,1.413037234502413,1.1935538895478437,0.7233189834860243,2.059642193313719,2.967083114798415,0.0722514750480658,0.0085033434679141,0.013392787266280239,0.27599812184250183,0.08881099013106873,0.02851024670169571,0.043763471520269395,0.023672014029023244,0.243566355316279,0.1963327977862992
7,74.24242424242425,2.712209453645985,1.4133139750593873,1.1910466578006094,0.7215872546955403,2.0592897437908784,2.967363243892211,0.07225245798812353,0.008483994886827747,0.013409836404606598,0.27635188786804454,0.08860670967952369,0.02851835425983895,0.043673131237945965,0.023624464574354805,0.243429726701262,0.19652335993791348
7,74.74747474747475,2.7160802257053724,1.4135975143209638,1.1885472982526497,0.7198601396369184,2.058938824780063,2.9676419996174093,0.07225384614788428,0.00846471506184859,0.013426793597266506,0.2767037413514186,0.0884029107219958,0.028526588539818234,0.04358303897268953,0.02357705087419979,0.2432938440202265,0.19671355753671108
7,75.25252525252526,2.719932005658088,1.413887776621032,1.1860557771516358,0.7181376326544644,2.058589425959402,2.967919412607386,0.07225563507489219,0.008445503643964477,0.013443659540424212,0.27705369671979807,0.08819959354549993,0.028534948325108892,0.043493194102719575,0.023529772520057928,0.2431586756511076,0.1969033935311705
7,75.75757575757576,2.7237649277052136,1.4141846869212833,1.1835720610834166,0.716419728130299,2.0582415371729197,2.96819551314886,0.07225782036134326,0.008426360289261097,0.013460434922311245,0.27740176819264534,0.08799675829505642,0.02854343240286416,0.04340359594180622,0.023482629076314238,0.24302419067618003,0.19709287074196896
7,76.26262626262627,2.7275791090831847,1.4144881710497834,1.1810961149799486,0.7147064175260381,2.05789514816086,2.968470310959662,0.07226039759536777,0.008407284609330146,0.01347712039211777,0.2777479701808052,0.08779440752311234,0.02855203949200483,0.04331424516029231,0.023435620672350263,0.24289037466084237,0.1972819918147859
7,76.76767676767678,2.731374670952052,1.4147981553753866,1.1786279047099706,0.7129976932525148,2.057550248885348,2.9687438218861435,0.07226336242264694,0.008388276235765324,0.013493716601905445,0.27809231679281543,0.08759254286710193,0.028560768339509726,0.04322514193282746,0.023388747230351795,0.24275720876785808,0.19747075925925772
7,77.27272727272728,2.7351517513920545,1.4151145666035656,1.1761673986833898,0.7112935510699835,2.057206829727927,2.9690160845026337,0.07226671058428354,0.008369334860104558,0.013510224232804754,0.27843482153336085,0.08739116299073742,0.02856961778050636,0.04313628479057286,0.023342007986739376,0.24262465676246897,0.1976591754693915
7,77.77777777777779,2.7389104766427255,1.415437332214701,1.1737145642368947,0.7095939847126339,2.056864881009132,2.9692871232793907,0.07227043782902544,0.008350460143850436,0.013526643938056315,0.2787754980184167,0.08719026821210239,0.028578586606816506,0.04304767320098575,0.02329540256725065,0.2424926937706341,0.19784724264587011
7,78.28282828282829,2.742650972034303,1.415766380291684,1.1712693689802405,0.707898987904241,2.0565243931524915,2.969556962539544,0.0722745399449223,0.008331651751987018,0.013542976365095641,0.2791143597239843,0.08698985877564566,0.028587673617573806,0.042959306604375705,0.023248930585208383,0.24236129534908857,0.19803496281161392
7,78.7878787878788,2.7463733621338715,1.416101639513458,1.1688317807946103,0.7062085543654801,2.056185356673431,2.969825626615557,0.07227901275852966,0.00831290935293997,0.013559222156160055,0.2794514199974205,0.08678993485126665,0.028596877620368364,0.04287118441323359,0.023202591641071295,0.24223043733955094,0.19822233780200246
7,79.2929292929293,2.7500777708915054,1.4164430391485587,1.1664017678309793,0.7045226778212431,2.0558477621681686,2.970093140005685,0.07228385213411291,0.008294232618536696,0.013575381948895602,0.2797866920687673,0.08659049653340098,0.02860619743239138,0.04278330601156066,0.023156385321984906,0.24210009572293076,0.19840936925509603
7,79.7979797979798,2.7537643217864085,1.4167905090486546,1.163979298508474,0.7028413520079536,2.0555116003026175,2.970359527530441,0.0722890539728515,0.00827562122396648,0.013591456376963972,0.28012018906208164,0.08639154384010575,0.02861563188157978,0.04269567075419757,0.0231103112013324,0.24197024647353607,0.19859605860185764
7,80.30303030303031,2.757433108904729,1.4171439800678551,1.1615643408084888,0.7011645687360468,2.0551768633934375,2.9706247816052502,0.07229461426252261,0.008257074826583062,0.013607445959153969,0.2804519224967841,0.0861930777100953,0.028625179579824363,0.04260827857641398,0.023064369069824602,0.2418408934251622,0.19878241031647967
7,80.80808080808082,2.7610842373168603,1.4175033834669806,1.1591568632477394,0.6994923205889779,2.0548435431933605,2.970888907908766,0.07230052900684031,0.00823859309514726,0.013623351254300402,0.28078190438883277,0.08599509862064314,0.028634839239583158,0.042521129148624506,0.023018558614595935,0.24171202935628383,0.1989684273945538
7,81.31313131313132,2.764717841393061,1.4178686506409697,1.1567568353168254,0.6978246021461801,2.0545116298848964,2.9711519460937077,0.07230679419310673,0.008220175723011872,0.013639172931582458,0.28111014820588365,0.08579760596288785,0.028644609817500208,0.042434221494267683,0.02297287927402916,0.24158361833512929,0.19915410930552827
7,81.81818181818183,2.768334035765745,1.4182397138328242,1.1543642262869969,0.6961614066997002,2.0541811147631712,2.9714139143036626,0.07231340587682825,0.008201822392283049,0.013654911582479395,0.2814366663237194,0.08560059972945835,0.02865449012987984,0.04234755502170094,0.02292733062907238,0.24145564297022187,0.1993394574990543
7,82.32323232323233,2.77193293427316,1.418616505851819,1.1519790056639307,0.694502727519177,2.05385198919523,2.971674830594424,0.0723203601482759,0.00818353278746233,0.01367056779347793,0.28176147101403476,0.0854040798682176,0.02866447900123036,0.04226112912889405,0.022881912253061097,0.2413280861502186,0.19952447328700432
7,82.82828282828284,2.7755146500504395,1.41899896006785,1.1496011431847595,0.6928485578554707,2.0535242446119573,2.9719347130281304,0.07232765313178521,0.00816530659536668,0.013686142146467847,0.28208457445290436,0.08520804628323941,0.028674575264976642,0.042174943203914766,0.022836623711707877,0.2412009309512085,0.1997091578398726
7,83.33333333333334,2.7790792956206505,1.4193870104057804,1.1472306088150963,0.6911988909442932,2.053197872499989,2.972193579767399,0.0723352809850559,0.00814714350504853,0.01370163521913758,0.2824059887292504,0.08501249883578536,0.028684777764172775,0.04208899662541451,0.022791464563092032,0.24107416054401065,0.1998935121831758
7,83.83838383838385,2.78262698298584,1.4197805913397892,1.1448673727460645,0.6895537200098371,2.052872864393634,2.9724514491694642,0.0723432398984516,0.008129043207715802,0.01371704758536983,0.28272572585331035,0.08481743734528166,0.02869508535221466,0.042003288763114,0.022746434357649305,0.24094775810147243,0.20007753719385368
7,84.34343434343435,2.786157799771946,1.4201796382279468,1.1425114046066283,0.6879130360767607,2.052549213464273,2.972708311700577,0.07235152619562264,0.008111005408680748,0.013732379746041492,0.28304379612386366,0.08462286277431985,0.028705496730572815,0.04191781941415485,0.022701533093089782,0.24082173020751635,0.20026123636281984
7,84.84848484848486,2.7896718438526555,1.4205840868159172,1.140162674592231,0.6862768311343966,2.052226912208538,2.97296417066823,0.07236013618668763,0.008093029809933221,0.0137476322297834,0.283360210503539,0.08442877552214897,0.02871601068453873,0.041832588175021536,0.022656760558334054,0.24069607287248906,0.20044461180228795
7,85.35353535353536,2.7931692350426633,1.4209938730664609,1.1378211538420202,0.684645099202261,2.0519059516662272,2.9732190559687455,0.07236906611844064,0.008075116104232593,0.013762805627095925,0.28367498142248476,0.08423517485197744,0.028726626162903317,0.04174759423084438,0.02261211611308433,0.24057076005355865,0.20062766290193676
7,85.85858585858587,2.7966500774286933,1.4214089336902789,1.1354868131985063,0.6830178328777369,2.051586323931253,2.9734729797455297,0.07237831233342476,0.008057263993995693,0.013777900481001025,0.28398812019880704,0.08404206075900578,0.02873734202167098,0.041662837043190584,0.02256759940517831,0.2404457806212954,0.20081039068717946
7,86.36363636363637,2.800114474180228,1.4218292059312223,1.1331596236869446,0.6813950246869073,2.0512680211615844,2.973725953805286,0.07238787120694852,0.008039473183822735,0.013792917330218264,0.28429963805590774,0.08384943324358443,0.028748157124955858,0.04157831608262329,0.02252321009093468,0.2403211238204537,0.20099279611521284
7,86.86868686868688,2.8035625275946088,1.422254627561293,1.1308395565108549,0.6797766670839794,2.050951035574231,2.9739779896580725,0.07239773914658007,0.00802174338044044,0.013807856709426886,0.28460954612780304,0.08365729231446263,0.028759070345381714,0.04149403083002359,0.02247894783601573,0.24019677922236826,0.2011748800767259
7,87.37373737373738,2.8069943391421317,1.4226851368756432,1.1285265830475444,0.678162752450709,2.0506353594402253,2.97422909855737,0.07240791259164138,0.008004074292645155,0.013822719149527844,0.2849178554644419,0.08346563799203732,0.028770080564481784,0.04140998077791263,0.022434812316290045,0.24007273667735016,0.2013566433976083
7,87.87878787878789,2.810410009511147,1.4231206726875758,1.126220674843628,0.6765532730958237,2.050320985079603,2.974479291540139,0.07241838801270235,0.007986465631245972,0.01383750517790587,0.2852245770370245,0.08327447031160208,0.028781186673098685,0.04132616543177358,0.02239080321869512,0.239948986267083,0.2015380868406592
7,88.3838383838384,2.813809629977064,1.4235611745692642,1.1239218050254622,0.6749482226558501,2.0500079064976204,2.9747285722115877,0.07242916199046262,0.007968917130262598,0.013852215227762263,0.2855297200923739,0.08308378748507636,0.02879238742578488,0.04124258354214579,0.02234691967937113,0.23982552805486576,0.20171921188421896
7,88.8888888888889,2.8171932954147234,1.424006582479501,1.121629946179942,0.6733475940000044,2.0496961169267514,2.9749769476289862,0.07244023109659316,0.007951428515101153,0.013866849774279653,0.28583329462575646,0.08289358865658651,0.02880368165941299,0.04115923425563361,0.022303161125577235,0.23970235739416398,0.2019000195626897
7,89.3939393939394,2.8205611074174084,1.42445683667164,1.1193450698487235,0.6717513787331036,2.049385608240186,2.975224430912257,0.07245159186510378,0.00793399949496679,0.013881409367100023,0.2861353119711255,0.08270387455815949,0.028815068345302782,0.04107611738876357,0.022259527475927375,0.23957946140965822,0.20208051019298207
7,89.89898989898991,2.8239131616130773,1.4249118780490972,1.1170671485995902,0.6701595692510145,2.0490763733546977,2.975471030639649,0.07246324090830823,0.007916629793990089,0.013895894497182653,0.2864357823843035,0.08251464481124211,0.0288265463754225,0.04099323230075699,0.02221601831566229,0.23945683332425394,0.20226068451606366
7,90.40404040404042,2.827249552772457,1.4253716480169591,1.1147961551962922,0.6685721579222794,2.048768405267873,2.975716755121682,0.07247517486999128,0.007899319138766795,0.013910305650128598,0.2867347160117226,0.0823258990045821,0.028838114647987727,0.040910578343740525,0.022172633225896667,0.23933446669387345,0.20244054324528807
7,90.90909090909092,2.83057037483792,1.4258360884774424,1.1125320625967134,0.6669891370901606,2.0484616970561613,2.9759616124276422,0.07248739042505126,0.007882067258340694,0.013924643306272742,0.28703212289265606,0.08213763669403401,0.0288497720675883,0.04082815486263009,0.022129371783429743,0.2392123553781698,0.20262008706955634
7,91.41414141414143,2.8338757209523644,1.4263051418253536,1.1102748439510381,0.6654104990746844,2.048156241872927,2.9762056104120806,0.07249988427914267,0.007864873884186451,0.013938907940775855,0.28732801296145033,0.08194985740236534,0.028861517545315223,0.040745961195014786,0.022086233560555897,0.23909049351124062,0.2027993166564778
7,91.91919191919193,2.8371656834880894,1.4267787509435488,1.1080244725999182,0.6638362361746849,2.0478520329464978,2.9764487567413105,0.07251265316831879,0.007847738750192472,0.013953100023716643,0.2876223960497568,0.0817625606190626,0.028873349998887594,0.040663996671040835,0.022043218124875218,0.23896887547234222,0.2029782326555314
7,92.42424242424244,2.8404403524457438,1.427256859312826,1.105780922218485,0.6622663406262377,2.047549063291398,2.9766910577934613,0.07252569385775574,0.007830661578832039,0.013967220047190811,0.28791528216330575,0.08157574591541689,0.02888526836126381,0.0405822605788883,0.022000325091326753,0.23884749750354872,0.20315683503914456
7,92.92929292929294,2.843699818001094,1.4277394108306118,1.103544166589216,0.6607008046720728,2.0472473261494732,2.9769325204250885,0.07253900314281399,0.007813642102482293,0.013981268483683107,0.2882066810600298,0.08138941276624785,0.028897271567662083,0.040500752217806704,0.021957554041326363,0.23872635513629017,0.20333512412862872
7,93.43434343434345,2.8469441709084626,1.4282263497801224,1.1013141795665868,0.6591396205736417,2.046946815053851,2.9771731522565292,0.07255257784889203,0.007796680066581059,0.013995245779953112,0.2884966021892053,0.0812035605232183,0.02890935855373761,0.04041947090590578,0.02191490451057643,0.23860544278359452,0.20351310074948822
7,93.93939393939395,2.8501735003093414,1.4287176209817025,1.0990909352739058,0.6575827805537547,2.0466475234362917,2.977412960163979,0.07256641482981781,0.007779775210795594,0.014009152393915803,0.2887850550676612,0.08101818857167219,0.028921528267266704,0.04033841593317049,0.021872376060013306,0.23848475595424473,0.20369076533270378
7,94.44444444444446,2.8533878946638933,1.429213169724915,1.0968744080207145,0.6560302768227759,2.046349444784076,2.9776519509297894,0.07258051096799993,0.007762927276654105,0.014022988779777645,0.28907204912997453,0.08083329626660105,0.028933779663575254,0.040257586580398984,0.02182996824669799,0.23836429031144557,0.20386811828454196
7,94.94949494949496,2.8565874417768606,1.4297129417642085,1.0946645723012203,0.6544821015805882,2.04605257263753,2.9778901312669146,0.07259486317406859,0.007746136007503436,0.014036755388177868,0.2893575937312028,0.08064888293266016,0.028946111705681104,0.040176982119023805,0.021787680623721897,0.2382440416465391,0.20404515998850978
7,95.45454545454547,2.8597722288234695,1.4302168833145852,1.0924614027927289,0.6529382470185577,2.0457569005875533,2.9781275078433542,0.07260946838651651,0.007729401148466752,0.014050452666329732,0.2896416981496159,0.08046494786418469,0.02895852336443643,0.04009660181093314,0.021745512740112622,0.2381240058527198,0.20422189080730915
7,95.95959595959597,2.862942342375339,1.43072494104727,1.0902648743540775,0.6513987053214987,2.045462422273151,2.978364087306601,0.07262432357133988,0.007712722446401223,0.014064081058161806,0.2899243715894284,0.08028149032520578,0.028971013618670126,0.040016444908292,0.021703464140739693,0.23800417889875022,0.20439831108479153
7,96.46464646464648,2.866097863043485,1.4312370623756905,1.0880749605071864,0.6498634663985309,2.0451691315295855,2.9785998672768734,0.07263942573260582,0.007696099661237154,0.014077640979373328,0.29020562303568054,0.08009851151840855,0.028983581449661115,0.039936511666824236,0.02166153496232358,0.23788456331502358,0.20457442009393562
7,96.96969696969697,2.869238874785986,1.431753194950558,1.0858916360510544,0.6483325218011232,2.044877022126177,2.978834851944111,0.07265477189325255,0.007679532546310597,0.014091132860831204,0.2904854615119108,0.07991601119009423,0.028996225851055903,0.039856801598119405,0.02161972490547834,0.2377651569380132,0.20475021785617809
7,97.47474747474747,2.8723654647845294,1.4322732866635928,1.0837148770181002,0.6468058646620388,2.0445860877680113,2.979069051841817,0.07267035909503354,0.007663020848636852,0.014104557148015201,0.29076389607878556,0.07973398768483078,0.02900894582885367,0.03977731349757562,0.021578033251158087,0.23764595306469308,0.20492570511412206
7,97.97979797979798,2.87547771673617,1.4327972860063793,1.0815446587749422,0.6452834868560899,2.044296322281906,2.979302472573242,0.07268618441182782,0.007646564323106618,0.014117914269776127,0.2910409356518657,0.07955244040866337,0.029021740394456503,0.03969804671208498,0.02153645960630253,0.2375269485733594,0.20510088201494128
7,98.48484848484848,2.8785757138356023,1.4333251419065904,1.0793809568539205,0.6437653802494245,2.0440077195312147,2.97953511979589,0.07270224494327991,0.00763016272619283,0.014131204652254625,0.29131658908554037,0.07937136874776134,0.029034608567925297,0.039619000583248624,0.021495003576354848,0.23740814032067764,0.20527574869119244
7,98.98989898989899,2.8816595388038846,1.4338568037235049,1.0772237469523238,0.64225153670268,2.043720273413272,2.9797669992506877,0.07271853781443496,0.007613815815902395,0.014144428719035571,0.2915908651758372,0.07919077206740377,0.029047549378125103,0.03954017444666743,0.021453664764855444,0.2372895251119891,0.20545030526332161
7,99.4949494949495,2.8847292739171633,1.434392221243522,1.0750730049316166,0.6407419480741362,2.0434339778568464,2.9799981167911587,0.07273506017537403,0.007597523351727908,0.01415758689130248,0.29186377266323127,0.07901064971096501,0.02906056186287048,0.03946156763123276,0.021412442773035667,0.23717109967161745,0.2056245518421703
7,100.0,2.887785001035399,1.43493134467568,1.0729287068166653,0.6392366062228694,2.043148826819587,2.9802284784125934,0.07275180920084921,0.007581285094599388,0.014170679587991909,0.2921353202354548,0.07883100099890014,0.02907364506907083,0.039383179458417204,0.021371337199411568,0.23705286061317513,0.20579848853148178
8,0.0,0.49401137390888067,0.5486168631159943,0.5486598809654046,0.48648156056813946,0.5284008070008999,0.5002663365480149,0.45486517663897386,0.5340282461943678,0.5167270385811316,0.5088834381478572,0.48183892579414,0.5459433311579966,0.49209691560923385,0.48264315118724255,0.477204789028408,0.541318695463426
8,0.5050505050505051,0.9001123531296302,1.0844775634099864,1.102472187263669,0.7495773398814826,1.495739837379445,1.2917970712958127,0.28360520824331253,0.2586355200594282,0.18214064164296065,0.3227834992380796,0.2888123322202462,0.26306661630737677,0.31387901204862734,0.22949090873085518,0.5410392033658681,0.5932270008196726
8,1.0101010101010102,1.1092656456994419,1.3236549969772669,1.3840735829378752,0.8816327066495541,1.9261551298022896,1.7233692674522754,0.19201473334759145,0.12839741862024123,0.06658019249529398,0.22975723229776274,0.18888597851330569,0.13207782425030107,0.20560788313506084,0.1146490763596803,0.5594391282959461,0.5972829867818527
8,1.5151515151515151,1.2310349535056981,1.4317627597516753,1.5266579524582107,0.9461073559275504,2.119260489337359,1.9671999972961745,0.14357847733273657,0.0671297351991635,0.027089706644049853,0.18584629804985117,0.1388672661408491,0.07214999648958888,0.1407602289025203,0.06351306335182755,0.5579637278829239,0.5808578647245193
8,2.0202020202020203,1.3127516481729355,1.481230712221625,1.598318973890617,0.9765978059562374,2.2062870416608025,2.1135095635710015,0.1177671656372031,0.03838938666757983,0.0138323587339374,0.1666287538636305,0.11459688556778375,0.04505719172050026,0.1022530817361072,0.041211461765149685,0.548203532734136,0.5564804276937165
8,2.5252525252525255,1.3749132002424098,1.5039221252564878,1.6335511333177108,0.9902293089028391,2.244994334197557,2.2085188985122737,0.10381284506406423,0.024927589695568953,0.00954806046377133,0.1596218771421892,0.10332975997911953,0.033013293170473496,0.0795617145076253,0.031771531330856806,0.5353257157492819,0.5297912315387586
8,3.0303030303030303,1.4266392828399674,1.5141090744309438,1.6498772800515045,0.9955703317529598,2.261276066041754,2.2758173680240037,0.09613121695999963,0.0186224147573978,0.008296455698786438,0.15857855310521218,0.09852754481454455,0.027816419030482323,0.06631635988409389,0.027981322738797165,0.5215882326307981,0.503264897665669
8,3.5353535353535355,1.4721526150742796,1.5183301945654077,1.6562790570100243,0.9968661879066565,2.2670037805651906,2.3275217389815595,0.09180786895717608,0.01566114870031665,0.008048922166873838,0.16038298617359326,0.09688556942466615,0.025707625708413073,0.05869128118266838,0.026624473946389372,0.5079484398922184,0.47793301565247304
8,4.040404040404041,1.5135067528514574,1.51965235956489,1.657416608547355,0.9962075828798066,2.2677405545942353,2.369940214239656,0.08930448415015818,0.014258139662730158,0.008120320184966246,0.1634812079710607,0.09674962806866531,0.024973689511244047,0.05439718229132768,0.02628487817913273,0.49479022032211156,0.4541763321762508
8,4.545454545454546,1.5517612490756008,1.5195468748920733,1.6557408529183257,0.9946189956770419,2.266142748976472,2.4064226885769533,0.08779934800361096,0.013579062315622609,0.008283319847188643,0.16710022742025676,0.0972988288453489,0.02483868333049021,0.05206728678188747,0.026348828293369247,0.48224894181975364,0.4320868871405859
8,5.050505050505051,1.5875039534259263,1.5187341149390456,1.6525582078045638,0.9925994297992871,2.2634965368673376,2.4387966340918674,0.08684870270083593,0.013235335869187083,0.008464915851845516,0.1708592152739447,0.09813025630118503,0.02495427295734751,0.0508872735732826,0.026556287966784674,0.47035494507840064,0.41163247481952026
8,5.555555555555556,1.6210912476082775,1.5175734762476238,1.6485740681136203,0.9903900777392485,2.2604300743500074,2.468096260349144,0.08621043206136379,0.013046575089201451,0.00864304930066159,0.17457457576191612,0.09904927481524083,0.0251659295760467,0.0503730013468895,0.02680071965256108,0.45909612398603233,0.392730835062474
8,6.0606060606060606,1.652761702443759,1.5162472233324338,1.644173588836624,0.9881061773682481,2.2572503220833906,2.4949358348880573,0.08575117581614954,0.012929378752870792,0.008811990766394235,0.17816183914434647,0.09996435470780754,0.02540636412578661,0.050237382858809465,0.027040936680594634,0.4484446434497484,0.37528262807758517
8,6.565656565656566,1.6826912691105664,1.5148490306258144,1.6395688293128672,0.9858017460058734,2.2541054060492307,2.5197029339962738,0.08539681825254576,0.012845395183767297,0.008970967563314391,0.18158611951429335,0.10083458603593538,0.02564721726442157,0.05031079672338701,0.02726282073709981,0.4383680229890711,0.3591857670422006
8,7.070707070707071,1.7110206718908638,1.5134274707898703,1.6348769828758771,0.9835012387336581,2.251064129492832,2.54265969978782,0.08510582563902794,0.012777134180654752,0.009120539033248868,0.18483707821738835,0.10164363033238133,0.025877298001664453,0.050493600436530346,0.027462990645829587,0.4288335287687533,0.34434139681540976
8,7.575757575757576,1.737869374964231,1.5120078801273034,1.6301627778563925,0.9812150559598947,2.248155653924463,2.5639968999737413,0.0848546829281919,0.012716667821237045,0.00926150141675202,0.18791620047250773,0.10238679580237632,0.0260927971564922,0.05072771501802966,0.027641961827505647,0.4198097829138602,0.3306561920963836
8,8.080808080808081,1.7633428378988194,1.5106035076684496,1.6254617403839002,0.9789470655447272,2.24538945142612,2.5838631650601593,0.08462988123163888,0.012660395249946131,0.009394599541995091,0.19083037911345146,0.10306470016713715,0.02629295791395654,0.050979634490559686,0.027801412354827786,0.41126723709341617,0.3180430377083319
8,8.585858585858587,1.7875363607705397,1.509221208328562,1.6207929815145088,0.9766981657751532,2.2427652837141627,2.6023808976649843,0.08442352312558987,0.012606674645102846,0.009520486745305246,0.19358873833299078,0.10368024404323135,0.02647823072097209,0.051230358810670416,0.027943192982169,0.40317820684392414,0.3064210137224374
8,9.090909090909092,1.8105371468742844,1.5078642894963332,1.616166071387953,0.9744678751305741,2.240278031238266,2.619654816641262,0.08423097764981971,0.012554807123602919,0.009639736594282104,0.1962011539571806,0.10423725811034651,0.02664954395756106,0.05146962005601326,0.02806904110117642,0.39551676122025603,0.2957151037017734
8,9.595959595959597,1.8324256786991,1.5065342691810977,1.6115853992201175,0.9722552440100274,2.237920595313947,2.635777460786778,0.08404940224452105,0.012504448621161054,0.009752849945559123,0.19867741043796305,0.10473973582172502,0.026807897116925487,0.0516921404740746,0.02818045009819459,0.38825860632655024,0.28585585416414006
8,10.101010101010102,1.8532765802158362,1.5052317663198844,1.6070526012029216,0.970059230159112,2.235685291278448,2.6508323516096888,0.08387692961370984,0.012455384420893672,0.009860274481790996,0.201026826768309,0.10519152197586429,0.026954236933312795,0.051895407397912076,0.028278691215033163,0.3813809499026785,0.27677898575389837
8,10.606060606060607,1.873159110660203,1.5039568196443949,1.602567584696749,0.9678787541889106,2.2335642523359227,2.6648954818447175,0.08371233169804507,0.012407499295219636,0.009962419483321919,0.20325820375064213,0.10559627854715842,0.027089472245080858,0.05207864024692138,0.02836488585845597,0.3748623786914954,0.2684250073545584
8,11.111111111111112,1.8921376294725418,1.5027091395220327,1.5981292685838593,0.9657127651443678,2.2315497646767084,2.678036503036476,0.08355477806390177,0.01236072976939998,0.010059658677860189,0.20537977537528157,0.10595744447444903,0.027214456560206508,0.05224208312394471,0.02844002915413708,0.36868276058468763,0.26073886785448624
8,11.616161616161618,1.9102720013843508,1.5014883018197882,1.5937361208076601,0.9635603005265291,2.2296345140502516,2.6903196754784595,0.08340365601619922,0.012315015947370021,0.0101523333913897,0.20739918715794145,0.10627820001943993,0.027329964838775835,0.052386505629915155,0.028504999756806603,0.36282316100283124,0.2536696380621589
8,12.121212121212121,1.9276179461415155,1.5002938632222742,1.5893865119892754,0.9614205076489319,2.2278117081319957,2.7018045858603843,0.08325845096934184,0.012270284302250273,0.010240758533693583,0.2093235046258704,0.10656146159491452,0.027436694562915306,0.0525128524995245,0.02856058244355469,0.35726576150261413,0.24717020632447997
8,12.626262626262626,1.9442273107050583,1.4991253477862052,1.5850787470079604,0.9592926012052364,2.22607499700144,2.7125464746934025,0.08311873758234542,0.012226472828550354,0.01032522596186758,0.21115927318894828,0.10680993032164744,0.027535294211170215,0.05262217419315454,0.028607495867054886,0.3519937848236407,0.2411969906783167
8,13.131313131313131,1.9601483330992358,1.4979822568929397,1.5808111044892974,0.9571758513495553,2.2244184424651867,2.722596568356223,0.08298416502030379,0.012183531438214414,0.01040600531429576,0.2129125623251506,0.10702611488679824,0.027626368245280697,0.05271558203738098,0.028646400027211628,0.3469914313602234,0.23570967987526847
8,13.636363636363637,1.975425901799361,1.4968641021985232,1.5765819197474655,0.9550695918051767,2.2228365320921633,2.732002448448745,0.08285442497647694,0.012141410768011049,0.010483345835503286,0.21458899289099675,0.10721233587229695,0.02771047324851934,0.05279417278503844,0.02867789909665703,0.3422438204463992,0.2306709948907309
8,14.141414141414142,1.990101791407633,1.4957704163003547,1.5723896199206706,0.9529732166273537,2.2213241634083065,2.740808345838087,0.08272923629924812,0.012100061624440911,0.01055747847665758,0.21619376675449825,0.10737073808186334,0.027788122113432803,0.052858989642572546,0.028702548362957617,0.3377369342057001,0.226046466543773
8,14.646464646464647,2.0042148767788586,1.494700749617817,1.568232721751353,0.9508861705685844,2.2198766070231017,2.7490553766838923,0.08260834258933902,0.012059437934435348,0.010628617307216733,0.21773170170905826,0.10750330799942799,0.027859789967911466,0.05291101777730031,0.02872086041168039,0.33345756501965923,0.22180422692851473
8,15.151515151515152,2.01780135463729,1.4936546822645955,1.5641098600474017,0.9488079491144494,2.2184894938316737,2.7567818172224436,0.08249149883723254,0.012019492334552143,0.010696960876840706,0.21920726068285185,0.1076118833134162,0.027925914338326578,0.0529511573199348,0.028733308135477954,0.32939326353646037,0.2179148009223263
8,15.656565656565657,2.0308949002252272,1.492631794756638,1.5600197188901943,0.9467380794283825,2.2171587474092482,2.7640232108815748,0.08237849182247728,0.0119801880164904,0.010762693262313482,0.22062458605262186,0.10769817557759447,0.027986906453084794,0.052980277395625636,0.028740331573763326,0.3255322966498087,0.21435094625693393
8,16.161616161616163,2.043526854056224,1.4916316855392437,1.5559610666501242,0.9446761280402698,2.2158805895175746,2.7708126097586683,0.08226912439819017,0.011941490091233015,0.010825985123585515,0.2219875174325677,0.10776377130852022,0.028043147104359314,0.05299918843059174,0.028742337363617695,0.3218636047356657,0.21108748608696296
8,16.666666666666668,2.0557263935904664,1.4906539671582946,1.5519327462146382,0.942621694985215,2.2146515108566476,2.777180756082348,0.08216321565146856,0.011903367108241112,0.010886994804267273,0.22329961814252658,0.10781014410886741,0.028094990411896486,0.05300864797526398,0.028739702430095732,0.3183767590173774,0.20810114476253694
8,17.171717171717173,2.0675206686709626,1.4896982672242858,1.5479336715664622,0.9405744142324772,2.2134682579551455,2.7831562287294243,0.08206059896331339,0.011865789281603171,0.010945869164341895,0.22456419119874746,0.10783865951597203,0.028142764153790033,0.053009364807283604,0.02873277485280569,0.3150619280527083,0.20537042467640174
8,17.67676767676768,2.078934956192425,1.4887642338702627,1.5439628407730308,0.9385339524586327,2.21232782051333,2.7887656277714026,0.08196111485055792,0.011828726720601472,0.011002744558622133,0.22578429992003962,0.10785058246337553,0.028186770949030018,0.05300198551903382,0.02872187649460435,0.31190983955625085,0.20287546203468848
8,18.181818181818183,2.089992767187683,1.4878515248009478,1.5400193089247691,0.9365000013879949,2.21122740108938,2.7940336662023957,0.08186461811122017,0.011792153623189245,0.011057747450290553,0.22696278628907118,0.10784708803075492,0.028227292916496484,0.05298711579972604,0.028707306082950208,0.308911751473597,0.20059792428246528
8,18.68686868686869,2.100716039674066,1.4869598212882578,1.536102215864287,0.9344722831848955,2.2101644134380067,2.7989834115638805,0.08177096437065114,0.01175604149194063,0.011110995647708318,0.22810229161484458,0.10782926468149465,0.02826458924745383,0.052965297778637094,0.02868933980015083,0.30605940698045897,0.19852083473630955
8,19.191919191919194,2.111125134927849,1.4860888035971354,1.5322107296301737,0.9324505370041152,2.2091364457601643,2.803636224389489,0.08168002967740143,0.011720369319198119,0.011162598093652831,0.22920526371273436,0.10779812525627529,0.028298903691453034,0.05293705580207545,0.028668234408060926,0.30334502859811746,0.19662857264291445
8,19.6969696969697,2.1212391096530605,1.485238174101457,1.5283440947785065,0.9304345276319447,2.2081412620596104,2.808012109095739,0.08159168841593992,0.011685113067154841,0.011212656697032423,0.2302739863234137,0.10775461084672516,0.028330460610210387,0.05290285603939774,0.02864422821430877,0.30076125648450586,0.1949066234974987
8,20.202020202020204,2.1310756369315724,1.484407637360353,1.5245015863017004,0.9284240370139687,2.2071767839514513,2.812129578646523,0.08150583082391878,0.011650253652616575,0.01126126560326073,0.23131057253190349,0.10769959429721884,0.02835946952795059,0.05286314542023175,0.028617541678385063,0.2983011600640727,0.19334165515400362
8,20.70707070707071,2.1406512372583624,1.4835969079230842,1.5206825239054924,0.9264188646224356,2.206241073062852,2.8160059256369023,0.08142235342921894,0.01161577307670927,0.011308512698282884,0.2323169942960879,0.10763388939924699,0.028386125611760512,0.05281833855974104,0.028588380053055137,0.2959581836267275,0.19192130190095189
8,21.212121212121215,2.149981275611893,1.4828057107656043,1.5168862723341294,0.92441882790331,2.205332333651001,2.819657217954315,0.08134115904340956,0.011581654114171065,0.011354479534353262,0.23329508022021575,0.10755825017624582,0.028410609300726825,0.05276881782905796,0.02855693307299527,0.293726143235364,0.19063417321968038
8,21.71717171717172,2.1590800613218133,1.482033776875681,1.5131122287633567,0.9224237589270028,2.204448894236005,2.8230983966422287,0.08126215912789393,0.01154788156277568,0.011399241872864226,0.234246529763612,0.1074733776161967,0.028433088546619682,0.052714943617445206,0.02852337663924752,0.2915992002357003,0.1894697614909469
8,22.222222222222225,2.167960946671631,1.4812808469651537,1.509359830335817,0.920433504753611,2.203589200720814,2.8263433929957786,0.08118526932411257,0.0115144406432799,0.011442870328554703,0.2351729255463892,0.10737992330727238,0.02845371910700228,0.05265704725105393,0.028487874002287458,0.2895718361022849,0.18841835202270565
8,22.72727272727273,2.1766363487484948,1.4805466709206943,1.5056285519885337,0.9184479269842888,2.2027518140540048,2.829405149578387,0.0811104098159554,0.011481317054478558,0.011485430453139628,0.2360757351855724,0.10727849051120969,0.028472644820933177,0.05259543288629463,0.02845057597819488,0.2876388437478083,0.1874710072655573
8,23.232323232323235,2.1851178681511336,1.4798310047192638,1.50191789685786,0.9164668985666347,2.201935391261692,2.8322957420235797,0.08103750627464541,0.011448497696490152,0.011526983401504116,0.23695632792881915,0.1071696416201479,0.028489999751532498,0.05253038501526508,0.028411622881998704,0.2857952973482644,0.1866194561475966
8,23.73737373737374,2.193416301326433,1.4791336124184569,1.498227401493101,0.9144903044333702,2.2011386871156056,2.8350263975461356,0.08096648796393038,0.0114159701483501,0.011567586011568702,0.23781597532369628,0.10705389798848682,0.02850590804884699,0.05246216357208549,0.028371144698973158,0.2840365464904719,0.18585608644338492
8,24.242424242424242,2.201541742013522,1.4784542643276462,1.4945566284241563,0.9125180395998098,2.200360540066726,2.837607599288788,0.08089728822632669,0.011383722601856602,0.01160729136427371,0.23865586430396787,0.10693174552973968,0.028520485160563276,0.05239101040215105,0.028329262286115285,0.28235818960933834,0.18517385251168916
8,24.747474747474747,2.209503582616494,1.477792734982487,1.490905161983572,0.9105500079237527,2.1995998693901333,2.8400490831065524,0.08082984602079113,0.011351744848029501,0.011646148735419864,0.23947709756877703,0.10680363575677247,0.028533838574335512,0.052317152363700305,0.028286087713601676,0.280756071044517,0.18456627622890565
8,25.252525252525253,2.217310620841074,1.4771488055241282,1.4872726115648272,0.9085861220290684,2.1988556660229155,2.842359958926562,0.08076410268559074,0.011320026891277762,0.01168420426884233,0.24028070669452445,0.106669990014505,0.02854606829386537,0.05224079829978396,0.02824172543025651,0.27922625316898275,0.18402735065442938
8,25.757575757575758,2.2249710301108685,1.4765222612772553,1.4836586058204921,0.9066263028452242,2.1981269936751406,2.844548671369079,0.08070000456292123,0.011288559712473807,0.011721500729428104,0.24106764788318735,0.10653119861710267,0.0285572668280065,0.052162144514995415,0.028196271737682584,0.27776502095120514,0.18355157077031314
8,26.262626262626263,2.2324924818848846,1.4759128920974447,1.4800627919010567,0.9046704777516731,2.197412974225518,2.8466231343999207,0.08063750090759404,0.011257335022793923,0.011758078235136695,0.24183881817210814,0.10638762723503813,0.028567520817582712,0.05208137427244124,0.0281498167736596,0.2763688502501744,0.18313382103956793
8,26.767676767676768,2.2398820973258333,1.475320494042864,1.4764848397374817,0.9027185825782752,2.1967127967497886,2.848590681925045,0.08057654338608874,0.011226344541436454,0.011793973982704637,0.2425950479031324,0.10623961319072743,0.028576909754373544,0.051998654920211794,0.02810244335982644,0.27503441716218074,0.18276942447601965
8,27.272727272727273,2.247146565411912,1.4747448662394502,1.4729244324477828,0.9007705582136402,2.196025699082065,2.8504581882211,0.08051708709949447,0.01119558083334495,0.011829222876367255,0.2433371166718797,0.10608747298116923,0.028585508191515605,0.05191414524885936,0.028054228984387745,0.27375856708475316,0.1824540340765995
8,27.77777777777778,2.2542921004151792,1.4741858134528603,1.469381273885602,0.8988263524064003,2.195350976468905,2.8522320286815166,0.08045908888424014,0.011165036715610676,0.011863857311787504,0.2440657471826077,0.10593149901831503,0.02859338481412779,0.05182798896486026,0.02800524515704015,0.27253832313381515,0.1821836750187097
8,28.282828282828284,2.26132453989038,1.4736431441538018,1.4658550812568527,0.8968859178292653,2.1946879679865066,2.853918180134173,0.08040250793114478,0.011134705296891598,0.011897907708041363,0.24478161764056686,0.10577196507018356,0.02860060367414252,0.05174032104961097,0.027955558569074713,0.2713708597364734,0.18195465655472648
8,28.78787878787879,2.26824931322603,1.4731166702432583,1.4623455859350236,0.8949492119778133,2.194036059594781,2.8555221867777236,0.08034730619009452,0.011104580511002176,0.011931402303441542,0.24548535796383147,0.10560912512692512,0.028607224217382248,0.05165126662672159,0.0279052309805756,0.2702535089105802,0.18176360214847628
8,29.292929292929294,2.2750715241837756,1.47260620778259,1.4588525330934274,0.8930161967935365,2.1933946759776077,2.857049250866101,0.08029344689777014,0.011074656365173007,0.011964367646247214,0.24617755967635296,0.10544321685940132,0.02861330182354042,0.051560941254116796,0.02785432006183556,0.269183737283674,0.18160737663971513
8,29.7979797979798,2.2817959209361987,1.4721115756208296,1.455375678907647,0.8910868383827694,2.1927632823129093,2.858504196524915,0.08024089613358125,0.011044927474434744,0.011996828392421588,0.24685877224980443,0.10527446072263157,0.02861888771992346,0.05146945352170532,0.02780287901696849,0.2681591524397792,0.18148311484246138
8,30.303030303030305,2.288426972879941,1.4716325958518157,1.451914790556649,0.889161106116523,2.192141375983801,2.859891554411507,0.0801896213911882,0.011015388807778248,0.01202880774247363,0.24752951263791018,0.10510306364200055,0.028624029903410533,0.051376904393539646,0.02775095773359724,0.2671774811886792,0.1813881535156502
8,30.80808080808081,2.2949688377072768,1.471169094085755,1.4484696469776495,0.8872389735638679,2.1915284911319373,2.861215526192992,0.08013959192339726,0.010986035452982346,0.01206032726521276,0.24819026078962178,0.10492921693490727,0.02862877244917496,0.05128338714759269,0.027698602059110903,0.2662365768209834,0.18132006318362356
8,31.313131313131315,2.30142543298437,1.4707208983020887,1.4450400350786454,0.8853204167474538,2.190924188819916,2.8624800592830217,0.08009077873194782,0.010956862936597199,0.01209140727091351,0.24884146880377678,0.10475310055033826,0.028633156724724104,0.05118898997724352,0.02764585498242085,0.26533439872123626,0.18127658454939988
8,31.81818181818182,2.3078004055577463,1.4702878400362054,1.4416257532392087,0.8834054152816446,2.1903280622790136,2.863688816826172,0.08004315394625912,0.010927866911223948,0.012122066655050905,0.2494835567716041,0.1045748808851903,0.02863722077369719,0.051093793153111584,0.02759275612346333,0.2644690191220354,0.18125565790471485
8,32.323232323232325,2.3140971916409616,1.4698697532651852,1.4382266072073246,0.881493951111382,2.1897397287264986,2.8648452394887345,0.07999669110552163,0.01089904323292062,0.0121523232201536,0.2501169202780571,0.10439471417117413,0.028641000121962742,0.050997872410156346,0.0275393424954894,0.26363860564963554,0.18125537045123163
8,32.82828282828283,2.320318982464233,1.469466474632853,1.4348424118747396,0.8795860088756966,2.1891588334908128,2.865952509347089,0.07995136524599813,0.010870388207296454,0.012182193469697353,0.2507419261493468,0.10421274484795204,0.028644527542135097,0.05090129723295839,0.027485648215081558,0.2628414296052472,0.18127398799792066
8,33.333333333333336,2.326468795358544,1.4690778434618454,1.431472989365005,0.8776815753164879,2.18858504224754,2.867013626244723,0.07990715218524226,0.01084189812287177,0.012211693018951064,0.2513589209885466,0.10402910875040211,0.02864783362158137,0.05080413252390479,0.02743170522381605,0.26207584497622965,0.18130989344772747
8,33.83838383838384,2.3325494781164435,1.4687037015893498,1.4281181687359557,0.8757806390937684,2.1880180403398803,2.868031412186017,0.07986402856830456,0.010813569353501185,0.012240836609190012,0.2519682316922752,0.10384393343024514,0.028650946899880323,0.050706438725652773,0.02737754340034156,0.26134028609576565,0.18136158405048172
8,34.343434343434346,2.3385636450218006,1.4683438927801553,1.4247777860645583,0.8738831909237,2.1874575389544444,2.86900844082615,0.07982197302839254,0.010785398895552988,0.01226963774276625,0.2525701579419954,0.10365733566637973,0.028653893411263003,0.05060827177781116,0.027323189928413705,0.2606332847422477,0.18142772843611932
8,34.84848484848485,2.3445137905987776,1.4679982631713173,1.4214516830067585,0.8719892228657984,2.186903263341231,2.8699471612918006,0.07978096457606615,0.010757383673960164,0.012298109319678969,0.25316498565221485,0.10346942631722474,0.028656697678695348,0.05050968413588428,0.02726867053126108,0.2599534368345386,0.18150706799897975
8,35.35353535353536,2.3504023037014132,1.4676666611383113,1.418139706212393,0.8700987280872536,2.1863549511026457,2.8708499130271052,0.07974098254261058,0.01072952053863038,0.012326263712537974,0.25375298866672685,0.10328031105589978,0.028659382893906543,0.05041072519466002,0.027214009659357278,0.2592993973923252,0.18159840556513027
8,35.85858585858586,2.3562313577728853,1.4673489370594506,1.4148417095554624,0.8682117022852379,2.1858123644400016,2.871718807223414,0.07970200801043821,0.010701806843839971,0.012354112117523209,0.25433441515134814,0.10309008498808332,0.028661969839267602,0.05031143976848468,0.027159229045063092,0.25866991100838893,0.18170070291568258
8,36.36363636363637,2.362002992312267,1.467044943247463,1.411557552046023,0.8663281425664022,2.185275280871716,2.872555814290818,0.0796640229400526,0.010674240123045966,0.012381665022849219,0.25490949760548726,0.10289883669940009,0.028664477748453408,0.05021186955192913,0.027104348773646966,0.2580637874928531,0.18181301023128335
8,36.86868686868687,2.3677192120013872,1.4667545337785077,1.4082870950052402,0.8644480458887762,2.1847434816868665,2.873362869977424,0.07962700916984317,0.01064681773160851,0.012408932785552081,0.25547846518928086,0.10270665336453672,0.028666925392306246,0.050112055089946185,0.027049388649438184,0.25747987238030123,0.18193437993443146
8,37.37373737373738,2.3733818452424527,1.4664775648006325,1.4050302058774955,0.8625714108035192,2.1842167680437536,2.874141723670726,0.07959094974097353,0.010619537309782521,0.012435924853959291,0.25604152661468205,0.10251361395739395,0.028669329546421655,0.05001203298137421,0.02699436645957506,0.25691708681551384,0.18206399135737963
8,37.87878787878788,2.3789925663659743,1.4662138945375858,1.4017867575300067,0.8606982369059183,2.1836949582314036,2.8748939620984615,0.07955582861935549,0.010592396676998378,0.012462649916793389,0.2565988731186002,0.10231979060377927,0.028671705238452753,0.04991183630937461,0.026939298369733633,0.2563744202521727,0.18220113191640983
8,38.38383838383839,2.3845530415631466,1.4659633823913967,1.3985566240593057,0.8588285239861405,2.1831778716413255,2.8756211653490436,0.07952162986638338,0.010565393629632974,0.012489116587269547,0.2571506948385398,0.10212525459857345,0.028674067386552343,0.04981149800304141,0.026884200262631823,0.2558508871535129,0.18234507203502862
8,38.88888888888889,2.3900648055107347,1.4657258897471157,1.39533968459635,0.8569622729691351,2.1826653426161418,2.8763247751975727,0.07948833830223376,0.01053852610710564,0.012515332803538849,0.25769716673413084,0.1019300710921015,0.028676429392025648,0.04971104779948165,0.02682908652364828,0.2553455623812858,0.18249517240226837
8,39.3939393939394,2.3955292657751723,1.4655012800943181,1.392135824025584,0.8550994866860655,2.182157220892337,2.877006100679182,0.07945593939903627,0.010511792169012308,0.012541305779254707,0.25823844832351056,0.10173429845203287,0.028678803111025532,0.049610511810504486,0.026773969768317283,0.2548575800561529,0.18265088091116902
8,39.8989898989899,2.400947803178759,1.46528941798976,1.3889449277053962,0.8532401669869843,2.1816533579785564,2.8776664228727222,0.07942441891725181,0.010485189904071403,0.012567042673229846,0.2587746970900413,0.1015379947736796,0.028681200205059397,0.049509916286892504,0.026718862675667032,0.25438610079624324,0.1828116471781203
8,40.40404040404041,2.4063217061483484,1.4650901697505678,1.3857668851309937,0.8513843168440292,2.1811536162978737,2.8783069265664443,0.07939376313012514,0.01045871749250695,0.0125925501356417,0.2593060595070036,0.10134121340842935,0.028683631241977273,0.04940928500801045,0.026663776711261244,0.2539303322412549,0.1829769796110065
8,40.909090909090914,2.4116521687210764,1.4649034032908028,1.3826015898574302,0.8495319404771632,2.1806578692052083,2.878928698131643,0.07936395896317412,0.010432373257194023,0.01261783431883885,0.25983267081873546,0.10114400280633178,0.028686105701182813,0.0493086393864939,0.026608722084393882,0.25348953009670816,0.18314644658163023
8,41.41414141414142,2.4169403504941727,1.464728987927706,1.3794489370772876,0.8476830418215604,2.180165993774282,2.8795327885368236,0.07933499346637839,0.010406155505858187,0.012642901199506227,0.26035466261712625,0.10094641012693313,0.02868863268534739,0.04920800008832827,0.02655370873334971,0.2530629762630755,0.1833196283545263
8,41.919191919191924,2.4221873455309746,1.4645667944315885,1.3763088249438704,0.8458376254726178,2.179677874602306,2.880120180767125,0.07930685412134662,0.010380062630286825,0.012667756409360022,0.26087215879985204,0.10074847923115995,0.02869122055188728,0.0491073861592099,0.0264987457664564,0.2526499896395964,0.18349614267294848
8,42.42424242424243,2.42739415918496,1.4644166949582782,1.373181154217903,0.8439956960064353,2.179193405489619,2.8806917638683376,0.07927952909740042,0.010354093152483585,0.012692405181163054,0.2613852736424854,0.10055025061045357,0.028693876720126122,0.049006815189010795,0.026443841576372893,0.25224993327258866,0.18367566355149414
8,42.929292929292934,2.4325617808732076,1.4642785629886037,1.3700658276689506,0.8421572585510101,2.1787124827059485,2.8812484123662028,0.07925300656866985,0.01032824558411601,0.012716852613776149,0.26189411909064086,0.10035176326746327,0.028696608392878402,0.04890630385356645,0.026389004104708572,0.251862189298923,0.183857863504641
8,43.43434343434344,2.437691145186244,1.4641522732858683,1.366962750129684,0.8403223182851368,2.178235008365331,2.8817909435119815,0.07922727511810361,0.010302518511599601,0.012741103546182336,0.2623988010219349,0.10015305393155612,0.028699422191619563,0.0488058677939737,0.026334240785102127,0.25148617159005715,0.1840424449840933
8,43.939393939393945,2.442783108389699,1.4640377021902884,1.363871829391095,0.838490880729223,2.177760893292963,2.882320092397722,0.07920232377763223,0.010276910576744217,0.012765162411196091,0.262899416504616,0.09995415591074241,0.028702323834080862,0.04870552096871388,0.026279558212122415,0.2511213329987706,0.18422916046623203
8,44.44444444444445,2.4478385100479887,1.4639347270751204,1.3607929743385567,0.836662951288816,2.1772900500354817,2.8828365777053797,0.07917814175969146,0.010251420463547465,0.012789033567541623,0.26339606073688904,0.09975510175096997,0.0287053189007514,0.04860527701327547,0.026224962828998978,0.25076714435383557,0.1844177622351728
8,44.949494949494955,2.452858150874737,1.4638432265397692,1.357726095561845,0.8348385353665034,2.1768223953419987,2.883341077991236,0.07915471854801087,0.010226046897960958,0.012812721180392296,0.26388882459478874,0.09955592233797894,0.028708412557566287,0.04850514878451617,0.026170460695281412,0.2504231013111355,0.1846080211106698
8,45.45454545454546,2.457842771909639,1.463763080669894,1.3546711065979282,0.8330176390999179,2.1763578530644105,2.8838342102033483,0.07913204394447988,0.010200788651999288,0.012836229080044304,0.26437779182221766,0.09935664537970156,0.028711609256208803,0.04840514749872111,0.02611605703117136,0.250088731332743,0.18479974408648958
8,45.959595959595966,2.4627930848246975,1.4636941706902868,1.3516279223191638,0.8312002684819024,2.1758963501382906,2.884316561168139,0.07911010797325566,0.010175644530829748,0.012859560954242413,0.2648630429665331,0.09915729741222254,0.028714913149355894,0.048305283848165535,0.026061756799468185,0.24976358252563866,0.1849927498853936
8,46.46464646464647,2.467709777067364,1.4636363789144373,1.3485964587079526,0.8293864292594811,2.1754378159535386,2.884788692986076,0.0790889008561768,0.010150613368113338,0.012882720377095667,0.26534465600822704,0.0989579040901589,0.028718328155134133,0.0482055681558904,0.026007564783378654,0.2494472213925288,0.18518686522521677
8,46.969696969696976,2.472593492669473,1.463589588915953,1.3455766339871396,0.8275761276367424,2.1749821849911237,2.885251123208563,0.07906841309765685,0.010125694051177657,0.012905710691338355,0.26582270373185457,0.09875848878109392,0.028721857701592395,0.04810600957716669,0.02595348519669453,0.24913923975396707,0.18538194056930576
8,47.47474747474748,2.4774448432760137,1.4635536854335853,1.3425683680744742,0.8257693699821573,2.1745293954133484,2.8857043363432613,0.07904863542809185,0.010100885506520165,0.012928535070905522,0.2662972551442854,0.09855907326107342,0.028725504865630483,0.04800661648151173,0.02589952186887694,0.2488392502210615,0.18557784174696804
8,47.979797979797986,2.482264422153659,1.4635285542975744,1.339571581912081,0.8239661624522915,2.174079387305061,2.8861487985009244,0.07902955870447928,0.010076186667716293,0.012951196591837903,0.2667683772940571,0.09835967859078537,0.0287292725355824,0.04790739693371704,0.025845678456407877,0.24854688022679441,0.185774439544172
8,48.484848484848484,2.487052790185406,1.4635140824470596,1.336586198005892,0.8221665112737984,2.173632104325604,2.8865849425769303,0.0790111740327411,0.010051596514815705,0.012973698170615769,0.26723613351937453,0.09816032436145143,0.028733163262778423,0.04780835828349072,0.02579195828764588,0.24826177763045848,0.185971620385628
8,48.98989898989899,2.491810478941001,1.4635101578823155,1.3336121401564114,0.8203704225567048,2.17318749321906,2.887013171307752,0.07899347275959964,0.01002711406993652,0.012996042586298417,0.26770058392825696,0.09796102900841262,0.028737179307187843,0.04770950734538848,0.025738364457117604,0.24798360931215804,0.18616928405036678
8,49.494949494949495,2.4965380057217983,1.4635166696820916,1.3306493334378768,0.818577902552264,2.172745502541374,2.8874338738430363,0.07897644631919086,0.01000273836474124,0.013018232527073795,0.26816178681077146,0.09776181002565651,0.028741322767592732,0.04761085045452011,0.02568489979623138,0.24771205434230903,0.18636733355903745
8,50.0,2.501235859366343,1.4635335079991534,1.327697704186623,0.8167889573899255,2.172306083844017,2.887847410088407,0.07896008636157767,0.009978468461896652,0.013040270541979591,0.26861979735368047,0.09756268378879131,0.028745595450158968,0.04751239344171877,0.025631566890187526,0.24744680999265714,0.18656568513646252
8,50.505050505050505,2.505904493366198,1.4635605641552236,1.3247571801671083,0.8150035930902567,2.171869192404173,2.8882541033649924,0.07894438475710364,0.009954303442001756,0.013062158996696676,0.269074666963176,0.09736366529751589,0.02874999876991694,0.04741414153927781,0.02557836797827512,0.2471875943973679,0.1867642734410374
8,51.01010101010101,2.5105443669337104,1.4635977302526386,1.3218276897286145,0.8132218156270348,2.1714347830384524,2.8886542844939256,0.07892933343499962,0.009930242418194336,0.013083900293342145,0.26952644737816295,0.09716476954581127,0.028754534260787782,0.04731609991359593,0.02552530535884351,0.24693412892415478,0.18696302229126466
8,51.515151515151516,2.5151559172679323,1.463644899429782,1.3189091623150453,0.8114436308417892,2.171002812885891,2.8890482619590365,0.07891492448817049,0.009906284522158987,0.013105496721849264,0.2699751879450814,0.09696601065092923,0.028759203229633625,0.04721827334565674,0.025472381125677998,0.24668614973125508,0.18716186474619406
8,52.02020202020202,2.5197395696108895,1.4637019657629144,1.3160015282315158,0.809669044439387,2.1705732403629794,2.8894363326721066,0.07890115013177874,0.009882428905843281,0.013126950513703332,0.2704209366488466,0.09676740221339233,0.02876400688046435,0.04712066637957187,0.02541959727161088,0.24644340329368053,0.18736073607755666
8,52.525252525252526,2.524295728456517,1.4637688243580878,1.313104718897273,0.8078980620389657,2.1701460261238745,2.8898187726173483,0.07888800272885298,0.009858674738084567,0.013148263793241589,0.2708637391790981,0.09656895694668116,0.028768946200144807,0.04702328315076503,0.02536695557657797,0.24620564992215577,0.18755958037471043
8,53.03030303030303,2.528824705600391,1.463845372111478,1.3102186689932613,0.806130689629671,2.169721140960182,2.890195760364999,0.07887547502700784,0.00983502119046839,0.013169438182212705,0.2713036312032805,0.09637068359306109,0.028774021035668902,0.04692612594152709,0.02531445669912088,0.2459726940608446,0.18775840309316222
8,53.535353535353536,2.5333269180813893,1.4639315056134157,1.3073433105134802,0.8043669322965773,2.1692985440465837,2.8905675874486585,0.07886355949304134,0.009811467469202381,0.013190475886027607,0.2717406596682969,0.09617259543628025,0.02877923262603065,0.04682919917476985,0.025262102671725323,0.24574430015394472,0.187957127276974
8,54.04040404040404,2.5378027325413335,1.4640271227944262,1.3044785774230843,0.8026067952128206,2.168878200035995,2.8909344929260494,0.07885224882939186,0.009788012786705842,0.013211378838865126,0.27217486607219393,0.09597470362135235,0.028784581608271204,0.04673250628326421,0.0252098949368367,0.2455202584270675,0.18815570698554226
8,54.54545454545455,2.542252509665978,1.4641321224537787,1.301624404314448,0.8008502833493512,2.1684600741709565,2.8912967106029788,0.07884153582181659,0.009764656367312411,0.01323214894721287,0.2726062912558535,0.09577701907154959,0.02879006858455253,0.046636050610425674,0.025157834906271184,0.24530036583638598,0.18835409517621984
8,55.05050505050505,2.546676606245924,1.4642464042365495,1.298780726334549,0.7990974014563113,2.1680441320514934,2.89165447121222,0.07883141332872672,0.009741397445747074,0.013252788100743885,0.2730349756364407,0.09557955258438429,0.028795694146769184,0.04653983545716089,0.02510592398613584,0.2450844249864546,0.18855224241525884
8,55.55555555555556,2.5510752148356888,1.4643698700366123,1.295947485781266,0.7973481574014448,2.1676303591431907,2.892007833902201,0.07882187503966806,0.009718235378209325,0.013273297208093468,0.27346093979399017,0.0953823057755981,0.028801456820427108,0.04644385972994231,0.025054160972228994,0.2448723143053768,0.18875021328260916
8,56.06060606060606,2.555448720150178,1.464502420862556,1.293124617480221,0.7956025548269574,2.167218717474988,2.892357060835304,0.07881291378650072,0.009695169395161114,0.013293678335251998,0.2738842275712498,0.09518529114336688,0.02880735762909112,0.04634812758509032,0.025002547812163038,0.24466383149018317,0.18894792829318513
8,56.56565656565657,2.5597974298999016,1.4646439591961706,1.2903120598498528,0.7938605987374384,2.16680917837497,2.8927023342987725,0.07880452281727637,0.009672198787866251,0.013313933087937093,0.27430487349510174,0.09498851687963147,0.02881339664398535,0.04625264112927495,0.024951085238750063,0.24445881143083276,0.18914535916713654
8,57.07070707070707,2.564121646009224,1.4647943883622945,1.2875097519889025,0.7921222940516781,2.1664017138320437,2.893043831570435,0.0787966954580399,0.00964932285891514,0.013334063037707589,0.27472291137644567,0.09479199086337113,0.02881957389466604,0.046157402339538946,0.02489977391467867,0.24425709478374752,0.1893424774219463
8,57.57575757575758,2.568421666364912,1.4649536125086218,1.2847176336166215,0.790387645590504,2.1659962963017665,2.893381726769273,0.07878942510364412,0.009626540920918388,0.013354069730964693,0.2751383745058583,0.09459572073898206,0.028825889389631272,0.04606241310168359,0.02484861445237642,0.24405852702668998,0.18953925330974758
8,58.08080808080808,2.5726976843847935,1.4651215373707738,1.2819356460757387,0.788656656217923,2.1655929075006903,2.8937160815389187,0.07878270567558089,0.009603852303228041,0.013373954347832303,0.27555128673582063,0.09439971214064607,0.028832342038593407,0.045967674190273526,0.024797607254143622,0.24386300380435535,0.18973572382145296
8,58.58585858585859,2.576949985660124,1.4652980687557635,1.2791637302859513,0.7869293304022399,2.165191521112056,2.894047058982403,0.07877653072224491,0.00958125633612852,0.013393718375573087,0.2759616800171496,0.09420397225670168,0.028838931765298625,0.04587318730372769,0.024746752855834313,0.24367038167143854,0.18993185995297993
8,59.09090909090909,2.581178838376469,1.4654831133773247,1.276401827840793,0.7852056721903028,2.164792112383482,2.894374804391788,0.07877089391856833,0.009558752358251627,0.013413363236228255,0.2763695846666222,0.09400850788957828,0.02884565833155298,0.045778953950248995,0.02469605175148434,0.24348052758303657,0.1901276408906946
8,59.5959595959596,2.5853844919184357,1.4656765788603598,1.2736498809939916,0.7834856851555143,2.164394658224077,2.894699443694604,0.07876578907127693,0.009536339715786817,0.01343289028371575,0.27677502926829534,0.09381332546037235,0.028852521323134137,0.0456849754463095,0.024645504401313724,0.24329331936751883,0.1903230550951313
8,60.101010101010104,2.5895671900095647,1.465878373633753,1.2709078324966208,0.7817693726110302,2.1639991360251005,2.8950210977162483,0.07876121005772353,0.009514017760589102,0.013452300850567445,0.2771780418691717,0.09361843127469832,0.02885952029180947,0.045591253064614194,0.02459511126436648,0.24310863961359472,0.1905180915630523
8,60.60606060606061,2.5937271443728194,1.4660884071827671,1.2681756278561638,0.7800567396726124,2.163605528571509,2.895339855503233,0.0787571510229423,0.009491785936618131,0.013471595949308012,0.277578645082775,0.09342382837581369,0.028866654351110792,0.04549778669201844,0.024544871761788507,0.24292639136527655,0.1907127567391427
8,61.111111111111114,2.597864577175518,1.4663065896296568,1.265453211755788,0.7783477900342324,2.1632138162334815,2.8956558173520928,0.07875360606429913,0.009469643643921546,0.013490776744683054,0.27797686387676684,0.09322952151526508,0.028873922822024372,0.04540457695442455,0.024494785908576913,0.2427464726720205,0.19090704756397925
8,61.61616161616162,2.6019797145919172,1.466532831791693,1.2627405286237239,0.7766425265011133,2.1628239781975584,2.8959690883012685,0.0787505692802871,0.009447590260708698,0.013509844478075532,0.2783727243465226,0.09303551635473699,0.02888132513254815,0.04531162487783501,0.02444485404895343,0.24256878037884674,0.1911009556941947
8,62.121212121212125,2.60607276947392,1.4667670453455592,1.2600375241273623,0.7749409523599935,2.162435995711965,2.896279760585249,0.07874803490045998,0.009425625200649794,0.013528800269859833,0.27876625048021736,0.09284181738250864,0.02888886055099714,0.04521893100041705,0.024395076169191204,0.24239322043165273,0.1912944786683679
8,62.62626262626263,2.6101439496861447,1.4670091427411003,1.2573441444884506,0.7732430707766517,2.1620498505859387,2.896587922096788,0.07874599722418107,0.009403747887173925,0.0135476452093696,0.27915746565648913,0.09264842885866174,0.028896528311045677,0.0451264957781415,0.024345452206082363,0.2422197028308673,0.19148761470679698
8,63.131313131313135,2.614193454393576,1.4672590371993162,1.2546603370221705,0.7715488852169123,2.1616655253991413,2.8968936534232133,0.07874445064143157,0.009381957744922337,0.013566380380654011,0.2795463923970031,0.09245535434370197,0.02890432757577784,0.045034319242529965,0.02429598194027437,0.2420481452589369,0.19168036300394903
8,63.63636363636364,2.6182214785959976,1.46751664269569,1.2519860495796868,0.7698583990416599,2.1612830032068375,2.8971970316965767,0.07874338960733974,0.009360254207523433,0.01358500684107155,0.27993305270038016,0.09226259719021003,0.028912257482472312,0.04494240135137554,0.024246665106538643,0.241878468881839,0.19187272307937095
8,64.14141414141415,2.6222282177840985,1.467781873943298,1.2493212299745171,0.7681716150896665,2.1609022672376246,2.897498134544335,0.07874280861602743,0.00933863672560857,0.013603525599187946,0.2803174683847038,0.09207016104870079,0.028920317188578435,0.044850742349687174,0.02419750150723968,0.24171059403513315,0.19206469411470914
8,64.64646464646465,2.626213861533764,1.468054646395594,1.24666582687973,0.7664885363683615,2.1605233012675367,2.8977970349002917,0.07874270223653272,0.009317104752934747,0.013621937655935504,0.28069966065021246,0.0918780490817245,0.028928505809399162,0.04475934220111558,0.024148490834822508,0.2415444464073688,0.19225627555366093
8,65.15151515151516,2.6301785962257234,1.4683348762329658,1.244019789511796,0.7648091658306135,2.1601460894361817,2.8980938033552963,0.07874306509752332,0.00929565775056783,0.013640243993585446,0.2810796502852941,0.0916862642435936,0.028936822445109506,0.044668200786178114,0.024099632734343165,0.24137995456378217,0.1924474666600805
8,65.65656565656566,2.634122593938099,1.4686224804480763,1.2413830669667636,0.763133505214101,2.1597706167412825,2.898388494816137,0.07874389191411826,0.00927429518052758,0.013658445558009729,0.2814574571692142,0.09149481009149177,0.02894526609765331,0.04457731824135958,0.024050927150841287,0.2412170564216722,0.192638271969228
8,66.16161616161617,2.6380460157909265,1.468917376812541,1.238755608373997,0.7614615553429137,2.159396868858861,2.8986811524518963,0.07874517747807049,0.009253016506951187,0.013676543265778556,0.2818331004534911,0.09130369059534793,0.028953835697494136,0.04448669488032551,0.02400237424426032,0.2410556972358318,0.19282869968322705
8,66.66666666666667,2.641949047692597,1.4692194835775503,1.2361373648829186,0.7597933197075388,2.1590248304514743,2.8989718503995094,0.07874691656580307,0.009231821214113627,0.013694538066940496,0.2822066002648209,0.09111290770289827,0.028962530376663832,0.04439633017821379,0.023953973334791368,0.24089580854916529,0.1930187442471412
8,67.17171717171718,2.645831861475703,1.4695287197871236,1.2335282874289646,0.7581288004958442,2.158654486957946,2.899260647220069,0.07874910403560058,0.009210708785632503,0.013712430879584476,0.28257797590438904,0.09092246407378543,0.028971349174671458,0.04430622391333769,0.023905724080821266,0.24073733097400002,0.19320840535169845
8,67.67676767676768,2.649694627496745,1.4698450051687917,1.2309283274108958,0.7564679998311085,2.158285823981681,2.8995476009162395,0.07875173479432755,0.009189678710446497,0.013730222612842307,0.2829472464638553,0.09073236224823114,0.028980291135605914,0.0442163758207797,0.02385762611690597,0.24058020674047165,0.19339768181014919
8,68.18181818181819,2.653537515100593,1.4701682601239212,1.228337436681608,0.7548109197822218,2.157918827245237,2.899832769433486,0.07875480379491279,0.00916873048248059,0.0137479141690368,0.28331443087148483,0.09054260465644103,0.02898935531299458,0.04412678559688337,0.023809679054871906,0.24042437937387148,0.19358657135983523
8,68.68686868686869,2.657360693084948,1.470498405718039,1.2257555675389418,0.7531575623738878,2.157553482544899,2.900116211161297,0.07875830603383348,0.009147863600311267,0.0137655064458299,0.2836795479382787,0.09035319362800934,0.028998540774661973,0.04403745290374514,0.02376188248491735,0.24026979337199394,0.19377507046375864
8,69.1919191919192,2.661164330164807,1.4708353636711586,1.2231826727164927,0.7515079295968243,2.1571897757052456,2.900397985434416,0.07876223654859946,0.009127077566831726,0.013783000338370814,0.2840426164041046,0.09016413140132368,0.02900784660758839,0.04394837737370623,0.023714235976713786,0.24011639388248396,0.19396317411215105
8,69.6969696969697,2.6649485214149324,1.4711790571478913,1.220618704300545,0.749862019803484,2.156827698662661,2.9006780689945715,0.07876659069626248,0.009106371903034228,0.013800396428045635,0.284403648873149,0.08997542084218794,0.029017271153240192,0.043859559077974807,0.02366673956190042,0.23996416900889758,0.19415091614961125
8,70.20202020202021,2.6687134036562066,1.4715294095060716,1.2180636153881133,0.7482198333298722,2.1564672399045044,2.9009564869661384,0.07877136371459846,0.00908574612575792,0.01381769547118829,0.28476266134710315,0.0897870643521395,0.02902681320714984,0.04377099781053824,0.023619392987804803,0.23981308330538914,0.1943383061592237
8,70.70707070707071,2.672459168047165,1.4718863441560521,1.215517360253687,0.7465813730979116,2.1561083834195767,2.9012333271256185,0.07877655067355126,0.009065199745041237,0.013834898452572953,0.2851196742724101,0.08959906376166234,0.029036472149846903,0.043682693016616175,0.023572195639677204,0.239663070470167,0.19452532262479538
8,71.21212121212122,2.676185966684046,1.4722497855652086,1.2129798929783,0.7449466400422597,2.155751116424555,2.901508633835639,0.07878214682907382,0.009044732281688492,0.013852006190153691,0.28547470483768117,0.08941142123892379,0.029046246975907613,0.043594644385698086,0.023525147152227997,0.23951408707865962,0.19471196412132763
8,71.71717171717172,2.6798939514138795,1.472619658833918,1.2104511679966838,0.7433156349930674,2.1553954261433432,2.901782452084585,0.0787881474750215,0.009024343259621419,0.013869019499575195,0.2858277701855906,0.0892241389317541,0.029056136697483678,0.04350685161558273,0.02347824716133327,0.23936609017617239,0.19489822812147234
8,72.22222222222223,2.683583274193176,1.4729958896870263,1.2079311400865431,0.7416883586810153,2.155041299770403,2.9020548278677376,0.07879454794103785,0.009004032205564548,0.013885939195873059,0.2861788874502738,0.08903721897806464,0.029066140348061285,0.043419314417533245,0.023431495305824123,0.23921903701615113,0.19508411085501154
8,72.72727272727273,2.6872540874466107,1.4733784044653164,1.2054197643578306,0.7400648117423502,2.1546887244340804,2.9023258085684067,0.07880134359044043,0.008983798648730595,0.013902766095174074,0.2865280737947264,0.08885066351626614,0.029076256986220107,0.043332032521432265,0.023384891229275916,0.23907288479844543,0.19526960716833688
8,73.23232323232324,2.6909065444257094,1.4737671301169755,1.2029169962420236,0.7384449947239216,2.154337687159941,2.9025954433390684,0.07880852981810656,0.00896364212050584,0.013919501016396506,0.28687534644820223,0.08866447469568686,0.029086485699392303,0.04324500568093697,0.023338434581797542,0.238927590407572,0.19545471038392936
8,73.73737373737374,2.694540666919434,1.4741619955135534,1.2004227948945096,0.736828907759564,2.1539881892484574,2.902863640828983,0.07881610272189445,0.008943562279879637,0.013936144091196393,0.28722070822172446,0.08847864988189094,0.029096824125896946,0.043158231347167765,0.023292123964746957,0.2387831924964345,0.1956394821432631
8,74.24242424242425,2.6981566256986995,1.474562928644776,1.1979371159770937,0.7352165512690844,2.153640215802484,2.903130470777549,0.07882405767836233,0.008923558647621675,0.013952696226303081,0.2875641782083808,0.0882931918130421,0.029107271587353382,0.04307170959674359,0.023245959164526604,0.23863963735254956,0.19582390449661927
8,74.74747474747475,2.701754582456819,1.4749698581918167,1.195459915723466,0.7336079255707957,2.153293752905294,2.9033959940279828,0.07883239014504027,0.008903630756140363,0.013969158279075364,0.28790577447760207,0.08810810287171365,0.029117827322854402,0.04298544035252614,0.023199939891936493,0.23849687697938685,0.19600796334198303
8,75.25252525252526,2.7053346704188863,1.4753827137159625,1.1929911514366374,0.7320030308376215,2.1529487897299866,2.903660241669501,0.07884109575859527,0.008883778167889616,0.013985530956210046,0.28824551195047066,0.08792338437989987,0.02912849027211879,0.042899423041654776,0.023154065626581125,0.23835488109462866,0.1961916587039992
8,75.75757575757576,2.708897022046264,1.4758014253770328,1.1905307807745924,0.7304018671698859,2.1526053155312557,2.9039232448268986,0.07885017019386566,0.008864000449131711,0.014001814958049355,0.2885834054308495,0.08773903760001976,0.029139259384712266,0.04281365708134036,0.02310833583657767,0.23821361989267326,0.19637499016616144
8,76.26262626262627,2.7124417692161846,1.476225923926636,1.1880787617441715,0.7288044345999051,2.152263319628181,2.9041850348490956,0.07885960916265626,0.008844297169792433,0.014018010979347321,0.28891946962317505,0.08755506373884814,0.02915013362180606,0.042728141880872705,0.023062749978918093,0.23807306389406943,0.1965579568247734
8,76.76767676767678,2.7159690434013553,1.4766561407014251,1.1856350526949555,0.7272107330965814,2.1519227913870154,2.904445643497681,0.07886940841253345,0.00882466790331622,0.014034119710036161,0.2892537191502506,0.08737146395144667,0.029161111957935505,0.04264287684362803,0.02301730749983134,0.23793318379495096,0.19674055724291
8,77.27272727272728,2.71947897584956,1.477092007616354,1.183199612313148,0.7256207625699946,2.1515837202039783,2.904705103135458,0.07887956372562027,0.008805112226521307,0.01405014183599265,0.2895861685710395,0.08718823934509491,0.029172193382758626,0.04255786136907648,0.02297200783514549,0.2377939503164711,0.19692278940437882
8,77.77777777777779,2.7229715941945596,1.4775334581089339,1.1807724009649787,0.7240345205628408,2.1512461052186356,2.9049633336030567,0.07889007146744925,0.008785629799871067,0.014066077665978532,0.2899168224112172,0.08700538955566303,0.029183375862332273,0.04247309368595942,0.02292685062151907,0.2376554061789035,0.19710469528094973
8,78.28282828282829,2.7264470754253227,1.4779804248112944,1.17835337739669,0.7224520079009537,2.1509099315463436,2.905220418978297,0.07890092724318112,0.008766220171049973,0.014081928044838196,0.2902456995577388,0.0868229162359154,0.029194658880471604,0.042388573707167775,0.022881835182115524,0.2375174899097936,0.1972862518946231
8,78.7878787878788,2.729905538247738,1.4784328414516898,1.1759425014363274,0.7208732240563892,2.1505751897861547,2.9054763803963692,0.07891212700012953,0.008746882936179505,0.014097693604156953,0.29057281323653084,0.08664082019494533,0.029206041352707428,0.04230430068640958,0.022836960950089184,0.23738018041661033,0.19746746079125294
8,79.2929292929293,2.733347098383342,1.478890642341634,1.1735397332694084,0.7192981683830764,2.150241870825002,2.905731236542838,0.07892366673381611,0.008727617696875894,0.014113374961977088,0.2908981763454803,0.08645910216185075,0.02921752218178815,0.04222027384226729,0.02279222735672315,0.2372434584515298,0.19764832425138645
8,79.7979797979798,2.7367718701716788,1.4793537623560906,1.171145033414269,0.7177268401531863,2.1499099656868164,2.905985005398788,0.07893554247920927,0.00870842405900057,0.014128972728699602,0.2912218016094259,0.08627776280927614,0.029229100273731795,0.04213649237626185,0.022747633828894658,0.2371073054700719,0.19782884463135966
8,80.30303030303031,2.740179966639377,1.479822136927746,1.1687583627173854,0.7161592385592565,2.1495794655257,2.9062377043084444,0.07894775031010627,0.00868930163260112,0.014144487507451656,0.291543701587293,0.08609680275582007,0.029240774538474228,0.0420529554736128,0.02270317978966229,0.23697170355750236,0.19800902436486745
8,80.80808080808082,2.743571499569233,1.480295702041278,1.1663796823486985,0.7145953627163146,2.1492503616191008,2.9064893500468028,0.07896028633851533,0.00867025003185226,0.014159919894454023,0.29186388867922936,0.0859162225684429,0.02925254389051742,0.04196966230399848,0.022658864658853143,0.2368366353552351,0.19818886596453383
8,81.31313131313132,2.746946577181224,1.4807743943289498,1.1640089533979705,0.7130352110041754,2.1489226451852623,2.9067399557174367,0.0789731467122756,0.008651268861163745,0.01417527048774708,0.2921823753167028,0.0857360232636162,0.02926440722571126,0.041886612283107263,0.022614688007120205,0.23670208698334305,0.19836837130804913
8,81.81818181818183,2.750305295480212,1.4812581514349126,1.1616461354130527,0.7114787786598263,2.148596306734632,2.906989519243751,0.07898632760800392,0.008632357664602191,0.0141905399180842,0.2924991746378295,0.08555620813116957,0.029276363334740072,0.041803806025824675,0.022570650117013136,0.23656805890895535,0.19854753902692993
8,82.32323232323233,2.753647769433909,1.4817469106895809,1.1592911915924782,0.7099260663750124,2.1482713383521874,2.9072380647291722,0.07899982525343151,0.00861351610603232,0.014205728740414082,0.2928142981110866,0.08537677623968067,0.029288411214674112,0.04172124194971591,0.022526749984337676,0.2364345268429,0.198726373827903
8,82.82828282828284,2.756974104180983,1.482240610328424,1.1569440839590688,0.7083770723240036,2.1479477315668722,2.907485604215987,0.07901363590549013,0.008594743801878808,0.014220837535265346,0.2931277577536454,0.08519772846642935,0.02930054978118027,0.041638919427578074,0.02248298717350745,0.236301477875595,0.19890487784810681
8,83.33333333333334,2.7602844036492002,1.4827391891235155,1.1546047747835242,0.706831794527845,2.1476254779738544,2.90773214910061,0.07902775585600236,0.008576040370588246,0.01423586687919116,0.2934395654835159,0.08501906571435429,0.029312777954609875,0.04155683785459159,0.022439361268721644,0.23616889967764906,0.19908305321784747
8,83.83838383838385,2.763578770606935,1.4832425863785486,1.1522732265768099,0.7052902308516268,2.147304569226406,2.9079777101778936,0.07904218143105071,0.008557405432468333,0.01425081734519819,0.2937497331280284,0.08484078891812935,0.02932509466047141,0.04147499665099876,0.02239587187568113,0.2360367804483031,0.19926090205690633
8,84.34343434343435,2.7668573067146878,1.483750741923853,1.1499494020825471,0.7037523790017557,2.146984997027788,2.9082222976854344,0.07905690899034674,0.008538838609527097,0.014265689503175515,0.29405827243231425,0.08466289905024005,0.029337498829903157,0.04139339526478225,0.022352518623304576,0.23590510886387187,0.19943842647084742
8,84.84848484848486,2.7701201125765937,1.4842635961114103,1.1476332642693998,0.7022182365232245,2.1466667531231285,2.9084659213478794,0.07907193492660022,0.008520339525312089,0.014280483920323585,0.2943651950677876,0.08448539712705995,0.029349989400145906,0.04131203317434371,0.022309301165444585,0.2357738740261856,0.19961562854732476
8,85.35353535353536,2.7733672907760707,1.4847810898414915,1.14532477815987,0.7006878031829331,2.146349830778619,2.9087085961721266,0.0790872556895897,0.008501907859088517,0.01429520104972342,0.2946705111861315,0.08430828185169244,0.02936256531378229,0.04123090891974163,0.022266218349294525,0.23564306643523777,0.19979250774650856
8,85.85858585858587,2.7765989452210134,1.485303164550187,1.1430239103880255,0.6991610804022012,2.146034224421362,2.9089503411304447,0.07910286777968503,0.008483543332816887,0.014309841257241817,0.29497422977204635,0.08413155017940512,0.02937522551950137,0.041150020335301817,0.022223268414342027,0.23551267769520562,0.19996906151418295
8,86.36363636363637,2.779815170943931,1.4858297620957999,1.1407306228832865,0.6976380630572477,2.145719924521888,2.9091911594487567,0.07911876766235948,0.008465245524321853,0.014324405206231603,0.29527636364835086,0.08395520544211775,0.029387968976808215,0.041069367889482636,0.022180451856749543,0.23538269694443997,0.20014529423002886
8,86.86868686868688,2.7830160662022543,1.4863608248815312,1.13844488027753,0.6961187491104304,2.1454069235912487,2.909431061870877,0.0791349518672942,0.008447014086531479,0.014338893406313318,0.2955769236117645,0.08377924781263134,0.029400794651516814,0.040988950765243656,0.022137768066482842,0.23525311493926393,0.200321206682368
8,87.37373737373738,2.7862017286326997,1.4868962958092025,1.136166647499208,0.6946031364914358,2.1450952142305266,2.9096700591923987,0.07915141695548826,0.008428848676352118,0.014353306359888194,0.29587592034089677,0.08360367739698825,0.029413701517833454,0.040908768131384346,0.022095216417293544,0.2351239226648448,0.2004967994676404
8,87.87878787878789,2.789372255312687,1.4874361182743752,1.1338958897718328,0.6930912231024692,2.1447847891276575,2.9099081623240863,0.07916815951870969,0.008410748954687939,0.014367644562195837,0.296173364399901,0.08342849423270551,0.02942668855882531,0.04082881914199858,0.022052796265669656,0.23499511128703487,0.2006720729780635
8,88.3838383838384,2.792527742821758,1.4879802361614733,1.131632572612458,0.6915830068234432,2.1444756410542447,2.910145382355268,0.07918517617894662,0.008392714586460492,0.014381908501371941,0.2964692662421286,0.08325369828700813,0.029439754766889016,0.040749102935929184,0.02201050694978611,0.2348666721042121,0.2008470273892912
8,88.8888888888889,2.7956682873029917,1.488528593838904,1.129376661830164,0.6900784855171676,2.1441677628623768,2.9103817306172304,0.07920246358785839,0.00837474524062824,0.01439609865850597,0.2967636362137829,0.08307928945506234,0.029452899144219263,0.040669618636222454,0.021968347788455286,0.23473859649912107,0.20102166264807284
8,89.3939393939394,2.798793973644257,1.4890811362308967,1.1271281227977439,0.688577655360588,2.143861146478746,2.9106172065451195,0.07922001848070577,0.008356840532220673,0.014410215648593063,0.29705648542288665,0.08290526911247104,0.029466120657582244,0.040590365687729404,0.02192631879467173,0.2346108816949086,0.20119598229590158
8,89.89898989898991,2.8019048913071987,1.4896378087014435,1.1248869215034618,0.6870805132758695,2.1435557843545823,2.9108518154237712,0.07923783759685078,0.008339000106390517,0.014424260016407418,0.2973478244889213,0.08273163786106567,0.029479418305005767,0.04051134336651706,0.021884419638970632,0.23448352229550748,0.20136998789754607
8,90.40404040404042,2.805001139210259,1.4901985570154228,1.12265302487162,0.6855870576774049,2.1432516699068227,2.911085573858264,0.079255917655065,0.00832122366412983,0.014438232174121986,0.29763766316301266,0.08255839483836022,0.029492791136497908,0.04043255062947146,0.021842649331702147,0.23435650766531754,0.20154367732877052
8,90.90909090909092,2.808082809186949,1.490763327450792,1.1204263996519503,0.6840972859225551,2.142948795984807,2.911318491217819,0.07927425543611591,0.008303510873803715,0.014452132616370864,0.29792601165205446,0.08238554008758996,0.02950623818478474,0.04035398662976447,0.021801007312453463,0.23422983073825446,0.2017170506177177
8,91.41414141414143,2.811149992532032,1.4913320667479837,1.1182070128512804,0.6826111953145411,2.1426471554647226,2.9115505769714947,0.07929284774974757,0.008285861405730182,0.014465961836331616,0.2982128801066201,0.0822130736295778,0.02951975849301403,0.04027565051476702,0.021759493023088827,0.23410348451018984,0.2018901076462519
8,91.91919191919193,2.8142027800404184,1.4919047221051849,1.1159948317305128,0.6811287831041681,2.142346741244345,2.911781840726319,0.07931169143424441,0.00826827493207965,0.014479720326074655,0.29849827862640854,0.08204099546418524,0.029533351115129204,0.040197541426203645,0.021718105908179436,0.23397746200280792,0.20206284814555944
8,92.42424242424244,2.8172412620460565,1.492481241173617,1.1137898238016033,0.6796500464915496,2.1420475462377806,2.912012292265426,0.07933078335599514,0.008250751126774451,0.014493408576912606,0.2987822172656894,0.08186930557176318,0.02954701511624337,0.04011965850030708,0.021676845415433337,0.2338517562274622,0.20223527169174882
8,92.92929292929294,2.820265528460829,1.4930615720528166,1.1115919568245394,0.6781749826278305,2.141749563370209,2.912241941586186,0.07935012040905667,0.00823328966538833,0.014507027079749692,0.29906470603874846,0.08169800391460301,0.029560749573013266,0.040042000867972806,0.0216357109961253,0.23372636014903211,0.20240737770145115
8,93.43434343434345,2.8232756520680735,1.4936456637245255,1.109401196938855,0.676703585833056,2.141452787676553,2.912470775878336,0.07936969956846708,0.008215890277707149,0.014520576148148112,0.29934575289227694,0.0815270923588593,0.029574553343001807,0.03996456882831458,0.021594702702762498,0.23360127912635104,0.20257917255075822
8,93.93939393939395,2.826271722762446,1.4942334651521452,1.1072175124706585,0.6752358532836803,2.1411572119991273,2.912698806660182,0.07938951778003157,0.008198552640072436,0.014534056280762618,0.29962536786315813,0.08135657075360299,0.02958842553687303,0.03988736145224894,0.021553819969711938,0.23347650539374407,0.202750655022021
8,94.44444444444446,2.8292538304785775,1.4948249257241852,1.1050408720234992,0.6737717821697758,2.1408628291321534,2.9129260462542637,0.07940957201480667,0.008181276429089548,0.014547467980544015,0.29990356100655846,0.08118643889458986,0.02960236528272104,0.03981037778161826,0.021513062223879432,0.23335203077331146,0.2029218235780001
8,94.94949494949496,2.8322220602801718,1.4954199953791938,1.1028712439239319,0.6723113688738733,2.140569632438404,2.913152501009146,0.07942985928455189,0.00816406133709338,0.014560811702685172,0.30018034180041775,0.08101669709338699,0.029616371658158926,0.039733617176192886,0.021472429061677453,0.23322785032675603,0.20309267846306545
8,95.45454545454547,2.8351764965523016,1.4960186244922458,1.1007085966811905,0.6708546096631728,2.140277615322102,2.913378177057188,0.07945037662796202,0.008146907058986153,0.01457408789894239,0.3004557196551596,0.08084734570248367,0.02963044374799118,0.039657079022783814,0.021431920101320934,0.23310395922464083,0.20326321993197533
8,95.95959595959597,2.838117223015747,1.4966207638708668,1.0985528989814315,0.6694015006871852,2.1399867712267477,2.9136030803188624,0.07947112111030992,0.008129813292214154,0.014587297017724817,0.3007297039161554,0.08067838511955847,0.02964458064424891,0.03958076273711785,0.021391534984132946,0.23298035272854123,0.20343344825592205
8,96.46464646464648,2.8410443227413325,1.4972263647509574,1.0964041196819776,0.6679520379753743,2.1396970936329462,2.913827216507075,0.07949208982308913,0.008112779736744444,0.014600439504183861,0.30100230386618854,0.08050981579174628,0.02965878144622513,0.03950466776571283,0.02135127337585033,0.23285702617319656,0.2036033637285777
8,96.96969696969697,2.843957878164265,1.4978353787927132,1.0942622278055605,0.6665062174347988,2.1394085760562325,2.9140505911314842,0.07951327988365663,0.008095806095041591,0.014613515800302604,0.30127352872791874,0.0803416382199054,0.029673045260509946,0.039428793587752795,0.02131113496792938,0.2327339749486621,0.20377296667213995
8,97.47474747474747,2.846857963736996,1.498447758515969,1.0921271961199677,0.6650640386852842,2.1391212136590405,2.914273208389556,0.07953468849972029,0.008078892039210058,0.014626526270425285,0.30154338609475645,0.08017384821818768,0.029687371072109375,0.03935313788976592,0.02127111771855695,0.23261120386453757,0.20394225763567023
8,97.97979797979798,2.849744663575514,1.4990634562436411,1.0899989925446516,0.6636254958655448,2.138834999382396,2.9144950738373345,0.07955631281366764,0.008062037289614568,0.014639471379930068,0.30181188569754397,0.08000644828263814,0.029701758053256786,0.039277700943938954,0.021231222070152204,0.2324887046604959,0.20411123694056718
8,98.48484848484848,2.852618057533116,1.4996824249297855,1.0878775869347181,0.6621905848980276,2.138549927000474,2.914716192285553,0.07957815002500633,0.008045241552677869,0.014652351554122943,0.30207903643087136,0.07983943861034293,0.029716205319316683,0.039202482149795555,0.021191447617170386,0.23236647375544509,0.2042799050507602
8,98.98989898989899,2.8554782244338712,1.5003046179633657,1.0857629495072973,0.6607593018084296,2.138265990412569,2.9149365682907744,0.07960019736165062,0.008028504535215652,0.014665167210931673,0.30234484704278575,0.07967281917851808,0.02973071198519419,0.03912748083509169,0.02115179387717258,0.23224450812696568,0.20444826249466716
8,99.4949494949495,2.858325242385912,1.5009299891463306,1.0836550506901808,0.6593316425674931,2.137983183575373,2.9151562062049234,0.07962245207693072,0.008011825945746728,0.014677918764023157,0.30260932620107917,0.07950658994146376,0.029745277170605718,0.03905269633189522,0.021112260363618778,0.23212280491244633,0.20461630986343077
8,100.0,2.8611591887875862,1.5015584926900272,1.0815538611200524,0.6579076030929167,2.137701500502597,2.9153751101783647,0.07964491144930762,0.007995205494433218,0.014690606622809903,0.3028724824940047,0.07934075082955308,0.0297598999999708,0.03897812797642847,0.02107284658521531,0.2320013614016729,0.20478404781717835
9,0.0,0.46961639962591956,0.5433705034540222,0.5270099310283853,0.5208467409778232,0.5345839717687273,0.4966356628782602,0.5327281055986823,0.4579278654538221,0.5277724125196211,0.4884799130174918,0.5090006121458565,0.4737668999283591,0.5286404151699367,0.523215636529896,0.5033525437128247,0.46042704566754894
9,0.5050505050505051,0.8671487589105649,1.0880309280142184,1.0827849634850573,0.7818438202133506,1.4932399414259734,1.2969445887580455,0.3304314783871938,0.22200551347078307,0.1859493269055275,0.3098660081688669,0.3050397553810481,0.22872156839526878,0.3366142491483003,0.24844614901894774,0.5730638757604413,0.5062086295706224
9,1.0101010101010102,1.0692344186672913,1.3345774728746935,1.36731058027662,0.9134131717876391,1.9220731367366184,1.7328385664303403,0.2202643898814231,0.11072082375330075,0.06780267246742654,0.22063124551957233,0.19921594187597685,0.11581071737238963,0.2197209587107535,0.12347168963392807,0.5933423485014893,0.5106385935077052
9,1.5151515151515151,1.185353494290053,1.4480397015539592,1.5125248059702858,0.9778814597003413,2.116223719015053,1.9779518020602385,0.160799795440417,0.05856588114055205,0.02737146671159077,0.17853140605072407,0.14602673467130337,0.06455399902152371,0.14953221916850876,0.06760192318942536,0.5919063592871852,0.49746577863435143
9,2.0202020202020203,1.2624558896777505,1.501080828020799,1.5862278668729428,1.0084545041451933,2.2049224263465454,2.1236727219307574,0.12848645643068832,0.0342157983623039,0.013762096874999756,0.16010549034379712,0.12004587374461859,0.04163248083609761,0.1077305806938929,0.04309237285242794,0.5813583103471358,0.477506475627581
9,2.5252525252525255,1.3207366777991754,1.5260104676420916,1.622955769959535,1.0221448156543635,2.2451863128914753,2.2170374777242907,0.11071835501167358,0.022874864664060062,0.009339063654822387,0.15337367213630185,0.10784254807538979,0.031597592052071195,0.0830087859035649,0.03262016938528965,0.5673367213947482,0.4555955214971445
9,3.0303030303030303,1.3691190865933631,1.5375160177438412,1.6403578200362137,1.0275019432974257,2.26271268569205,2.282158241539394,0.10080770196895945,0.017597948532624818,0.008027294873355852,0.152346637291344,0.10251229875474209,0.027366092658994284,0.06850869212418607,0.02834223428803914,0.5523175223821969,0.43383373428494565
9,3.5353535353535355,1.4117030991838526,1.5424532422286457,1.6475389999393686,1.0287785382851273,2.2693800151777883,2.331469924019807,0.09518436741464521,0.015137695063272862,0.007749319487126327,0.15404087121550195,0.10055716196367241,0.02571682263217108,0.06010302109589626,0.02674883211578535,0.5373579353395586,0.4130851188656082
9,4.040404040404041,1.4504639738400391,1.5441095138354548,1.6492557699194468,1.0280764368876072,2.270815333013682,2.3714664210294667,0.09192330128310543,0.013980571940387742,0.007802077424642467,0.1569709846965169,0.1002217844826482,0.025196329645041305,0.055317678066827164,0.02628829826837707,0.5228869919947166,0.39366131254542186
9,4.545454545454546,1.4864087366140535,1.5441013984693022,1.6480274013799094,1.0264289502239101,2.2697412818966316,2.4056012643511444,0.08997594071050682,0.013423516627512533,0.007951564685705464,0.16039996443797808,0.10063271538055547,0.025154790847380138,0.05267322704214934,0.02628469443431368,0.5090600340339455,0.37563208994300995
9,5.050505050505051,1.5200877173649834,1.5432416929817279,1.645206337001676,1.0243408809699703,2.2674965951313113,2.435756092747647,0.08876603220058624,0.013141414611619506,0.008122246595412032,0.16396597981940533,0.10135988388423357,0.025305396885254607,0.05128693015050011,0.026449645377243612,0.4959158726937869,0.35896499429383255
9,5.555555555555556,1.5518287997552924,1.5419472379075918,1.6415280049368992,1.022056893880532,2.264746838623777,2.46299015741714,0.08797431372441868,0.012984663044263836,0.008291065848083359,0.16749538711779183,0.1021946499230294,0.025523798641468223,0.05063319176289572,0.026663801173239483,0.4834456729741276,0.34358754414059794
9,6.0606060606060606,1.5818477404487281,1.540435429414622,1.637396787027838,1.019694204771882,2.2618242143059266,2.4879260069177445,0.08742261093874963,0.012884843549037368,0.008451866225633386,0.17090873333898757,0.1030382245386442,0.025757583087875863,0.05039982162873786,0.026880211174159317,0.4716225457521239,0.32941442293321205
9,6.565656565656566,1.6103014579936263,1.5388211828296352,1.6330369117376968,1.0173079336993978,2.2588934413717996,2.5109501044491562,0.0870108273660092,0.01281092604747028,0.008603667674964375,0.17417340589809036,0.10384587126744525,0.0259857479311785,0.05040197868197696,0.027082163331989803,0.46041392621428223,0.3163590241564687
9,7.070707070707071,1.6373142946131234,1.5371657792274658,1.6285731890084014,1.0149231381254624,2.256034100702344,2.532318359832709,0.08668242176096377,0.012749023216446484,0.008746910396494603,0.17727981228208495,0.10459917763794609,0.026200748526296194,0.05053078905106685,0.027265104725618283,0.4497865392698122,0.3043380969890491
9,7.575757575757576,1.6629913297518413,1.5355021483218712,1.62407516016227,1.0125505871060807,2.253282463800176,2.5522128211024873,0.08640521074587844,0.012692980759830629,0.008882302705560327,0.1802293103468883,0.10529223432736594,0.02640056166381035,0.05072251794078476,0.027428980530036395,0.4397082715358187,0.2932734289321944
9,8.080808080808081,1.687425170266456,1.5338480295796895,1.6195813426132286,1.0101943714004067,2.2506527250623014,2.5707722483580793,0.0861607112082336,0.012640099756721214,0.00901051932449566,0.18302821300658143,0.1059248954513746,0.026585307735033856,0.05094019932978076,0.027575170956406478,0.4301487485108129,0.2830922456910098
9,8.585858585858587,1.710699551014099,1.532212995228017,1.6151128287090708,1.007855585723181,2.248147998758647,2.58810902147632,0.08593813678588474,0.012589183089454647,0.009132148763087116,0.18568480096125958,0.10649949107914716,0.02675583266015384,0.05116262115605479,0.02770532152226891,0.4210794234114937,0.27372710472705897
9,9.090909090909092,1.73289118407536,1.5306019745107275,1.610680506352248,1.0055339168383264,2.245765605460614,2.604318035876647,0.0857312137151694,0.012539749998123313,0.0092477083553805,0.18820799082904544,0.10701940195589735,0.0269132175427002,0.05137807964997004,0.027821020208486046,0.41247347783099314,0.2651155829678035
9,9.595959595959597,1.7540709715185345,1.529017452277736,1.6062896344128925,1.003228556879139,2.2435002775240953,2.619482397124806,0.0855361743231927,0.012491577680303553,0.00935764753033254,0.19060659130040938,0.10748824819091153,0.02705850709855008,0.05158035804492478,0.02792363594332553,0.40430571706348617,0.2571999525664929
9,10.101010101010102,1.774304739263598,1.5274605890173354,1.6019423387673095,1.0009385658086356,2.2413456984430757,2.6336765939744016,0.08535066897321264,0.012444541855303115,0.009462367814438166,0.1928889912723034,0.10790956960837617,0.027192653722338065,0.05176639258564632,0.028014334021087814,0.39655243988254013,0.24992683223810658
9,10.606060606060607,1.7936536997094004,1.5259317639610834,1.5976388963427293,0.9986629812842908,2.2392951683256883,2.6469682325324144,0.08517321258284989,0.012398571504092378,0.009562233841553986,0.19506308210414827,0.10828673757915543,0.027316527108549742,0.05193501183202809,0.028094127106125567,0.38919132191936195,0.24324685795486195
9,11.111111111111112,1.8121748509119502,1.524430953669501,1.593378615856573,0.9964008980190323,2.2373420575412464,2.6594193204764096,0.08500280644784777,0.012353608457224748,0.009657578170710841,0.19713621774130344,0.10862289651743756,0.027430911491330246,0.0520860854529481,0.02816389943678728,0.38220131952496306,0.23711438313262098
9,11.616161616161618,1.829921304052199,1.522957935224098,1.5891603396523875,0.994151488425972,2.235480019004619,2.6710871079106364,0.08483872374661669,0.012309597583319482,0.009748706848998243,0.19911522117477967,0.10892095726494865,0.02753651825008621,0.05222001784138364,0.028224436449489656,0.3755625812888571,0.23148719702709467
9,12.121212121212121,1.8469425531381882,1.5215123657798064,1.5849826509179494,0.9919139967655053,2.2337030395485047,2.6820245866135433,0.0846804208803214,0.012266486417349187,0.009835902372983263,0.20100641913917436,0.10918361438873077,0.027633996444095452,0.05233753117472664,0.02827644306312407,0.3692563733159509,0.22632627103232525
9,12.626262626262626,1.8632847206969176,1.5200938287414205,1.5808439952104403,0.9896877306406163,2.232005453288093,2.692280881561901,0.08452748403762458,0.012224225701266613,0.009919425658706965,0.20281567967264244,0.10941336510626422,0.027723941221934813,0.05243953539829593,0.028320557069474218,0.36326501130607375,0.22159552436855268
9,13.131313131313131,1.878990790390953,1.5187018800135188,1.5767427963622354,0.9874720582096028,2.2303819626405033,2.7019016218964054,0.08437957675395721,0.012182768400830563,0.009999518244819695,0.20454844231822225,0.10961252179989549,0.027806900598287422,0.052527006559982804,0.028357360587586738,0.35757179704602066,0.21726160754431828
9,13.636363636363637,1.8941008210141244,1.517336074095813,1.5726775215365978,0.9852664044432825,2.2288276386814103,2.7109292419690068,0.08423640898415101,0.012142069162538642,0.01007640417036099,0.2062097473598723,0.10978322463600358,0.027883380411209732,0.05260091738411773,0.028387387834143518,0.35216096049124257,0.21329370330677297
9,14.141414141414142,1.908652165199889,1.5159959903981237,1.5686467493885452,0.983070244206095,2.227337917311742,2.7194032914415107,0.08409770525074853,0.012102084688734938,0.010150291563180595,0.20780426954392728,0.10992745763293076,0.02795385048810694,0.05266216288434415,0.028411134395895935,0.34701759969505397,0.20966331949465464
9,14.646464646464647,1.9226796218001299,1.5146811977058725,1.5646490794132697,0.9808830950939791,2.2259085358965014,2.72736051767735,0.08396323931924986,0.012062774787695053,0.010221373284369662,0.20933634507051757,0.1100470619016252,0.028018744508984856,0.05271165026670467,0.028429054349516886,0.3421276406071842,0.2063441467211315
9,15.151515151515152,1.9362156937367236,1.513391336707858,1.5606833407402996,0.9787045148738273,2.224535590361985,2.734835355257325,0.08383274281423793,0.01202410116087783,0.010289829398212083,0.21081000462302119,0.11014374915602737,0.028078470667559037,0.05275008086942021,0.028441579094657145,0.33747776477072905,0.20331181621677988
9,15.656565656565657,1.9492906172927036,1.5121259882133444,1.556748252637917,0.9765340953449316,2.2232153823517,2.7418596306977987,0.0837060437485812,0.01198602936848655,0.010355826037561145,0.21222898685200542,0.1102191082759497,0.02813340161095895,0.05277829766829255,0.02844909546288174,0.3330554045618907,0.20054387775472501
9,16.161616161616163,1.9619326673570499,1.5108848148021736,1.5528427850013056,0.9743714610483047,2.2219445371825097,2.7484632505869255,0.08358291217894594,0.011948526678309973,0.010419518766382658,0.2135967735521859,0.11027461977353586,0.02818389032160091,0.05279691129866418,0.028451975132833818,0.3288486560999546,0.19801951281898214
9,16.666666666666668,1.9741681240689226,1.5096674145254498,1.5489657769552339,0.9722162682770703,2.2207198479685615,2.7546737954187175,0.08346321578866911,0.01191156314235229,0.010481050902233727,0.2149165905565175,0.11031165436506175,0.028230257033874412,0.052806693071284036,0.028450548028004723,0.32484629097030343,0.19571957714525143
9,17.171717171717173,1.9860215536057972,1.508473441167741,1.5451162465888983,0.9700681996844116,2.2195383706953633,2.7605171299120883,0.08334678807984722,0.011875110670712362,0.010540556412598804,0.2161914424998122,0.11033149040976974,0.028272803687925743,0.05280825219974013,0.028445128423091517,0.3210376757162998,0.19362633568358215
9,17.67676767676768,1.9975158186599833,1.5073025320460431,1.5412931980192477,0.9679269665065441,2.2183973481347214,2.7660172266577012,0.08323350542974578,0.011839142640093711,0.010598159231909314,0.21742411292186356,0.11033531133915155,0.028311807015818397,0.05280223566252146,0.028436001181055014,0.3174127688676835,0.19172346530856627
9,18.181818181818183,2.0086722643648365,1.506154352232318,1.5374957373711724,0.9657923029990818,2.2172942273220113,2.771196489206002,0.08312323651016693,0.011803634386534645,0.010653975046011465,0.21861719509360916,0.11032421918733555,0.028347526174940185,0.05278920443628602,0.02842343418235046,0.3139620669887381,0.1899958758568449
9,18.68686868686869,2.019510798246519,1.5050285866382722,1.5337230469220482,0.963663967220741,2.2162266453179496,2.7760758132702366,0.08301585016685124,0.011768562406067957,0.01070811162601134,0.21977309884145346,0.110299236642731,0.02838020237219163,0.05276966039923692,0.028407677132382937,0.3106765809587584,0.18842964525695974
9,19.191919191919194,2.030049988836402,1.5039249274420066,1.5299743548151785,0.96154173580862,2.215192400279698,2.780674666183115,0.08291122674836565,0.011733905306846483,0.010760669160102812,0.2208940668633206,0.11026131619966745,0.028410059934110957,0.052744074863091156,0.0283889617735646,0.3075478078221324,0.18701192925681534
9,19.6969696969697,2.040307187541833,1.5028430904492063,1.526248973228681,0.9594254035689617,2.2141894541686598,2.7850112601806285,0.08280923913574585,0.01169964317740832,0.010811741283286894,0.2219821905932328,0.11021134541507241,0.028437309214926914,0.05271284809653145,0.028367506518126685,0.3045676946690551,0.1857308519381562
9,20.202020202020204,2.0502985618236,1.501782786980868,1.5225462250437167,0.9573147819780305,2.213215900870957,2.7891025145158648,0.08270978230688025,0.011665757698158433,0.010861414786631305,0.22303941269570685,0.11015014943841415,0.028462144311329807,0.05267638478993438,0.028343511491600713,0.3017286285323884,0.18457548295296478
9,20.70707070707071,2.060039244545,1.5007437415093892,1.518865487687872,0.9552096961320128,2.212269963745772,2.7929642656891085,0.08261275212437709,0.01163223219840949,0.010909770796990653,0.22406754949278446,0.11007850011620049,0.028484747150377892,0.05263504624425834,0.028317164645731925,0.299023392995212,0.18353569919160792
9,21.212121212121215,2.069543319466828,1.4997256806431039,1.5152061605329308,0.9531099882459867,2.211349990413519,2.796611218035938,0.08251805798579495,0.011599050642341877,0.010956884616451874,0.22506828470022625,0.1099971116283331,0.028505285287552147,0.05258918585470042,0.02828863830596856,0.2964451688450255,0.18260220807497965
9,21.71717171717172,2.0788239865816096,1.49872833173896,1.511567661941117,0.9510155114648383,2.210454427325949,2.8000571239611833,0.082425621316964,0.011566198432590309,0.011002826582214563,0.22604319470061587,0.10990665329264421,0.028523914905888816,0.05253914859991531,0.028258092463435514,0.2939874881775481,0.1817663946318817
9,22.222222222222225,2.087893527249642,1.4977514396480252,1.5079494693111821,0.9489261343763978,2.2095818443026607,2.8033147858431944,0.08233535882255857,0.01153366148947717,0.011047662213707002,0.2269937415299302,0.10980774355446166,0.028540781224753755,0.052485231299619746,0.02822567657204873,0.29164423767048003,0.18102035986793877
9,22.72727272727273,2.096763456216422,1.4967947463782865,1.5043510650427359,0.9468417362535161,2.208730893925914,2.806396169525655,0.08224720174213802,0.011501426500660503,0.011091452762016049,0.22792129342760564,0.10970096065920402,0.02855601889719476,0.05242773609277227,0.028191528324899014,0.28940961789806746,0.1803567846347043
9,23.232323232323235,2.105444495744822,1.4958580102093426,1.5007719881239152,0.9447622069473851,2.20790033374607,2.809312426840004,0.08216107575134321,0.011469481391162646,0.011134255213803347,0.22882712225595483,0.10958684174121756,0.028569753873993856,0.05236691672090814,0.028155777268700923,0.2872781442901818,0.17976895529749098
9,23.73737373737374,2.113946700868388,1.4949409949667938,1.4972118009430078,0.9426874466729476,2.207089001459189,2.8120740015525576,0.08207691090944898,0.011437814451378233,0.01117612302543186,0.2297124185128861,0.10946588785629155,0.028582103517457776,0.052303012264849166,0.028118544072674743,0.28524461220699543,0.17925065456167083
9,24.242424242424242,2.1222794414872985,1.4940434670349847,1.4936700858177034,0.9406173631641703,2.2062958131077908,2.814690603956976,0.08199464478513752,0.011406415285224746,0.01121710576113688,0.2305782894190444,0.10933856608568314,0.028593176670573036,0.052236249819327556,0.02807994030032677,0.28330409868064726,0.17879618051896343
9,24.747474747474747,2.130451510109795,1.4931652030033629,1.490146459829054,0.9385518722850371,2.205519758385634,2.8171713464022248,0.08191421301923785,0.011375274072320406,0.011257249970110128,0.23142577291103184,0.10920531311270913,0.028603075507181455,0.05216682847000501,0.028040071132325182,0.2814519297319401,0.17840025167611157
9,25.252525252525253,2.138471102432576,1.4923059780335521,1.486640545570687,0.9364908978429267,2.2047598920982843,2.819524691342068,0.0818355620519047,0.01134438157409595,0.011296598900377377,0.2322558337336722,0.10906653457892554,0.028611894015259542,0.052094949945080425,0.027999032694933493,0.2796836839969655,0.17805802945926483
9,25.757575757575758,2.146345914207928,1.491465573560454,1.4831519898944134,0.934434369410512,2.2040153293447062,2.821758577289211,0.08175863943381835,0.011313729334120504,0.011335193100868406,0.23306937714482093,0.10892261102883463,0.02861972035681941,0.052020797501080636,0.02795691531020795,0.2779951626263355,0.17776503192000784
9,26.262626262626263,2.1540831217220613,1.490643775818307,1.4796804581984264,0.9323822247662171,2.2032852477280587,2.8238803923375633,0.08168339593129166,0.011283309084847978,0.011373070414343277,0.23386724519979252,0.10877389466787937,0.028626636004095946,0.05194454288782948,0.027913802419332178,0.27638239208073984,0.17751715563505716
9,26.767676767676768,2.161689465511445,1.4898403730202223,1.4762256274296452,0.9303344066198662,2.202568873785041,2.825897058356748,0.08160978719145714,0.011253113155379371,0.011410266306653462,0.2346502279198034,0.10862071585593304,0.02863271693329393,0.05186635190066152,0.027869771652142675,0.2748415987135724,0.17731060262014567
9,27.272727272727273,2.169171236955382,1.4890551614530374,1.472787201163699,0.9282908639575328,2.2018654910503184,2.827815032039944,0.08153776751751182,0.011223134331075081,0.011446813884399254,0.23541906157502976,0.10846338122686204,0.02863803396047937,0.05178636910316045,0.02782489568737094,0.2733692092030268,0.17714189481165382
9,27.77777777777778,2.176534345775288,1.4882879396175055,1.4693648931886694,0.9262515506510762,2.201174426397353,2.829640362395797,0.0814672952050299,0.011193365718524834,0.01148274422927226,0.23617443680815428,0.10830217765916415,0.028642653003055144,0.051704734069577304,0.027779242063444464,0.27196182991647205,0.17700781692498763
9,28.282828282828284,2.183784314802195,1.4875385109052623,1.4659584356996964,0.9242164246772266,2.2004950531276437,2.8313786925173483,0.08139832966801958,0.011163801093231548,0.011518086302218846,0.23691699816722084,0.108137372842442,0.028646635496722844,0.05162157253396785,0.02773287382964709,0.2706162457563342,0.17690542305603532
9,28.78787878787879,2.1909263243257295,1.4868066820132866,1.4625675729704606,0.9221854485736648,2.199826784610118,2.8330353028336344,0.08133083264303036,0.011134434468739686,0.011552867278381349,0.23764734935806492,0.10796921651930184,0.02865003858398241,0.05153700285489657,0.02768584963915366,0.2693294055464094,0.17683200005511937
9,29.292929292929294,2.1979652155811427,1.486092261320303,1.4591920580389866,0.9201585885892372,2.1991690722807324,2.8346151108095476,0.08126476981438419,0.011105260290332972,0.011587112495080945,0.23836605347780362,0.10779794146173174,0.028652915101712,0.05145113917535858,0.027638223585290642,0.2680984191797605,0.17678506671909622
9,29.7979797979798,2.204905569520974,1.4853950637863225,1.4558316635847552,0.918135813575612,2.1985214009261593,2.8361227691021154,0.08120010450739965,0.011076273463028943,0.011620845909178546,0.23907364355256774,0.10762376756738432,0.028655315253498712,0.05136407897127942,0.02759004743189637,0.2669205315385154,0.17676230616780794
9,30.303030303030305,2.211751652486492,1.484714905216524,1.4524861675633198,0.9161170963780668,2.197883290002425,2.8375625912025884,0.08113680461980369,0.01104746906361582,0.011654089832245269,0.23977061484024428,0.10744689840911906,0.028657285032624193,0.05127591904689171,0.027541368447458164,0.26579313773182434,0.1767616161619913
9,30.80808080808081,2.2185074378772067,1.4840516023298502,1.4491553527795262,0.9141024136247049,2.1972542912306507,2.8389385749412486,0.08107484226692595,0.011018842280653578,0.01168686506200754,0.2404574275180966,0.1072675222677874,0.02865886649931995,0.051186755729098754,0.02749222972009548,0.26471377474871016,0.17678109212623708
9,31.313131313131315,2.225176762402061,1.4834049794125812,1.4458390226549276,0.9120917419071126,2.1966339761254905,2.8402545898118032,0.08101418442246758,0.010990388909446492,0.011719191633472112,0.24113452726745777,0.10708582188155104,0.02866010101971658,0.05109666577270509,0.027442674168335027,0.26368007174812547,0.17681889163026066
9,31.81818181818182,2.2317631618737503,1.4827748608020437,1.4425369834920958,0.9100850625051872,2.1960219492555213,2.8415141789781666,0.08095480336285672,0.01096210479655728,0.01175108799140502,0.24180232295199391,0.10690196349866575,0.028661025724875305,0.051005727849232414,0.027392740014775378,0.2626897990139524,0.17687338095282915
9,32.323232323232325,2.238269899160766,1.4821610717057654,1.439249046348355,0.908082360979947,2.1954178458985973,2.842720591856848,0.08089667540991213,0.010933985897857323,0.011782571115268927,0.24246119003669891,0.10671609834864533,0.028661674011541446,0.05091402020367663,0.027342461349977185,0.2617408577410603,0.1769431125207479
9,32.82828282828283,2.244700183568893,1.4815634430177604,1.4359750356234242,0.906083621423713,2.194821309473905,2.843877033720498,0.08083977264165715,0.010906028511114017,0.011813657749023656,0.2431114999826347,0.10652837669769229,0.028662079434847377,0.05082160800687026,0.027291872994717723,0.2608312107214815,0.17702663445638966
9,33.333333333333336,2.25105695394795,1.480981806627807,1.4327147805864442,0.9040888311033759,2.1942320133097444,2.8449864185164473,0.0807840709155609,0.0108782291054967,0.01184436322287916,0.2437535918046533,0.10633893500055264,0.028662271978629507,0.05072855545786225,0.02724100601866287,0.2599589477038357,0.17712268135650716
9,33.83838383838384,2.2573429147722264,1.4804159962412151,1.4294681167901724,0.9020979790800576,2.1936496567031356,2.846051409741152,0.0807295484355625,0.01085058438453355,0.01187470167127205,0.24438777716383053,0.10614789864957468,0.02866227874498867,0.05063492354165695,0.027189888675653525,0.25912227266246934,0.1772301440170024
9,34.343434343434346,2.2635607229518575,1.4798658483995808,1.426234885580661,0.9001110552954629,2.1930739454816432,2.847074626306536,0.08067618233118533,0.010823091091815668,0.011904686965451407,0.2450143624882385,0.10595538996099899,0.028662126423957372,0.05054076879483825,0.027138548758565237,0.25831944443423366,0.17734791135336778
9,34.84848484848485,2.2697128250289054,1.4793312018651439,1.4230149356939843,0.8981280517560526,2.1925046097233563,2.848058464181349,0.08062395137082537,0.010795746234620924,0.011934331844647204,0.24563362918488485,0.10576152080988978,0.02866183914181463,0.05044614327540096,0.027087011437578263,0.2575488264720097,0.17747501071445496
9,35.35353535353536,2.2758014922722687,1.4788118979879696,1.4198081238671911,0.8961489625924519,2.191941400553853,2.8490051357266486,0.08057283514752162,0.01076854707588181,0.011963648060773874,0.2462458375203043,0.10556639389001814,0.028661438926863875,0.050351093668507124,0.02703529964328792,0.2568088749179345,0.17761057925923684
9,35.85858585858586,2.281828921570998,1.4783077794755353,1.4166143084650256,0.8941737816110673,2.1913840762340806,2.8499167744491674,0.08052281397331959,0.010741490882158136,0.011992647069498631,0.24685124019927795,0.10537010904138915,0.028660946992436393,0.05025566631360149,0.02698343569626814,0.2560981032778203,0.1777537802618143
9,36.36363636363637,2.287797158304731,1.4778186914058724,1.413433354833174,0.8922025045645466,2.1908324131396033,2.8507953555293426,0.08047386888714617,0.010714575112020213,0.012021339496343542,0.24745007172322106,0.10517275803952973,0.02866038272862345,0.05015990298350483,0.02693143995932759,0.25541510808782947,0.17790386870433936
9,36.86868686868687,2.2937081176082588,1.477344480986312,1.4102651341241532,0.8902351288398368,2.1902862029491628,2.8516427181700212,0.08042598161367932,0.010687797352905568,0.01204973528611736,0.24804255115646917,0.10497442574289462,0.028659763956016444,0.050063841832737196,0.02687933113180744,0.2547585609897183,0.17806017420930204
9,37.37373737373738,2.2995636389100795,1.476884997147886,1.4071095207484428,0.8882716518078141,2.189745245768263,2.852460622406583,0.08037913425733881,0.01066115531954197,0.012077843969794413,0.24862888904339647,0.10477519373617825,0.02865910768557874,0.04996751904881084,0.026827127163012696,0.2541271872895625,0.1782220587027711
9,37.87878787878788,2.305365443715021,1.4764400905916524,1.4039663934553,0.8863120719420358,2.1892093550358975,2.853250704228735,0.08033330978222915,0.010634646817607677,0.012105674487861722,0.24920928223473804,0.10457513771541499,0.028658429513930547,0.04987096841732656,0.026774844595572705,0.2535197811045467,0.17838895045697084
9,38.38383838383839,2.311115143004242,1.4760096135271559,1.4008356342388668,0.8843563883683234,2.188678356218942,2.85401448248027,0.08028849215955446,0.010608269721053857,0.012133235246730791,0.24978391501205338,0.10437432823344327,0.028657743723253325,0.04977422222727265,0.026722498753007654,0.25293520166336014,0.17856033895189047
9,38.88888888888889,2.316814296159187,1.4755934201177168,1.3977171292122474,0.8824046007961767,2.1881520813458906,2.8547534245000614,0.08024466521873067,0.01058202201977807,0.012160534341413577,0.2503529654325214,0.10417283289718371,0.028657064047533314,0.0496773099215907,0.02667010427718652,0.2523723511645437,0.17873572922439818
9,39.3939393939394,2.3224643600518067,1.4751913660586047,1.3946107676655024,0.8804567094637622,2.187630373671428,2.855468889128872,0.08020181366811235,0.010555901785336372,0.012187579351713657,0.2509165998817438,0.10397071458022647,0.028656403012082,0.04958025939994468,0.026617674677939466,0.2518301921717011,0.17891468306173144
9,39.8989898989899,2.328066691709674,1.4748033086715042,1.3915164423086255,0.878512715116701,2.1871130875521887,2.8561621298149404,0.08015992297057786,0.010529907192785206,0.012214377331245701,0.2514749733115367,0.10376803152090548,0.028655771974566188,0.049483096735723375,0.026565222345488054,0.25130774566558794,0.1790968179752856
9,40.40404040404041,2.333622616452482,1.4744291066008628,1.3884340476643602,0.8765726185824813,2.1866000807852397,2.8568343680755715,0.08011897877724182,0.010504036433037649,0.012240935199735641,0.25202823716307954,0.10356484036596574,0.028655181961793383,0.049385847175582594,0.02651275933835096,0.25080406609473216,0.17928175302050098
9,40.909090909090914,2.3391333710509046,1.4740686202089721,1.3853634819802032,0.8746364213422217,2.186091221338428,2.857486732804499,0.08007896725907816,0.0104782878051632,0.012267259396103463,0.2525765325595617,0.1033611933973819,0.028654642966747915,0.04928853377774258,0.026460296657035445,0.2503182608540049,0.17946915557508547
9,41.41414141414142,2.3446001084909915,1.473721711728144,1.382304647815895,0.8727041257711116,2.185586387200913,2.8581202661658556,0.08003987490028672,0.010452659729034908,0.012293355888915286,0.25311999063918467,0.10315713845600016,0.028654164002803958,0.04919117684818928,0.0264078442220016,0.2498494880232896,0.179658738314357
9,41.919191919191924,2.350023953277193,1.4733882442959405,1.3792574478364483,0.870775733658067,2.1850854586517943,2.8587359799764815,0.0800016887146558,0.010427150610853446,0.012319230543414966,0.25365873983761583,0.10295272261861192,0.028653753795505634,0.049093797340007614,0.026355411810221295,0.24939693482469394,0.1798502156669755
9,42.42424242424243,2.3554059589673493,1.4730680827551204,1.3762217884157892,0.8688512475303074,2.184588324424225,2.859334812804969,0.07996439600686188,0.010401758953256266,0.01234488883866003,0.2541929001353314,0.10274798919417724,0.028653420248232322,0.04899641390106557,0.026303008300663695,0.2489598332719427,0.1800433383114466
9,42.929292929292934,2.3607471142154237,1.472761093552192,1.3731975793414557,0.8669306706056805,2.18409488095902,2.85991763631636,0.07992798437801399,0.010376483338962076,0.012370335916342264,0.2547225837659962,0.10254297802775515,0.028653170516777068,0.0488990430992375,0.026250641768929057,0.248537457632696,0.18023788867074256
9,43.43434343434344,2.3660483768418774,1.4724671443150439,1.3701847314498974,0.8650140058018513,2.183605027791078,2.8604852901782207,0.07989244172941519,0.0103513223809201,0.01239557674975694,0.2552478997071642,0.10233772776984146,0.02865301143130612,0.04880170128113598,0.026198319994195054,0.24812910932468352,0.18043365605311448
9,43.939393939393945,2.3713106496792293,1.4721861040715116,1.3671831581205587,0.8631012563978097,2.183118670734602,2.861038557095136,0.07985775631372077,0.010326274750395586,0.012420616035376341,0.25576895052424,0.10213227434251251,0.02865294919989832,0.04870440340487075,0.02614605013434333,0.2477341270207327,0.1806304548350032
9,44.44444444444445,2.37653478415113,1.4719178430677666,1.3641927745488507,0.861192425747773,2.1826357211385043,2.861578165937645,0.07982391684932526,0.010301339158705942,0.012445458224190594,0.2562858329876085,0.10192665139513549,0.02865298945828143,0.048607163652865985,0.026093838844873884,0.2473518848978774,0.18082812184581767
9,44.949494949494955,2.381721604121927,1.471662232971474,1.3612134981300668,0.859287517448578,2.1821560938048084,2.862104818427867,0.07979091206854116,0.010276514370936445,0.0124701076006835,0.2567986405133655,0.10172089094353248,0.02865313754405054,0.0485099949280491,0.02604169238260696,0.2469817811394488,0.18102650066694218
9,45.45454545454546,2.3868718838585683,1.471419146668289,1.358245247950004,0.8573865351213222,2.1816797088240674,2.862619164334746,0.07975873114467899,0.0102517991924562,0.012494568200588882,0.2573074609965432,0.1015150228462776,0.02865339823832132,0.04841290945657762,0.025989616501125235,0.24662324776093772,0.18122545689451175
9,45.959595959595966,2.3919863475837513,1.4711884582838555,1.3552879447686226,0.8554894823949929,2.18120649160338,2.8631218009884716,0.07972736367908659,0.0102271924715636,0.012518843797636391,0.25781237680666824,0.10130907479590841,0.028653775755289497,0.048315918808846156,0.02593761642454346,0.24627575034805627,0.18142487891138173
9,46.46464646464647,2.397065714580856,1.4709700430990056,1.3523415108035315,0.8535963629668972,2.180736368473327,2.8636133225375926,0.07969679921174096,0.010202693079341397,0.012542938152989267,0.2583134694409361,0.10110307394639197,0.028654274300489873,0.048219033734772515,0.025885697321909457,0.2459387674409951,0.18162464675034548
9,46.969696969696976,2.4021106694604044,1.4707637775571494,1.3494058696650466,0.8517071804869769,2.180269269471535,2.864094287258672,0.0796670275792102,0.010178299918832848,0.012566854849841921,0.25881081653891486,0.10089704593094409,0.02865489770125096,0.04812226445309404,0.025833864007042635,0.24561180349135503,0.18182465319013816
9,47.47474747474748,2.4071218748663115,1.4705695392193834,1.3464809462052942,0.8498219385419954,2.17980512705648,2.864565231337134,0.0796380387920843,0.010154011917590341,0.012590597363267262,0.25930449322891286,0.10069101535974083,0.028655649563293722,0.04802562068320145,0.025782121077615412,0.24529438278051127,0.18202479523100001
9,47.979797979797986,2.412099896721437,1.4703872073361044,1.3435666685085077,0.8479406410252609,2.17934388415068,2.86502658900126,0.0796098234270454,0.0101298280983681,0.012614168640258223,0.25979456404198326,0.1004850025338773,0.028656532350640897,0.047929110375197634,0.025730472011764746,0.2449860824295655,0.18222502733019091
9,48.484848484848484,2.417045324377904,1.4702166619193575,1.3406629646256207,0.8460632915014351,2.1788854811612315,2.8654788208237156,0.07958237198930722,0.010105747464857272,0.012637571772525728,0.2602810959704133,0.10027902877226133,0.028657548863038815,0.04783274179256985,0.02567892062166465,0.2446864783296753,0.18242527682957155
9,48.98989898989899,2.4219587542393963,1.4700577838653983,1.337769762990405,0.844189893275271,2.1784298577264187,2.8659223962046814,0.07955567499629625,0.010081769016981214,0.012660809903836282,0.2607641567148023,0.10007311570526867,0.028658702033955763,0.047736523246403886,0.025627470856080997,0.24439515207042223,0.18262545591568424
9,49.494949494949495,2.4268407484897088,1.4699104552687456,1.3348869935068828,0.8423204495886994,2.1779769571473904,2.8663577492672756,0.07952972319283999,0.010057891789814043,0.012683885997779875,0.2612438102305108,0.09986728346833147,0.028659994422363746,0.047640462401393587,0.025576126301889088,0.24411170899021803,0.1828254911810256
9,50.0,2.4316918516004002,1.4697745592873608,1.33201458716185,0.8404549636235027,2.177526724687211,2.8667852965465324,0.079504507468077,0.010034114839928035,0.012706802925469976,0.26172011843764925,0.09966155135070641,0.028661428409766716,0.047544566523316,0.02552489035789018,0.24383577052266567,0.18302531232161978
9,50.505050505050505,2.43651243617051,1.4696499812151211,1.3291524822264027,0.8385934418566833,2.1770791266557112,2.867205274373636,0.07948001984010272,0.010010437447677123,0.01272956250048497,0.26219312191435934,0.09945592855824088,0.0286630041666533,0.047448838538556116,0.025473763713564582,0.24356704543479327,0.1832249612470532
9,51.01010101010101,2.4413030563753844,1.4695366060038642,1.326300610100358,0.8367358864985122,2.1766341067630974,2.8676181117756516,0.07945625120136972,0.009986858656591343,0.012752167681644243,0.26266288405563243,0.09925043527595458,0.028664724303408634,0.047353286028494625,0.025422750084983334,0.2433051654113091,0.18342434315269546
9,51.515151515151516,2.446064183219201,1.4694343201093516,1.323458905948759,0.8348823012263334,2.176191618871363,2.868024151192913,0.07943319300903229,0.009963377620076657,0.012774620917808446,0.26312945794005504,0.09904508682971956,0.02866659038049777,0.047257914471056865,0.025371851894665367,0.24304980763216594,0.18362341363147872
9,52.02020202020202,2.450796276104255,1.4693430109848955,1.3206273058507632,0.8330326896850909,2.175751618183072,2.8684237240025654,0.07941083682912663,0.009939993508917177,0.012796924591530775,0.26359289524568896,0.09883989792310359,0.028668603847442034,0.04716272905226405,0.02532107142222068,0.2428006612174212,0.1838221285674802
9,52.525252525252526,2.4554997445517754,1.469262567265759,1.317805747137045,0.8311870547454739,2.1753140644760354,2.8688171087846532,0.07938917455646595,0.009916705519421979,0.012819080900592542,0.2640532429058196,0.09863488191978459,0.028670765659625952,0.047067734359677586,0.02527041073750185,0.24255744523257414,0.18402046933868002
9,53.03030303030303,2.4601749364384506,1.4691928788188762,1.3149941684605957,0.8293453982426819,2.1748789230625594,2.8692045184586816,0.07936819848187533,0.009893512874974806,0.012841091824203382,0.26451054211472275,0.09843005065936904,0.02867307616283845,0.04697293430556953,0.025219871692247507,0.24231991401480352,0.18421845073898735
9,53.535353535353536,2.464822286711542,1.4691338359774468,1.312192508254003,0.827507723623997,2.174446151977344,2.8695862621502837,0.07934790043549476,0.009870414787656743,0.012862959601609414,0.2649648415562307,0.09822541750148182,0.028675536598197396,0.046878333440443044,0.02516945626573133,0.2420877857626654,0.1844160243136946
9,54.04040404040404,2.469442176578946,1.4690853302461269,1.3094007060977408,0.8256740333484743,2.1740157140107583,2.869962591821171,0.07932827259697993,0.009847410491902646,0.012884686286248236,0.2654161849724466,0.09802099454561829,0.02867814768368366,0.046783935758173543,0.02511916627173724,0.24186080956887604,0.1846131703832374
9,54.54545454545455,2.4740349757540043,1.4690472540764192,1.3066187022479474,0.8238443296046519,2.1735875730334073,2.870333748210258,0.07930930725179232,0.009824499232613615,0.01290627388439751,0.265864614956125,0.09781679353342153,0.028680910044014397,0.046689745087094614,0.025069003469341725,0.2416387449212437,0.18480987076712294
9,55.05050505050505,2.4786010125185283,1.4690195011455767,1.3038464400054584,0.8220186165409585,2.1731616997088605,2.870699930062306,0.079290997054491,0.009801680351990697,0.012927724000218669,0.26631016724277473,0.09761282232972114,0.028683823680712057,0.04659576371330265,0.025018968466640285,0.24142138034618668,0.1850061274336283
9,55.55555555555556,2.483140621689363,1.4690019658982267,1.3010838620221274,0.8201968968680033,2.1727380625504047,2.871061343487962,0.07927333461534546,0.009778953155436462,0.012949038386206858,0.26675287965094224,0.09740909038059921,0.02868688880518844,0.04650199452989605,0.024969062411269293,0.24120850325328996,0.18520193316429212
9,56.06060606060606,2.48765413712638,1.4689945436128535,1.2983309109231174,0.8183791724674532,2.172316629411204,2.8714181942792485,0.07925631256866786,0.009756316934735448,0.012970218849093317,0.26719279059463513,0.09720560778082125,0.02869010570151512,0.046408440676145024,0.024919286697042548,0.24099990451924125,0.18539727637848355
9,56.56565656565657,2.4921418746106556,1.4689971305594185,1.2955875306786162,0.816565445696614,2.171897370786117,2.871770670319838,0.07923992372479094,0.009733771018544488,0.012991267043828612,0.26762993578505506,0.09700238323159777,0.028693474420708742,0.04631510474081324,0.024869642326106164,0.24079538910390957,0.1855921518895238
9,57.07070707070707,2.4966041402189725,1.4690096239152666,1.2928536660014256,0.8147557188463849,2.171480258260506,2.8721189502821947,0.07922416099721484,0.009711314749040838,0.013012184570927633,0.26806434978064636,0.09679942494889422,0.02869699492395123,0.04622198910893727,0.024820130190555147,0.24059477078763322,0.1857865557903315
9,57.57575757575758,2.5010412167785607,1.4690319218776522,1.2901292637131756,0.8129499950615265,2.1710652656131995,2.8724631913783676,0.07920901743239543,0.009688947480718071,0.013032973002535161,0.2684960648294879,0.09659673937269986,0.028700666916481758,0.04612909504252232,0.024770750762718514,0.2403978830413045,0.1859804895184026
9,58.08080808080808,2.505453396900018,1.4690639233716063,1.2874142696084423,0.8111482763007717,2.1706523660630657,2.8728035596784247,0.0791944861279267,0.009666668580682864,0.013053633837289776,0.26892511374937067,0.09639433415248513,0.028704490248762732,0.04603642478410469,0.024721504808016756,0.24020455269990174,0.18617394966080125
9,58.58585858585859,2.509840959335625,1.469105528250176,1.2847086307968512,0.8093505648987479,2.1702415342078973,2.873140208634155,0.07918056028652119,0.009644477427125563,0.013074168541823304,0.26935152789496825,0.0961922159295509,0.02870846462740771,0.045943979982201705,0.024672392853591074,0.2400146188954122,0.18636693511017827
9,59.09090909090909,2.5142041761679903,1.46915663722682,1.2820122950652197,0.8075568631685557,2.169832745410731,2.8734732857785086,0.07916723319611765,0.009622373408784185,0.01309457854513154,0.26977533779757173,0.09599039094980842,0.028712589701590848,0.04585176211761248,0.02462341533377843,0.23982792736916797,0.18655944478203046
9,59.5959595959596,2.5185433061937017,1.469217151883927,1.2793252105285635,0.8057671727216716,2.1694259760390646,2.873802924849452,0.07915449824609265,0.009600355925243083,0.013114865235855895,0.2701965729120799,0.09578886553556316,0.028716865043614787,0.045759772656909004,0.024574572800123984,0.23964433430628176,0.18675148084055182
9,60.101010101010104,2.522858592885569,1.4692869746684911,1.2766473254813613,0.8039814942101038,2.1690212035033487,2.8741292433028294,0.07914234893064095,0.00957842438659243,0.013135029963751333,0.27061526157400256,0.09558764628508369,0.028721290146942875,0.04566801311995036,0.024525866005887076,0.23946370743740134,0.1869430497344022
9,60.60606060606061,2.5271502927921734,1.4693660088024312,1.2739785895800955,0.8021998298755646,2.168618404961074,2.8744523756498435,0.07913077876685908,0.009556578208838835,0.013155074068983438,0.27103143235258076,0.09538673846255843,0.028725864540329903,0.04557648457584566,0.024477295156213604,0.23928590897432078,0.18713414867338496
9,61.111111111111114,2.5314186495928443,1.469454158345315,1.2713189526488555,0.8004221810868268,2.168217558403376,2.8747724428311177,0.07911978136512306,0.009534816816902169,0.013174998861737654,0.2714451129111973,0.09518614761904182,0.028730587694663662,0.0454851881593987,0.024428860647977325,0.2391108109805053,0.1873247780997922
9,61.61616161616162,2.5356639024088268,1.4695513281610115,1.2686683649832478,0.798648549036287,2.167818642239818,2.8750895619102077,0.07910935040346727,0.009513139642830425,0.01319480563314935,0.271856330439071,0.09498587917674063,0.028735459060471594,0.04539412494429023,0.024380562870605825,0.23893829029621347,0.18751493777396744
9,62.121212121212125,2.5398862656397623,1.4696574241366183,1.2660267777628282,0.7968789346974893,2.1674216376157474,2.875403824181602,0.07909947972933006,0.009491546135202976,0.013214495512242772,0.2722651093658126,0.09478593755728583,0.028740477795255442,0.045303295745430905,0.024332401905972984,0.23876824020801085,0.1877046386389384
9,62.62626262626263,2.544085960515894,1.4697723528280764,1.2633941423623014,0.7951133388648196,2.167026524775632,2.875715329356111,0.07909016319820997,0.009470035743396457,0.013234069687994302,0.272671474953103,0.09458632757322183,0.02874564318875608,0.045212701454308314,0.02428437800022718,0.23860055187432533,0.18789388458554696
9,63.131313131313135,2.5482632104182414,1.4698960215074495,1.2607704104342428,0.7933517621356326,2.166633283597782,2.876024180458436,0.07908139469664249,0.009448607919461888,0.013253529375589658,0.27307545276885964,0.09438705423388581,0.028750954599248507,0.045122343000918344,0.02423649149480136,0.23843511693991773,0.18808267530528885
9,63.63636363636364,2.5524182288731967,1.4700283382914079,1.2581555341478134,0.7915942048807364,2.1662418949724644,2.876330470781342,0.07907316820244344,0.009427262123562546,0.013272875730960957,0.2734770673289045,0.09418812223070036,0.028756411290974487,0.04503222124019759,0.024188742648077816,0.2382718344344326,0.18827101340677144
9,64.14141414141415,2.556551224735009,1.4701692120805012,1.2555494661201303,0.7898406673088321,2.1658523402419507,2.876634289563174,0.0790654777595209,0.00940599782202116,0.01329210988584308,0.2738763426490001,0.09398953610459657,0.028762012500076404,0.04494233697901684,0.024141131692851998,0.23811060768731812,0.18845890150546232
9,64.64646464646465,2.5606623830086055,1.4703185528064564,1.252952161546492,0.788091151401185,2.1654646046129664,2.8769357037104255,0.07905831763410094,0.009384814524815804,0.013311232787045114,0.27427329879940776,0.09379129734065393,0.02876775707272984,0.044852689704275354,0.02409365793564217,0.23795135743764628,0.18864635283112324
9,65.15151515151516,2.564751908527444,1.4704762708566668,1.2503635734179033,0.7863456566128108,2.1650786694579405,2.8772347995175376,0.07905168196045663,0.009363711700927079,0.013330245558455554,0.27466795968055624,0.09359341087127954,0.028773644280175942,0.04476328043526173,0.02404632176676421,0.23779399171902374,0.1888333674424534
9,65.65656565656566,2.568819993301655,1.4706422774978822,1.247783656133225,0.7846041831434635,2.164694518109441,2.8775316515274385,0.07904556500657244,0.009342688842019897,0.01334914922825158,0.2750603471720509,0.09339588015387267,0.02877967320455368,0.04467410956759991,0.02399912313563993,0.23763842823584194,0.18901995020754972
9,66.16161616161617,2.572866825347767,1.4708164847568814,1.2452123645492439,0.7828667310947949,2.1643121343217033,2.877826330987638,0.07903996110290325,0.009321745445512416,0.013367944801089882,0.27545048268712724,0.0931987084577156,0.02878584290143467,0.04458517743903149,0.023952061947083568,0.23748458821296983,0.18920610608662308
9,66.66666666666667,2.5768925868130563,1.4709988054040681,1.242649654163471,0.7811333005683642,2.163931502532792,2.878118903976823,0.07903486466409934,0.009300881024075155,0.01338663325853814,0.27583838687883144,0.0930018987182536,0.02879215239260779,0.044496484166296556,0.023905138073906717,0.237332398267428,0.18939184043718066
9,67.17171717171718,2.580897453337415,1.4711891529422338,1.2400954811864653,0.7794038917102856,2.1635526079607095,2.8784094307763453,0.0790302701972252,0.009280095109495385,0.013405215559882744,0.276224079531023,0.09280545347911225,0.028798600664411974,0.04440802957840662,0.023858351362490333,0.23718179105014658,0.18957715912158302
9,67.67676767676768,2.584881602499511,1.4713874416332289,1.2375498018031557,0.7776785043641602,2.1631754354805253,2.8786979743801866,0.07902617221083097,0.00925938721517845,0.013423692645697975,0.2766075808061035,0.09260937547817412,0.028805186706796704,0.0443198138575081,0.023811701586730002,0.2370326968592154,0.18976206716388544
9,68.18181818181819,2.588845206206088,1.4715935864576262,1.2350125728676369,0.7759571384163818,2.162799970656096,2.8789845928522926,0.07902256529927074,0.009238756871760007,0.013442065436534137,0.27698891009467513,0.09241366709525445,0.02881190948039462,0.04423183692905049,0.023765188493233586,0.23688505121139156,0.1899465699708789
9,68.68686868686869,2.59278843317274,1.471807503116499,1.232483751697051,0.7742397937062968,2.1624261994176637,2.8792693418355793,0.07901944411688099,0.009218203616769218,0.013460334834673352,0.2773680863723486,0.0922183305152435,0.02881876792883734,0.044144098637996516,0.023718811789168234,0.23673879238409837,0.1901306729415729
9,69.1919191919192,2.5967114444423083,1.472029108027814,1.229963295097058,0.772526468682063,2.162054107630941,2.8795522681789594,0.07901680335910297,0.00919772698190442,0.013478501735323325,0.27774512865106477,0.09202336907509427,0.028825761016392303,0.044056599351761906,0.023672571578352924,0.23659386672942215,0.19031438010251334
9,69.6969696969697,2.600614401602095,1.4722583183120068,1.227451161000733,0.7708171626996249,2.1616836817732783,2.879833421401838,0.07901463779113932,0.00917732651438541,0.013496567010522816,0.27812005526901035,0.09182878498900453,0.0288328876701233,0.04396933893993571,0.02362646762346482,0.236450219069446,0.1904976963386837
9,70.20202020202021,2.6044974651365194,1.4724950517859592,1.224947308077331,0.769111875491683,2.1613149087498464,2.8801128513023033,0.07901294223968572,0.009157001771834703,0.013514531514244922,0.27849288408272477,0.09163457988705026,0.028840146796217832,0.043882317014932275,0.023580499520131068,0.2363077946805365,0.1906806268313246
9,70.70707070707071,2.6083607918267995,1.472739226957791,1.222451695144927,0.7674106063632683,2.1609477756267284,2.8803906042267147,0.07901171158109524,0.009136752314601522,0.013532396089548149,0.2788636327463633,0.09144075562561514,0.02884753730347949,0.04379553329445653,0.023534666959114072,0.23616654239719082,0.19086317622592525
9,71.21212121212122,2.612204536330668,1.472990763018089,1.2199642814433123,0.7657133545865107,2.160582269728435,2.8806667252108022,0.0790109407451895,0.009116577709302713,0.0135501615667451,0.2792323186086639,0.09124731390563993,0.02885505809539259,0.04370898742965858,0.023488969602091816,0.2360264128051477,0.19104534898376327
9,71.71717171717172,2.6160288514264254,1.4732495798322736,1.217485026632009,0.7640201194122238,2.1602183786189744,2.880941258244615,0.07901062471407017,0.009096477528779456,0.013567828764441358,0.279598958732071,0.09105425627181506,0.028862708072229085,0.043622679004019144,0.023443407080908044,0.23588735800365032,0.19122714935525967
9,72.22222222222223,2.619833888256987,1.4735155979329677,1.2150138907882841,0.7623309000814893,2.1598560900829185,2.8812142465374673,0.07901075852093034,0.009076451352053984,0.013585398490574354,0.27996356991185917,0.09086158411177304,0.028870486133155467,0.04353660753223507,0.02339797899682246,0.23574933136770906,0.19140858135333363
9,72.72727272727273,2.623619789109635,1.4737887386051867,1.2125508338333972,0.7606456949099546,2.159495392218868,2.881485723799963,0.07901133724416438,0.009056498748816087,0.013602871522550478,0.28032616862393717,0.09066929935629685,0.028878391131965886,0.04345077287511598,0.02335268510365346,0.23561229430480396,0.19158964946069676
9,73.23232323232324,2.6273866727170683,1.474068924064535,1.210095814385977,0.7589644994430549,2.1591362736455246,2.8817556965257682,0.07901235599676679,0.009036619248409584,0.013620248566440087,0.280686770901195,0.09047740588189569,0.028886421786352055,0.04336517607129416,0.02330752567516798,0.23547623001951581,0.19177036007250214
9,73.73737373737374,2.6311346997285106,1.4743560766384234,1.2076487947564432,0.7572873145707258,2.158778722500606,2.8820242227541555,0.07901380996622988,0.009016812474975957,0.013637530440667267,0.2810453929758573,0.09028590338414767,0.028894577085249052,0.04327981570078273,0.023262499897380547,0.23534108215463614,0.1919507150561446
9,74.24242424242425,2.6348640108459382,1.4746501195307957,1.2052097361875478,0.7556141388233613,2.1584227273571,2.882291337591201,0.07901569437423389,0.008997078018688938,0.013654717903132402,0.2814020507051808,0.09009479320979699,0.028902855905082313,0.04319469134534288,0.02321760739790834,0.23520681275169794,0.1921307178314665
9,74.74747474747475,2.6385747455632993,1.474950976584494,1.2027786002691239,0.7539449706810435,2.158068276925847,2.8825570757327723,0.07901800448710837,0.00897741547404356,0.013671811704041827,0.2817567597672957,0.08990407661895813,0.02891125712678027,0.04310980255657022,0.023172847789569465,0.23507338468230024,0.19231037152554548
9,75.25252525252526,2.642267042377348,1.4752585722740394,1.200355348933555,0.7522798085810023,2.157715360037104,2.8828214716895,0.0790207356146228,0.008957824439744026,0.013688812586853675,0.28210953568001157,0.08971375478742787,0.02891977963767489,0.04302514885663147,0.023128220670451442,0.23494076144149517,0.1924896789493152
9,75.75757575757576,2.6459410389984837,1.4755728316984127,1.1979399444512462,0.7506186509250721,2.1573639656221197,2.8830845600117545,0.0790238831087771,0.008938304518591582,0.013705721289223757,0.28246039381962423,0.08952382880899722,0.028928422333402218,0.04294072973900111,0.023083725623979687,0.23480890694117507,0.19266864257418626
9,76.26262626262627,2.64959687256158,1.4758936805738339,1.195532349426093,0.7489614960871507,2.1570140826946984,2.8833463755146194,0.07902744236259217,0.008918855317372392,0.013722538543951423,0.2828093494397219,0.08933429969776342,0.028937184119802922,0.04285654466919808,0.023039362218986014,0.2346777853034597,0.19284726450866685
9,76.76767676767678,2.6532346326503085,1.4762210458086702,1.1931325255495453,0.747308339073453,2.1566657031964844,2.8836068994461534,0.07903140892995388,0.00889947642809184,0.013739264908884842,0.28315641489492166,0.08914516988147804,0.0289460635296494,0.04277259398256273,0.022995130520998712,0.23454740427068344,0.1930255544009703
9,77.27272727272728,2.6568544559352403,1.4765548543312934,1.1907404360803184,0.7456591782282245,2.156318816247815,2.8838661678879234,0.07903577828215758,0.00888016746519099,0.013755901110144634,0.2835016052530286,0.08895644022007285,0.028955059495335913,0.04268887708988194,0.02295103006928025,0.23441772771544953,0.19320351355455248
9,77.77777777777779,2.6604564813237697,1.4768950336387636,1.1883560446543764,0.7440140120447767,2.155973410864001,2.8841242203583475,0.07904054592229902,0.008860928047621166,0.013772447879733994,0.2838449356446815,0.0887681114318415,0.02896417098295657,0.042605393334757255,0.022907060365088442,0.23428871708582655,0.19338114247367844
9,78.28282828282829,2.6640408347120705,1.4772415119803222,1.1859793148737037,0.7423728380763601,2.1556294768750828,2.8843810823280362,0.07904570742372351,0.008841757792620702,0.013788905900449575,0.2841864203664598,0.08858018458423307,0.02897339686801833,0.04252214228822285,0.022863221039227367,0.23416034548806547,0.193558443436693
9,78.7878787878788,2.6676076410324767,1.4775942182041475,1.1836102106131758,0.7407356537832543,2.1552870041890495,2.8846367790046683,0.07905125839845059,0.008822656320281971,0.013805275849732178,0.2845260736008224,0.08839266072214375,0.028982736033960725,0.04243912352446335,0.022819511723878007,0.23403258653894163,0.19373541848444045
9,79.2929292929293,2.671157024385326,1.4779530817511104,1.1812486960139523,0.7391024565346238,2.1549459827782003,2.884891335467476,0.07905719449616735,0.008803623253408041,0.013821558400326306,0.2848639094302347,0.08820554087272475,0.028992187373411644,0.042356336623052195,0.02277593205352253,0.23390541423215583,0.19391206941015332
9,79.7979797979798,2.674689108170805,1.4783180326485288,1.1788947354768673,0.7374732436103719,2.1546064026655096,2.8851447768017273,0.07906351140322154,0.008784658217369328,0.013837754220939705,0.2851999418512965,0.08801882605019035,0.029001749789443077,0.042273781171189934,0.022732481665868557,0.23377880280473579,0.1940883977493413
9,80.30303030303031,2.678204003374712,1.4786890016506178,1.1765482943651835,0.7358480125843154,2.154268255400186,2.885397116135308,0.07907020491544847,0.008765760857962835,0.013853863901420902,0.28553418328331875,0.08783251642236899,0.029011422061400435,0.042191456360752784,0.0226891599901691,0.23365273797216357,0.19426440709033374
9,80.80808080808082,2.681701795880948,1.4790659203909946,1.1742093397656244,0.7342267617386885,2.1539315356555817,2.885648341681339,0.07907727101706406,0.008746930860750513,0.01386988787173517,0.28586664295320546,0.08764661040838327,0.029021202699605213,0.042109360552050806,0.02264596601807488,0.23352722909755658,0.19444010557548672
9,81.31313131313132,2.6851826246064068,1.479448720410481,1.1718778358108324,0.7326094875551179,2.153596231409631,2.8858984965338728,0.07908470539348435,0.008728167832373911,0.013885826899651335,0.2861973368231966,0.08746111020313835,0.02903109083835511,0.042027493944124625,0.022602899704497276,0.23340223419827305,0.19461549061023506
9,81.81818181818183,2.6886466033040084,1.4798373341208437,1.1695537483632021,0.7309961872378438,2.1532623337780907,2.8861475988084733,0.07909250391852275,0.008709471419447893,0.013901681592298303,0.2865262776499772,0.08727601623939747,0.029041085341711223,0.0419458558977827,0.02255996056274734,0.2332777349847485,0.19479056419763593
9,82.32323232323233,2.6920938445699796,1.4802316945028884,1.1672370435785777,0.7293868579470356,2.152929833999475,2.8863956661596726,0.0791006625045736,0.008690841272133536,0.013917452548956403,0.28685347803319833,0.08709132888207247,0.02905118507770196,0.04186444575448799,0.022517148093958047,0.23315371381355585,0.19496532825104718
9,82.82828282828284,2.695524459910945,1.4806317351010154,1.164927687903521,0.7277814968027317,2.152598723429556,2.886642715849325,0.07910917710200889,0.0086722770440932,0.01393314036130431,0.28717895042137465,0.08690704842844951,0.029061388918838495,0.04178326283638141,0.022474461786846398,0.23303015361595344,0.19513978459670206
9,83.33333333333334,2.6989385598110154,1.4810373900177776,1.162625648072583,0.7261801008887787,2.152268993535869,2.886888764814954,0.07911804369857513,0.008653778392445582,0.013948745613665966,0.2875027071177813,0.0867231751084147,0.02907169574263024,0.04170230644630514,0.02243190111747548,0.23290703782643304,0.1953139349762838
9,83.83838383838385,2.702336253798875,1.4814485939084356,1.1603308911055716,0.7245826672567709,2.1519406358922164,2.8871338297381057,0.07912725831879008,0.008635344977720774,0.013964268883257514,0.2878247602863521,0.08653970908467973,0.029082104432100294,0.04162157586782605,0.02238946554901656,0.23278435031126762,0.19548778104950024
9,84.34343434343435,2.7057176345862675,1.4818652822451426,1.1580433826852767,0.7229891897590132,2.1516136418144356,2.8873779070219343,0.07913681707024664,0.008616976432062056,0.013979710811867819,0.288145122229725,0.08635665291571311,0.029092613828818458,0.04154107126838604,0.022347155438931107,0.23266209047333572,0.19566132508537762
9,84.84848484848486,2.709082811497975,1.4822873907467606,1.1557630905469216,0.7213996656941551,2.1512880031062838,2.887621014940199,0.07914671604476148,0.008598672425689026,0.013995071956485796,0.28846380482511713,0.08617400639776289,0.029103222832869972,0.04146079180770168,0.022304970138117403,0.23254024139355056,0.19583456852229458
9,85.35353535353536,2.7124318917226913,1.4827148556919227,1.153489982562289,0.7198140920653062,2.150963711630173,2.8878631699727073,0.07915695137318257,0.008580432629343005,0.014010352873930744,0.28878081985170756,0.08599176947423823,0.0291139303472807,0.0413807367046375,0.022262909062593757,0.23241878768690866,0.19600751278413006
9,85.85858585858587,2.715764978133193,1.4831476139516242,1.1512240265085338,0.7182324651366698,2.150640759251072,2.888104384039621,0.07916751923140262,0.00856225670976294,0.014025554131175826,0.28909617903492396,0.08580994258332907,0.029124735271834592,0.041300905364626224,0.022220971821263008,0.23229771757183235,0.19618015937998984
9,86.36363636363637,2.719082172521174,1.4835856029301577,1.1489651903875338,0.7166547810681003,2.1503191379023474,2.8883446685652907,0.07917841583042748,0.00854414433595526,0.014040676291388898,0.2894098939982179,0.08562852616846978,0.029135636513032092,0.04122129720008589,0.022179158035214596,0.23217701978058838,0.19635250976981472
9,86.86868686868688,2.722383575638356,1.4840287605601106,1.1467134424205192,0.715081035913871,2.149998839579689,2.8885840345138405,0.07918963741584938,0.008526095179097165,0.014055719914295911,0.2897219762694059,0.08544752068258098,0.029146632984528145,0.041141911631916064,0.02213746733896648,0.2320566835125856,0.19652456536807827
9,87.37373737373738,2.725669287237602,1.4844770252973605,1.1444687510427003,0.7135112256214418,2.149679856335022,2.8888224924247563,0.07920118026732023,0.008508108912439897,0.014070685556544343,0.29003243728701067,0.08526692659231148,0.02915772360757022,0.04106274809099402,0.022095899381707043,0.23193669838767225,0.1966963275474847
9,87.87878787878789,2.7289394061942778,1.4849303361795616,1.1422310853881235,0.7119453467351868,2.1493621810276724,2.8890600530301516,0.07921304071489334,0.008490185232581673,0.014085573707848334,0.29034128767534123,0.08508674360843145,0.02916890727363497,0.040983805799591516,0.022054453543373972,0.23181705563641813,0.19686779714089472
9,88.3838383838384,2.732194030583429,1.4853886328496786,1.1400004155046464,0.7103833967120277,2.149045807658649,2.8892967275518067,0.07922521514607857,0.008472323868976226,0.014100384762487199,0.2906485369221457,0.08490697034224415,0.029180182827875233,0.04090508367394943,0.02201312880772084,0.2316977486094132,0.19703897421948657
9,88.8888888888889,2.7354332573165494,1.4858518552310718,1.1377767098784093,0.70882537036805,2.1487307275489687,2.889532524805787,0.07923769992031938,0.008454524476158472,0.014115119343252382,0.290954197069638,0.08472760820910122,0.02919154926003195,0.04082658143471188,0.021971925200440324,0.23157876649763887,0.19720986062478524
9,89.3939393939394,2.738657182609973,1.4863199438605497,1.1355599380387194,0.7072712636308888,2.1484169333655743,2.889767454335231,0.07925049145828314,0.008436786747432465,0.014129777959874874,0.29125827882717187,0.08454865731221857,0.029203005503595336,0.0407482984365896,0.021930842272030134,0.23146010087220042,0.19738045730063106
9,89.89898989898991,2.7418659018932448,1.4867928397783434,1.1333500697417718,0.7057210723723896,2.148104417862667,2.8900015254837577,0.07926358621343163,0.008419110379426106,0.014144361115615145,0.2915607927871968,0.08437011772697792,0.02921455049877197,0.04067023403390008,0.021889879570736608,0.23134174359146975,0.1975507651268823
9,90.40404040404042,2.745059509850613,1.487270484523402,1.1311470749675814,0.7041747924106881,2.147793173879179,2.8902347474337806,0.0792769806715736,0.00840149507209477,0.014158869307324955,0.29186174942816445,0.08419198950153417,0.02922618319274527,0.040592387581030114,0.021849036642457333,0.2312236867601923,0.19772078492075632
9,90.90909090909092,2.7482381004625167,1.4877528201286863,1.1289509239169122,0.702632419512289,2.1474831943362496,2.89046712924483,0.07929067135041727,0.008383940528724954,0.014173303025509166,0.2921611591174357,0.08401427265742284,0.029237902539936005,0.0405147584328984,0.02180831303064373,0.23110592268859445,0.1978905174381707
9,91.41414141414143,2.7514017670470743,1.4882397891164656,1.1267615870082093,0.701093949394145,2.147174472234701,2.890698679891869,0.07930465479912284,0.008366446455937919,0.01418766275438756,0.2924590321141875,0.08383696719016746,0.02924970750226277,0.0404373459454181,0.02176770827620369,0.23098844385149048,0.1980599633750846
9,91.91919191919193,2.7545505958384853,1.4887313346799518,1.1245790354159302,0.6995593777355195,2.1468669996769036,2.890929403553659,0.07931892759741269,0.008349012497686837,0.014201949089419508,0.2927553794969142,0.08366007291065335,0.02926159701803194,0.040360149196854316,0.02172722191501501,0.23087124818957155,0.198229123248711
9,92.42424242424244,2.757684680095935,1.489227400273008,1.1224032398890746,0.6980287001587704,2.1465607699877403,2.8911593099897233,0.07933348635608668,0.00833163837892869,0.014216162481698718,0.2930502111538823,0.08348358979231935,0.029273570070478573,0.04028316759578066,0.021686853483028203,0.2307543274408385,0.1983979976603276
9,92.92929292929294,2.760804111211768,1.489727929863005,1.1202341714964434,0.6965019122449531,2.1462557763635908,2.8913884080132544,0.07934832771596319,0.008314323814393395,0.014230303400372816,0.2933435370640168,0.08330751775167175,0.029285625644666392,0.0402064004957613,0.021646602512866788,0.23063767448369996,0.1985665871305754
9,93.43434343434345,2.763908978924776,1.4902328679211638,1.1180718016091766,0.694979009535638,2.1459520118957376,2.8916167056556925,0.07936344834744347,0.008297068510341989,0.014244372329582868,0.293635367275231,0.08313185665312428,0.029297762728582113,0.04012984720323249,0.021606468533793406,0.23052128315407824,0.1987348921039931
9,93.93939393939395,2.766999372342464,1.490742159389571,1.1159161018155275,0.6934599875335062,2.145649469715893,2.8918442109258513,0.07937884495013127,0.008279872174586783,0.014258369750700106,0.29392571176702564,0.08295660633376932,0.029309980318156473,0.04005350702031956,0.021566451071975006,0.2304051473938365,0.19890291296858784
9,94.44444444444446,2.770075379972624,1.4912557496767618,1.1137670439186238,0.6919448417044428,2.145348142992176,2.892070931840952,0.07939451425238463,0.008262734516393757,0.014272296142567961,0.29421458045481425,0.08278176660374101,0.02932227741747655,0.039977379244871276,0.02152654965038177,0.23028926121808144,0.19907065005699218
9,94.94949494949496,2.7731370897549095,1.4917735846532982,1.1116245999342296,0.6904335674796308,2.145048024925092,2.8922968764576518,0.07941045301086776,0.008245655246384915,0.014286151981744063,0.29450198319424814,0.08260733724657837,0.029334653038998168,0.03990146317049424,0.021486763788686067,0.2301736186824664,0.19923810364762093
9,95.45454545454547,2.7761845860798124,1.4922956107169887,1.1094887417507318,0.6889261596462517,2.144749109197096,2.8925220485573644,0.07942665803337988,0.008228634096071379,0.01429993770889316,0.29478792932289677,0.0824333184796972,0.029347106187968996,0.039825758270607435,0.021447093191490418,0.23005821708216326,0.19940527426320392
9,95.95959595959597,2.7792179499306107,1.4928217747859165,1.1073594411392778,0.6874226123719791,2.1444513899519535,2.8927464478365064,0.07944312617755418,0.008211670817036528,0.014313653730269276,0.29507242768152336,0.08225971093789601,0.029359635863219415,0.03975026419173454,0.021407537741326567,0.2299430568007653,0.1995721626610478
9,96.46464646464648,2.782237270516107,1.4933520240258544,1.1052366710522656,0.6859229215614808,2.1441548600440115,2.8929700866723724,0.0794598542607727,0.008194765105242804,0.014327300548306799,0.2953554884000033,0.08208651390189269,0.029372241118177347,0.03967498004489783,0.02136809677332085,0.2298281288328022,0.1997387686890326
9,96.96969696969697,2.7852426322424235,1.4938863061477283,1.1031204041568354,0.6844270822080852,2.1438595130004963,2.8931929713152518,0.0794768391606252,0.008177916686034294,0.014340878615124642,0.2956371208960567,0.08191372729328576,0.029384920992633453,0.03959990520339043,0.021328769891510297,0.22971342876051387,0.19990509257591
9,97.47474747474747,2.788234118891263,1.494424569307344,1.1010106132975606,0.6829350892374283,2.143565342393156,2.8934151079011157,0.07949407778242143,0.008161125287018437,0.014354388379359873,0.295917334516381,0.08174135104160081,0.029397674534686544,0.039525039049516215,0.021289556709516138,0.22959895227292315,0.20007113452313727
9,97.97979797979798,2.791211813639115,1.494966762101255,1.0989072714928216,0.6814469375070369,2.1432723418361013,2.8936365024648025,0.0795115670588385,0.008144390638048992,0.014367830286270747,0.2961961385390772,0.08156938508654282,0.029410500800891123,0.03945038097537979,0.021250456851216036,0.22948469514640832,0.2002368947072552
9,98.48484848484848,2.794175799076455,1.4955128335626284,1.0968103519311811,0.6799626218059132,2.142980504983645,2.893857160953208,0.07952930394956834,0.008127712471209032,0.014381204777839737,0.2964735421760749,0.0813978293802485,0.029423398856404923,0.03937593038367648,0.021211469951416314,0.22937065322527517,0.2004023732822661
9,98.98989898989899,2.7971261572269537,1.4960627331571112,1.0947198279677581,0.6784821368541172,2.142689825528143,2.8940770892384733,0.07954728544096505,0.008111090520793916,0.014394512292876565,0.29674955457555846,0.08122668388953865,0.02943636777513641,0.039301686688482294,0.021172595656524174,0.2292568224023294,0.20056757038201162
9,99.4949494949495,2.8000629634839913,1.4966164110698361,1.092635673941336,0.6770054779766767,2.1424002979032464,2.8942962881292695,0.07956550858785547,0.008094524508832811,0.014407753238085986,0.29702418412031567,0.0810559474539329,0.029449406526609767,0.039227648997342844,0.02113383318435811,0.22914320538300237,0.2007324863579802
9,100.0,2.8029863003220585,1.4971738175459304,1.0905578633232578,0.6755326395852563,2.1421119156938575,2.8945147646433216,0.07958397041827693,0.008078014177624571,0.014420928053529496,0.2972974400150482,0.0808856203635935,0.029462514231112746,0.03915381682946296,0.021095182317205013,0.22902979639606919,0.20089712125173076
