[  1/2340] I.8.2      σ=0.00 s=0 SRGB=✓ NULL=✓ ST=✓ t=1.975s
[  2/2340] I.8.2      σ=0.00 s=1 SRGB=✓ NULL=✓ ST=✓ t=1.584s
[  3/2340] I.8.2      σ=0.00 s=2 SRGB=✓ NULL=✓ ST=✓ t=2.321s
[  4/2340] I.8.2      σ=0.00 s=3 SRGB=✓ NULL=✓ ST=✓ t=3.176s
[  5/2340] I.8.2      σ=0.00 s=4 SRGB=✓ NULL=✓ ST=✓ t=3.324s
[  6/2340] I.8.2      σ=0.00 s=5 SRGB=✓ NULL=✓ ST=✓ t=1.857s
[  7/2340] I.8.2      σ=0.00 s=6 SRGB=✓ NULL=✓ ST=✓ t=1.822s
[  8/2340] I.8.2      σ=0.00 s=7 SRGB=✓ NULL=✓ ST=✓ t=1.734s
[  9/2340] I.8.2      σ=0.00 s=8 SRGB=✓ NULL=✓ ST=✓ t=2.008s
[ 10/2340] I.8.2      σ=0.00 s=9 SRGB=✓ NULL=✓ ST=✓ t=1.930s
[ 11/2340] I.8.2      σ=0.00 s=10 SRGB=✓ NULL=✓ ST=✓ t=2.681s
[ 12/2340] I.8.2      σ=0.00 s=11 SRGB=✓ NULL=✓ ST=✓ t=3.798s
[ 13/2340] I.8.2      σ=0.00 s=12 SRGB=✓ NULL=✓ ST=✓ t=2.090s
[ 14/2340] I.8.2      σ=0.00 s=13 SRGB=✓ NULL=✓ ST=✓ t=1.420s
[ 15/2340] I.8.2      σ=0.00 s=14 SRGB=✓ NULL=✓ ST=✓ t=1.998s
[ 16/2340] I.8.2      σ=0.00 s=15 SRGB=✓ NULL=✓ ST=✓ t=1.919s
[ 17/2340] I.8.2      σ=0.00 s=16 SRGB=✓ NULL=✓ ST=✓ t=2.219s
[ 18/2340] I.8.2      σ=0.00 s=17 SRGB=✓ NULL=✓ ST=✓ t=4.327s
[ 19/2340] I.8.2      σ=0.00 s=18 SRGB=✓ NULL=✓ ST=✓ t=2.538s
[ 20/2340] I.8.2      σ=0.00 s=19 SRGB=✓ NULL=✓ ST=✓ t=1.953s
[ 21/2340] I.8.2      σ=0.00 s=20 SRGB=✓ NULL=✓ ST=✓ t=1.863s
[ 22/2340] I.8.2      σ=0.00 s=21 SRGB=✓ NULL=✓ ST=✓ t=2.240s
[ 23/2340] I.8.2      σ=0.00 s=22 SRGB=✓ NULL=✓ ST=✓ t=2.291s
[ 24/2340] I.8.2      σ=0.00 s=23 SRGB=✓ NULL=✓ ST=✓ t=3.407s
[ 25/2340] I.8.2      σ=0.00 s=24 SRGB=✓ NULL=✓ ST=✓ t=3.621s
[ 26/2340] I.8.2      σ=0.00 s=25 SRGB=✓ NULL=✓ ST=✓ t=2.532s
[ 27/2340] I.8.2      σ=0.00 s=26 SRGB=✓ NULL=✓ ST=✓ t=2.207s
[ 28/2340] I.8.2      σ=0.00 s=27 SRGB=✓ NULL=✓ ST=✓ t=3.790s
[ 29/2340] I.8.2      σ=0.00 s=28 SRGB=✓ NULL=✓ ST=✓ t=2.959s
[ 30/2340] I.8.2      σ=0.00 s=29 SRGB=✓ NULL=✓ ST=✓ t=3.928s
[ 31/2340] I.8.2      σ=0.02 s=0 SRGB=✓ NULL=✓ ST=✓ t=3.988s
[ 32/2340] I.8.2      σ=0.02 s=1 SRGB=✓ NULL=✓ ST=✓ t=3.809s
[ 33/2340] I.8.2      σ=0.02 s=2 SRGB=✓ NULL=✓ ST=✓ t=5.053s
[ 34/2340] I.8.2      σ=0.02 s=3 SRGB=✓ NULL=✓ ST=✓ t=4.855s
[ 35/2340] I.8.2      σ=0.02 s=4 SRGB=✓ NULL=✓ ST=✓ t=3.757s
[ 36/2340] I.8.2      σ=0.02 s=5 SRGB=✓ NULL=✓ ST=✓ t=3.166s
[ 37/2340] I.8.2      σ=0.02 s=6 SRGB=✓ NULL=✗ ST=✓ t=6.706s
[ 38/2340] I.8.2      σ=0.02 s=7 SRGB=✓ NULL=✓ ST=✓ t=2.858s
[ 39/2340] I.8.2      σ=0.02 s=8 SRGB=✓ NULL=✗ ST=✓ t=3.540s
[ 40/2340] I.8.2      σ=0.02 s=9 SRGB=✓ NULL=✗ ST=✓ t=4.874s
[ 41/2340] I.8.2      σ=0.02 s=10 SRGB=✓ NULL=✗ ST=✓ t=5.799s
[ 42/2340] I.8.2      σ=0.02 s=11 SRGB=✓ NULL=✓ ST=✓ t=3.196s
[ 43/2340] I.8.2      σ=0.02 s=12 SRGB=✓ NULL=✓ ST=✓ t=2.667s
[ 44/2340] I.8.2      σ=0.02 s=13 SRGB=✓ NULL=✗ ST=✓ t=4.293s
[ 45/2340] I.8.2      σ=0.02 s=14 SRGB=✓ NULL=✓ ST=✓ t=5.524s
[ 46/2340] I.8.2      σ=0.02 s=15 SRGB=✓ NULL=✓ ST=✓ t=3.324s
[ 47/2340] I.8.2      σ=0.02 s=16 SRGB=✓ NULL=✓ ST=✓ t=3.651s
[ 48/2340] I.8.2      σ=0.02 s=17 SRGB=✓ NULL=✓ ST=✓ t=6.853s
[ 49/2340] I.8.2      σ=0.02 s=18 SRGB=✓ NULL=✓ ST=✓ t=3.544s
[ 50/2340] I.8.2      σ=0.02 s=19 SRGB=✓ NULL=✓ ST=✓ t=3.838s
[ 51/2340] I.8.2      σ=0.02 s=20 SRGB=✓ NULL=✓ ST=✓ t=3.223s
[ 52/2340] I.8.2      σ=0.02 s=21 SRGB=✓ NULL=✓ ST=✓ t=6.374s
[ 53/2340] I.8.2      σ=0.02 s=22 SRGB=✓ NULL=✓ ST=✓ t=3.530s
[ 54/2340] I.8.2      σ=0.02 s=23 SRGB=✓ NULL=✓ ST=✓ t=4.248s
[ 55/2340] I.8.2      σ=0.02 s=24 SRGB=✓ NULL=✓ ST=✓ t=5.002s
[ 56/2340] I.8.2      σ=0.02 s=25 SRGB=✓ NULL=✗ ST=✓ t=4.185s
[ 57/2340] I.8.2      σ=0.02 s=26 SRGB=✓ NULL=✗ ST=✓ t=3.347s
[ 58/2340] I.8.2      σ=0.02 s=27 SRGB=✓ NULL=✓ ST=✓ t=4.258s
[ 59/2340] I.8.2      σ=0.02 s=28 SRGB=✓ NULL=✗ ST=✓ t=6.219s
[ 60/2340] I.8.2      σ=0.02 s=29 SRGB=✓ NULL=✗ ST=✓ t=3.391s
[ 61/2340] I.8.2      σ=0.05 s=0 SRGB=✓ NULL=✗ ST=✓ t=4.339s
[ 62/2340] I.8.2      σ=0.05 s=1 SRGB=✓ NULL=✗ ST=✓ t=6.766s
[ 63/2340] I.8.2      σ=0.05 s=2 SRGB=✓ NULL=✗ ST=✓ t=6.837s
[ 64/2340] I.8.2      σ=0.05 s=3 SRGB=✓ NULL=✗ ST=✗ t=9.585s
[ 65/2340] I.8.2      σ=0.05 s=4 SRGB=✓ NULL=✗ ST=✓ t=4.722s
[ 66/2340] I.8.2      σ=0.05 s=5 SRGB=✓ NULL=✗ ST=✓ t=4.377s
[ 67/2340] I.8.2      σ=0.05 s=6 SRGB=✓ NULL=✗ ST=✓ t=8.901s
[ 68/2340] I.8.2      σ=0.05 s=7 SRGB=✓ NULL=✗ ST=✓ t=4.909s
[ 69/2340] I.8.2      σ=0.05 s=8 SRGB=✓ NULL=✗ ST=✓ t=6.167s
[ 70/2340] I.8.2      σ=0.05 s=9 SRGB=✓ NULL=✗ ST=✓ t=5.114s
[ 71/2340] I.8.2      σ=0.05 s=10 SRGB=✓ NULL=✗ ST=✓ t=5.402s
[ 72/2340] I.8.2      σ=0.05 s=11 SRGB=✓ NULL=✗ ST=✓ t=6.510s
[ 73/2340] I.8.2      σ=0.05 s=12 SRGB=✓ NULL=✗ ST=✓ t=4.722s
[ 74/2340] I.8.2      σ=0.05 s=13 SRGB=✓ NULL=✗ ST=✓ t=5.228s
[ 75/2340] I.8.2      σ=0.05 s=14 SRGB=✓ NULL=✗ ST=✓ t=7.840s
[ 76/2340] I.8.2      σ=0.05 s=15 SRGB=✓ NULL=✗ ST=✓ t=4.589s
[ 77/2340] I.8.2      σ=0.05 s=16 SRGB=✓ NULL=✗ ST=✗ t=8.608s
[ 78/2340] I.8.2      σ=0.05 s=17 SRGB=✓ NULL=✗ ST=✓ t=4.492s
[ 79/2340] I.8.2      σ=0.05 s=18 SRGB=✓ NULL=✗ ST=✓ t=4.947s
[ 80/2340] I.8.2      σ=0.05 s=19 SRGB=✓ NULL=✗ ST=✗ t=9.903s
[ 81/2340] I.8.2      σ=0.05 s=20 SRGB=✓ NULL=✗ ST=✗ t=7.336s
[ 82/2340] I.8.2      σ=0.05 s=21 SRGB=✓ NULL=✗ ST=✓ t=6.952s
[ 83/2340] I.8.2      σ=0.05 s=22 SRGB=✓ NULL=✗ ST=✓ t=4.876s
[ 84/2340] I.8.2      σ=0.05 s=23 SRGB=✓ NULL=✗ ST=✓ t=7.551s
[ 85/2340] I.8.2      σ=0.05 s=24 SRGB=✓ NULL=✗ ST=✓ t=4.817s
[ 86/2340] I.8.2      σ=0.05 s=25 SRGB=✓ NULL=✗ ST=✓ t=5.926s
[ 87/2340] I.8.2      σ=0.05 s=26 SRGB=✓ NULL=✗ ST=✓ t=6.797s
[ 88/2340] I.8.2      σ=0.05 s=27 SRGB=✓ NULL=✗ ST=✗ t=6.134s
[ 89/2340] I.8.2      σ=0.05 s=28 SRGB=✓ NULL=✗ ST=✓ t=8.926s
[ 90/2340] I.8.2      σ=0.05 s=29 SRGB=✓ NULL=✗ ST=✓ t=5.837s
[ 91/2340] I.9.18     σ=0.00 s=0 SRGB=✓ NULL=✓ ST=✓ t=0.532s
[ 92/2340] I.9.18     σ=0.00 s=1 SRGB=✓ NULL=✓ ST=✓ t=0.433s
[ 93/2340] I.9.18     σ=0.00 s=2 SRGB=✓ NULL=✓ ST=✓ t=0.481s
[ 94/2340] I.9.18     σ=0.00 s=3 SRGB=✓ NULL=✓ ST=✓ t=0.464s
[ 95/2340] I.9.18     σ=0.00 s=4 SRGB=✓ NULL=✓ ST=✓ t=0.943s
[ 96/2340] I.9.18     σ=0.00 s=5 SRGB=✓ NULL=✓ ST=✓ t=0.923s
[ 97/2340] I.9.18     σ=0.00 s=6 SRGB=✓ NULL=✓ ST=✓ t=0.953s
[ 98/2340] I.9.18     σ=0.00 s=7 SRGB=✓ NULL=✓ ST=✓ t=0.990s
[ 99/2340] I.9.18     σ=0.00 s=8 SRGB=✓ NULL=✓ ST=✓ t=1.022s
[100/2340] I.9.18     σ=0.00 s=9 SRGB=✓ NULL=✓ ST=✓ t=0.950s
[101/2340] I.9.18     σ=0.00 s=10 SRGB=✓ NULL=✓ ST=✓ t=0.599s
[102/2340] I.9.18     σ=0.00 s=11 SRGB=✓ NULL=✓ ST=✓ t=0.428s
[103/2340] I.9.18     σ=0.00 s=12 SRGB=✓ NULL=✓ ST=✓ t=0.456s
[104/2340] I.9.18     σ=0.00 s=13 SRGB=✓ NULL=✓ ST=✓ t=0.524s
[105/2340] I.9.18     σ=0.00 s=14 SRGB=✓ NULL=✓ ST=✓ t=0.559s
[106/2340] I.9.18     σ=0.00 s=15 SRGB=✓ NULL=✓ ST=✓ t=0.474s
[107/2340] I.9.18     σ=0.00 s=16 SRGB=✓ NULL=✓ ST=✓ t=0.459s
[108/2340] I.9.18     σ=0.00 s=17 SRGB=✓ NULL=✓ ST=✓ t=0.615s
[109/2340] I.9.18     σ=0.00 s=18 SRGB=✓ NULL=✓ ST=✓ t=0.564s
[110/2340] I.9.18     σ=0.00 s=19 SRGB=✓ NULL=✓ ST=✓ t=0.475s
[111/2340] I.9.18     σ=0.00 s=20 SRGB=✓ NULL=✓ ST=✓ t=0.511s
[112/2340] I.9.18     σ=0.00 s=21 SRGB=✓ NULL=✓ ST=✓ t=0.452s
[113/2340] I.9.18     σ=0.00 s=22 SRGB=✓ NULL=✓ ST=✓ t=0.486s
[114/2340] I.9.18     σ=0.00 s=23 SRGB=✓ NULL=✓ ST=✓ t=0.456s
[115/2340] I.9.18     σ=0.00 s=24 SRGB=✓ NULL=✓ ST=✓ t=0.491s
[116/2340] I.9.18     σ=0.00 s=25 SRGB=✓ NULL=✓ ST=✓ t=0.444s
[117/2340] I.9.18     σ=0.00 s=26 SRGB=✓ NULL=✓ ST=✓ t=0.476s
[118/2340] I.9.18     σ=0.00 s=27 SRGB=✓ NULL=✓ ST=✓ t=0.617s
[119/2340] I.9.18     σ=0.00 s=28 SRGB=✓ NULL=✓ ST=✓ t=0.450s
[120/2340] I.9.18     σ=0.00 s=29 SRGB=✓ NULL=✓ ST=✓ t=0.626s
[121/2340] I.9.18     σ=0.02 s=0 SRGB=✓ NULL=✗ ST=✓ t=0.964s
[122/2340] I.9.18     σ=0.02 s=1 SRGB=✓ NULL=✗ ST=✓ t=1.224s
[123/2340] I.9.18     σ=0.02 s=2 SRGB=✓ NULL=✗ ST=✓ t=0.928s
[124/2340] I.9.18     σ=0.02 s=3 SRGB=✓ NULL=✗ ST=✓ t=1.213s
[125/2340] I.9.18     σ=0.02 s=4 SRGB=✓ NULL=✗ ST=✓ t=1.168s
[126/2340] I.9.18     σ=0.02 s=5 SRGB=✓ NULL=✗ ST=✓ t=1.147s
[127/2340] I.9.18     σ=0.02 s=6 SRGB=✓ NULL=✗ ST=✓ t=0.577s
[128/2340] I.9.18     σ=0.02 s=7 SRGB=✓ NULL=✗ ST=✓ t=1.079s
[129/2340] I.9.18     σ=0.02 s=8 SRGB=✓ NULL=✗ ST=✓ t=0.716s
[130/2340] I.9.18     σ=0.02 s=9 SRGB=✓ NULL=✗ ST=✓ t=0.779s
[131/2340] I.9.18     σ=0.02 s=10 SRGB=✓ NULL=✗ ST=✓ t=0.726s
[132/2340] I.9.18     σ=0.02 s=11 SRGB=✓ NULL=✗ ST=✓ t=0.719s
[133/2340] I.9.18     σ=0.02 s=12 SRGB=✓ NULL=✗ ST=✓ t=0.715s
[134/2340] I.9.18     σ=0.02 s=13 SRGB=✓ NULL=✗ ST=✓ t=0.703s
[135/2340] I.9.18     σ=0.02 s=14 SRGB=✓ NULL=✗ ST=✓ t=0.690s
[136/2340] I.9.18     σ=0.02 s=15 SRGB=✓ NULL=✗ ST=✓ t=0.714s
[137/2340] I.9.18     σ=0.02 s=16 SRGB=✓ NULL=✗ ST=✓ t=0.682s
[138/2340] I.9.18     σ=0.02 s=17 SRGB=✓ NULL=✗ ST=✓ t=0.751s
[139/2340] I.9.18     σ=0.02 s=18 SRGB=✓ NULL=✗ ST=✓ t=1.343s
[140/2340] I.9.18     σ=0.02 s=19 SRGB=✓ NULL=✗ ST=✓ t=1.056s
[141/2340] I.9.18     σ=0.02 s=20 SRGB=✓ NULL=✗ ST=✓ t=1.403s
[142/2340] I.9.18     σ=0.02 s=21 SRGB=✓ NULL=✗ ST=✓ t=1.227s
[143/2340] I.9.18     σ=0.02 s=22 SRGB=✓ NULL=✗ ST=✓ t=1.151s
[144/2340] I.9.18     σ=0.02 s=23 SRGB=✓ NULL=✗ ST=✓ t=0.811s
[145/2340] I.9.18     σ=0.02 s=24 SRGB=✓ NULL=✗ ST=✓ t=0.767s
[146/2340] I.9.18     σ=0.02 s=25 SRGB=✓ NULL=✗ ST=✓ t=0.710s
[147/2340] I.9.18     σ=0.02 s=26 SRGB=✓ NULL=✗ ST=✓ t=0.670s
[148/2340] I.9.18     σ=0.02 s=27 SRGB=✓ NULL=✗ ST=✓ t=0.705s
[149/2340] I.9.18     σ=0.02 s=28 SRGB=✓ NULL=✗ ST=✓ t=0.591s
[150/2340] I.9.18     σ=0.02 s=29 SRGB=✓ NULL=✗ ST=✓ t=0.533s
[151/2340] I.9.18     σ=0.05 s=0 SRGB=✓ NULL=✗ ST=✗ t=1.273s
[152/2340] I.9.18     σ=0.05 s=1 SRGB=✓ NULL=✗ ST=✓ t=1.340s
[153/2340] I.9.18     σ=0.05 s=2 SRGB=✓ NULL=✗ ST=✓ t=1.193s
[154/2340] I.9.18     σ=0.05 s=3 SRGB=✓ NULL=✗ ST=✓ t=0.847s
[155/2340] I.9.18     σ=0.05 s=4 SRGB=✓ NULL=✗ ST=✓ t=1.238s
[156/2340] I.9.18     σ=0.05 s=5 SRGB=✓ NULL=✗ ST=✗ t=2.791s
[157/2340] I.9.18     σ=0.05 s=6 SRGB=✓ NULL=✗ ST=✓ t=1.671s
[158/2340] I.9.18     σ=0.05 s=7 SRGB=✓ NULL=✗ ST=✓ t=1.597s
[159/2340] I.9.18     σ=0.05 s=8 SRGB=✓ NULL=✗ ST=✓ t=1.187s
[160/2340] I.9.18     σ=0.05 s=9 SRGB=✓ NULL=✗ ST=✗ t=1.342s
[161/2340] I.9.18     σ=0.05 s=10 SRGB=✓ NULL=✗ ST=✗ t=1.477s
[162/2340] I.9.18     σ=0.05 s=11 SRGB=✓ NULL=✗ ST=✓ t=0.926s
[163/2340] I.9.18     σ=0.05 s=12 SRGB=✓ NULL=✗ ST=✗ t=0.960s
[164/2340] I.9.18     σ=0.05 s=13 SRGB=✓ NULL=✗ ST=✗ t=1.387s
[165/2340] I.9.18     σ=0.05 s=14 SRGB=✓ NULL=✗ ST=✓ t=1.195s
[166/2340] I.9.18     σ=0.05 s=15 SRGB=✓ NULL=✗ ST=✓ t=1.424s
[167/2340] I.9.18     σ=0.05 s=16 SRGB=✓ NULL=✗ ST=✓ t=2.642s
[168/2340] I.9.18     σ=0.05 s=17 SRGB=✓ NULL=✗ ST=✓ t=2.025s
[169/2340] I.9.18     σ=0.05 s=18 SRGB=✓ NULL=✗ ST=✓ t=1.398s
[170/2340] I.9.18     σ=0.05 s=19 SRGB=✓ NULL=✗ ST=✓ t=1.225s
[171/2340] I.9.18     σ=0.05 s=20 SRGB=✓ NULL=✗ ST=✗ t=1.124s
[172/2340] I.9.18     σ=0.05 s=21 SRGB=✓ NULL=✗ ST=✓ t=0.939s
[173/2340] I.9.18     σ=0.05 s=22 SRGB=✓ NULL=✗ ST=✓ t=0.888s
[174/2340] I.9.18     σ=0.05 s=23 SRGB=✓ NULL=✗ ST=✓ t=1.339s
[175/2340] I.9.18     σ=0.05 s=24 SRGB=✓ NULL=✗ ST=✓ t=1.185s
[176/2340] I.9.18     σ=0.05 s=25 SRGB=✓ NULL=✗ ST=✗ t=1.684s
[177/2340] I.9.18     σ=0.05 s=26 SRGB=✓ NULL=✗ ST=✓ t=1.265s
[178/2340] I.9.18     σ=0.05 s=27 SRGB=✓ NULL=✗ ST=✓ t=2.318s
[179/2340] I.9.18     σ=0.05 s=28 SRGB=✓ NULL=✗ ST=✗ t=2.586s
[180/2340] I.9.18     σ=0.05 s=29 SRGB=✓ NULL=✗ ST=✗ t=1.317s
[181/2340] I.12.1     σ=0.00 s=0 SRGB=✓ NULL=✓ ST=✓ t=0.314s
[182/2340] I.12.1     σ=0.00 s=1 SRGB=✓ NULL=✓ ST=✓ t=0.235s
[183/2340] I.12.1     σ=0.00 s=2 SRGB=✓ NULL=✓ ST=✓ t=0.256s
[184/2340] I.12.1     σ=0.00 s=3 SRGB=✓ NULL=✓ ST=✓ t=0.233s
[185/2340] I.12.1     σ=0.00 s=4 SRGB=✓ NULL=✓ ST=✓ t=0.276s
[186/2340] I.12.1     σ=0.00 s=5 SRGB=✓ NULL=✓ ST=✓ t=0.334s
[187/2340] I.12.1     σ=0.00 s=6 SRGB=✓ NULL=✓ ST=✓ t=0.255s
[188/2340] I.12.1     σ=0.00 s=7 SRGB=✓ NULL=✓ ST=✓ t=0.323s
[189/2340] I.12.1     σ=0.00 s=8 SRGB=✓ NULL=✓ ST=✓ t=0.274s
[190/2340] I.12.1     σ=0.00 s=9 SRGB=✓ NULL=✓ ST=✓ t=0.234s
[191/2340] I.12.1     σ=0.00 s=10 SRGB=✓ NULL=✓ ST=✓ t=0.248s
[192/2340] I.12.1     σ=0.00 s=11 SRGB=✓ NULL=✓ ST=✓ t=0.239s
[193/2340] I.12.1     σ=0.00 s=12 SRGB=✓ NULL=✓ ST=✓ t=0.261s
[194/2340] I.12.1     σ=0.00 s=13 SRGB=✓ NULL=✓ ST=✓ t=0.267s
[195/2340] I.12.1     σ=0.00 s=14 SRGB=✓ NULL=✓ ST=✓ t=0.251s
[196/2340] I.12.1     σ=0.00 s=15 SRGB=✓ NULL=✓ ST=✓ t=0.238s
[197/2340] I.12.1     σ=0.00 s=16 SRGB=✓ NULL=✓ ST=✓ t=0.265s
[198/2340] I.12.1     σ=0.00 s=17 SRGB=✓ NULL=✓ ST=✓ t=0.235s
[199/2340] I.12.1     σ=0.00 s=18 SRGB=✓ NULL=✓ ST=✓ t=0.237s
[200/2340] I.12.1     σ=0.00 s=19 SRGB=✓ NULL=✓ ST=✓ t=0.244s
[201/2340] I.12.1     σ=0.00 s=20 SRGB=✓ NULL=✓ ST=✓ t=0.239s
[202/2340] I.12.1     σ=0.00 s=21 SRGB=✓ NULL=✓ ST=✓ t=0.260s
[203/2340] I.12.1     σ=0.00 s=22 SRGB=✓ NULL=✓ ST=✓ t=0.249s
[204/2340] I.12.1     σ=0.00 s=23 SRGB=✓ NULL=✓ ST=✓ t=0.241s
[205/2340] I.12.1     σ=0.00 s=24 SRGB=✓ NULL=✓ ST=✓ t=0.230s
[206/2340] I.12.1     σ=0.00 s=25 SRGB=✓ NULL=✓ ST=✓ t=0.257s
[207/2340] I.12.1     σ=0.00 s=26 SRGB=✓ NULL=✓ ST=✓ t=0.231s
[208/2340] I.12.1     σ=0.00 s=27 SRGB=✓ NULL=✓ ST=✓ t=0.234s
[209/2340] I.12.1     σ=0.00 s=28 SRGB=✓ NULL=✓ ST=✓ t=0.274s
[210/2340] I.12.1     σ=0.00 s=29 SRGB=✓ NULL=✓ ST=✓ t=0.250s
[211/2340] I.12.1     σ=0.02 s=0 SRGB=✓ NULL=✓ ST=✓ t=0.323s
[212/2340] I.12.1     σ=0.02 s=1 SRGB=✓ NULL=✓ ST=✓ t=0.303s
[213/2340] I.12.1     σ=0.02 s=2 SRGB=✓ NULL=✓ ST=✓ t=0.251s
[214/2340] I.12.1     σ=0.02 s=3 SRGB=✓ NULL=✓ ST=✓ t=0.593s
[215/2340] I.12.1     σ=0.02 s=4 SRGB=✓ NULL=✓ ST=✓ t=0.539s
[216/2340] I.12.1     σ=0.02 s=5 SRGB=✓ NULL=✓ ST=✓ t=0.447s
[217/2340] I.12.1     σ=0.02 s=6 SRGB=✓ NULL=✓ ST=✓ t=0.623s
[218/2340] I.12.1     σ=0.02 s=7 SRGB=✓ NULL=✓ ST=✓ t=0.559s
[219/2340] I.12.1     σ=0.02 s=8 SRGB=✓ NULL=✓ ST=✓ t=0.584s
[220/2340] I.12.1     σ=0.02 s=9 SRGB=✓ NULL=✓ ST=✓ t=0.398s
[221/2340] I.12.1     σ=0.02 s=10 SRGB=✓ NULL=✓ ST=✓ t=0.710s
[222/2340] I.12.1     σ=0.02 s=11 SRGB=✓ NULL=✓ ST=✓ t=0.958s
[223/2340] I.12.1     σ=0.02 s=12 SRGB=✓ NULL=✓ ST=✓ t=0.352s
[224/2340] I.12.1     σ=0.02 s=13 SRGB=✓ NULL=✓ ST=✓ t=0.231s
[225/2340] I.12.1     σ=0.02 s=14 SRGB=✓ NULL=✓ ST=✓ t=0.253s
[226/2340] I.12.1     σ=0.02 s=15 SRGB=✓ NULL=✓ ST=✓ t=0.245s
[227/2340] I.12.1     σ=0.02 s=16 SRGB=✓ NULL=✓ ST=✓ t=0.267s
[228/2340] I.12.1     σ=0.02 s=17 SRGB=✓ NULL=✓ ST=✓ t=0.227s
[229/2340] I.12.1     σ=0.02 s=18 SRGB=✓ NULL=✓ ST=✓ t=0.250s
[230/2340] I.12.1     σ=0.02 s=19 SRGB=✓ NULL=✓ ST=✓ t=0.244s
[231/2340] I.12.1     σ=0.02 s=20 SRGB=✓ NULL=✓ ST=✓ t=0.325s
[232/2340] I.12.1     σ=0.02 s=21 SRGB=✓ NULL=✓ ST=✓ t=0.317s
[233/2340] I.12.1     σ=0.02 s=22 SRGB=✓ NULL=✓ ST=✓ t=0.243s
[234/2340] I.12.1     σ=0.02 s=23 SRGB=✓ NULL=✓ ST=✓ t=0.359s
[235/2340] I.12.1     σ=0.02 s=24 SRGB=✓ NULL=✓ ST=✓ t=0.266s
[236/2340] I.12.1     σ=0.02 s=25 SRGB=✓ NULL=✓ ST=✓ t=0.239s
[237/2340] I.12.1     σ=0.02 s=26 SRGB=✓ NULL=✓ ST=✓ t=0.232s
[238/2340] I.12.1     σ=0.02 s=27 SRGB=✓ NULL=✓ ST=✓ t=0.324s
[239/2340] I.12.1     σ=0.02 s=28 SRGB=✓ NULL=✓ ST=✓ t=0.276s
[240/2340] I.12.1     σ=0.02 s=29 SRGB=✓ NULL=✓ ST=✓ t=0.268s
[241/2340] I.12.1     σ=0.05 s=0 SRGB=✓ NULL=✗ ST=✓ t=0.437s
[242/2340] I.12.1     σ=0.05 s=1 SRGB=✓ NULL=✓ ST=✓ t=0.446s
[243/2340] I.12.1     σ=0.05 s=2 SRGB=✓ NULL=✗ ST=✓ t=0.408s
[244/2340] I.12.1     σ=0.05 s=3 SRGB=✓ NULL=✓ ST=✓ t=0.432s
[245/2340] I.12.1     σ=0.05 s=4 SRGB=✓ NULL=✓ ST=✓ t=0.402s
[246/2340] I.12.1     σ=0.05 s=5 SRGB=✓ NULL=✓ ST=✓ t=0.433s
[247/2340] I.12.1     σ=0.05 s=6 SRGB=✓ NULL=✓ ST=✓ t=0.445s
[248/2340] I.12.1     σ=0.05 s=7 SRGB=✓ NULL=✓ ST=✓ t=0.412s
[249/2340] I.12.1     σ=0.05 s=8 SRGB=✓ NULL=✗ ST=✓ t=0.425s
[250/2340] I.12.1     σ=0.05 s=9 SRGB=✓ NULL=✗ ST=✓ t=0.399s
[251/2340] I.12.1     σ=0.05 s=10 SRGB=✓ NULL=✗ ST=✓ t=0.415s
[252/2340] I.12.1     σ=0.05 s=11 SRGB=✓ NULL=✓ ST=✓ t=0.503s
[253/2340] I.12.1     σ=0.05 s=12 SRGB=✓ NULL=✓ ST=✓ t=0.577s
[254/2340] I.12.1     σ=0.05 s=13 SRGB=✓ NULL=✗ ST=✓ t=1.089s
[255/2340] I.12.1     σ=0.05 s=14 SRGB=✓ NULL=✓ ST=✓ t=1.226s
[256/2340] I.12.1     σ=0.05 s=15 SRGB=✓ NULL=✗ ST=✓ t=1.545s
[257/2340] I.12.1     σ=0.05 s=16 SRGB=✓ NULL=✓ ST=✓ t=1.236s
[258/2340] I.12.1     σ=0.05 s=17 SRGB=✓ NULL=✗ ST=✓ t=0.642s
[259/2340] I.12.1     σ=0.05 s=18 SRGB=✓ NULL=✗ ST=✓ t=0.486s
[260/2340] I.12.1     σ=0.05 s=19 SRGB=✓ NULL=✗ ST=✓ t=0.414s
[261/2340] I.12.1     σ=0.05 s=20 SRGB=✓ NULL=✗ ST=✓ t=0.461s
[262/2340] I.12.1     σ=0.05 s=21 SRGB=✓ NULL=✓ ST=✓ t=0.410s
[263/2340] I.12.1     σ=0.05 s=22 SRGB=✓ NULL=✗ ST=✓ t=0.459s
[264/2340] I.12.1     σ=0.05 s=23 SRGB=✓ NULL=✗ ST=✓ t=0.414s
[265/2340] I.12.1     σ=0.05 s=24 SRGB=✓ NULL=✗ ST=✓ t=0.406s
[266/2340] I.12.1     σ=0.05 s=25 SRGB=✓ NULL=✓ ST=✓ t=0.530s
[267/2340] I.12.1     σ=0.05 s=26 SRGB=✓ NULL=✗ ST=✓ t=0.401s
[268/2340] I.12.1     σ=0.05 s=27 SRGB=✓ NULL=✓ ST=✓ t=0.450s
[269/2340] I.12.1     σ=0.05 s=28 SRGB=✓ NULL=✗ ST=✓ t=0.425s
[270/2340] I.12.1     σ=0.05 s=29 SRGB=✓ NULL=✓ ST=✓ t=0.498s
[271/2340] I.12.2     σ=0.00 s=0 SRGB=✓ NULL=✓ ST=✓ t=1.256s
[272/2340] I.12.2     σ=0.00 s=1 SRGB=✓ NULL=✓ ST=✓ t=1.064s
[273/2340] I.12.2     σ=0.00 s=2 SRGB=✓ NULL=✓ ST=✓ t=1.342s
[274/2340] I.12.2     σ=0.00 s=3 SRGB=✓ NULL=✓ ST=✓ t=1.221s
[275/2340] I.12.2     σ=0.00 s=4 SRGB=✓ NULL=✓ ST=✓ t=3.125s
[276/2340] I.12.2     σ=0.00 s=5 SRGB=✓ NULL=✓ ST=✓ t=2.417s
[277/2340] I.12.2     σ=0.00 s=6 SRGB=✓ NULL=✓ ST=✓ t=1.338s
[278/2340] I.12.2     σ=0.00 s=7 SRGB=✓ NULL=✓ ST=✓ t=1.404s
[279/2340] I.12.2     σ=0.00 s=8 SRGB=✓ NULL=✓ ST=✓ t=1.291s
[280/2340] I.12.2     σ=0.00 s=9 SRGB=✓ NULL=✓ ST=✓ t=1.050s
[281/2340] I.12.2     σ=0.00 s=10 SRGB=✓ NULL=✓ ST=✓ t=1.228s
[282/2340] I.12.2     σ=0.00 s=11 SRGB=✓ NULL=✓ ST=✓ t=1.467s
[283/2340] I.12.2     σ=0.00 s=12 SRGB=✓ NULL=✓ ST=✓ t=1.152s
[284/2340] I.12.2     σ=0.00 s=13 SRGB=✓ NULL=✓ ST=✓ t=1.694s
[285/2340] I.12.2     σ=0.00 s=14 SRGB=✓ NULL=✓ ST=✓ t=2.998s
[286/2340] I.12.2     σ=0.00 s=15 SRGB=✓ NULL=✓ ST=✓ t=2.133s
[287/2340] I.12.2     σ=0.00 s=16 SRGB=✓ NULL=✓ ST=✓ t=1.243s
[288/2340] I.12.2     σ=0.00 s=17 SRGB=✓ NULL=✓ ST=✓ t=1.146s
[289/2340] I.12.2     σ=0.00 s=18 SRGB=✓ NULL=✓ ST=✓ t=1.192s
[290/2340] I.12.2     σ=0.00 s=19 SRGB=✓ NULL=✓ ST=✓ t=1.312s
[291/2340] I.12.2     σ=0.00 s=20 SRGB=✓ NULL=✓ ST=✓ t=1.246s
[292/2340] I.12.2     σ=0.00 s=21 SRGB=✓ NULL=✓ ST=✓ t=1.317s
[293/2340] I.12.2     σ=0.00 s=22 SRGB=✓ NULL=✓ ST=✓ t=1.028s
[294/2340] I.12.2     σ=0.00 s=23 SRGB=✓ NULL=✓ ST=✓ t=1.391s
[295/2340] I.12.2     σ=0.00 s=24 SRGB=✓ NULL=✓ ST=✓ t=3.382s
[296/2340] I.12.2     σ=0.00 s=25 SRGB=✓ NULL=✓ ST=✓ t=2.524s
[297/2340] I.12.2     σ=0.00 s=26 SRGB=✓ NULL=✓ ST=✓ t=1.080s
[298/2340] I.12.2     σ=0.00 s=27 SRGB=✓ NULL=✓ ST=✓ t=1.242s
[299/2340] I.12.2     σ=0.00 s=28 SRGB=✓ NULL=✓ ST=✓ t=1.132s
[300/2340] I.12.2     σ=0.00 s=29 SRGB=✓ NULL=✓ ST=✓ t=1.422s
[301/2340] I.12.2     σ=0.02 s=0 SRGB=✓ NULL=✗ ST=✗ t=4.383s
[302/2340] I.12.2     σ=0.02 s=1 SRGB=✓ NULL=✗ ST=✗ t=7.236s
[303/2340] I.12.2     σ=0.02 s=2 SRGB=✓ NULL=✗ ST=✗ t=4.433s
[304/2340] I.12.2     σ=0.02 s=3 SRGB=✓ NULL=✓ ST=✗ t=3.935s
[305/2340] I.12.2     σ=0.02 s=4 SRGB=✓ NULL=✗ ST=✗ t=6.185s
[306/2340] I.12.2     σ=0.02 s=5 SRGB=✓ NULL=✗ ST=✗ t=4.226s
[307/2340] I.12.2     σ=0.02 s=6 SRGB=✓ NULL=✗ ST=✗ t=4.193s
[308/2340] I.12.2     σ=0.02 s=7 SRGB=✓ NULL=✓ ST=✗ t=5.853s
[309/2340] I.12.2     σ=0.02 s=8 SRGB=✓ NULL=✓ ST=✗ t=4.838s
[310/2340] I.12.2     σ=0.02 s=9 SRGB=✓ NULL=✗ ST=✗ t=4.108s
[311/2340] I.12.2     σ=0.02 s=10 SRGB=✓ NULL=✓ ST=✗ t=5.226s
[312/2340] I.12.2     σ=0.02 s=11 SRGB=✓ NULL=✗ ST=✗ t=6.268s
[313/2340] I.12.2     σ=0.02 s=12 SRGB=✓ NULL=✗ ST=✗ t=3.568s
[314/2340] I.12.2     σ=0.02 s=13 SRGB=✓ NULL=✗ ST=✗ t=6.197s
[315/2340] I.12.2     σ=0.02 s=14 SRGB=✓ NULL=✓ ST=✗ t=5.073s
[316/2340] I.12.2     σ=0.02 s=15 SRGB=✓ NULL=✗ ST=✗ t=4.731s
[317/2340] I.12.2     σ=0.02 s=16 SRGB=✓ NULL=✓ ST=✗ t=5.195s
[318/2340] I.12.2     σ=0.02 s=17 SRGB=✓ NULL=✓ ST=✗ t=5.360s
[319/2340] I.12.2     σ=0.02 s=18 SRGB=✓ NULL=✓ ST=✗ t=4.141s
[320/2340] I.12.2     σ=0.02 s=19 SRGB=✓ NULL=✓ ST=✗ t=5.077s
[321/2340] I.12.2     σ=0.02 s=20 SRGB=✓ NULL=✗ ST=✗ t=7.062s
[322/2340] I.12.2     σ=0.02 s=21 SRGB=✓ NULL=✗ ST=✗ t=5.945s
[323/2340] I.12.2     σ=0.02 s=22 SRGB=✓ NULL=✗ ST=✗ t=7.608s
[324/2340] I.12.2     σ=0.02 s=23 SRGB=✓ NULL=✗ ST=✗ t=4.359s
[325/2340] I.12.2     σ=0.02 s=24 SRGB=✓ NULL=✗ ST=✗ t=5.243s
[326/2340] I.12.2     σ=0.02 s=25 SRGB=✓ NULL=✗ ST=✗ t=6.516s
[327/2340] I.12.2     σ=0.02 s=26 SRGB=✓ NULL=✗ ST=✗ t=4.182s
[328/2340] I.12.2     σ=0.02 s=27 SRGB=✓ NULL=✗ ST=✗ t=4.906s
[329/2340] I.12.2     σ=0.02 s=28 SRGB=✓ NULL=✗ ST=✗ t=6.702s
[330/2340] I.12.2     σ=0.02 s=29 SRGB=✓ NULL=✗ ST=✗ t=4.306s
[331/2340] I.12.2     σ=0.05 s=0 SRGB=✓ NULL=✗ ST=✗ t=5.839s
[332/2340] I.12.2     σ=0.05 s=1 SRGB=✓ NULL=✗ ST=✗ t=6.423s
[333/2340] I.12.2     σ=0.05 s=2 SRGB=✓ NULL=✗ ST=✗ t=5.029s
[334/2340] I.12.2     σ=0.05 s=3 SRGB=✗ NULL=✗ ST=✗ t=6.905s
[335/2340] I.12.2     σ=0.05 s=4 SRGB=✓ NULL=✗ ST=✗ t=4.417s
[336/2340] I.12.2     σ=0.05 s=5 SRGB=✓ NULL=✗ ST=✗ t=4.494s
[337/2340] I.12.2     σ=0.05 s=6 SRGB=✗ NULL=✗ ST=✗ t=6.542s
[338/2340] I.12.2     σ=0.05 s=7 SRGB=✗ NULL=✗ ST=✗ t=5.463s
[339/2340] I.12.2     σ=0.05 s=8 SRGB=✗ NULL=✗ ST=✗ t=5.075s
[340/2340] I.12.2     σ=0.05 s=9 SRGB=✓ NULL=✗ ST=✗ t=6.917s
[341/2340] I.12.2     σ=0.05 s=10 SRGB=✓ NULL=✗ ST=✗ t=4.654s
[342/2340] I.12.2     σ=0.05 s=11 SRGB=✗ NULL=✗ ST=✗ t=5.696s
[343/2340] I.12.2     σ=0.05 s=12 SRGB=✓ NULL=✗ ST=✗ t=6.658s
[344/2340] I.12.2     σ=0.05 s=13 SRGB=✗ NULL=✗ ST=✗ t=5.728s
[345/2340] I.12.2     σ=0.05 s=14 SRGB=✗ NULL=✗ ST=✗ t=7.678s
[346/2340] I.12.2     σ=0.05 s=15 SRGB=✓ NULL=✗ ST=✗ t=5.000s
[347/2340] I.12.2     σ=0.05 s=16 SRGB=✓ NULL=✗ ST=✗ t=4.838s
[348/2340] I.12.2     σ=0.05 s=17 SRGB=✓ NULL=✗ ST=✗ t=6.773s
[349/2340] I.12.2     σ=0.05 s=18 SRGB=✓ NULL=✗ ST=✗ t=5.288s
[350/2340] I.12.2     σ=0.05 s=19 SRGB=✓ NULL=✗ ST=✗ t=5.235s
[351/2340] I.12.2     σ=0.05 s=20 SRGB=✓ NULL=✗ ST=✗ t=7.367s
[352/2340] I.12.2     σ=0.05 s=21 SRGB=✓ NULL=✗ ST=✗ t=5.035s
[353/2340] I.12.2     σ=0.05 s=22 SRGB=✓ NULL=✗ ST=✗ t=6.188s
[354/2340] I.12.2     σ=0.05 s=23 SRGB=✗ NULL=✗ ST=✗ t=5.448s
[355/2340] I.12.2     σ=0.05 s=24 SRGB=✗ NULL=✗ ST=✗ t=5.271s
[356/2340] I.12.2     σ=0.05 s=25 SRGB=✓ NULL=✗ ST=✗ t=7.431s
[357/2340] I.12.2     σ=0.05 s=26 SRGB=✓ NULL=✗ ST=✗ t=4.088s
[358/2340] I.12.2     σ=0.05 s=27 SRGB=✗ NULL=✗ ST=✗ t=6.863s
[359/2340] I.12.2     σ=0.05 s=28 SRGB=✓ NULL=✗ ST=✗ t=5.425s
[360/2340] I.12.2     σ=0.05 s=29 SRGB=✓ NULL=✗ ST=✗ t=5.488s
[361/2340] I.13.1     σ=0.00 s=0 SRGB=✓ NULL=✓ ST=✓ t=0.325s
[362/2340] I.13.1     σ=0.00 s=1 SRGB=✓ NULL=✓ ST=✓ t=0.250s
[363/2340] I.13.1     σ=0.00 s=2 SRGB=✓ NULL=✓ ST=✓ t=0.232s
[364/2340] I.13.1     σ=0.00 s=3 SRGB=✓ NULL=✓ ST=✓ t=0.275s
[365/2340] I.13.1     σ=0.00 s=4 SRGB=✓ NULL=✓ ST=✓ t=0.507s
[366/2340] I.13.1     σ=0.00 s=5 SRGB=✓ NULL=✓ ST=✓ t=0.650s
[367/2340] I.13.1     σ=0.00 s=6 SRGB=✓ NULL=✓ ST=✓ t=0.537s
[368/2340] I.13.1     σ=0.00 s=7 SRGB=✓ NULL=✓ ST=✓ t=0.641s
[369/2340] I.13.1     σ=0.00 s=8 SRGB=✓ NULL=✓ ST=✓ t=0.427s
[370/2340] I.13.1     σ=0.00 s=9 SRGB=✓ NULL=✓ ST=✓ t=0.507s
[371/2340] I.13.1     σ=0.00 s=10 SRGB=✓ NULL=✓ ST=✓ t=0.498s
[372/2340] I.13.1     σ=0.00 s=11 SRGB=✓ NULL=✓ ST=✓ t=0.593s
[373/2340] I.13.1     σ=0.00 s=12 SRGB=✓ NULL=✓ ST=✓ t=0.601s
[374/2340] I.13.1     σ=0.00 s=13 SRGB=✓ NULL=✓ ST=✓ t=0.622s
[375/2340] I.13.1     σ=0.00 s=14 SRGB=✓ NULL=✓ ST=✓ t=0.239s
[376/2340] I.13.1     σ=0.00 s=15 SRGB=✓ NULL=✓ ST=✓ t=0.225s
[377/2340] I.13.1     σ=0.00 s=16 SRGB=✓ NULL=✓ ST=✓ t=0.240s
[378/2340] I.13.1     σ=0.00 s=17 SRGB=✓ NULL=✓ ST=✓ t=0.224s
[379/2340] I.13.1     σ=0.00 s=18 SRGB=✓ NULL=✓ ST=✓ t=0.222s
[380/2340] I.13.1     σ=0.00 s=19 SRGB=✓ NULL=✓ ST=✓ t=0.254s
[381/2340] I.13.1     σ=0.00 s=20 SRGB=✓ NULL=✓ ST=✓ t=0.214s
[382/2340] I.13.1     σ=0.00 s=21 SRGB=✓ NULL=✓ ST=✓ t=0.227s
[383/2340] I.13.1     σ=0.00 s=22 SRGB=✓ NULL=✓ ST=✓ t=0.240s
[384/2340] I.13.1     σ=0.00 s=23 SRGB=✓ NULL=✓ ST=✓ t=0.334s
[385/2340] I.13.1     σ=0.00 s=24 SRGB=✓ NULL=✓ ST=✓ t=0.216s
[386/2340] I.13.1     σ=0.00 s=25 SRGB=✓ NULL=✓ ST=✓ t=0.219s
[387/2340] I.13.1     σ=0.00 s=26 SRGB=✓ NULL=✓ ST=✓ t=0.217s
[388/2340] I.13.1     σ=0.00 s=27 SRGB=✓ NULL=✓ ST=✓ t=0.312s
[389/2340] I.13.1     σ=0.00 s=28 SRGB=✓ NULL=✓ ST=✓ t=0.229s
[390/2340] I.13.1     σ=0.00 s=29 SRGB=✓ NULL=✓ ST=✓ t=0.229s
[391/2340] I.13.1     σ=0.02 s=0 SRGB=✓ NULL=✓ ST=✓ t=0.270s
[392/2340] I.13.1     σ=0.02 s=1 SRGB=✓ NULL=✓ ST=✓ t=0.340s
[393/2340] I.13.1     σ=0.02 s=2 SRGB=✓ NULL=✓ ST=✓ t=0.242s
[394/2340] I.13.1     σ=0.02 s=3 SRGB=✓ NULL=✓ ST=✓ t=0.272s
[395/2340] I.13.1     σ=0.02 s=4 SRGB=✓ NULL=✓ ST=✓ t=0.229s
[396/2340] I.13.1     σ=0.02 s=5 SRGB=✓ NULL=✓ ST=✓ t=0.265s
[397/2340] I.13.1     σ=0.02 s=6 SRGB=✓ NULL=✓ ST=✓ t=0.243s
[398/2340] I.13.1     σ=0.02 s=7 SRGB=✓ NULL=✓ ST=✓ t=0.234s
[399/2340] I.13.1     σ=0.02 s=8 SRGB=✓ NULL=✓ ST=✓ t=0.242s
[400/2340] I.13.1     σ=0.02 s=9 SRGB=✓ NULL=✓ ST=✓ t=0.230s
[401/2340] I.13.1     σ=0.02 s=10 SRGB=✓ NULL=✓ ST=✓ t=0.271s
[402/2340] I.13.1     σ=0.02 s=11 SRGB=✓ NULL=✓ ST=✓ t=0.265s
[403/2340] I.13.1     σ=0.02 s=12 SRGB=✓ NULL=✓ ST=✓ t=0.221s
[404/2340] I.13.1     σ=0.02 s=13 SRGB=✓ NULL=✓ ST=✓ t=0.248s
[405/2340] I.13.1     σ=0.02 s=14 SRGB=✓ NULL=✓ ST=✓ t=0.249s
[406/2340] I.13.1     σ=0.02 s=15 SRGB=✓ NULL=✓ ST=✓ t=0.240s
[407/2340] I.13.1     σ=0.02 s=16 SRGB=✓ NULL=✓ ST=✓ t=0.236s
[408/2340] I.13.1     σ=0.02 s=17 SRGB=✓ NULL=✓ ST=✓ t=0.217s
[409/2340] I.13.1     σ=0.02 s=18 SRGB=✓ NULL=✓ ST=✓ t=0.269s
[410/2340] I.13.1     σ=0.02 s=19 SRGB=✓ NULL=✓ ST=✓ t=0.307s
[411/2340] I.13.1     σ=0.02 s=20 SRGB=✓ NULL=✓ ST=✓ t=0.254s
[412/2340] I.13.1     σ=0.02 s=21 SRGB=✓ NULL=✓ ST=✓ t=0.221s
[413/2340] I.13.1     σ=0.02 s=22 SRGB=✓ NULL=✓ ST=✓ t=0.290s
[414/2340] I.13.1     σ=0.02 s=23 SRGB=✓ NULL=✓ ST=✓ t=0.327s
[415/2340] I.13.1     σ=0.02 s=24 SRGB=✓ NULL=✓ ST=✓ t=0.489s
[416/2340] I.13.1     σ=0.02 s=25 SRGB=✓ NULL=✓ ST=✓ t=0.688s
[417/2340] I.13.1     σ=0.02 s=26 SRGB=✓ NULL=✓ ST=✓ t=0.733s
[418/2340] I.13.1     σ=0.02 s=27 SRGB=✓ NULL=✓ ST=✓ t=0.549s
[419/2340] I.13.1     σ=0.02 s=28 SRGB=✓ NULL=✓ ST=✓ t=0.690s
[420/2340] I.13.1     σ=0.02 s=29 SRGB=✓ NULL=✓ ST=✓ t=0.594s
[421/2340] I.13.1     σ=0.05 s=0 SRGB=✓ NULL=✓ ST=✓ t=0.701s
[422/2340] I.13.1     σ=0.05 s=1 SRGB=✓ NULL=✓ ST=✓ t=0.686s
[423/2340] I.13.1     σ=0.05 s=2 SRGB=✓ NULL=✓ ST=✓ t=0.421s
[424/2340] I.13.1     σ=0.05 s=3 SRGB=✓ NULL=✓ ST=✓ t=0.317s
[425/2340] I.13.1     σ=0.05 s=4 SRGB=✓ NULL=✓ ST=✓ t=0.240s
[426/2340] I.13.1     σ=0.05 s=5 SRGB=✓ NULL=✓ ST=✓ t=0.244s
[427/2340] I.13.1     σ=0.05 s=6 SRGB=✓ NULL=✓ ST=✓ t=0.218s
[428/2340] I.13.1     σ=0.05 s=7 SRGB=✓ NULL=✓ ST=✓ t=0.219s
[429/2340] I.13.1     σ=0.05 s=8 SRGB=✓ NULL=✓ ST=✓ t=0.233s
[430/2340] I.13.1     σ=0.05 s=9 SRGB=✓ NULL=✓ ST=✓ t=0.235s
[431/2340] I.13.1     σ=0.05 s=10 SRGB=✓ NULL=✓ ST=✓ t=0.274s
[432/2340] I.13.1     σ=0.05 s=11 SRGB=✓ NULL=✓ ST=✓ t=0.277s
[433/2340] I.13.1     σ=0.05 s=12 SRGB=✓ NULL=✓ ST=✓ t=0.230s
[434/2340] I.13.1     σ=0.05 s=13 SRGB=✓ NULL=✓ ST=✓ t=0.238s
[435/2340] I.13.1     σ=0.05 s=14 SRGB=✓ NULL=✓ ST=✓ t=0.250s
[436/2340] I.13.1     σ=0.05 s=15 SRGB=✓ NULL=✓ ST=✓ t=0.296s
[437/2340] I.13.1     σ=0.05 s=16 SRGB=✓ NULL=✓ ST=✓ t=0.226s
[438/2340] I.13.1     σ=0.05 s=17 SRGB=✓ NULL=✓ ST=✓ t=0.231s
[439/2340] I.13.1     σ=0.05 s=18 SRGB=✓ NULL=✓ ST=✓ t=0.241s
[440/2340] I.13.1     σ=0.05 s=19 SRGB=✓ NULL=✓ ST=✓ t=0.326s
[441/2340] I.13.1     σ=0.05 s=20 SRGB=✓ NULL=✓ ST=✓ t=0.217s
[442/2340] I.13.1     σ=0.05 s=21 SRGB=✓ NULL=✓ ST=✓ t=0.226s
[443/2340] I.13.1     σ=0.05 s=22 SRGB=✓ NULL=✓ ST=✓ t=0.223s
[444/2340] I.13.1     σ=0.05 s=23 SRGB=✓ NULL=✓ ST=✓ t=0.309s
[445/2340] I.13.1     σ=0.05 s=24 SRGB=✓ NULL=✓ ST=✓ t=0.222s
[446/2340] I.13.1     σ=0.05 s=25 SRGB=✓ NULL=✓ ST=✓ t=0.221s
[447/2340] I.13.1     σ=0.05 s=26 SRGB=✓ NULL=✓ ST=✓ t=0.233s
[448/2340] I.13.1     σ=0.05 s=27 SRGB=✓ NULL=✓ ST=✓ t=0.266s
[449/2340] I.13.1     σ=0.05 s=28 SRGB=✓ NULL=✓ ST=✓ t=0.240s
[450/2340] I.13.1     σ=0.05 s=29 SRGB=✓ NULL=✓ ST=✓ t=0.232s
[451/2340] I.15.10    σ=0.00 s=0 SRGB=✓ NULL=✓ ST=✓ t=0.315s
[452/2340] I.15.10    σ=0.00 s=1 SRGB=✓ NULL=✓ ST=✓ t=0.346s
[453/2340] I.15.10    σ=0.00 s=2 SRGB=✓ NULL=✓ ST=✓ t=0.234s
[454/2340] I.15.10    σ=0.00 s=3 SRGB=✓ NULL=✓ ST=✓ t=0.270s
[455/2340] I.15.10    σ=0.00 s=4 SRGB=✓ NULL=✓ ST=✓ t=0.232s
[456/2340] I.15.10    σ=0.00 s=5 SRGB=✓ NULL=✓ ST=✓ t=0.273s
[457/2340] I.15.10    σ=0.00 s=6 SRGB=✓ NULL=✓ ST=✓ t=0.234s
[458/2340] I.15.10    σ=0.00 s=7 SRGB=✓ NULL=✓ ST=✓ t=0.246s
[459/2340] I.15.10    σ=0.00 s=8 SRGB=✓ NULL=✓ ST=✓ t=0.257s
[460/2340] I.15.10    σ=0.00 s=9 SRGB=✓ NULL=✓ ST=✓ t=0.349s
[461/2340] I.15.10    σ=0.00 s=10 SRGB=✓ NULL=✓ ST=✓ t=0.246s
[462/2340] I.15.10    σ=0.00 s=11 SRGB=✓ NULL=✓ ST=✓ t=0.311s
[463/2340] I.15.10    σ=0.00 s=12 SRGB=✓ NULL=✓ ST=✓ t=0.481s
[464/2340] I.15.10    σ=0.00 s=13 SRGB=✓ NULL=✓ ST=✓ t=0.523s
[465/2340] I.15.10    σ=0.00 s=14 SRGB=✓ NULL=✓ ST=✓ t=0.590s
[466/2340] I.15.10    σ=0.00 s=15 SRGB=✓ NULL=✓ ST=✓ t=0.790s
[467/2340] I.15.10    σ=0.00 s=16 SRGB=✓ NULL=✓ ST=✓ t=1.093s
[468/2340] I.15.10    σ=0.00 s=17 SRGB=✓ NULL=✓ ST=✓ t=0.748s
[469/2340] I.15.10    σ=0.00 s=18 SRGB=✓ NULL=✓ ST=✓ t=0.633s
[470/2340] I.15.10    σ=0.00 s=19 SRGB=✓ NULL=✓ ST=✓ t=0.492s
[471/2340] I.15.10    σ=0.00 s=20 SRGB=✓ NULL=✓ ST=✓ t=0.459s
[472/2340] I.15.10    σ=0.00 s=21 SRGB=✓ NULL=✓ ST=✓ t=0.253s
[473/2340] I.15.10    σ=0.00 s=22 SRGB=✓ NULL=✓ ST=✓ t=0.226s
[474/2340] I.15.10    σ=0.00 s=23 SRGB=✓ NULL=✓ ST=✓ t=0.233s
[475/2340] I.15.10    σ=0.00 s=24 SRGB=✓ NULL=✓ ST=✓ t=0.276s
[476/2340] I.15.10    σ=0.00 s=25 SRGB=✓ NULL=✓ ST=✓ t=0.257s
[477/2340] I.15.10    σ=0.00 s=26 SRGB=✓ NULL=✓ ST=✓ t=0.279s
[478/2340] I.15.10    σ=0.00 s=27 SRGB=✓ NULL=✓ ST=✓ t=0.236s
[479/2340] I.15.10    σ=0.00 s=28 SRGB=✓ NULL=✓ ST=✓ t=0.270s
[480/2340] I.15.10    σ=0.00 s=29 SRGB=✓ NULL=✓ ST=✓ t=0.323s
[481/2340] I.15.10    σ=0.02 s=0 SRGB=✓ NULL=✓ ST=✓ t=0.260s
[482/2340] I.15.10    σ=0.02 s=1 SRGB=✓ NULL=✓ ST=✓ t=0.246s
[483/2340] I.15.10    σ=0.02 s=2 SRGB=✓ NULL=✓ ST=✓ t=0.255s
[484/2340] I.15.10    σ=0.02 s=3 SRGB=✓ NULL=✓ ST=✓ t=0.316s
[485/2340] I.15.10    σ=0.02 s=4 SRGB=✓ NULL=✓ ST=✓ t=0.271s
[486/2340] I.15.10    σ=0.02 s=5 SRGB=✓ NULL=✓ ST=✓ t=0.249s
[487/2340] I.15.10    σ=0.02 s=6 SRGB=✓ NULL=✓ ST=✓ t=0.258s
[488/2340] I.15.10    σ=0.02 s=7 SRGB=✓ NULL=✓ ST=✓ t=0.251s
[489/2340] I.15.10    σ=0.02 s=8 SRGB=✓ NULL=✓ ST=✓ t=0.253s
[490/2340] I.15.10    σ=0.02 s=9 SRGB=✓ NULL=✓ ST=✓ t=0.265s
[491/2340] I.15.10    σ=0.02 s=10 SRGB=✓ NULL=✓ ST=✓ t=0.362s
[492/2340] I.15.10    σ=0.02 s=11 SRGB=✓ NULL=✓ ST=✓ t=0.312s
[493/2340] I.15.10    σ=0.02 s=12 SRGB=✓ NULL=✓ ST=✓ t=0.257s
[494/2340] I.15.10    σ=0.02 s=13 SRGB=✓ NULL=✓ ST=✓ t=0.250s
[495/2340] I.15.10    σ=0.02 s=14 SRGB=✓ NULL=✓ ST=✓ t=0.295s
[496/2340] I.15.10    σ=0.02 s=15 SRGB=✓ NULL=✓ ST=✓ t=0.266s
[497/2340] I.15.10    σ=0.02 s=16 SRGB=✓ NULL=✓ ST=✓ t=0.256s
[498/2340] I.15.10    σ=0.02 s=17 SRGB=✓ NULL=✓ ST=✓ t=0.357s
[499/2340] I.15.10    σ=0.02 s=18 SRGB=✓ NULL=✓ ST=✓ t=0.285s
[500/2340] I.15.10    σ=0.02 s=19 SRGB=✓ NULL=✓ ST=✓ t=0.234s
[501/2340] I.15.10    σ=0.02 s=20 SRGB=✓ NULL=✓ ST=✓ t=0.272s
[502/2340] I.15.10    σ=0.02 s=21 SRGB=✓ NULL=✓ ST=✓ t=0.321s
[503/2340] I.15.10    σ=0.02 s=22 SRGB=✓ NULL=✓ ST=✓ t=0.245s
[504/2340] I.15.10    σ=0.02 s=23 SRGB=✓ NULL=✓ ST=✓ t=0.236s
[505/2340] I.15.10    σ=0.02 s=24 SRGB=✓ NULL=✓ ST=✓ t=0.264s
[506/2340] I.15.10    σ=0.02 s=25 SRGB=✓ NULL=✓ ST=✓ t=0.253s
[507/2340] I.15.10    σ=0.02 s=26 SRGB=✓ NULL=✓ ST=✓ t=0.357s
[508/2340] I.15.10    σ=0.02 s=27 SRGB=✓ NULL=✓ ST=✓ t=0.420s
[509/2340] I.15.10    σ=0.02 s=28 SRGB=✓ NULL=✓ ST=✓ t=0.616s
[510/2340] I.15.10    σ=0.02 s=29 SRGB=✓ NULL=✓ ST=✓ t=0.606s
[511/2340] I.15.10    σ=0.05 s=0 SRGB=✓ NULL=✓ ST=✓ t=2.739s
[512/2340] I.15.10    σ=0.05 s=1 SRGB=✓ NULL=✗ ST=✓ t=1.078s
[513/2340] I.15.10    σ=0.05 s=2 SRGB=✓ NULL=✓ ST=✓ t=1.667s
[514/2340] I.15.10    σ=0.05 s=3 SRGB=✓ NULL=✓ ST=✓ t=1.408s
[515/2340] I.15.10    σ=0.05 s=4 SRGB=✓ NULL=✗ ST=✓ t=1.470s
[516/2340] I.15.10    σ=0.05 s=5 SRGB=✓ NULL=✗ ST=✓ t=1.284s
[517/2340] I.15.10    σ=0.05 s=6 SRGB=✓ NULL=✓ ST=✓ t=1.525s
[518/2340] I.15.10    σ=0.05 s=7 SRGB=✓ NULL=✗ ST=✓ t=1.513s
[519/2340] I.15.10    σ=0.05 s=8 SRGB=✓ NULL=✓ ST=✓ t=1.479s
[520/2340] I.15.10    σ=0.05 s=9 SRGB=✓ NULL=✗ ST=✓ t=2.335s
[521/2340] I.15.10    σ=0.05 s=10 SRGB=✓ NULL=✗ ST=✓ t=2.213s
[522/2340] I.15.10    σ=0.05 s=11 SRGB=✓ NULL=✗ ST=✓ t=1.813s
[523/2340] I.15.10    σ=0.05 s=12 SRGB=✓ NULL=✓ ST=✓ t=1.496s
[524/2340] I.15.10    σ=0.05 s=13 SRGB=✓ NULL=✓ ST=✓ t=1.343s
[525/2340] I.15.10    σ=0.05 s=14 SRGB=✓ NULL=✓ ST=✓ t=1.746s
[526/2340] I.15.10    σ=0.05 s=15 SRGB=✓ NULL=✓ ST=✓ t=1.353s
[527/2340] I.15.10    σ=0.05 s=16 SRGB=✓ NULL=✓ ST=✓ t=1.383s
[528/2340] I.15.10    σ=0.05 s=17 SRGB=✓ NULL=✗ ST=✓ t=1.514s
[529/2340] I.15.10    σ=0.05 s=18 SRGB=✓ NULL=✓ ST=✓ t=1.754s
[530/2340] I.15.10    σ=0.05 s=19 SRGB=✓ NULL=✗ ST=✓ t=2.962s
[531/2340] I.15.10    σ=0.05 s=20 SRGB=✓ NULL=✗ ST=✓ t=2.088s
[532/2340] I.15.10    σ=0.05 s=21 SRGB=✓ NULL=✓ ST=✓ t=1.361s
[533/2340] I.15.10    σ=0.05 s=22 SRGB=✓ NULL=✓ ST=✓ t=1.343s
[534/2340] I.15.10    σ=0.05 s=23 SRGB=✓ NULL=✗ ST=✓ t=1.463s
[535/2340] I.15.10    σ=0.05 s=24 SRGB=✓ NULL=✗ ST=✓ t=1.394s
[536/2340] I.15.10    σ=0.05 s=25 SRGB=✓ NULL=✓ ST=✓ t=1.374s
[537/2340] I.15.10    σ=0.05 s=26 SRGB=✓ NULL=✗ ST=✓ t=1.365s
[538/2340] I.15.10    σ=0.05 s=27 SRGB=✓ NULL=✗ ST=✓ t=1.673s
[539/2340] I.15.10    σ=0.05 s=28 SRGB=✓ NULL=✗ ST=✓ t=3.085s
[540/2340] I.15.10    σ=0.05 s=29 SRGB=✓ NULL=✗ ST=✓ t=2.263s
[541/2340] I.18.4     σ=0.00 s=0 SRGB=✓ NULL=✓ ST=✓ t=0.853s
[542/2340] I.18.4     σ=0.00 s=1 SRGB=✓ NULL=✓ ST=✓ t=0.981s
[543/2340] I.18.4     σ=0.00 s=2 SRGB=✓ NULL=✓ ST=✓ t=0.795s
[544/2340] I.18.4     σ=0.00 s=3 SRGB=✓ NULL=✓ ST=✓ t=0.798s
[545/2340] I.18.4     σ=0.00 s=4 SRGB=✓ NULL=✓ ST=✓ t=0.815s
[546/2340] I.18.4     σ=0.00 s=5 SRGB=✓ NULL=✓ ST=✓ t=0.775s
[547/2340] I.18.4     σ=0.00 s=6 SRGB=✓ NULL=✓ ST=✓ t=0.851s
[548/2340] I.18.4     σ=0.00 s=7 SRGB=✓ NULL=✓ ST=✓ t=0.794s
[549/2340] I.18.4     σ=0.00 s=8 SRGB=✓ NULL=✓ ST=✓ t=0.800s
[550/2340] I.18.4     σ=0.00 s=9 SRGB=✓ NULL=✓ ST=✓ t=1.225s
[551/2340] I.18.4     σ=0.00 s=10 SRGB=✓ NULL=✓ ST=✓ t=0.813s
[552/2340] I.18.4     σ=0.00 s=11 SRGB=✓ NULL=✓ ST=✓ t=1.459s
[553/2340] I.18.4     σ=0.00 s=12 SRGB=✓ NULL=✓ ST=✓ t=1.950s
[554/2340] I.18.4     σ=0.00 s=13 SRGB=✓ NULL=✓ ST=✓ t=2.311s
[555/2340] I.18.4     σ=0.00 s=14 SRGB=✓ NULL=✓ ST=✓ t=0.832s
[556/2340] I.18.4     σ=0.00 s=15 SRGB=✓ NULL=✓ ST=✓ t=0.886s
[557/2340] I.18.4     σ=0.00 s=16 SRGB=✓ NULL=✓ ST=✓ t=0.854s
[558/2340] I.18.4     σ=0.00 s=17 SRGB=✓ NULL=✓ ST=✓ t=0.767s
[559/2340] I.18.4     σ=0.00 s=18 SRGB=✓ NULL=✓ ST=✓ t=0.873s
[560/2340] I.18.4     σ=0.00 s=19 SRGB=✓ NULL=✓ ST=✓ t=0.737s
[561/2340] I.18.4     σ=0.00 s=20 SRGB=✓ NULL=✓ ST=✓ t=0.725s
[562/2340] I.18.4     σ=0.00 s=21 SRGB=✓ NULL=✓ ST=✓ t=0.884s
[563/2340] I.18.4     σ=0.00 s=22 SRGB=✓ NULL=✓ ST=✓ t=0.743s
[564/2340] I.18.4     σ=0.00 s=23 SRGB=✓ NULL=✓ ST=✓ t=0.774s
[565/2340] I.18.4     σ=0.00 s=24 SRGB=✓ NULL=✓ ST=✓ t=0.754s
[566/2340] I.18.4     σ=0.00 s=25 SRGB=✓ NULL=✓ ST=✓ t=0.728s
[567/2340] I.18.4     σ=0.00 s=26 SRGB=✓ NULL=✓ ST=✓ t=1.099s
[568/2340] I.18.4     σ=0.00 s=27 SRGB=✓ NULL=✓ ST=✓ t=2.403s
[569/2340] I.18.4     σ=0.00 s=28 SRGB=✓ NULL=✓ ST=✓ t=1.970s
[570/2340] I.18.4     σ=0.00 s=29 SRGB=✓ NULL=✓ ST=✓ t=1.073s
[571/2340] I.18.4     σ=0.02 s=0 SRGB=✓ NULL=✓ ST=✓ t=0.931s
[572/2340] I.18.4     σ=0.02 s=1 SRGB=✓ NULL=✓ ST=✓ t=0.923s
[573/2340] I.18.4     σ=0.02 s=2 SRGB=✓ NULL=✓ ST=✓ t=1.018s
[574/2340] I.18.4     σ=0.02 s=3 SRGB=✓ NULL=✓ ST=✓ t=1.166s
[575/2340] I.18.4     σ=0.02 s=4 SRGB=✓ NULL=✓ ST=✓ t=1.174s
[576/2340] I.18.4     σ=0.02 s=5 SRGB=✓ NULL=✓ ST=✓ t=1.059s
[577/2340] I.18.4     σ=0.02 s=6 SRGB=✓ NULL=✓ ST=✓ t=1.172s
[578/2340] I.18.4     σ=0.02 s=7 SRGB=✓ NULL=✓ ST=✓ t=1.000s
[579/2340] I.18.4     σ=0.02 s=8 SRGB=✓ NULL=✓ ST=✓ t=1.641s
[580/2340] I.18.4     σ=0.02 s=9 SRGB=✓ NULL=✓ ST=✓ t=2.841s
[581/2340] I.18.4     σ=0.02 s=10 SRGB=✓ NULL=✓ ST=✓ t=2.420s
[582/2340] I.18.4     σ=0.02 s=11 SRGB=✓ NULL=✓ ST=✓ t=1.189s
[583/2340] I.18.4     σ=0.02 s=12 SRGB=✓ NULL=✓ ST=✓ t=1.136s
[584/2340] I.18.4     σ=0.02 s=13 SRGB=✓ NULL=✓ ST=✓ t=1.006s
[585/2340] I.18.4     σ=0.02 s=14 SRGB=✓ NULL=✓ ST=✓ t=1.227s
[586/2340] I.18.4     σ=0.02 s=15 SRGB=✓ NULL=✓ ST=✓ t=1.175s
[587/2340] I.18.4     σ=0.02 s=16 SRGB=✓ NULL=✓ ST=✓ t=1.030s
[588/2340] I.18.4     σ=0.02 s=17 SRGB=✓ NULL=✓ ST=✓ t=1.047s
[589/2340] I.18.4     σ=0.02 s=18 SRGB=✓ NULL=✓ ST=✓ t=1.072s
[590/2340] I.18.4     σ=0.02 s=19 SRGB=✓ NULL=✓ ST=✓ t=1.152s
[591/2340] I.18.4     σ=0.02 s=20 SRGB=✓ NULL=✓ ST=✓ t=2.781s
[592/2340] I.18.4     σ=0.02 s=21 SRGB=✓ NULL=✓ ST=✓ t=2.523s
[593/2340] I.18.4     σ=0.02 s=22 SRGB=✓ NULL=✓ ST=✓ t=1.119s
[594/2340] I.18.4     σ=0.02 s=23 SRGB=✓ NULL=✓ ST=✓ t=1.080s
[595/2340] I.18.4     σ=0.02 s=24 SRGB=✓ NULL=✓ ST=✓ t=0.915s
[596/2340] I.18.4     σ=0.02 s=25 SRGB=✓ NULL=✓ ST=✓ t=1.030s
[597/2340] I.18.4     σ=0.02 s=26 SRGB=✓ NULL=✓ ST=✓ t=1.220s
[598/2340] I.18.4     σ=0.02 s=27 SRGB=✓ NULL=✓ ST=✓ t=1.141s
[599/2340] I.18.4     σ=0.02 s=28 SRGB=✓ NULL=✓ ST=✓ t=1.070s
[600/2340] I.18.4     σ=0.02 s=29 SRGB=✓ NULL=✓ ST=✓ t=1.034s
[601/2340] I.18.4     σ=0.05 s=0 SRGB=✓ NULL=✓ ST=✓ t=0.939s
[602/2340] I.18.4     σ=0.05 s=1 SRGB=✓ NULL=✓ ST=✓ t=1.334s
[603/2340] I.18.4     σ=0.05 s=2 SRGB=✓ NULL=✓ ST=✓ t=2.669s
[604/2340] I.18.4     σ=0.05 s=3 SRGB=✓ NULL=✓ ST=✓ t=2.069s
[605/2340] I.18.4     σ=0.05 s=4 SRGB=✓ NULL=✓ ST=✓ t=1.161s
[606/2340] I.18.4     σ=0.05 s=5 SRGB=✓ NULL=✓ ST=✓ t=1.062s
[607/2340] I.18.4     σ=0.05 s=6 SRGB=✓ NULL=✓ ST=✓ t=1.147s
[608/2340] I.18.4     σ=0.05 s=7 SRGB=✓ NULL=✓ ST=✓ t=0.924s
[609/2340] I.18.4     σ=0.05 s=8 SRGB=✓ NULL=✓ ST=✓ t=1.051s
[610/2340] I.18.4     σ=0.05 s=9 SRGB=✓ NULL=✓ ST=✓ t=1.187s
[611/2340] I.18.4     σ=0.05 s=10 SRGB=✓ NULL=✓ ST=✓ t=1.048s
[612/2340] I.18.4     σ=0.05 s=11 SRGB=✓ NULL=✓ ST=✓ t=1.114s
[613/2340] I.18.4     σ=0.05 s=12 SRGB=✓ NULL=✓ ST=✓ t=1.173s
[614/2340] I.18.4     σ=0.05 s=13 SRGB=✓ NULL=✓ ST=✓ t=2.081s
[615/2340] I.18.4     σ=0.05 s=14 SRGB=✓ NULL=✓ ST=✓ t=2.496s
[616/2340] I.18.4     σ=0.05 s=15 SRGB=✓ NULL=✓ ST=✓ t=1.801s
[617/2340] I.18.4     σ=0.05 s=16 SRGB=✓ NULL=✓ ST=✓ t=0.988s
[618/2340] I.18.4     σ=0.05 s=17 SRGB=✓ NULL=✓ ST=✓ t=1.103s
[619/2340] I.18.4     σ=0.05 s=18 SRGB=✓ NULL=✓ ST=✓ t=0.907s
[620/2340] I.18.4     σ=0.05 s=19 SRGB=✓ NULL=✓ ST=✓ t=1.033s
[621/2340] I.18.4     σ=0.05 s=20 SRGB=✓ NULL=✓ ST=✓ t=0.949s
[622/2340] I.18.4     σ=0.05 s=21 SRGB=✓ NULL=✓ ST=✓ t=0.965s
[623/2340] I.18.4     σ=0.05 s=22 SRGB=✓ NULL=✓ ST=✓ t=1.052s
[624/2340] I.18.4     σ=0.05 s=23 SRGB=✓ NULL=✓ ST=✓ t=1.028s
[625/2340] I.18.4     σ=0.05 s=24 SRGB=✓ NULL=✓ ST=✓ t=0.936s
[626/2340] I.18.4     σ=0.05 s=25 SRGB=✓ NULL=✓ ST=✓ t=1.449s
[627/2340] I.18.4     σ=0.05 s=26 SRGB=✓ NULL=✓ ST=✓ t=2.611s
[628/2340] I.18.4     σ=0.05 s=27 SRGB=✓ NULL=✓ ST=✓ t=2.714s
[629/2340] I.18.4     σ=0.05 s=28 SRGB=✓ NULL=✓ ST=✓ t=0.985s
[630/2340] I.18.4     σ=0.05 s=29 SRGB=✓ NULL=✓ ST=✓ t=1.151s
[631/2340] I.34.1     σ=0.00 s=0 SRGB=✓ NULL=✓ ST=✓ t=0.328s
[632/2340] I.34.1     σ=0.00 s=1 SRGB=✓ NULL=✓ ST=✓ t=0.222s
[633/2340] I.34.1     σ=0.00 s=2 SRGB=✓ NULL=✓ ST=✓ t=0.338s
[634/2340] I.34.1     σ=0.00 s=3 SRGB=✓ NULL=✓ ST=✓ t=0.303s
[635/2340] I.34.1     σ=0.00 s=4 SRGB=✓ NULL=✓ ST=✓ t=0.229s
[636/2340] I.34.1     σ=0.00 s=5 SRGB=✓ NULL=✓ ST=✓ t=0.226s
[637/2340] I.34.1     σ=0.00 s=6 SRGB=✓ NULL=✓ ST=✓ t=0.224s
[638/2340] I.34.1     σ=0.00 s=7 SRGB=✓ NULL=✓ ST=✓ t=0.263s
[639/2340] I.34.1     σ=0.00 s=8 SRGB=✓ NULL=✓ ST=✓ t=0.226s
[640/2340] I.34.1     σ=0.00 s=9 SRGB=✓ NULL=✓ ST=✓ t=0.221s
[641/2340] I.34.1     σ=0.00 s=10 SRGB=✓ NULL=✓ ST=✓ t=0.237s
[642/2340] I.34.1     σ=0.00 s=11 SRGB=✓ NULL=✓ ST=✓ t=0.280s
[643/2340] I.34.1     σ=0.00 s=12 SRGB=✓ NULL=✓ ST=✓ t=0.211s
[644/2340] I.34.1     σ=0.00 s=13 SRGB=✓ NULL=✓ ST=✓ t=0.218s
[645/2340] I.34.1     σ=0.00 s=14 SRGB=✓ NULL=✓ ST=✓ t=0.215s
[646/2340] I.34.1     σ=0.00 s=15 SRGB=✓ NULL=✓ ST=✓ t=0.210s
[647/2340] I.34.1     σ=0.00 s=16 SRGB=✓ NULL=✓ ST=✓ t=0.240s
[648/2340] I.34.1     σ=0.00 s=17 SRGB=✓ NULL=✓ ST=✓ t=0.230s
[649/2340] I.34.1     σ=0.00 s=18 SRGB=✓ NULL=✓ ST=✓ t=0.227s
[650/2340] I.34.1     σ=0.00 s=19 SRGB=✓ NULL=✓ ST=✓ t=0.225s
[651/2340] I.34.1     σ=0.00 s=20 SRGB=✓ NULL=✓ ST=✓ t=0.230s
[652/2340] I.34.1     σ=0.00 s=21 SRGB=✓ NULL=✓ ST=✓ t=0.327s
[653/2340] I.34.1     σ=0.00 s=22 SRGB=✓ NULL=✓ ST=✓ t=0.213s
[654/2340] I.34.1     σ=0.00 s=23 SRGB=✓ NULL=✓ ST=✓ t=0.221s
[655/2340] I.34.1     σ=0.00 s=24 SRGB=✓ NULL=✓ ST=✓ t=0.214s
[656/2340] I.34.1     σ=0.00 s=25 SRGB=✓ NULL=✓ ST=✓ t=0.250s
[657/2340] I.34.1     σ=0.00 s=26 SRGB=✓ NULL=✓ ST=✓ t=0.220s
[658/2340] I.34.1     σ=0.00 s=27 SRGB=✓ NULL=✓ ST=✓ t=0.229s
[659/2340] I.34.1     σ=0.00 s=28 SRGB=✓ NULL=✓ ST=✓ t=0.215s
[660/2340] I.34.1     σ=0.00 s=29 SRGB=✓ NULL=✓ ST=✓ t=0.220s
[661/2340] I.34.1     σ=0.02 s=0 SRGB=✓ NULL=✓ ST=✓ t=0.529s
[662/2340] I.34.1     σ=0.02 s=1 SRGB=✓ NULL=✓ ST=✓ t=0.336s
[663/2340] I.34.1     σ=0.02 s=2 SRGB=✓ NULL=✓ ST=✓ t=0.545s
[664/2340] I.34.1     σ=0.02 s=3 SRGB=✓ NULL=✓ ST=✓ t=0.678s
[665/2340] I.34.1     σ=0.02 s=4 SRGB=✓ NULL=✓ ST=✓ t=0.486s
[666/2340] I.34.1     σ=0.02 s=5 SRGB=✓ NULL=✓ ST=✓ t=0.492s
[667/2340] I.34.1     σ=0.02 s=6 SRGB=✓ NULL=✓ ST=✓ t=0.669s
[668/2340] I.34.1     σ=0.02 s=7 SRGB=✓ NULL=✓ ST=✓ t=0.667s
[669/2340] I.34.1     σ=0.02 s=8 SRGB=✓ NULL=✓ ST=✓ t=0.479s
[670/2340] I.34.1     σ=0.02 s=9 SRGB=✓ NULL=✓ ST=✓ t=0.644s
[671/2340] I.34.1     σ=0.02 s=10 SRGB=✓ NULL=✓ ST=✓ t=0.464s
[672/2340] I.34.1     σ=0.02 s=11 SRGB=✓ NULL=✓ ST=✓ t=0.228s
[673/2340] I.34.1     σ=0.02 s=12 SRGB=✓ NULL=✓ ST=✓ t=0.256s
[674/2340] I.34.1     σ=0.02 s=13 SRGB=✓ NULL=✓ ST=✓ t=0.340s
[675/2340] I.34.1     σ=0.02 s=14 SRGB=✓ NULL=✓ ST=✓ t=0.226s
[676/2340] I.34.1     σ=0.02 s=15 SRGB=✓ NULL=✓ ST=✓ t=0.236s
[677/2340] I.34.1     σ=0.02 s=16 SRGB=✓ NULL=✓ ST=✓ t=0.237s
[678/2340] I.34.1     σ=0.02 s=17 SRGB=✓ NULL=✓ ST=✓ t=0.250s
[679/2340] I.34.1     σ=0.02 s=18 SRGB=✓ NULL=✓ ST=✓ t=0.276s
[680/2340] I.34.1     σ=0.02 s=19 SRGB=✓ NULL=✓ ST=✓ t=0.272s
[681/2340] I.34.1     σ=0.02 s=20 SRGB=✓ NULL=✓ ST=✓ t=0.283s
[682/2340] I.34.1     σ=0.02 s=21 SRGB=✓ NULL=✓ ST=✓ t=0.270s
[683/2340] I.34.1     σ=0.02 s=22 SRGB=✓ NULL=✓ ST=✓ t=0.230s
[684/2340] I.34.1     σ=0.02 s=23 SRGB=✓ NULL=✓ ST=✓ t=0.243s
[685/2340] I.34.1     σ=0.02 s=24 SRGB=✓ NULL=✓ ST=✓ t=0.283s
[686/2340] I.34.1     σ=0.02 s=25 SRGB=✓ NULL=✓ ST=✓ t=0.252s
[687/2340] I.34.1     σ=0.02 s=26 SRGB=✓ NULL=✓ ST=✓ t=0.316s
[688/2340] I.34.1     σ=0.02 s=27 SRGB=✓ NULL=✓ ST=✓ t=0.279s
[689/2340] I.34.1     σ=0.02 s=28 SRGB=✓ NULL=✓ ST=✓ t=0.294s
[690/2340] I.34.1     σ=0.02 s=29 SRGB=✓ NULL=✓ ST=✓ t=0.260s
[691/2340] I.34.1     σ=0.05 s=0 SRGB=✓ NULL=✓ ST=✓ t=0.236s
[692/2340] I.34.1     σ=0.05 s=1 SRGB=✓ NULL=✓ ST=✓ t=0.264s
[693/2340] I.34.1     σ=0.05 s=2 SRGB=✓ NULL=✓ ST=✓ t=0.224s
[694/2340] I.34.1     σ=0.05 s=3 SRGB=✓ NULL=✓ ST=✓ t=0.329s
[695/2340] I.34.1     σ=0.05 s=4 SRGB=✓ NULL=✓ ST=✓ t=0.229s
[696/2340] I.34.1     σ=0.05 s=5 SRGB=✓ NULL=✓ ST=✓ t=0.246s
[697/2340] I.34.1     σ=0.05 s=6 SRGB=✓ NULL=✓ ST=✓ t=0.227s
[698/2340] I.34.1     σ=0.05 s=7 SRGB=✓ NULL=✓ ST=✓ t=0.263s
[699/2340] I.34.1     σ=0.05 s=8 SRGB=✓ NULL=✓ ST=✓ t=0.304s
[700/2340] I.34.1     σ=0.05 s=9 SRGB=✓ NULL=✓ ST=✓ t=0.281s
[701/2340] I.34.1     σ=0.05 s=10 SRGB=✓ NULL=✓ ST=✓ t=0.233s
[702/2340] I.34.1     σ=0.05 s=11 SRGB=✓ NULL=✓ ST=✓ t=0.248s
[703/2340] I.34.1     σ=0.05 s=12 SRGB=✓ NULL=✓ ST=✓ t=0.296s
[704/2340] I.34.1     σ=0.05 s=13 SRGB=✓ NULL=✓ ST=✓ t=0.238s
[705/2340] I.34.1     σ=0.05 s=14 SRGB=✓ NULL=✓ ST=✓ t=0.224s
[706/2340] I.34.1     σ=0.05 s=15 SRGB=✓ NULL=✓ ST=✓ t=0.227s
[707/2340] I.34.1     σ=0.05 s=16 SRGB=✓ NULL=✓ ST=✓ t=0.342s
[708/2340] I.34.1     σ=0.05 s=17 SRGB=✓ NULL=✓ ST=✓ t=0.232s
[709/2340] I.34.1     σ=0.05 s=18 SRGB=✓ NULL=✓ ST=✓ t=0.223s
[710/2340] I.34.1     σ=0.05 s=19 SRGB=✓ NULL=✓ ST=✓ t=0.389s
[711/2340] I.34.1     σ=0.05 s=20 SRGB=✓ NULL=✓ ST=✓ t=0.421s
[712/2340] I.34.1     σ=0.05 s=21 SRGB=✓ NULL=✓ ST=✓ t=0.520s
[713/2340] I.34.1     σ=0.05 s=22 SRGB=✓ NULL=✓ ST=✓ t=0.662s
[714/2340] I.34.1     σ=0.05 s=23 SRGB=✓ NULL=✓ ST=✓ t=0.649s
[715/2340] I.34.1     σ=0.05 s=24 SRGB=✓ NULL=✓ ST=✓ t=0.446s
[716/2340] I.34.1     σ=0.05 s=25 SRGB=✓ NULL=✓ ST=✓ t=0.511s
[717/2340] I.34.1     σ=0.05 s=26 SRGB=✓ NULL=✓ ST=✓ t=0.566s
[718/2340] I.34.1     σ=0.05 s=27 SRGB=✓ NULL=✓ ST=✓ t=0.562s
[719/2340] I.34.1     σ=0.05 s=28 SRGB=✓ NULL=✓ ST=✓ t=0.484s
[720/2340] I.34.1     σ=0.05 s=29 SRGB=✓ NULL=✓ ST=✓ t=0.578s
[721/2340] I.34.8     σ=0.00 s=0 SRGB=✓ NULL=✓ ST=✓ t=0.424s
[722/2340] I.34.8     σ=0.00 s=1 SRGB=✓ NULL=✓ ST=✓ t=0.238s
[723/2340] I.34.8     σ=0.00 s=2 SRGB=✓ NULL=✓ ST=✓ t=0.258s
[724/2340] I.34.8     σ=0.00 s=3 SRGB=✓ NULL=✓ ST=✓ t=0.244s
[725/2340] I.34.8     σ=0.00 s=4 SRGB=✓ NULL=✓ ST=✓ t=0.272s
[726/2340] I.34.8     σ=0.00 s=5 SRGB=✓ NULL=✓ ST=✓ t=0.265s
[727/2340] I.34.8     σ=0.00 s=6 SRGB=✓ NULL=✓ ST=✓ t=0.258s
[728/2340] I.34.8     σ=0.00 s=7 SRGB=✓ NULL=✓ ST=✓ t=0.272s
[729/2340] I.34.8     σ=0.00 s=8 SRGB=✓ NULL=✓ ST=✓ t=0.228s
[730/2340] I.34.8     σ=0.00 s=9 SRGB=✓ NULL=✓ ST=✓ t=0.256s
[731/2340] I.34.8     σ=0.00 s=10 SRGB=✓ NULL=✓ ST=✓ t=0.262s
[732/2340] I.34.8     σ=0.00 s=11 SRGB=✓ NULL=✓ ST=✓ t=0.262s
[733/2340] I.34.8     σ=0.00 s=12 SRGB=✓ NULL=✓ ST=✓ t=0.243s
[734/2340] I.34.8     σ=0.00 s=13 SRGB=✓ NULL=✓ ST=✓ t=0.238s
[735/2340] I.34.8     σ=0.00 s=14 SRGB=✓ NULL=✓ ST=✓ t=0.568s
[736/2340] I.34.8     σ=0.00 s=15 SRGB=✓ NULL=✓ ST=✓ t=0.286s
[737/2340] I.34.8     σ=0.00 s=16 SRGB=✓ NULL=✓ ST=✓ t=0.254s
[738/2340] I.34.8     σ=0.00 s=17 SRGB=✓ NULL=✓ ST=✓ t=0.243s
[739/2340] I.34.8     σ=0.00 s=18 SRGB=✓ NULL=✓ ST=✓ t=0.262s
[740/2340] I.34.8     σ=0.00 s=19 SRGB=✓ NULL=✓ ST=✓ t=0.240s
[741/2340] I.34.8     σ=0.00 s=20 SRGB=✓ NULL=✓ ST=✓ t=0.277s
[742/2340] I.34.8     σ=0.00 s=21 SRGB=✓ NULL=✓ ST=✓ t=0.271s
[743/2340] I.34.8     σ=0.00 s=22 SRGB=✓ NULL=✓ ST=✓ t=0.263s
[744/2340] I.34.8     σ=0.00 s=23 SRGB=✓ NULL=✓ ST=✓ t=0.254s
[745/2340] I.34.8     σ=0.00 s=24 SRGB=✓ NULL=✓ ST=✓ t=0.224s
[746/2340] I.34.8     σ=0.00 s=25 SRGB=✓ NULL=✓ ST=✓ t=0.228s
[747/2340] I.34.8     σ=0.00 s=26 SRGB=✓ NULL=✓ ST=✓ t=0.254s
[748/2340] I.34.8     σ=0.00 s=27 SRGB=✓ NULL=✓ ST=✓ t=0.266s
[749/2340] I.34.8     σ=0.00 s=28 SRGB=✓ NULL=✓ ST=✓ t=0.187s
[750/2340] I.34.8     σ=0.00 s=29 SRGB=✓ NULL=✓ ST=✓ t=0.209s
[751/2340] I.34.8     σ=0.02 s=0 SRGB=✓ NULL=✗ ST=✗ t=2.086s
[752/2340] I.34.8     σ=0.02 s=1 SRGB=✓ NULL=✗ ST=✗ t=3.680s
[753/2340] I.34.8     σ=0.02 s=2 SRGB=✓ NULL=✗ ST=✗ t=2.723s
[754/2340] I.34.8     σ=0.02 s=3 SRGB=✓ NULL=✗ ST=✗ t=2.106s
[755/2340] I.34.8     σ=0.02 s=4 SRGB=✓ NULL=✗ ST=✗ t=2.286s
[756/2340] I.34.8     σ=0.02 s=5 SRGB=✓ NULL=✗ ST=✗ t=2.188s
[757/2340] I.34.8     σ=0.02 s=6 SRGB=✓ NULL=✗ ST=✗ t=2.280s
[758/2340] I.34.8     σ=0.02 s=7 SRGB=✓ NULL=✗ ST=✗ t=3.148s
[759/2340] I.34.8     σ=0.02 s=8 SRGB=✓ NULL=✗ ST=✗ t=3.402s
[760/2340] I.34.8     σ=0.02 s=9 SRGB=✓ NULL=✗ ST=✗ t=2.266s
[761/2340] I.34.8     σ=0.02 s=10 SRGB=✓ NULL=✗ ST=✗ t=1.894s
[762/2340] I.34.8     σ=0.02 s=11 SRGB=✓ NULL=✗ ST=✗ t=2.093s
[763/2340] I.34.8     σ=0.02 s=12 SRGB=✓ NULL=✗ ST=✗ t=2.074s
[764/2340] I.34.8     σ=0.02 s=13 SRGB=✓ NULL=✗ ST=✗ t=2.527s
[765/2340] I.34.8     σ=0.02 s=14 SRGB=✓ NULL=✗ ST=✗ t=3.549s
[766/2340] I.34.8     σ=0.02 s=15 SRGB=✓ NULL=✗ ST=✗ t=2.528s
[767/2340] I.34.8     σ=0.02 s=16 SRGB=✓ NULL=✗ ST=✗ t=1.876s
[768/2340] I.34.8     σ=0.02 s=17 SRGB=✓ NULL=✗ ST=✗ t=2.174s
[769/2340] I.34.8     σ=0.02 s=18 SRGB=✓ NULL=✗ ST=✗ t=1.906s
[770/2340] I.34.8     σ=0.02 s=19 SRGB=✓ NULL=✗ ST=✗ t=1.894s
[771/2340] I.34.8     σ=0.02 s=20 SRGB=✓ NULL=✗ ST=✗ t=3.410s
[772/2340] I.34.8     σ=0.02 s=21 SRGB=✓ NULL=✗ ST=✗ t=3.005s
[773/2340] I.34.8     σ=0.02 s=22 SRGB=✓ NULL=✗ ST=✗ t=2.352s
[774/2340] I.34.8     σ=0.02 s=23 SRGB=✓ NULL=✗ ST=✗ t=2.198s
[775/2340] I.34.8     σ=0.02 s=24 SRGB=✓ NULL=✗ ST=✗ t=1.992s
[776/2340] I.34.8     σ=0.02 s=25 SRGB=✓ NULL=✗ ST=✗ t=2.399s
[777/2340] I.34.8     σ=0.02 s=26 SRGB=✓ NULL=✗ ST=✗ t=3.819s
[778/2340] I.34.8     σ=0.02 s=27 SRGB=✓ NULL=✗ ST=✗ t=2.964s
[779/2340] I.34.8     σ=0.02 s=28 SRGB=✓ NULL=✗ ST=✗ t=2.023s
[780/2340] I.34.8     σ=0.02 s=29 SRGB=✓ NULL=✗ ST=✗ t=2.149s
[781/2340] I.34.8     σ=0.05 s=0 SRGB=✓ NULL=✗ ST=✗ t=2.333s
[782/2340] I.34.8     σ=0.05 s=1 SRGB=✓ NULL=✗ ST=✗ t=2.574s
[783/2340] I.34.8     σ=0.05 s=2 SRGB=✓ NULL=✗ ST=✗ t=4.087s
[784/2340] I.34.8     σ=0.05 s=3 SRGB=✓ NULL=✗ ST=✗ t=2.998s
[785/2340] I.34.8     σ=0.05 s=4 SRGB=✓ NULL=✗ ST=✗ t=2.258s
[786/2340] I.34.8     σ=0.05 s=5 SRGB=✓ NULL=✗ ST=✗ t=2.302s
[787/2340] I.34.8     σ=0.05 s=6 SRGB=✓ NULL=✗ ST=✗ t=2.367s
[788/2340] I.34.8     σ=0.05 s=7 SRGB=✓ NULL=✗ ST=✗ t=2.674s
[789/2340] I.34.8     σ=0.05 s=8 SRGB=✓ NULL=✗ ST=✗ t=3.791s
[790/2340] I.34.8     σ=0.05 s=9 SRGB=✓ NULL=✗ ST=✗ t=1.820s
[791/2340] I.34.8     σ=0.05 s=10 SRGB=✓ NULL=✗ ST=✗ t=2.637s
[792/2340] I.34.8     σ=0.05 s=11 SRGB=✓ NULL=✗ ST=✗ t=2.310s
[793/2340] I.34.8     σ=0.05 s=12 SRGB=✓ NULL=✗ ST=✗ t=2.355s
[794/2340] I.34.8     σ=0.05 s=13 SRGB=✓ NULL=✗ ST=✗ t=3.163s
[795/2340] I.34.8     σ=0.05 s=14 SRGB=✓ NULL=✗ ST=✗ t=3.865s
[796/2340] I.34.8     σ=0.05 s=15 SRGB=✓ NULL=✗ ST=✗ t=2.293s
[797/2340] I.34.8     σ=0.05 s=16 SRGB=✓ NULL=✗ ST=✗ t=2.545s
[798/2340] I.34.8     σ=0.05 s=17 SRGB=✓ NULL=✗ ST=✗ t=2.422s
[799/2340] I.34.8     σ=0.05 s=18 SRGB=✓ NULL=✗ ST=✗ t=2.573s
[800/2340] I.34.8     σ=0.05 s=19 SRGB=✓ NULL=✗ ST=✗ t=3.740s
[801/2340] I.34.8     σ=0.05 s=20 SRGB=✓ NULL=✗ ST=✗ t=2.849s
[802/2340] I.34.8     σ=0.05 s=21 SRGB=✓ NULL=✗ ST=✗ t=2.244s
[803/2340] I.34.8     σ=0.05 s=22 SRGB=✓ NULL=✗ ST=✗ t=2.549s
[804/2340] I.34.8     σ=0.05 s=23 SRGB=✓ NULL=✗ ST=✗ t=2.503s
[805/2340] I.34.8     σ=0.05 s=24 SRGB=✓ NULL=✗ ST=✗ t=3.068s
[806/2340] I.34.8     σ=0.05 s=25 SRGB=✓ NULL=✗ ST=✗ t=4.129s
[807/2340] I.34.8     σ=0.05 s=26 SRGB=✓ NULL=✗ ST=✗ t=2.282s
[808/2340] I.34.8     σ=0.05 s=27 SRGB=✓ NULL=✗ ST=✗ t=2.294s
[809/2340] I.34.8     σ=0.05 s=28 SRGB=✓ NULL=✗ ST=✗ t=2.203s
[810/2340] I.34.8     σ=0.05 s=29 SRGB=✓ NULL=✗ ST=✗ t=2.679s
[811/2340] I.34.14    σ=0.00 s=0 SRGB=✓ NULL=✓ ST=✓ t=0.744s
[812/2340] I.34.14    σ=0.00 s=1 SRGB=✓ NULL=✓ ST=✓ t=0.787s
[813/2340] I.34.14    σ=0.00 s=2 SRGB=✓ NULL=✓ ST=✓ t=0.979s
[814/2340] I.34.14    σ=0.00 s=3 SRGB=✓ NULL=✓ ST=✓ t=0.477s
[815/2340] I.34.14    σ=0.00 s=4 SRGB=✓ NULL=✓ ST=✓ t=0.617s
[816/2340] I.34.14    σ=0.00 s=5 SRGB=✓ NULL=✓ ST=✓ t=1.206s
[817/2340] I.34.14    σ=0.00 s=6 SRGB=✓ NULL=✓ ST=✓ t=0.983s
[818/2340] I.34.14    σ=0.00 s=7 SRGB=✓ NULL=✓ ST=✓ t=0.347s
[819/2340] I.34.14    σ=0.00 s=8 SRGB=✓ NULL=✓ ST=✓ t=0.379s
[820/2340] I.34.14    σ=0.00 s=9 SRGB=✓ NULL=✓ ST=✓ t=0.271s
[821/2340] I.34.14    σ=0.00 s=10 SRGB=✓ NULL=✓ ST=✓ t=0.328s
[822/2340] I.34.14    σ=0.00 s=11 SRGB=✓ NULL=✓ ST=✓ t=0.288s
[823/2340] I.34.14    σ=0.00 s=12 SRGB=✓ NULL=✓ ST=✓ t=0.262s
[824/2340] I.34.14    σ=0.00 s=13 SRGB=✓ NULL=✓ ST=✓ t=0.299s
[825/2340] I.34.14    σ=0.00 s=14 SRGB=✓ NULL=✓ ST=✓ t=0.235s
[826/2340] I.34.14    σ=0.00 s=15 SRGB=✓ NULL=✓ ST=✓ t=0.260s
[827/2340] I.34.14    σ=0.00 s=16 SRGB=✓ NULL=✓ ST=✓ t=0.236s
[828/2340] I.34.14    σ=0.00 s=17 SRGB=✓ NULL=✓ ST=✓ t=0.267s
[829/2340] I.34.14    σ=0.00 s=18 SRGB=✓ NULL=✓ ST=✓ t=0.275s
[830/2340] I.34.14    σ=0.00 s=19 SRGB=✓ NULL=✓ ST=✓ t=0.306s
[831/2340] I.34.14    σ=0.00 s=20 SRGB=✓ NULL=✓ ST=✓ t=0.243s
[832/2340] I.34.14    σ=0.00 s=21 SRGB=✓ NULL=✓ ST=✓ t=0.258s
[833/2340] I.34.14    σ=0.00 s=22 SRGB=✓ NULL=✓ ST=✓ t=0.242s
[834/2340] I.34.14    σ=0.00 s=23 SRGB=✓ NULL=✓ ST=✓ t=0.267s
[835/2340] I.34.14    σ=0.00 s=24 SRGB=✓ NULL=✓ ST=✓ t=0.238s
[836/2340] I.34.14    σ=0.00 s=25 SRGB=✓ NULL=✓ ST=✓ t=0.249s
[837/2340] I.34.14    σ=0.00 s=26 SRGB=✓ NULL=✓ ST=✓ t=0.245s
[838/2340] I.34.14    σ=0.00 s=27 SRGB=✓ NULL=✓ ST=✓ t=0.257s
[839/2340] I.34.14    σ=0.00 s=28 SRGB=✓ NULL=✓ ST=✓ t=0.285s
[840/2340] I.34.14    σ=0.00 s=29 SRGB=✓ NULL=✓ ST=✓ t=0.244s
[841/2340] I.34.14    σ=0.02 s=0 SRGB=✓ NULL=✓ ST=✓ t=0.363s
[842/2340] I.34.14    σ=0.02 s=1 SRGB=✓ NULL=✓ ST=✓ t=0.365s
[843/2340] I.34.14    σ=0.02 s=2 SRGB=✓ NULL=✓ ST=✓ t=0.298s
[844/2340] I.34.14    σ=0.02 s=3 SRGB=✓ NULL=✓ ST=✓ t=0.326s
[845/2340] I.34.14    σ=0.02 s=4 SRGB=✓ NULL=✓ ST=✓ t=0.296s
[846/2340] I.34.14    σ=0.02 s=5 SRGB=✓ NULL=✓ ST=✓ t=0.323s
[847/2340] I.34.14    σ=0.02 s=6 SRGB=✓ NULL=✓ ST=✓ t=0.372s
[848/2340] I.34.14    σ=0.02 s=7 SRGB=✓ NULL=✓ ST=✓ t=0.374s
[849/2340] I.34.14    σ=0.02 s=8 SRGB=✓ NULL=✓ ST=✓ t=0.329s
[850/2340] I.34.14    σ=0.02 s=9 SRGB=✓ NULL=✓ ST=✓ t=0.331s
[851/2340] I.34.14    σ=0.02 s=10 SRGB=✓ NULL=✓ ST=✓ t=0.331s
[852/2340] I.34.14    σ=0.02 s=11 SRGB=✓ NULL=✓ ST=✓ t=0.470s
[853/2340] I.34.14    σ=0.02 s=12 SRGB=✓ NULL=✓ ST=✓ t=1.009s
[854/2340] I.34.14    σ=0.02 s=13 SRGB=✓ NULL=✓ ST=✓ t=0.978s
[855/2340] I.34.14    σ=0.02 s=14 SRGB=✓ NULL=✓ ST=✓ t=0.639s
[856/2340] I.34.14    σ=0.02 s=15 SRGB=✓ NULL=✓ ST=✓ t=1.139s
[857/2340] I.34.14    σ=0.02 s=16 SRGB=✓ NULL=✓ ST=✓ t=1.096s
[858/2340] I.34.14    σ=0.02 s=17 SRGB=✓ NULL=✓ ST=✓ t=0.938s
[859/2340] I.34.14    σ=0.02 s=18 SRGB=✓ NULL=✓ ST=✓ t=0.329s
[860/2340] I.34.14    σ=0.02 s=19 SRGB=✓ NULL=✓ ST=✓ t=0.378s
[861/2340] I.34.14    σ=0.02 s=20 SRGB=✓ NULL=✓ ST=✓ t=0.294s
[862/2340] I.34.14    σ=0.02 s=21 SRGB=✓ NULL=✓ ST=✓ t=0.325s
[863/2340] I.34.14    σ=0.02 s=22 SRGB=✓ NULL=✓ ST=✓ t=0.345s
[864/2340] I.34.14    σ=0.02 s=23 SRGB=✓ NULL=✓ ST=✓ t=0.297s
[865/2340] I.34.14    σ=0.02 s=24 SRGB=✓ NULL=✓ ST=✓ t=0.342s
[866/2340] I.34.14    σ=0.02 s=25 SRGB=✓ NULL=✓ ST=✓ t=0.344s
[867/2340] I.34.14    σ=0.02 s=26 SRGB=✓ NULL=✓ ST=✓ t=0.313s
[868/2340] I.34.14    σ=0.02 s=27 SRGB=✓ NULL=✓ ST=✓ t=0.322s
[869/2340] I.34.14    σ=0.02 s=28 SRGB=✓ NULL=✓ ST=✓ t=0.344s
[870/2340] I.34.14    σ=0.02 s=29 SRGB=✓ NULL=✓ ST=✓ t=0.321s
[871/2340] I.34.14    σ=0.05 s=0 SRGB=✓ NULL=✓ ST=✓ t=0.326s
[872/2340] I.34.14    σ=0.05 s=1 SRGB=✓ NULL=✓ ST=✓ t=0.336s
[873/2340] I.34.14    σ=0.05 s=2 SRGB=✓ NULL=✓ ST=✓ t=0.346s
[874/2340] I.34.14    σ=0.05 s=3 SRGB=✓ NULL=✓ ST=✓ t=0.258s
[875/2340] I.34.14    σ=0.05 s=4 SRGB=✓ NULL=✓ ST=✓ t=0.292s
[876/2340] I.34.14    σ=0.05 s=5 SRGB=✓ NULL=✓ ST=✓ t=0.335s
[877/2340] I.34.14    σ=0.05 s=6 SRGB=✓ NULL=✓ ST=✓ t=0.431s
[878/2340] I.34.14    σ=0.05 s=7 SRGB=✓ NULL=✓ ST=✓ t=0.248s
[879/2340] I.34.14    σ=0.05 s=8 SRGB=✓ NULL=✓ ST=✓ t=0.378s
[880/2340] I.34.14    σ=0.05 s=9 SRGB=✓ NULL=✓ ST=✓ t=0.267s
[881/2340] I.34.14    σ=0.05 s=10 SRGB=✓ NULL=✓ ST=✓ t=0.407s
[882/2340] I.34.14    σ=0.05 s=11 SRGB=✓ NULL=✓ ST=✓ t=0.333s
[883/2340] I.34.14    σ=0.05 s=12 SRGB=✓ NULL=✓ ST=✓ t=0.318s
[884/2340] I.34.14    σ=0.05 s=13 SRGB=✓ NULL=✓ ST=✓ t=0.258s
[885/2340] I.34.14    σ=0.05 s=14 SRGB=✓ NULL=✓ ST=✓ t=0.248s
[886/2340] I.34.14    σ=0.05 s=15 SRGB=✓ NULL=✓ ST=✓ t=0.291s
[887/2340] I.34.14    σ=0.05 s=16 SRGB=✓ NULL=✓ ST=✓ t=0.358s
[888/2340] I.34.14    σ=0.05 s=17 SRGB=✓ NULL=✓ ST=✓ t=0.263s
[889/2340] I.34.14    σ=0.05 s=18 SRGB=✓ NULL=✓ ST=✓ t=0.413s
[890/2340] I.34.14    σ=0.05 s=19 SRGB=✓ NULL=✓ ST=✓ t=0.765s
[891/2340] I.34.14    σ=0.05 s=20 SRGB=✓ NULL=✓ ST=✓ t=1.163s
[892/2340] I.34.14    σ=0.05 s=21 SRGB=✓ NULL=✓ ST=✓ t=0.747s
[893/2340] I.34.14    σ=0.05 s=22 SRGB=✓ NULL=✓ ST=✓ t=1.180s
[894/2340] I.34.14    σ=0.05 s=23 SRGB=✓ NULL=✓ ST=✓ t=0.933s
[895/2340] I.34.14    σ=0.05 s=24 SRGB=✓ NULL=✓ ST=✓ t=1.080s
[896/2340] I.34.14    σ=0.05 s=25 SRGB=✓ NULL=✓ ST=✓ t=0.372s
[897/2340] I.34.14    σ=0.05 s=26 SRGB=✓ NULL=✓ ST=✓ t=0.277s
[898/2340] I.34.14    σ=0.05 s=27 SRGB=✓ NULL=✓ ST=✓ t=0.417s
[899/2340] I.34.14    σ=0.05 s=28 SRGB=✓ NULL=✓ ST=✓ t=0.268s
[900/2340] I.34.14    σ=0.05 s=29 SRGB=✓ NULL=✓ ST=✓ t=0.405s
[901/2340] I.16.6     σ=0.00 s=0 SRGB=✓ NULL=✓ ST=✓ t=0.840s
[902/2340] I.16.6     σ=0.00 s=1 SRGB=✓ NULL=✓ ST=✓ t=1.039s
[903/2340] I.16.6     σ=0.00 s=2 SRGB=✓ NULL=✓ ST=✓ t=0.799s
[904/2340] I.16.6     σ=0.00 s=3 SRGB=✓ NULL=✓ ST=✓ t=0.725s
[905/2340] I.16.6     σ=0.00 s=4 SRGB=✓ NULL=✓ ST=✓ t=0.650s
[906/2340] I.16.6     σ=0.00 s=5 SRGB=✓ NULL=✓ ST=✓ t=0.809s
[907/2340] I.16.6     σ=0.00 s=6 SRGB=✓ NULL=✓ ST=✓ t=0.694s
[908/2340] I.16.6     σ=0.00 s=7 SRGB=✓ NULL=✓ ST=✓ t=0.716s
[909/2340] I.16.6     σ=0.00 s=8 SRGB=✓ NULL=✓ ST=✓ t=0.780s
[910/2340] I.16.6     σ=0.00 s=9 SRGB=✓ NULL=✓ ST=✓ t=0.667s
[911/2340] I.16.6     σ=0.00 s=10 SRGB=✓ NULL=✓ ST=✓ t=0.821s
[912/2340] I.16.6     σ=0.00 s=11 SRGB=✓ NULL=✓ ST=✓ t=1.551s
[913/2340] I.16.6     σ=0.00 s=12 SRGB=✓ NULL=✓ ST=✓ t=1.189s
[914/2340] I.16.6     σ=0.00 s=13 SRGB=✓ NULL=✓ ST=✓ t=1.892s
[915/2340] I.16.6     σ=0.00 s=14 SRGB=✓ NULL=✓ ST=✓ t=0.989s
[916/2340] I.16.6     σ=0.00 s=15 SRGB=✓ NULL=✓ ST=✓ t=0.624s
[917/2340] I.16.6     σ=0.00 s=16 SRGB=✓ NULL=✓ ST=✓ t=0.753s
[918/2340] I.16.6     σ=0.00 s=17 SRGB=✓ NULL=✓ ST=✓ t=0.689s
[919/2340] I.16.6     σ=0.00 s=18 SRGB=✓ NULL=✓ ST=✓ t=0.633s
[920/2340] I.16.6     σ=0.00 s=19 SRGB=✓ NULL=✓ ST=✓ t=0.580s
[921/2340] I.16.6     σ=0.00 s=20 SRGB=✓ NULL=✓ ST=✓ t=0.819s
[922/2340] I.16.6     σ=0.00 s=21 SRGB=✓ NULL=✓ ST=✓ t=0.815s
[923/2340] I.16.6     σ=0.00 s=22 SRGB=✓ NULL=✓ ST=✓ t=0.700s
[924/2340] I.16.6     σ=0.00 s=23 SRGB=✓ NULL=✓ ST=✓ t=0.688s
[925/2340] I.16.6     σ=0.00 s=24 SRGB=✓ NULL=✓ ST=✓ t=0.626s
[926/2340] I.16.6     σ=0.00 s=25 SRGB=✓ NULL=✓ ST=✓ t=0.681s
[927/2340] I.16.6     σ=0.00 s=26 SRGB=✓ NULL=✓ ST=✓ t=0.719s
[928/2340] I.16.6     σ=0.00 s=27 SRGB=✓ NULL=✓ ST=✓ t=0.810s
[929/2340] I.16.6     σ=0.00 s=28 SRGB=✓ NULL=✓ ST=✓ t=0.733s
[930/2340] I.16.6     σ=0.00 s=29 SRGB=✓ NULL=✓ ST=✓ t=1.894s
[931/2340] I.16.6     σ=0.02 s=0 SRGB=✓ NULL=✗ ST=✓ t=2.020s
[932/2340] I.16.6     σ=0.02 s=1 SRGB=✓ NULL=✗ ST=✓ t=1.353s
[933/2340] I.16.6     σ=0.02 s=2 SRGB=✓ NULL=✗ ST=✓ t=1.339s
[934/2340] I.16.6     σ=0.02 s=3 SRGB=✓ NULL=✗ ST=✓ t=0.945s
[935/2340] I.16.6     σ=0.02 s=4 SRGB=✓ NULL=✗ ST=✓ t=0.879s
[936/2340] I.16.6     σ=0.02 s=5 SRGB=✓ NULL=✗ ST=✗ t=2.141s
[937/2340] I.16.6     σ=0.02 s=6 SRGB=✓ NULL=✗ ST=✓ t=0.928s
[938/2340] I.16.6     σ=0.02 s=7 SRGB=✓ NULL=✗ ST=✓ t=0.775s
[939/2340] I.16.6     σ=0.02 s=8 SRGB=✓ NULL=✗ ST=✓ t=1.094s
[940/2340] I.16.6     σ=0.02 s=9 SRGB=✓ NULL=✗ ST=✓ t=0.755s
[941/2340] I.16.6     σ=0.02 s=10 SRGB=✓ NULL=✗ ST=✓ t=0.743s
[942/2340] I.16.6     σ=0.02 s=11 SRGB=✓ NULL=✗ ST=✓ t=1.003s
[943/2340] I.16.6     σ=0.02 s=12 SRGB=✓ NULL=✗ ST=✓ t=1.674s
[944/2340] I.16.6     σ=0.02 s=13 SRGB=✓ NULL=✗ ST=✓ t=2.766s
[945/2340] I.16.6     σ=0.02 s=14 SRGB=✓ NULL=✗ ST=✓ t=1.244s
[946/2340] I.16.6     σ=0.02 s=15 SRGB=✓ NULL=✗ ST=✓ t=0.685s
[947/2340] I.16.6     σ=0.02 s=16 SRGB=✓ NULL=✗ ST=✓ t=0.974s
[948/2340] I.16.6     σ=0.02 s=17 SRGB=✓ NULL=✗ ST=✓ t=0.915s
[949/2340] I.16.6     σ=0.02 s=18 SRGB=✓ NULL=✗ ST=✓ t=1.101s
[950/2340] I.16.6     σ=0.02 s=19 SRGB=✓ NULL=✗ ST=✓ t=1.052s
[951/2340] I.16.6     σ=0.02 s=20 SRGB=✓ NULL=✗ ST=✓ t=0.832s
[952/2340] I.16.6     σ=0.02 s=21 SRGB=✓ NULL=✗ ST=✓ t=1.398s
[953/2340] I.16.6     σ=0.02 s=22 SRGB=✓ NULL=✗ ST=✓ t=0.714s
[954/2340] I.16.6     σ=0.02 s=23 SRGB=✓ NULL=✗ ST=✓ t=0.697s
[955/2340] I.16.6     σ=0.02 s=24 SRGB=✓ NULL=✗ ST=✓ t=0.828s
[956/2340] I.16.6     σ=0.02 s=25 SRGB=✓ NULL=✗ ST=✓ t=1.109s
[957/2340] I.16.6     σ=0.02 s=26 SRGB=✓ NULL=✗ ST=✓ t=2.260s
[958/2340] I.16.6     σ=0.02 s=27 SRGB=✓ NULL=✗ ST=✓ t=2.330s
[959/2340] I.16.6     σ=0.02 s=28 SRGB=✓ NULL=✗ ST=✓ t=0.758s
[960/2340] I.16.6     σ=0.02 s=29 SRGB=✓ NULL=✗ ST=✓ t=0.697s
[961/2340] I.16.6     σ=0.05 s=0 SRGB=✓ NULL=✗ ST=✓ t=1.258s
[962/2340] I.16.6     σ=0.05 s=1 SRGB=✓ NULL=✗ ST=✗ t=1.676s
[963/2340] I.16.6     σ=0.05 s=2 SRGB=✓ NULL=✗ ST=✗ t=1.692s
[964/2340] I.16.6     σ=0.05 s=3 SRGB=✓ NULL=✗ ST=✓ t=1.288s
[965/2340] I.16.6     σ=0.05 s=4 SRGB=✓ NULL=✗ ST=✓ t=1.201s
[966/2340] I.16.6     σ=0.05 s=5 SRGB=✓ NULL=✗ ST=✗ t=2.031s
[967/2340] I.16.6     σ=0.05 s=6 SRGB=✓ NULL=✗ ST=✓ t=2.388s
[968/2340] I.16.6     σ=0.05 s=7 SRGB=✓ NULL=✗ ST=✗ t=3.863s
[969/2340] I.16.6     σ=0.05 s=8 SRGB=✓ NULL=✗ ST=✗ t=1.542s
[970/2340] I.16.6     σ=0.05 s=9 SRGB=✓ NULL=✗ ST=✗ t=1.562s
[971/2340] I.16.6     σ=0.05 s=10 SRGB=✓ NULL=✗ ST=✓ t=1.161s
[972/2340] I.16.6     σ=0.05 s=11 SRGB=✓ NULL=✗ ST=✗ t=1.501s
[973/2340] I.16.6     σ=0.05 s=12 SRGB=✓ NULL=✗ ST=✓ t=1.195s
[974/2340] I.16.6     σ=0.05 s=13 SRGB=✓ NULL=✗ ST=✗ t=1.763s
[975/2340] I.16.6     σ=0.05 s=14 SRGB=✓ NULL=✗ ST=✗ t=4.235s
[976/2340] I.16.6     σ=0.05 s=15 SRGB=✓ NULL=✗ ST=✓ t=2.381s
[977/2340] I.16.6     σ=0.05 s=16 SRGB=✓ NULL=✗ ST=✗ t=1.868s
[978/2340] I.16.6     σ=0.05 s=17 SRGB=✓ NULL=✗ ST=✗ t=1.713s
[979/2340] I.16.6     σ=0.05 s=18 SRGB=✓ NULL=✗ ST=✗ t=1.926s
[980/2340] I.16.6     σ=0.05 s=19 SRGB=✓ NULL=✗ ST=✗ t=1.914s
[981/2340] I.16.6     σ=0.05 s=20 SRGB=✓ NULL=✗ ST=✓ t=1.925s
[982/2340] I.16.6     σ=0.05 s=21 SRGB=✓ NULL=✗ ST=✗ t=4.023s
[983/2340] I.16.6     σ=0.05 s=22 SRGB=✓ NULL=✗ ST=✗ t=2.454s
[984/2340] I.16.6     σ=0.05 s=23 SRGB=✓ NULL=✗ ST=✓ t=1.353s
[985/2340] I.16.6     σ=0.05 s=24 SRGB=✓ NULL=✗ ST=✗ t=1.850s
[986/2340] I.16.6     σ=0.05 s=25 SRGB=✓ NULL=✗ ST=✓ t=1.319s
[987/2340] I.16.6     σ=0.05 s=26 SRGB=✓ NULL=✗ ST=✓ t=1.543s
[988/2340] I.16.6     σ=0.05 s=27 SRGB=✓ NULL=✗ ST=✓ t=1.585s
[989/2340] I.16.6     σ=0.05 s=28 SRGB=✓ NULL=✗ ST=✓ t=1.761s
[990/2340] I.16.6     σ=0.05 s=29 SRGB=✓ NULL=✗ ST=✗ t=3.043s
[991/2340] II.11.28   σ=0.00 s=0 SRGB=✓ NULL=✓ ST=✓ t=2.645s
[992/2340] II.11.28   σ=0.00 s=1 SRGB=✓ NULL=✓ ST=✓ t=1.733s
[993/2340] II.11.28   σ=0.00 s=2 SRGB=✓ NULL=✓ ST=✓ t=1.760s
[994/2340] II.11.28   σ=0.00 s=3 SRGB=✓ NULL=✓ ST=✓ t=1.780s
[995/2340] II.11.28   σ=0.00 s=4 SRGB=✓ NULL=✓ ST=✓ t=2.181s
[996/2340] II.11.28   σ=0.00 s=5 SRGB=✓ NULL=✓ ST=✓ t=2.128s
[997/2340] II.11.28   σ=0.00 s=6 SRGB=✓ NULL=✓ ST=✓ t=3.161s
[998/2340] II.11.28   σ=0.00 s=7 SRGB=✓ NULL=✓ ST=✓ t=2.677s
[999/2340] II.11.28   σ=0.00 s=8 SRGB=✓ NULL=✓ ST=✓ t=1.866s
[1000/2340] II.11.28   σ=0.00 s=9 SRGB=✓ NULL=✓ ST=✓ t=1.908s
[1001/2340] II.11.28   σ=0.00 s=10 SRGB=✓ NULL=✓ ST=✓ t=1.668s
[1002/2340] II.11.28   σ=0.00 s=11 SRGB=✓ NULL=✓ ST=✓ t=1.890s
[1003/2340] II.11.28   σ=0.00 s=12 SRGB=✓ NULL=✓ ST=✓ t=1.931s
[1004/2340] II.11.28   σ=0.00 s=13 SRGB=✓ NULL=✓ ST=✓ t=3.105s
[1005/2340] II.11.28   σ=0.00 s=14 SRGB=✓ NULL=✓ ST=✓ t=2.752s
[1006/2340] II.11.28   σ=0.00 s=15 SRGB=✓ NULL=✓ ST=✓ t=1.789s
[1007/2340] II.11.28   σ=0.00 s=16 SRGB=✓ NULL=✓ ST=✓ t=1.828s
[1008/2340] II.11.28   σ=0.00 s=17 SRGB=✓ NULL=✓ ST=✓ t=2.087s
[1009/2340] II.11.28   σ=0.00 s=18 SRGB=✓ NULL=✓ ST=✓ t=1.735s
[1010/2340] II.11.28   σ=0.00 s=19 SRGB=✓ NULL=✓ ST=✓ t=1.990s
[1011/2340] II.11.28   σ=0.00 s=20 SRGB=✓ NULL=✓ ST=✓ t=2.843s
[1012/2340] II.11.28   σ=0.00 s=21 SRGB=✓ NULL=✓ ST=✓ t=3.025s
[1013/2340] II.11.28   σ=0.00 s=22 SRGB=✓ NULL=✓ ST=✓ t=1.712s
[1014/2340] II.11.28   σ=0.00 s=23 SRGB=✓ NULL=✓ ST=✓ t=1.983s
[1015/2340] II.11.28   σ=0.00 s=24 SRGB=✓ NULL=✓ ST=✓ t=2.076s
[1016/2340] II.11.28   σ=0.00 s=25 SRGB=✓ NULL=✓ ST=✓ t=1.866s
[1017/2340] II.11.28   σ=0.00 s=26 SRGB=✓ NULL=✓ ST=✓ t=1.860s
[1018/2340] II.11.28   σ=0.00 s=27 SRGB=✓ NULL=✓ ST=✓ t=2.911s
[1019/2340] II.11.28   σ=0.00 s=28 SRGB=✓ NULL=✓ ST=✓ t=2.954s
[1020/2340] II.11.28   σ=0.00 s=29 SRGB=✓ NULL=✓ ST=✓ t=1.952s
[1021/2340] II.11.28   σ=0.02 s=0 SRGB=✓ NULL=✗ ST=✗ t=6.995s
[1022/2340] II.11.28   σ=0.02 s=1 SRGB=✓ NULL=✗ ST=✗ t=7.597s
[1023/2340] II.11.28   σ=0.02 s=2 SRGB=✓ NULL=✗ ST=✗ t=5.664s
[1024/2340] II.11.28   σ=0.02 s=3 SRGB=✓ NULL=✗ ST=✗ t=6.671s
[1025/2340] II.11.28   σ=0.02 s=4 SRGB=✓ NULL=✗ ST=✗ t=6.485s
[1026/2340] II.11.28   σ=0.02 s=5 SRGB=✓ NULL=✗ ST=✗ t=6.134s
[1027/2340] II.11.28   σ=0.02 s=6 SRGB=✓ NULL=✗ ST=✗ t=9.043s
[1028/2340] II.11.28   σ=0.02 s=7 SRGB=✓ NULL=✗ ST=✗ t=6.498s
[1029/2340] II.11.28   σ=0.02 s=8 SRGB=✓ NULL=✗ ST=✗ t=9.450s
[1030/2340] II.11.28   σ=0.02 s=9 SRGB=✓ NULL=✗ ST=✗ t=5.942s
[1031/2340] II.11.28   σ=0.02 s=10 SRGB=✓ NULL=✗ ST=✗ t=9.148s
[1032/2340] II.11.28   σ=0.02 s=11 SRGB=✓ NULL=✗ ST=✗ t=5.198s
[1033/2340] II.11.28   σ=0.02 s=12 SRGB=✓ NULL=✗ ST=✗ t=7.730s
[1034/2340] II.11.28   σ=0.02 s=13 SRGB=✓ NULL=✗ ST=✗ t=5.428s
[1035/2340] II.11.28   σ=0.02 s=14 SRGB=✓ NULL=✗ ST=✗ t=8.290s
[1036/2340] II.11.28   σ=0.02 s=15 SRGB=✓ NULL=✗ ST=✗ t=6.768s
[1037/2340] II.11.28   σ=0.02 s=16 SRGB=✓ NULL=✗ ST=✗ t=6.001s
[1038/2340] II.11.28   σ=0.02 s=17 SRGB=✓ NULL=✗ ST=✗ t=7.888s
[1039/2340] II.11.28   σ=0.02 s=18 SRGB=✓ NULL=✗ ST=✗ t=5.697s
[1040/2340] II.11.28   σ=0.02 s=19 SRGB=✓ NULL=✗ ST=✗ t=7.744s
[1041/2340] II.11.28   σ=0.02 s=20 SRGB=✓ NULL=✗ ST=✗ t=5.917s
[1042/2340] II.11.28   σ=0.02 s=21 SRGB=✓ NULL=✗ ST=✗ t=6.622s
[1043/2340] II.11.28   σ=0.02 s=22 SRGB=✓ NULL=✗ ST=✗ t=7.026s
[1044/2340] II.11.28   σ=0.02 s=23 SRGB=✓ NULL=✗ ST=✗ t=5.740s
[1045/2340] II.11.28   σ=0.02 s=24 SRGB=✓ NULL=✗ ST=✗ t=7.548s
[1046/2340] II.11.28   σ=0.02 s=25 SRGB=✓ NULL=✗ ST=✗ t=5.285s
[1047/2340] II.11.28   σ=0.02 s=26 SRGB=✓ NULL=✗ ST=✗ t=7.499s
[1048/2340] II.11.28   σ=0.02 s=27 SRGB=✓ NULL=✗ ST=✗ t=5.554s
[1049/2340] II.11.28   σ=0.02 s=28 SRGB=✓ NULL=✗ ST=✗ t=5.131s
[1050/2340] II.11.28   σ=0.02 s=29 SRGB=✓ NULL=✗ ST=✗ t=8.002s
[1051/2340] II.11.28   σ=0.05 s=0 SRGB=✗ NULL=✗ ST=✗ t=7.809s
[1052/2340] II.11.28   σ=0.05 s=1 SRGB=✓ NULL=✗ ST=✗ t=8.885s
[1053/2340] II.11.28   σ=0.05 s=2 SRGB=✓ NULL=✗ ST=✗ t=6.444s
[1054/2340] II.11.28   σ=0.05 s=3 SRGB=✗ NULL=✗ ST=✗ t=9.091s
[1055/2340] II.11.28   σ=0.05 s=4 SRGB=✓ NULL=✗ ST=✗ t=8.097s
[1056/2340] II.11.28   σ=0.05 s=5 SRGB=✓ NULL=✗ ST=✗ t=8.393s
[1057/2340] II.11.28   σ=0.05 s=6 SRGB=✓ NULL=✗ ST=✗ t=9.526s
[1058/2340] II.11.28   σ=0.05 s=7 SRGB=✓ NULL=✗ ST=✗ t=6.969s
[1059/2340] II.11.28   σ=0.05 s=8 SRGB=✓ NULL=✗ ST=✗ t=9.757s
[1060/2340] II.11.28   σ=0.05 s=9 SRGB=✓ NULL=✗ ST=✗ t=7.135s
[1061/2340] II.11.28   σ=0.05 s=10 SRGB=✓ NULL=✗ ST=✗ t=10.195s
[1062/2340] II.11.28   σ=0.05 s=11 SRGB=✓ NULL=✗ ST=✗ t=7.399s
[1063/2340] II.11.28   σ=0.05 s=12 SRGB=✓ NULL=✗ ST=✗ t=9.018s
[1064/2340] II.11.28   σ=0.05 s=13 SRGB=✓ NULL=✗ ST=✗ t=8.092s
[1065/2340] II.11.28   σ=0.05 s=14 SRGB=✓ NULL=✗ ST=✗ t=9.185s
[1066/2340] II.11.28   σ=0.05 s=15 SRGB=✓ NULL=✗ ST=✗ t=9.086s
[1067/2340] II.11.28   σ=0.05 s=16 SRGB=✓ NULL=✗ ST=✗ t=7.030s
[1068/2340] II.11.28   σ=0.05 s=17 SRGB=✗ NULL=✗ ST=✗ t=9.570s
[1069/2340] II.11.28   σ=0.05 s=18 SRGB=✓ NULL=✗ ST=✗ t=6.848s
[1070/2340] II.11.28   σ=0.05 s=19 SRGB=✓ NULL=✗ ST=✗ t=9.889s
[1071/2340] II.11.28   σ=0.05 s=20 SRGB=✓ NULL=✗ ST=✗ t=6.902s
[1072/2340] II.11.28   σ=0.05 s=21 SRGB=✗ NULL=✗ ST=✗ t=10.422s
[1073/2340] II.11.28   σ=0.05 s=22 SRGB=✓ NULL=✗ ST=✗ t=7.700s
[1074/2340] II.11.28   σ=0.05 s=23 SRGB=✓ NULL=✗ ST=✗ t=8.540s
[1075/2340] II.11.28   σ=0.05 s=24 SRGB=✓ NULL=✗ ST=✗ t=8.498s
[1076/2340] II.11.28   σ=0.05 s=25 SRGB=✓ NULL=✗ ST=✗ t=7.856s
[1077/2340] II.11.28   σ=0.05 s=26 SRGB=✓ NULL=✗ ST=✗ t=8.951s
[1078/2340] II.11.28   σ=0.05 s=27 SRGB=✓ NULL=✗ ST=✗ t=7.507s
[1079/2340] II.11.28   σ=0.05 s=28 SRGB=✓ NULL=✗ ST=✗ t=9.308s
[1080/2340] II.11.28   σ=0.05 s=29 SRGB=✓ NULL=✗ ST=✗ t=6.817s
[1081/2340] I.34.27    σ=0.00 s=0 SRGB=✓ NULL=✓ ST=✓ t=0.309s
[1082/2340] I.34.27    σ=0.00 s=1 SRGB=✓ NULL=✓ ST=✓ t=0.267s
[1083/2340] I.34.27    σ=0.00 s=2 SRGB=✓ NULL=✓ ST=✓ t=0.259s
[1084/2340] I.34.27    σ=0.00 s=3 SRGB=✓ NULL=✓ ST=✓ t=0.327s
[1085/2340] I.34.27    σ=0.00 s=4 SRGB=✓ NULL=✓ ST=✓ t=0.256s
[1086/2340] I.34.27    σ=0.00 s=5 SRGB=✓ NULL=✓ ST=✓ t=0.248s
[1087/2340] I.34.27    σ=0.00 s=6 SRGB=✓ NULL=✓ ST=✓ t=0.293s
[1088/2340] I.34.27    σ=0.00 s=7 SRGB=✓ NULL=✓ ST=✓ t=0.340s
[1089/2340] I.34.27    σ=0.00 s=8 SRGB=✓ NULL=✓ ST=✓ t=0.387s
[1090/2340] I.34.27    σ=0.00 s=9 SRGB=✓ NULL=✓ ST=✓ t=0.696s
[1091/2340] I.34.27    σ=0.00 s=10 SRGB=✓ NULL=✓ ST=✓ t=0.576s
[1092/2340] I.34.27    σ=0.00 s=11 SRGB=✓ NULL=✓ ST=✓ t=0.700s
[1093/2340] I.34.27    σ=0.00 s=12 SRGB=✓ NULL=✓ ST=✓ t=0.485s
[1094/2340] I.34.27    σ=0.00 s=13 SRGB=✓ NULL=✓ ST=✓ t=0.659s
[1095/2340] I.34.27    σ=0.00 s=14 SRGB=✓ NULL=✓ ST=✓ t=0.608s
[1096/2340] I.34.27    σ=0.00 s=15 SRGB=✓ NULL=✓ ST=✓ t=0.629s
[1097/2340] I.34.27    σ=0.00 s=16 SRGB=✓ NULL=✓ ST=✓ t=0.616s
[1098/2340] I.34.27    σ=0.00 s=17 SRGB=✓ NULL=✓ ST=✓ t=0.558s
[1099/2340] I.34.27    σ=0.00 s=18 SRGB=✓ NULL=✓ ST=✓ t=0.347s
[1100/2340] I.34.27    σ=0.00 s=19 SRGB=✓ NULL=✓ ST=✓ t=0.310s
[1101/2340] I.34.27    σ=0.00 s=20 SRGB=✓ NULL=✓ ST=✓ t=0.253s
[1102/2340] I.34.27    σ=0.00 s=21 SRGB=✓ NULL=✓ ST=✓ t=0.227s
[1103/2340] I.34.27    σ=0.00 s=22 SRGB=✓ NULL=✓ ST=✓ t=0.281s
[1104/2340] I.34.27    σ=0.00 s=23 SRGB=✓ NULL=✓ ST=✓ t=0.649s
[1105/2340] I.34.27    σ=0.00 s=24 SRGB=✓ NULL=✓ ST=✓ t=0.287s
[1106/2340] I.34.27    σ=0.00 s=25 SRGB=✓ NULL=✓ ST=✓ t=0.300s
[1107/2340] I.34.27    σ=0.00 s=26 SRGB=✓ NULL=✓ ST=✓ t=0.242s
[1108/2340] I.34.27    σ=0.00 s=27 SRGB=✓ NULL=✓ ST=✓ t=0.241s
[1109/2340] I.34.27    σ=0.00 s=28 SRGB=✓ NULL=✓ ST=✓ t=0.236s
[1110/2340] I.34.27    σ=0.00 s=29 SRGB=✓ NULL=✓ ST=✓ t=0.274s
[1111/2340] I.34.27    σ=0.02 s=0 SRGB=✓ NULL=✗ ST=✓ t=1.680s
[1112/2340] I.34.27    σ=0.02 s=1 SRGB=✓ NULL=✗ ST=✓ t=1.654s
[1113/2340] I.34.27    σ=0.02 s=2 SRGB=✓ NULL=✗ ST=✓ t=1.633s
[1114/2340] I.34.27    σ=0.02 s=3 SRGB=✓ NULL=✗ ST=✓ t=1.870s
[1115/2340] I.34.27    σ=0.02 s=4 SRGB=✓ NULL=✗ ST=✓ t=3.072s
[1116/2340] I.34.27    σ=0.02 s=5 SRGB=✓ NULL=✗ ST=✓ t=2.773s
[1117/2340] I.34.27    σ=0.02 s=6 SRGB=✓ NULL=✗ ST=✓ t=1.645s
[1118/2340] I.34.27    σ=0.02 s=7 SRGB=✓ NULL=✗ ST=✓ t=1.625s
[1119/2340] I.34.27    σ=0.02 s=8 SRGB=✓ NULL=✗ ST=✓ t=1.671s
[1120/2340] I.34.27    σ=0.02 s=9 SRGB=✓ NULL=✗ ST=✓ t=1.670s
[1121/2340] I.34.27    σ=0.02 s=10 SRGB=✓ NULL=✗ ST=✓ t=1.595s
[1122/2340] I.34.27    σ=0.02 s=11 SRGB=✓ NULL=✗ ST=✓ t=2.126s
[1123/2340] I.34.27    σ=0.02 s=12 SRGB=✓ NULL=✗ ST=✓ t=3.115s
[1124/2340] I.34.27    σ=0.02 s=13 SRGB=✓ NULL=✗ ST=✓ t=2.241s
[1125/2340] I.34.27    σ=0.02 s=14 SRGB=✓ NULL=✗ ST=✓ t=1.664s
[1126/2340] I.34.27    σ=0.02 s=15 SRGB=✓ NULL=✗ ST=✓ t=1.646s
[1127/2340] I.34.27    σ=0.02 s=16 SRGB=✓ NULL=✗ ST=✓ t=1.624s
[1128/2340] I.34.27    σ=0.02 s=17 SRGB=✓ NULL=✗ ST=✓ t=1.677s
[1129/2340] I.34.27    σ=0.02 s=18 SRGB=✓ NULL=✗ ST=✓ t=1.863s
[1130/2340] I.34.27    σ=0.02 s=19 SRGB=✓ NULL=✗ ST=✓ t=2.353s
[1131/2340] I.34.27    σ=0.02 s=20 SRGB=✓ NULL=✗ ST=✓ t=2.798s
[1132/2340] I.34.27    σ=0.02 s=21 SRGB=✓ NULL=✗ ST=✓ t=1.907s
[1133/2340] I.34.27    σ=0.02 s=22 SRGB=✓ NULL=✗ ST=✓ t=1.560s
[1134/2340] I.34.27    σ=0.02 s=23 SRGB=✓ NULL=✗ ST=✓ t=1.686s
[1135/2340] I.34.27    σ=0.02 s=24 SRGB=✓ NULL=✗ ST=✓ t=1.597s
[1136/2340] I.34.27    σ=0.02 s=25 SRGB=✓ NULL=✗ ST=✓ t=1.599s
[1137/2340] I.34.27    σ=0.02 s=26 SRGB=✓ NULL=✗ ST=✓ t=1.545s
[1138/2340] I.34.27    σ=0.02 s=27 SRGB=✓ NULL=✗ ST=✓ t=2.261s
[1139/2340] I.34.27    σ=0.02 s=28 SRGB=✓ NULL=✗ ST=✓ t=2.890s
[1140/2340] I.34.27    σ=0.02 s=29 SRGB=✓ NULL=✗ ST=✓ t=2.081s
[1141/2340] I.34.27    σ=0.05 s=0 SRGB=✓ NULL=✗ ST=✗ t=2.163s
[1142/2340] I.34.27    σ=0.05 s=1 SRGB=✓ NULL=✗ ST=✗ t=2.185s
[1143/2340] I.34.27    σ=0.05 s=2 SRGB=✓ NULL=✗ ST=✗ t=2.130s
[1144/2340] I.34.27    σ=0.05 s=3 SRGB=✓ NULL=✗ ST=✗ t=2.155s
[1145/2340] I.34.27    σ=0.05 s=4 SRGB=✓ NULL=✗ ST=✗ t=3.351s
[1146/2340] I.34.27    σ=0.05 s=5 SRGB=✓ NULL=✗ ST=✗ t=3.634s
[1147/2340] I.34.27    σ=0.05 s=6 SRGB=✓ NULL=✗ ST=✗ t=2.083s
[1148/2340] I.34.27    σ=0.05 s=7 SRGB=✓ NULL=✗ ST=✗ t=2.425s
[1149/2340] I.34.27    σ=0.05 s=8 SRGB=✓ NULL=✗ ST=✗ t=2.171s
[1150/2340] I.34.27    σ=0.05 s=9 SRGB=✓ NULL=✗ ST=✗ t=2.060s
[1151/2340] I.34.27    σ=0.05 s=10 SRGB=✓ NULL=✗ ST=✗ t=3.174s
[1152/2340] I.34.27    σ=0.05 s=11 SRGB=✓ NULL=✗ ST=✗ t=3.549s
[1153/2340] I.34.27    σ=0.05 s=12 SRGB=✓ NULL=✗ ST=✗ t=2.148s
[1154/2340] I.34.27    σ=0.05 s=13 SRGB=✓ NULL=✗ ST=✗ t=2.139s
[1155/2340] I.34.27    σ=0.05 s=14 SRGB=✓ NULL=✗ ST=✗ t=2.153s
[1156/2340] I.34.27    σ=0.05 s=15 SRGB=✓ NULL=✗ ST=✗ t=2.156s
[1157/2340] I.34.27    σ=0.05 s=16 SRGB=✓ NULL=✗ ST=✗ t=3.110s
[1158/2340] I.34.27    σ=0.05 s=17 SRGB=✓ NULL=✗ ST=✗ t=3.785s
[1159/2340] I.34.27    σ=0.05 s=18 SRGB=✓ NULL=✗ ST=✗ t=2.181s
[1160/2340] I.34.27    σ=0.05 s=19 SRGB=✓ NULL=✗ ST=✗ t=2.118s
[1161/2340] I.34.27    σ=0.05 s=20 SRGB=✓ NULL=✗ ST=✗ t=2.135s
[1162/2340] I.34.27    σ=0.05 s=21 SRGB=✓ NULL=✗ ST=✗ t=2.117s
[1163/2340] I.34.27    σ=0.05 s=22 SRGB=✓ NULL=✗ ST=✗ t=3.067s
[1164/2340] I.34.27    σ=0.05 s=23 SRGB=✓ NULL=✗ ST=✗ t=3.664s
[1165/2340] I.34.27    σ=0.05 s=24 SRGB=✓ NULL=✗ ST=✗ t=2.400s
[1166/2340] I.34.27    σ=0.05 s=25 SRGB=✓ NULL=✗ ST=✗ t=2.168s
[1167/2340] I.34.27    σ=0.05 s=26 SRGB=✓ NULL=✗ ST=✗ t=2.198s
[1168/2340] I.34.27    σ=0.05 s=27 SRGB=✓ NULL=✗ ST=✗ t=2.132s
[1169/2340] I.34.27    σ=0.05 s=28 SRGB=✓ NULL=✗ ST=✗ t=3.390s
[1170/2340] I.34.27    σ=0.05 s=29 SRGB=✓ NULL=✗ ST=✗ t=3.527s
[1171/2340] I.41.16    σ=0.00 s=0 SRGB=✓ NULL=✓ ST=✓ t=0.378s
[1172/2340] I.41.16    σ=0.00 s=1 SRGB=✓ NULL=✓ ST=✓ t=0.271s
[1173/2340] I.41.16    σ=0.00 s=2 SRGB=✓ NULL=✓ ST=✓ t=0.236s
[1174/2340] I.41.16    σ=0.00 s=3 SRGB=✓ NULL=✓ ST=✓ t=0.276s
[1175/2340] I.41.16    σ=0.00 s=4 SRGB=✓ NULL=✓ ST=✓ t=0.285s
[1176/2340] I.41.16    σ=0.00 s=5 SRGB=✓ NULL=✓ ST=✓ t=0.259s
[1177/2340] I.41.16    σ=0.00 s=6 SRGB=✓ NULL=✓ ST=✓ t=0.271s
[1178/2340] I.41.16    σ=0.00 s=7 SRGB=✓ NULL=✓ ST=✓ t=0.249s
[1179/2340] I.41.16    σ=0.00 s=8 SRGB=✓ NULL=✓ ST=✓ t=0.295s
[1180/2340] I.41.16    σ=0.00 s=9 SRGB=✓ NULL=✓ ST=✓ t=0.271s
[1181/2340] I.41.16    σ=0.00 s=10 SRGB=✓ NULL=✓ ST=✓ t=0.262s
[1182/2340] I.41.16    σ=0.00 s=11 SRGB=✓ NULL=✓ ST=✓ t=0.239s
[1183/2340] I.41.16    σ=0.00 s=12 SRGB=✓ NULL=✓ ST=✓ t=0.288s
[1184/2340] I.41.16    σ=0.00 s=13 SRGB=✓ NULL=✓ ST=✓ t=0.249s
[1185/2340] I.41.16    σ=0.00 s=14 SRGB=✓ NULL=✓ ST=✓ t=0.313s
[1186/2340] I.41.16    σ=0.00 s=15 SRGB=✓ NULL=✓ ST=✓ t=0.285s
[1187/2340] I.41.16    σ=0.00 s=16 SRGB=✓ NULL=✓ ST=✓ t=0.364s
[1188/2340] I.41.16    σ=0.00 s=17 SRGB=✓ NULL=✓ ST=✓ t=0.258s
[1189/2340] I.41.16    σ=0.00 s=18 SRGB=✓ NULL=✓ ST=✓ t=0.259s
[1190/2340] I.41.16    σ=0.00 s=19 SRGB=✓ NULL=✓ ST=✓ t=0.266s
[1191/2340] I.41.16    σ=0.00 s=20 SRGB=✓ NULL=✓ ST=✓ t=0.303s
[1192/2340] I.41.16    σ=0.00 s=21 SRGB=✓ NULL=✓ ST=✓ t=0.326s
[1193/2340] I.41.16    σ=0.00 s=22 SRGB=✓ NULL=✓ ST=✓ t=0.245s
[1194/2340] I.41.16    σ=0.00 s=23 SRGB=✓ NULL=✓ ST=✓ t=0.301s
[1195/2340] I.41.16    σ=0.00 s=24 SRGB=✓ NULL=✓ ST=✓ t=0.253s
[1196/2340] I.41.16    σ=0.00 s=25 SRGB=✓ NULL=✓ ST=✓ t=0.245s
[1197/2340] I.41.16    σ=0.00 s=26 SRGB=✓ NULL=✓ ST=✓ t=0.234s
[1198/2340] I.41.16    σ=0.00 s=27 SRGB=✓ NULL=✓ ST=✓ t=0.252s
[1199/2340] I.41.16    σ=0.00 s=28 SRGB=✓ NULL=✓ ST=✓ t=0.328s
[1200/2340] I.41.16    σ=0.00 s=29 SRGB=✓ NULL=✓ ST=✓ t=0.242s
[1201/2340] I.41.16    σ=0.02 s=0 SRGB=✓ NULL=✗ ST=✓ t=2.213s
[1202/2340] I.41.16    σ=0.02 s=1 SRGB=✓ NULL=✗ ST=✓ t=3.041s
[1203/2340] I.41.16    σ=0.02 s=2 SRGB=✓ NULL=✗ ST=✓ t=2.236s
[1204/2340] I.41.16    σ=0.02 s=3 SRGB=✓ NULL=✗ ST=✓ t=1.690s
[1205/2340] I.41.16    σ=0.02 s=4 SRGB=✓ NULL=✗ ST=✓ t=1.620s
[1206/2340] I.41.16    σ=0.02 s=5 SRGB=✓ NULL=✗ ST=✓ t=1.677s
[1207/2340] I.41.16    σ=0.02 s=6 SRGB=✓ NULL=✗ ST=✓ t=1.586s
[1208/2340] I.41.16    σ=0.02 s=7 SRGB=✓ NULL=✗ ST=✓ t=1.675s
[1209/2340] I.41.16    σ=0.02 s=8 SRGB=✓ NULL=✗ ST=✓ t=2.847s
[1210/2340] I.41.16    σ=0.02 s=9 SRGB=✓ NULL=✗ ST=✓ t=3.264s
[1211/2340] I.41.16    σ=0.02 s=10 SRGB=✓ NULL=✗ ST=✓ t=1.724s
[1212/2340] I.41.16    σ=0.02 s=11 SRGB=✓ NULL=✗ ST=✓ t=1.567s
[1213/2340] I.41.16    σ=0.02 s=12 SRGB=✓ NULL=✗ ST=✓ t=1.756s
[1214/2340] I.41.16    σ=0.02 s=13 SRGB=✓ NULL=✗ ST=✓ t=1.718s
[1215/2340] I.41.16    σ=0.02 s=14 SRGB=✓ NULL=✗ ST=✓ t=1.571s
[1216/2340] I.41.16    σ=0.02 s=15 SRGB=✓ NULL=✗ ST=✓ t=1.921s
[1217/2340] I.41.16    σ=0.02 s=16 SRGB=✓ NULL=✗ ST=✓ t=3.126s
[1218/2340] I.41.16    σ=0.02 s=17 SRGB=✓ NULL=✗ ST=✓ t=2.578s
[1219/2340] I.41.16    σ=0.02 s=18 SRGB=✓ NULL=✗ ST=✓ t=1.642s
[1220/2340] I.41.16    σ=0.02 s=19 SRGB=✓ NULL=✗ ST=✓ t=1.546s
[1221/2340] I.41.16    σ=0.02 s=20 SRGB=✓ NULL=✗ ST=✓ t=1.691s
[1222/2340] I.41.16    σ=0.02 s=21 SRGB=✓ NULL=✗ ST=✓ t=1.592s
[1223/2340] I.41.16    σ=0.02 s=22 SRGB=✓ NULL=✗ ST=✓ t=1.717s
[1224/2340] I.41.16    σ=0.02 s=23 SRGB=✓ NULL=✗ ST=✓ t=2.248s
[1225/2340] I.41.16    σ=0.02 s=24 SRGB=✓ NULL=✗ ST=✓ t=2.574s
[1226/2340] I.41.16    σ=0.02 s=25 SRGB=✓ NULL=✗ ST=✓ t=2.421s
[1227/2340] I.41.16    σ=0.02 s=26 SRGB=✓ NULL=✗ ST=✓ t=1.601s
[1228/2340] I.41.16    σ=0.02 s=27 SRGB=✓ NULL=✗ ST=✓ t=1.651s
[1229/2340] I.41.16    σ=0.02 s=28 SRGB=✓ NULL=✗ ST=✓ t=1.904s
[1230/2340] I.41.16    σ=0.02 s=29 SRGB=✓ NULL=✗ ST=✓ t=1.673s
[1231/2340] I.41.16    σ=0.05 s=0 SRGB=✓ NULL=✗ ST=✗ t=2.183s
[1232/2340] I.41.16    σ=0.05 s=1 SRGB=✓ NULL=✗ ST=✗ t=3.401s
[1233/2340] I.41.16    σ=0.05 s=2 SRGB=✓ NULL=✗ ST=✗ t=3.586s
[1234/2340] I.41.16    σ=0.05 s=3 SRGB=✓ NULL=✗ ST=✗ t=2.262s
[1235/2340] I.41.16    σ=0.05 s=4 SRGB=✓ NULL=✗ ST=✗ t=2.067s
[1236/2340] I.41.16    σ=0.05 s=5 SRGB=✓ NULL=✗ ST=✗ t=1.996s
[1237/2340] I.41.16    σ=0.05 s=6 SRGB=✓ NULL=✗ ST=✗ t=2.165s
[1238/2340] I.41.16    σ=0.05 s=7 SRGB=✓ NULL=✗ ST=✗ t=3.214s
[1239/2340] I.41.16    σ=0.05 s=8 SRGB=✓ NULL=✗ ST=✗ t=3.758s
[1240/2340] I.41.16    σ=0.05 s=9 SRGB=✓ NULL=✗ ST=✗ t=2.074s
[1241/2340] I.41.16    σ=0.05 s=10 SRGB=✓ NULL=✗ ST=✗ t=2.197s
[1242/2340] I.41.16    σ=0.05 s=11 SRGB=✓ NULL=✗ ST=✗ t=2.100s
[1243/2340] I.41.16    σ=0.05 s=12 SRGB=✓ NULL=✗ ST=✗ t=2.099s
[1244/2340] I.41.16    σ=0.05 s=13 SRGB=✓ NULL=✗ ST=✗ t=3.160s
[1245/2340] I.41.16    σ=0.05 s=14 SRGB=✓ NULL=✗ ST=✗ t=3.422s
[1246/2340] I.41.16    σ=0.05 s=15 SRGB=✓ NULL=✗ ST=✗ t=2.508s
[1247/2340] I.41.16    σ=0.05 s=16 SRGB=✓ NULL=✗ ST=✗ t=2.268s
[1248/2340] I.41.16    σ=0.05 s=17 SRGB=✓ NULL=✗ ST=✗ t=2.176s
[1249/2340] I.41.16    σ=0.05 s=18 SRGB=✓ NULL=✗ ST=✗ t=2.161s
[1250/2340] I.41.16    σ=0.05 s=19 SRGB=✓ NULL=✗ ST=✗ t=3.424s
[1251/2340] I.41.16    σ=0.05 s=20 SRGB=✓ NULL=✗ ST=✗ t=3.430s
[1252/2340] I.41.16    σ=0.05 s=21 SRGB=✓ NULL=✗ ST=✗ t=2.132s
[1253/2340] I.41.16    σ=0.05 s=22 SRGB=✓ NULL=✗ ST=✗ t=2.140s
[1254/2340] I.41.16    σ=0.05 s=23 SRGB=✓ NULL=✗ ST=✗ t=2.126s
[1255/2340] I.41.16    σ=0.05 s=24 SRGB=✓ NULL=✗ ST=✗ t=2.203s
[1256/2340] I.41.16    σ=0.05 s=25 SRGB=✓ NULL=✗ ST=✗ t=3.280s
[1257/2340] I.41.16    σ=0.05 s=26 SRGB=✓ NULL=✗ ST=✗ t=3.875s
[1258/2340] I.41.16    σ=0.05 s=27 SRGB=✓ NULL=✗ ST=✗ t=2.207s
[1259/2340] I.41.16    σ=0.05 s=28 SRGB=✓ NULL=✗ ST=✗ t=2.081s
[1260/2340] I.41.16    σ=0.05 s=29 SRGB=✓ NULL=✗ ST=✗ t=2.160s
[1261/2340] I.12.3     σ=0.00 s=0 SRGB=✓ NULL=✓ ST=✓ t=14.557s
[1262/2340] I.12.3     σ=0.00 s=1 SRGB=✓ NULL=✓ ST=✓ t=13.750s
[1263/2340] I.12.3     σ=0.00 s=2 SRGB=✓ NULL=✓ ST=✓ t=13.878s
[1264/2340] I.12.3     σ=0.00 s=3 SRGB=✓ NULL=✓ ST=✓ t=12.766s
[1265/2340] I.12.3     σ=0.00 s=4 SRGB=✓ NULL=✓ ST=✓ t=11.842s
[1266/2340] I.12.3     σ=0.00 s=5 SRGB=✓ NULL=✓ ST=✓ t=13.476s
[1267/2340] I.12.3     σ=0.00 s=6 SRGB=✓ NULL=✓ ST=✓ t=15.599s
[1268/2340] I.12.3     σ=0.00 s=7 SRGB=✓ NULL=✓ ST=✓ t=15.064s
[1269/2340] I.12.3     σ=0.00 s=8 SRGB=✓ NULL=✓ ST=✓ t=16.245s
[1270/2340] I.12.3     σ=0.00 s=9 SRGB=✓ NULL=✓ ST=✓ t=15.613s
[1271/2340] I.12.3     σ=0.00 s=10 SRGB=✓ NULL=✓ ST=✓ t=15.603s
[1272/2340] I.12.3     σ=0.00 s=11 SRGB=✓ NULL=✓ ST=✓ t=14.843s
[1273/2340] I.12.3     σ=0.00 s=12 SRGB=✓ NULL=✓ ST=✓ t=13.451s
[1274/2340] I.12.3     σ=0.00 s=13 SRGB=✓ NULL=✓ ST=✓ t=13.030s
[1275/2340] I.12.3     σ=0.00 s=14 SRGB=✓ NULL=✓ ST=✓ t=13.310s
[1276/2340] I.12.3     σ=0.00 s=15 SRGB=✓ NULL=✓ ST=✓ t=12.259s
[1277/2340] I.12.3     σ=0.00 s=16 SRGB=✓ NULL=✓ ST=✓ t=14.033s
[1278/2340] I.12.3     σ=0.00 s=17 SRGB=✓ NULL=✓ ST=✓ t=15.209s
[1279/2340] I.12.3     σ=0.00 s=18 SRGB=✓ NULL=✓ ST=✓ t=14.793s
[1280/2340] I.12.3     σ=0.00 s=19 SRGB=✓ NULL=✓ ST=✓ t=14.978s
[1281/2340] I.12.3     σ=0.00 s=20 SRGB=✓ NULL=✓ ST=✓ t=16.006s
[1282/2340] I.12.3     σ=0.00 s=21 SRGB=✓ NULL=✓ ST=✓ t=14.486s
[1283/2340] I.12.3     σ=0.00 s=22 SRGB=✓ NULL=✓ ST=✓ t=12.745s
[1284/2340] I.12.3     σ=0.00 s=23 SRGB=✓ NULL=✓ ST=✓ t=13.946s
[1285/2340] I.12.3     σ=0.00 s=24 SRGB=✓ NULL=✓ ST=✓ t=13.016s
[1286/2340] I.12.3     σ=0.00 s=25 SRGB=✓ NULL=✓ ST=✓ t=12.183s
[1287/2340] I.12.3     σ=0.00 s=26 SRGB=✓ NULL=✓ ST=✓ t=12.882s
[1288/2340] I.12.3     σ=0.00 s=27 SRGB=✓ NULL=✓ ST=✓ t=15.966s
[1289/2340] I.12.3     σ=0.00 s=28 SRGB=✓ NULL=✓ ST=✓ t=15.172s
[1290/2340] I.12.3     σ=0.00 s=29 SRGB=✓ NULL=✓ ST=✓ t=16.173s
[1291/2340] I.12.3     σ=0.02 s=0 SRGB=✗ NULL=✗ ST=✗ t=29.185s
[1292/2340] I.12.3     σ=0.02 s=1 SRGB=✗ NULL=✗ ST=✗ t=30.874s
[1293/2340] I.12.3     σ=0.02 s=2 SRGB=✗ NULL=✗ ST=✗ t=30.900s
[1294/2340] I.12.3     σ=0.02 s=3 SRGB=✗ NULL=✗ ST=✗ t=30.365s
[1295/2340] I.12.3     σ=0.02 s=4 SRGB=✗ NULL=✗ ST=✗ t=28.136s
[1296/2340] I.12.3     σ=0.02 s=5 SRGB=✗ NULL=✗ ST=✗ t=28.972s
[1297/2340] I.12.3     σ=0.02 s=6 SRGB=✗ NULL=✗ ST=✗ t=28.278s
[1298/2340] I.12.3     σ=0.02 s=7 SRGB=✗ NULL=✗ ST=✗ t=26.429s
[1299/2340] I.12.3     σ=0.02 s=8 SRGB=✗ NULL=✗ ST=✗ t=28.993s
[1300/2340] I.12.3     σ=0.02 s=9 SRGB=✗ NULL=✗ ST=✗ t=30.112s
[1301/2340] I.12.3     σ=0.02 s=10 SRGB=✗ NULL=✗ ST=✗ t=31.541s
[1302/2340] I.12.3     σ=0.02 s=11 SRGB=✗ NULL=✗ ST=✗ t=30.727s
[1303/2340] I.12.3     σ=0.02 s=12 SRGB=✗ NULL=✗ ST=✗ t=31.644s
[1304/2340] I.12.3     σ=0.02 s=13 SRGB=✗ NULL=✗ ST=✗ t=31.419s
[1305/2340] I.12.3     σ=0.02 s=14 SRGB=✗ NULL=✗ ST=✗ t=31.771s
[1306/2340] I.12.3     σ=0.02 s=15 SRGB=✗ NULL=✗ ST=✗ t=30.683s
[1307/2340] I.12.3     σ=0.02 s=16 SRGB=✗ NULL=✗ ST=✗ t=31.867s
[1308/2340] I.12.3     σ=0.02 s=17 SRGB=✗ NULL=✗ ST=✗ t=31.623s
[1309/2340] I.12.3     σ=0.02 s=18 SRGB=✗ NULL=✗ ST=✗ t=31.951s
[1310/2340] I.12.3     σ=0.02 s=19 SRGB=✗ NULL=✗ ST=✗ t=30.736s
[1311/2340] I.12.3     σ=0.02 s=20 SRGB=✗ NULL=✗ ST=✗ t=31.433s
[1312/2340] I.12.3     σ=0.02 s=21 SRGB=✗ NULL=✗ ST=✗ t=29.351s
[1313/2340] I.12.3     σ=0.02 s=22 SRGB=✗ NULL=✗ ST=✗ t=27.495s
[1314/2340] I.12.3     σ=0.02 s=23 SRGB=✗ NULL=✗ ST=✗ t=29.784s
[1315/2340] I.12.3     σ=0.02 s=24 SRGB=✗ NULL=✗ ST=✗ t=28.222s
[1316/2340] I.12.3     σ=0.02 s=25 SRGB=✗ NULL=✗ ST=✗ t=29.556s
[1317/2340] I.12.3     σ=0.02 s=26 SRGB=✗ NULL=✗ ST=✗ t=29.698s
[1318/2340] I.12.3     σ=0.02 s=27 SRGB=✗ NULL=✗ ST=✗ t=29.504s
[1319/2340] I.12.3     σ=0.02 s=28 SRGB=✗ NULL=✗ ST=✗ t=26.929s
[1320/2340] I.12.3     σ=0.02 s=29 SRGB=✗ NULL=✗ ST=✗ t=30.860s
[1321/2340] I.12.3     σ=0.05 s=0 SRGB=✗ NULL=✗ ST=✗ t=29.116s
[1322/2340] I.12.3     σ=0.05 s=1 SRGB=✗ NULL=✗ ST=✗ t=29.151s
[1323/2340] I.12.3     σ=0.05 s=2 SRGB=✗ NULL=✗ ST=✗ t=29.235s
[1324/2340] I.12.3     σ=0.05 s=3 SRGB=✗ NULL=✗ ST=✗ t=30.136s
[1325/2340] I.12.3     σ=0.05 s=4 SRGB=✗ NULL=✗ ST=✗ t=30.191s
[1326/2340] I.12.3     σ=0.05 s=5 SRGB=✗ NULL=✗ ST=✗ t=31.297s
[1327/2340] I.12.3     σ=0.05 s=6 SRGB=✗ NULL=✗ ST=✗ t=29.692s
[1328/2340] I.12.3     σ=0.05 s=7 SRGB=✗ NULL=✗ ST=✗ t=30.679s
[1329/2340] I.12.3     σ=0.05 s=8 SRGB=✗ NULL=✗ ST=✗ t=30.024s
[1330/2340] I.12.3     σ=0.05 s=9 SRGB=✗ NULL=✗ ST=✗ t=30.053s
[1331/2340] I.12.3     σ=0.05 s=10 SRGB=✗ NULL=✗ ST=✗ t=29.224s
[1332/2340] I.12.3     σ=0.05 s=11 SRGB=✗ NULL=✗ ST=✗ t=30.461s
[1333/2340] I.12.3     σ=0.05 s=12 SRGB=✗ NULL=✗ ST=✗ t=30.465s
[1334/2340] I.12.3     σ=0.05 s=13 SRGB=✗ NULL=✗ ST=✗ t=30.595s
[1335/2340] I.12.3     σ=0.05 s=14 SRGB=✗ NULL=✗ ST=✗ t=28.250s
[1336/2340] I.12.3     σ=0.05 s=15 SRGB=✗ NULL=✗ ST=✗ t=30.390s
[1337/2340] I.12.3     σ=0.05 s=16 SRGB=✗ NULL=✗ ST=✗ t=31.116s
[1338/2340] I.12.3     σ=0.05 s=17 SRGB=✗ NULL=✗ ST=✗ t=31.503s
[1339/2340] I.12.3     σ=0.05 s=18 SRGB=✗ NULL=✗ ST=✗ t=29.786s
[1340/2340] I.12.3     σ=0.05 s=19 SRGB=✗ NULL=✗ ST=✗ t=28.201s
[1341/2340] I.12.3     σ=0.05 s=20 SRGB=✗ NULL=✗ ST=✗ t=31.251s
[1342/2340] I.12.3     σ=0.05 s=21 SRGB=✗ NULL=✗ ST=✗ t=29.255s
[1343/2340] I.12.3     σ=0.05 s=22 SRGB=✗ NULL=✗ ST=✗ t=30.976s
[1344/2340] I.12.3     σ=0.05 s=23 SRGB=✗ NULL=✗ ST=✗ t=32.166s
[1345/2340] I.12.3     σ=0.05 s=24 SRGB=✗ NULL=✗ ST=✗ t=30.539s
[1346/2340] I.12.3     σ=0.05 s=25 SRGB=✗ NULL=✗ ST=✗ t=30.014s
[1347/2340] I.12.3     σ=0.05 s=26 SRGB=✗ NULL=✗ ST=✗ t=30.279s
[1348/2340] I.12.3     σ=0.05 s=27 SRGB=✗ NULL=✗ ST=✗ t=30.929s
[1349/2340] I.12.3     σ=0.05 s=28 SRGB=✗ NULL=✗ ST=✗ t=30.298s
[1350/2340] I.12.3     σ=0.05 s=29 SRGB=✗ NULL=✗ ST=✗ t=30.730s
[1351/2340] I.12.4     σ=0.00 s=0 SRGB=✓ NULL=✓ ST=✓ t=5.520s
[1352/2340] I.12.4     σ=0.00 s=1 SRGB=✓ NULL=✓ ST=✓ t=2.198s
[1353/2340] I.12.4     σ=0.00 s=2 SRGB=✓ NULL=✓ ST=✓ t=2.232s
[1354/2340] I.12.4     σ=0.00 s=3 SRGB=✓ NULL=✓ ST=✓ t=2.153s
[1355/2340] I.12.4     σ=0.00 s=4 SRGB=✓ NULL=✓ ST=✓ t=2.074s
[1356/2340] I.12.4     σ=0.00 s=5 SRGB=✓ NULL=✓ ST=✓ t=3.145s
[1357/2340] I.12.4     σ=0.00 s=6 SRGB=✓ NULL=✓ ST=✓ t=4.619s
[1358/2340] I.12.4     σ=0.00 s=7 SRGB=✓ NULL=✓ ST=✓ t=2.185s
[1359/2340] I.12.4     σ=0.00 s=8 SRGB=✓ NULL=✓ ST=✓ t=1.944s
[1360/2340] I.12.4     σ=0.00 s=9 SRGB=✓ NULL=✓ ST=✓ t=2.194s
[1361/2340] I.12.4     σ=0.00 s=10 SRGB=✓ NULL=✓ ST=✓ t=2.191s
[1362/2340] I.12.4     σ=0.00 s=11 SRGB=✓ NULL=✓ ST=✓ t=5.008s
[1363/2340] I.12.4     σ=0.00 s=12 SRGB=✓ NULL=✓ ST=✓ t=2.871s
[1364/2340] I.12.4     σ=0.00 s=13 SRGB=✓ NULL=✓ ST=✓ t=2.412s
[1365/2340] I.12.4     σ=0.00 s=14 SRGB=✓ NULL=✓ ST=✓ t=2.024s
[1366/2340] I.12.4     σ=0.00 s=15 SRGB=✓ NULL=✓ ST=✓ t=2.157s
[1367/2340] I.12.4     σ=0.00 s=16 SRGB=✓ NULL=✓ ST=✓ t=2.707s
[1368/2340] I.12.4     σ=0.00 s=17 SRGB=✓ NULL=✓ ST=✓ t=5.395s
[1369/2340] I.12.4     σ=0.00 s=18 SRGB=✓ NULL=✓ ST=✓ t=2.191s
[1370/2340] I.12.4     σ=0.00 s=19 SRGB=✓ NULL=✓ ST=✓ t=2.084s
[1371/2340] I.12.4     σ=0.00 s=20 SRGB=✓ NULL=✓ ST=✓ t=2.267s
[1372/2340] I.12.4     σ=0.00 s=21 SRGB=✓ NULL=✓ ST=✓ t=2.081s
[1373/2340] I.12.4     σ=0.00 s=22 SRGB=✓ NULL=✓ ST=✓ t=3.924s
[1374/2340] I.12.4     σ=0.00 s=23 SRGB=✓ NULL=✓ ST=✓ t=3.778s
[1375/2340] I.12.4     σ=0.00 s=24 SRGB=✓ NULL=✓ ST=✓ t=2.386s
[1376/2340] I.12.4     σ=0.00 s=25 SRGB=✓ NULL=✓ ST=✓ t=2.206s
[1377/2340] I.12.4     σ=0.00 s=26 SRGB=✓ NULL=✓ ST=✓ t=2.101s
[1378/2340] I.12.4     σ=0.00 s=27 SRGB=✓ NULL=✓ ST=✓ t=2.299s
[1379/2340] I.12.4     σ=0.00 s=28 SRGB=✓ NULL=✓ ST=✓ t=5.634s
[1380/2340] I.12.4     σ=0.00 s=29 SRGB=✓ NULL=✓ ST=✓ t=2.477s
[1381/2340] I.12.4     σ=0.02 s=0 SRGB=✗ NULL=✗ ST=✗ t=14.386s
[1382/2340] I.12.4     σ=0.02 s=1 SRGB=✗ NULL=✗ ST=✗ t=15.544s
[1383/2340] I.12.4     σ=0.02 s=2 SRGB=✗ NULL=✗ ST=✗ t=14.598s
[1384/2340] I.12.4     σ=0.02 s=3 SRGB=✗ NULL=✗ ST=✗ t=15.651s
[1385/2340] I.12.4     σ=0.02 s=4 SRGB=✗ NULL=✗ ST=✗ t=14.599s
[1386/2340] I.12.4     σ=0.02 s=5 SRGB=✗ NULL=✗ ST=✗ t=14.836s
[1387/2340] I.12.4     σ=0.02 s=6 SRGB=✗ NULL=✗ ST=✗ t=15.411s
[1388/2340] I.12.4     σ=0.02 s=7 SRGB=✗ NULL=✗ ST=✗ t=14.860s
[1389/2340] I.12.4     σ=0.02 s=8 SRGB=✗ NULL=✗ ST=✗ t=16.085s
[1390/2340] I.12.4     σ=0.02 s=9 SRGB=✗ NULL=✗ ST=✗ t=14.843s
[1391/2340] I.12.4     σ=0.02 s=10 SRGB=✗ NULL=✗ ST=✗ t=14.920s
[1392/2340] I.12.4     σ=0.02 s=11 SRGB=✗ NULL=✗ ST=✗ t=15.341s
[1393/2340] I.12.4     σ=0.02 s=12 SRGB=✗ NULL=✗ ST=✗ t=13.966s
[1394/2340] I.12.4     σ=0.02 s=13 SRGB=✗ NULL=✗ ST=✗ t=14.764s
[1395/2340] I.12.4     σ=0.02 s=14 SRGB=✗ NULL=✗ ST=✗ t=14.099s
[1396/2340] I.12.4     σ=0.02 s=15 SRGB=✗ NULL=✗ ST=✗ t=14.170s
[1397/2340] I.12.4     σ=0.02 s=16 SRGB=✗ NULL=✗ ST=✗ t=14.311s
[1398/2340] I.12.4     σ=0.02 s=17 SRGB=✗ NULL=✗ ST=✗ t=13.677s
[1399/2340] I.12.4     σ=0.02 s=18 SRGB=✗ NULL=✗ ST=✗ t=13.622s
[1400/2340] I.12.4     σ=0.02 s=19 SRGB=✗ NULL=✗ ST=✗ t=15.617s
[1401/2340] I.12.4     σ=0.02 s=20 SRGB=✗ NULL=✗ ST=✗ t=13.147s
[1402/2340] I.12.4     σ=0.02 s=21 SRGB=✗ NULL=✗ ST=✗ t=14.143s
[1403/2340] I.12.4     σ=0.02 s=22 SRGB=✗ NULL=✗ ST=✗ t=15.520s
[1404/2340] I.12.4     σ=0.02 s=23 SRGB=✗ NULL=✗ ST=✗ t=16.056s
[1405/2340] I.12.4     σ=0.02 s=24 SRGB=✗ NULL=✗ ST=✗ t=14.878s
[1406/2340] I.12.4     σ=0.02 s=25 SRGB=✗ NULL=✗ ST=✗ t=14.805s
[1407/2340] I.12.4     σ=0.02 s=26 SRGB=✗ NULL=✗ ST=✗ t=15.392s
[1408/2340] I.12.4     σ=0.02 s=27 SRGB=✗ NULL=✗ ST=✗ t=15.572s
[1409/2340] I.12.4     σ=0.02 s=28 SRGB=✗ NULL=✗ ST=✗ t=14.691s
[1410/2340] I.12.4     σ=0.02 s=29 SRGB=✗ NULL=✗ ST=✗ t=16.080s
[1411/2340] I.12.4     σ=0.05 s=0 SRGB=✗ NULL=✗ ST=✗ t=14.636s
[1412/2340] I.12.4     σ=0.05 s=1 SRGB=✗ NULL=✗ ST=✗ t=14.773s
[1413/2340] I.12.4     σ=0.05 s=2 SRGB=✗ NULL=✗ ST=✗ t=15.924s
[1414/2340] I.12.4     σ=0.05 s=3 SRGB=✗ NULL=✗ ST=✗ t=14.502s
[1415/2340] I.12.4     σ=0.05 s=4 SRGB=✗ NULL=✗ ST=✗ t=14.132s
[1416/2340] I.12.4     σ=0.05 s=5 SRGB=✗ NULL=✗ ST=✗ t=13.774s
[1417/2340] I.12.4     σ=0.05 s=6 SRGB=✗ NULL=✗ ST=✗ t=13.775s
[1418/2340] I.12.4     σ=0.05 s=7 SRGB=✗ NULL=✗ ST=✗ t=13.985s
[1419/2340] I.12.4     σ=0.05 s=8 SRGB=✗ NULL=✗ ST=✗ t=14.085s
[1420/2340] I.12.4     σ=0.05 s=9 SRGB=✗ NULL=✗ ST=✗ t=13.624s
[1421/2340] I.12.4     σ=0.05 s=10 SRGB=✗ NULL=✗ ST=✗ t=13.537s
[1422/2340] I.12.4     σ=0.05 s=11 SRGB=✗ NULL=✗ ST=✗ t=13.102s
[1423/2340] I.12.4     σ=0.05 s=12 SRGB=✗ NULL=✗ ST=✗ t=12.685s
[1424/2340] I.12.4     σ=0.05 s=13 SRGB=✗ NULL=✗ ST=✗ t=13.086s
[1425/2340] I.12.4     σ=0.05 s=14 SRGB=✗ NULL=✗ ST=✗ t=15.050s
[1426/2340] I.12.4     σ=0.05 s=15 SRGB=✗ NULL=✗ ST=✗ t=15.620s
[1427/2340] I.12.4     σ=0.05 s=16 SRGB=✗ NULL=✗ ST=✗ t=15.199s
[1428/2340] I.12.4     σ=0.05 s=17 SRGB=✗ NULL=✗ ST=✗ t=15.628s
[1429/2340] I.12.4     σ=0.05 s=18 SRGB=✗ NULL=✗ ST=✗ t=14.847s
[1430/2340] I.12.4     σ=0.05 s=19 SRGB=✗ NULL=✗ ST=✗ t=14.682s
[1431/2340] I.12.4     σ=0.05 s=20 SRGB=✗ NULL=✗ ST=✗ t=14.203s
[1432/2340] I.12.4     σ=0.05 s=21 SRGB=✗ NULL=✗ ST=✗ t=13.810s
[1433/2340] I.12.4     σ=0.05 s=22 SRGB=✗ NULL=✗ ST=✗ t=13.581s
[1434/2340] I.12.4     σ=0.05 s=23 SRGB=✗ NULL=✗ ST=✗ t=13.628s
[1435/2340] I.12.4     σ=0.05 s=24 SRGB=✗ NULL=✗ ST=✗ t=13.595s
[1436/2340] I.12.4     σ=0.05 s=25 SRGB=✗ NULL=✗ ST=✗ t=13.192s
[1437/2340] I.12.4     σ=0.05 s=26 SRGB=✗ NULL=✗ ST=✗ t=13.280s
[1438/2340] I.12.4     σ=0.05 s=27 SRGB=✗ NULL=✗ ST=✗ t=12.873s
[1439/2340] I.12.4     σ=0.05 s=28 SRGB=✗ NULL=✗ ST=✗ t=14.430s
[1440/2340] I.12.4     σ=0.05 s=29 SRGB=✗ NULL=✗ ST=✗ t=15.755s
[1441/2340] I.12.5     σ=0.00 s=0 SRGB=✓ NULL=✓ ST=✓ t=0.998s
[1442/2340] I.12.5     σ=0.00 s=1 SRGB=✓ NULL=✓ ST=✓ t=3.123s
[1443/2340] I.12.5     σ=0.00 s=2 SRGB=✓ NULL=✓ ST=✓ t=2.934s
[1444/2340] I.12.5     σ=0.00 s=3 SRGB=✓ NULL=✓ ST=✓ t=1.025s
[1445/2340] I.12.5     σ=0.00 s=4 SRGB=✓ NULL=✓ ST=✓ t=1.019s
[1446/2340] I.12.5     σ=0.00 s=5 SRGB=✓ NULL=✓ ST=✓ t=1.024s
[1447/2340] I.12.5     σ=0.00 s=6 SRGB=✓ NULL=✓ ST=✓ t=0.980s
[1448/2340] I.12.5     σ=0.00 s=7 SRGB=✓ NULL=✓ ST=✓ t=0.961s
[1449/2340] I.12.5     σ=0.00 s=8 SRGB=✓ NULL=✓ ST=✓ t=1.043s
[1450/2340] I.12.5     σ=0.00 s=9 SRGB=✓ NULL=✓ ST=✓ t=0.916s
[1451/2340] I.12.5     σ=0.00 s=10 SRGB=✓ NULL=✓ ST=✓ t=0.996s
[1452/2340] I.12.5     σ=0.00 s=11 SRGB=✓ NULL=✓ ST=✓ t=0.994s
[1453/2340] I.12.5     σ=0.00 s=12 SRGB=✓ NULL=✓ ST=✓ t=1.297s
[1454/2340] I.12.5     σ=0.00 s=13 SRGB=✓ NULL=✓ ST=✓ t=3.439s
[1455/2340] I.12.5     σ=0.00 s=14 SRGB=✓ NULL=✓ ST=✓ t=2.271s
[1456/2340] I.12.5     σ=0.00 s=15 SRGB=✓ NULL=✓ ST=✓ t=0.930s
[1457/2340] I.12.5     σ=0.00 s=16 SRGB=✓ NULL=✓ ST=✓ t=1.023s
[1458/2340] I.12.5     σ=0.00 s=17 SRGB=✓ NULL=✓ ST=✓ t=1.046s
[1459/2340] I.12.5     σ=0.00 s=18 SRGB=✓ NULL=✓ ST=✓ t=0.900s
[1460/2340] I.12.5     σ=0.00 s=19 SRGB=✓ NULL=✓ ST=✓ t=1.062s
[1461/2340] I.12.5     σ=0.00 s=20 SRGB=✓ NULL=✓ ST=✓ t=0.936s
[1462/2340] I.12.5     σ=0.00 s=21 SRGB=✓ NULL=✓ ST=✓ t=0.979s
[1463/2340] I.12.5     σ=0.00 s=22 SRGB=✓ NULL=✓ ST=✓ t=1.019s
[1464/2340] I.12.5     σ=0.00 s=23 SRGB=✓ NULL=✓ ST=✓ t=1.019s
[1465/2340] I.12.5     σ=0.00 s=24 SRGB=✓ NULL=✓ ST=✓ t=1.336s
[1466/2340] I.12.5     σ=0.00 s=25 SRGB=✓ NULL=✓ ST=✓ t=2.622s
[1467/2340] I.12.5     σ=0.00 s=26 SRGB=✓ NULL=✓ ST=✓ t=2.852s
[1468/2340] I.12.5     σ=0.00 s=27 SRGB=✓ NULL=✓ ST=✓ t=0.950s
[1469/2340] I.12.5     σ=0.00 s=28 SRGB=✓ NULL=✓ ST=✓ t=1.047s
[1470/2340] I.12.5     σ=0.00 s=29 SRGB=✓ NULL=✓ ST=✓ t=1.046s
[1471/2340] I.12.5     σ=0.02 s=0 SRGB=✓ NULL=✗ ST=✗ t=11.085s
[1472/2340] I.12.5     σ=0.02 s=1 SRGB=✓ NULL=✗ ST=✗ t=10.249s
[1473/2340] I.12.5     σ=0.02 s=2 SRGB=✓ NULL=✗ ST=✗ t=13.673s
[1474/2340] I.12.5     σ=0.02 s=3 SRGB=✓ NULL=✗ ST=✗ t=11.949s
[1475/2340] I.12.5     σ=0.02 s=4 SRGB=✓ NULL=✗ ST=✗ t=11.647s
[1476/2340] I.12.5     σ=0.02 s=5 SRGB=✓ NULL=✗ ST=✗ t=10.362s
[1477/2340] I.12.5     σ=0.02 s=6 SRGB=✓ NULL=✗ ST=✗ t=11.533s
[1478/2340] I.12.5     σ=0.02 s=7 SRGB=✓ NULL=✗ ST=✗ t=11.876s
[1479/2340] I.12.5     σ=0.02 s=8 SRGB=✓ NULL=✗ ST=✗ t=11.179s
[1480/2340] I.12.5     σ=0.02 s=9 SRGB=✓ NULL=✗ ST=✗ t=10.357s
[1481/2340] I.12.5     σ=0.02 s=10 SRGB=✓ NULL=✗ ST=✗ t=12.157s
[1482/2340] I.12.5     σ=0.02 s=11 SRGB=✓ NULL=✗ ST=✗ t=11.481s
[1483/2340] I.12.5     σ=0.02 s=12 SRGB=✓ NULL=✗ ST=✗ t=11.837s
[1484/2340] I.12.5     σ=0.02 s=13 SRGB=✓ NULL=✗ ST=✗ t=9.839s
[1485/2340] I.12.5     σ=0.02 s=14 SRGB=✓ NULL=✗ ST=✗ t=12.845s
[1486/2340] I.12.5     σ=0.02 s=15 SRGB=✓ NULL=✗ ST=✗ t=11.520s
[1487/2340] I.12.5     σ=0.02 s=16 SRGB=✓ NULL=✗ ST=✗ t=11.090s
[1488/2340] I.12.5     σ=0.02 s=17 SRGB=✓ NULL=✗ ST=✗ t=10.333s
[1489/2340] I.12.5     σ=0.02 s=18 SRGB=✓ NULL=✗ ST=✗ t=13.394s
[1490/2340] I.12.5     σ=0.02 s=19 SRGB=✓ NULL=✗ ST=✗ t=12.523s
[1491/2340] I.12.5     σ=0.02 s=20 SRGB=✓ NULL=✗ ST=✗ t=11.904s
[1492/2340] I.12.5     σ=0.02 s=21 SRGB=✓ NULL=✗ ST=✗ t=11.099s
[1493/2340] I.12.5     σ=0.02 s=22 SRGB=✓ NULL=✗ ST=✗ t=10.168s
[1494/2340] I.12.5     σ=0.02 s=23 SRGB=✓ NULL=✗ ST=✗ t=13.212s
[1495/2340] I.12.5     σ=0.02 s=24 SRGB=✓ NULL=✗ ST=✗ t=11.476s
[1496/2340] I.12.5     σ=0.02 s=25 SRGB=✓ NULL=✗ ST=✗ t=11.750s
[1497/2340] I.12.5     σ=0.02 s=26 SRGB=✓ NULL=✗ ST=✗ t=10.757s
[1498/2340] I.12.5     σ=0.02 s=27 SRGB=✓ NULL=✗ ST=✗ t=12.900s
[1499/2340] I.12.5     σ=0.02 s=28 SRGB=✓ NULL=✗ ST=✗ t=11.184s
[1500/2340] I.12.5     σ=0.02 s=29 SRGB=✓ NULL=✗ ST=✗ t=11.482s
[1501/2340] I.12.5     σ=0.05 s=0 SRGB=✗ NULL=✗ ST=✗ t=12.004s
[1502/2340] I.12.5     σ=0.05 s=1 SRGB=✗ NULL=✗ ST=✗ t=12.145s
[1503/2340] I.12.5     σ=0.05 s=2 SRGB=✗ NULL=✗ ST=✗ t=14.499s
[1504/2340] I.12.5     σ=0.05 s=3 SRGB=✗ NULL=✗ ST=✗ t=14.880s
[1505/2340] I.12.5     σ=0.05 s=4 SRGB=✗ NULL=✗ ST=✗ t=14.444s
[1506/2340] I.12.5     σ=0.05 s=5 SRGB=✗ NULL=✗ ST=✗ t=15.118s
[1507/2340] I.12.5     σ=0.05 s=6 SRGB=✗ NULL=✗ ST=✗ t=14.099s
[1508/2340] I.12.5     σ=0.05 s=7 SRGB=✗ NULL=✗ ST=✗ t=15.285s
[1509/2340] I.12.5     σ=0.05 s=8 SRGB=✗ NULL=✗ ST=✗ t=14.252s
[1510/2340] I.12.5     σ=0.05 s=9 SRGB=✗ NULL=✗ ST=✗ t=12.999s
[1511/2340] I.12.5     σ=0.05 s=10 SRGB=✗ NULL=✗ ST=✗ t=14.701s
[1512/2340] I.12.5     σ=0.05 s=11 SRGB=✗ NULL=✗ ST=✗ t=13.295s
[1513/2340] I.12.5     σ=0.05 s=12 SRGB=✗ NULL=✗ ST=✗ t=13.169s
[1514/2340] I.12.5     σ=0.05 s=13 SRGB=✗ NULL=✗ ST=✗ t=11.220s
[1515/2340] I.12.5     σ=0.05 s=14 SRGB=✗ NULL=✗ ST=✗ t=14.380s
[1516/2340] I.12.5     σ=0.05 s=15 SRGB=✗ NULL=✗ ST=✗ t=13.967s
[1517/2340] I.12.5     σ=0.05 s=16 SRGB=✗ NULL=✗ ST=✗ t=14.824s
[1518/2340] I.12.5     σ=0.05 s=17 SRGB=✗ NULL=✗ ST=✗ t=14.630s
[1519/2340] I.12.5     σ=0.05 s=18 SRGB=✗ NULL=✗ ST=✗ t=15.107s
[1520/2340] I.12.5     σ=0.05 s=19 SRGB=✗ NULL=✗ ST=✗ t=15.305s
[1521/2340] I.12.5     σ=0.05 s=20 SRGB=✗ NULL=✗ ST=✗ t=15.853s
[1522/2340] I.12.5     σ=0.05 s=21 SRGB=✗ NULL=✗ ST=✗ t=15.163s
[1523/2340] I.12.5     σ=0.05 s=22 SRGB=✗ NULL=✗ ST=✗ t=15.762s
[1524/2340] I.12.5     σ=0.05 s=23 SRGB=✗ NULL=✗ ST=✗ t=14.553s
[1525/2340] I.12.5     σ=0.05 s=24 SRGB=✗ NULL=✗ ST=✗ t=14.642s
[1526/2340] I.12.5     σ=0.05 s=25 SRGB=✗ NULL=✗ ST=✗ t=14.132s
[1527/2340] I.12.5     σ=0.05 s=26 SRGB=✗ NULL=✗ ST=✗ t=13.482s
[1528/2340] I.12.5     σ=0.05 s=27 SRGB=✗ NULL=✗ ST=✗ t=13.742s
[1529/2340] I.12.5     σ=0.05 s=28 SRGB=✗ NULL=✗ ST=✗ t=13.203s
[1530/2340] I.12.5     σ=0.05 s=29 SRGB=✗ NULL=✗ ST=✗ t=14.254s
[1531/2340] I.13.4     σ=0.00 s=0 SRGB=✓ NULL=✓ ST=✓ t=0.595s
[1532/2340] I.13.4     σ=0.00 s=1 SRGB=✓ NULL=✓ ST=✓ t=0.488s
[1533/2340] I.13.4     σ=0.00 s=2 SRGB=✓ NULL=✓ ST=✓ t=0.554s
[1534/2340] I.13.4     σ=0.00 s=3 SRGB=✓ NULL=✓ ST=✓ t=0.484s
[1535/2340] I.13.4     σ=0.00 s=4 SRGB=✓ NULL=✓ ST=✓ t=0.509s
[1536/2340] I.13.4     σ=0.00 s=5 SRGB=✓ NULL=✓ ST=✓ t=0.529s
[1537/2340] I.13.4     σ=0.00 s=6 SRGB=✓ NULL=✓ ST=✓ t=0.594s
[1538/2340] I.13.4     σ=0.00 s=7 SRGB=✓ NULL=✓ ST=✓ t=0.583s
[1539/2340] I.13.4     σ=0.00 s=8 SRGB=✓ NULL=✓ ST=✓ t=0.509s
[1540/2340] I.13.4     σ=0.00 s=9 SRGB=✓ NULL=✓ ST=✓ t=0.574s
[1541/2340] I.13.4     σ=0.00 s=10 SRGB=✓ NULL=✓ ST=✓ t=0.584s
[1542/2340] I.13.4     σ=0.00 s=11 SRGB=✓ NULL=✓ ST=✓ t=0.532s
[1543/2340] I.13.4     σ=0.00 s=12 SRGB=✓ NULL=✓ ST=✓ t=0.571s
[1544/2340] I.13.4     σ=0.00 s=13 SRGB=✓ NULL=✓ ST=✓ t=0.478s
[1545/2340] I.13.4     σ=0.00 s=14 SRGB=✓ NULL=✓ ST=✓ t=0.501s
[1546/2340] I.13.4     σ=0.00 s=15 SRGB=✓ NULL=✓ ST=✓ t=0.467s
[1547/2340] I.13.4     σ=0.00 s=16 SRGB=✓ NULL=✓ ST=✓ t=0.837s
[1548/2340] I.13.4     σ=0.00 s=17 SRGB=✓ NULL=✓ ST=✓ t=2.158s
[1549/2340] I.13.4     σ=0.00 s=18 SRGB=✓ NULL=✓ ST=✓ t=2.120s
[1550/2340] I.13.4     σ=0.00 s=19 SRGB=✓ NULL=✓ ST=✓ t=0.813s
[1551/2340] I.13.4     σ=0.00 s=20 SRGB=✓ NULL=✓ ST=✓ t=0.531s
[1552/2340] I.13.4     σ=0.00 s=21 SRGB=✓ NULL=✓ ST=✓ t=0.549s
[1553/2340] I.13.4     σ=0.00 s=22 SRGB=✓ NULL=✓ ST=✓ t=0.569s
[1554/2340] I.13.4     σ=0.00 s=23 SRGB=✓ NULL=✓ ST=✓ t=0.518s
[1555/2340] I.13.4     σ=0.00 s=24 SRGB=✓ NULL=✓ ST=✓ t=0.529s
[1556/2340] I.13.4     σ=0.00 s=25 SRGB=✓ NULL=✓ ST=✓ t=0.624s
[1557/2340] I.13.4     σ=0.00 s=26 SRGB=✓ NULL=✓ ST=✓ t=0.485s
[1558/2340] I.13.4     σ=0.00 s=27 SRGB=✓ NULL=✓ ST=✓ t=0.526s
[1559/2340] I.13.4     σ=0.00 s=28 SRGB=✓ NULL=✓ ST=✓ t=0.468s
[1560/2340] I.13.4     σ=0.00 s=29 SRGB=✓ NULL=✓ ST=✓ t=0.586s
[1561/2340] I.13.4     σ=0.02 s=0 SRGB=✓ NULL=✗ ST=✗ t=8.182s
[1562/2340] I.13.4     σ=0.02 s=1 SRGB=✓ NULL=✗ ST=✗ t=6.694s
[1563/2340] I.13.4     σ=0.02 s=2 SRGB=✓ NULL=✗ ST=✗ t=7.734s
[1564/2340] I.13.4     σ=0.02 s=3 SRGB=✓ NULL=✗ ST=✗ t=7.311s
[1565/2340] I.13.4     σ=0.02 s=4 SRGB=✓ NULL=✗ ST=✗ t=7.825s
[1566/2340] I.13.4     σ=0.02 s=5 SRGB=✓ NULL=✗ ST=✗ t=6.597s
[1567/2340] I.13.4     σ=0.02 s=6 SRGB=✓ NULL=✗ ST=✗ t=8.087s
[1568/2340] I.13.4     σ=0.02 s=7 SRGB=✓ NULL=✗ ST=✗ t=7.416s
[1569/2340] I.13.4     σ=0.02 s=8 SRGB=✓ NULL=✗ ST=✗ t=8.135s
[1570/2340] I.13.4     σ=0.02 s=9 SRGB=✓ NULL=✗ ST=✗ t=6.952s
[1571/2340] I.13.4     σ=0.02 s=10 SRGB=✓ NULL=✗ ST=✗ t=7.540s
[1572/2340] I.13.4     σ=0.02 s=11 SRGB=✓ NULL=✗ ST=✗ t=7.109s
[1573/2340] I.13.4     σ=0.02 s=12 SRGB=✓ NULL=✗ ST=✗ t=7.666s
[1574/2340] I.13.4     σ=0.02 s=13 SRGB=✓ NULL=✗ ST=✗ t=7.475s
[1575/2340] I.13.4     σ=0.02 s=14 SRGB=✓ NULL=✗ ST=✗ t=7.667s
[1576/2340] I.13.4     σ=0.02 s=15 SRGB=✓ NULL=✗ ST=✗ t=7.500s
[1577/2340] I.13.4     σ=0.02 s=16 SRGB=✓ NULL=✗ ST=✗ t=7.848s
[1578/2340] I.13.4     σ=0.02 s=17 SRGB=✓ NULL=✗ ST=✗ t=6.815s
[1579/2340] I.13.4     σ=0.02 s=18 SRGB=✓ NULL=✗ ST=✗ t=7.525s
[1580/2340] I.13.4     σ=0.02 s=19 SRGB=✓ NULL=✗ ST=✗ t=6.694s
[1581/2340] I.13.4     σ=0.02 s=20 SRGB=✓ NULL=✗ ST=✗ t=7.462s
[1582/2340] I.13.4     σ=0.02 s=21 SRGB=✓ NULL=✗ ST=✗ t=7.538s
[1583/2340] I.13.4     σ=0.02 s=22 SRGB=✓ NULL=✗ ST=✗ t=6.987s
[1584/2340] I.13.4     σ=0.02 s=23 SRGB=✓ NULL=✗ ST=✗ t=7.245s
[1585/2340] I.13.4     σ=0.02 s=24 SRGB=✓ NULL=✗ ST=✗ t=7.693s
[1586/2340] I.13.4     σ=0.02 s=25 SRGB=✓ NULL=✗ ST=✗ t=7.311s
[1587/2340] I.13.4     σ=0.02 s=26 SRGB=✓ NULL=✗ ST=✗ t=8.236s
[1588/2340] I.13.4     σ=0.02 s=27 SRGB=✓ NULL=✗ ST=✗ t=7.644s
[1589/2340] I.13.4     σ=0.02 s=28 SRGB=✓ NULL=✗ ST=✗ t=7.106s
[1590/2340] I.13.4     σ=0.02 s=29 SRGB=✓ NULL=✗ ST=✗ t=6.659s
[1591/2340] I.13.4     σ=0.05 s=0 SRGB=✓ NULL=✗ ST=✗ t=7.566s
[1592/2340] I.13.4     σ=0.05 s=1 SRGB=✓ NULL=✗ ST=✗ t=7.471s
[1593/2340] I.13.4     σ=0.05 s=2 SRGB=✓ NULL=✗ ST=✗ t=8.005s
[1594/2340] I.13.4     σ=0.05 s=3 SRGB=✓ NULL=✗ ST=✗ t=8.094s
[1595/2340] I.13.4     σ=0.05 s=4 SRGB=✓ NULL=✗ ST=✗ t=7.726s
[1596/2340] I.13.4     σ=0.05 s=5 SRGB=✓ NULL=✗ ST=✗ t=7.245s
[1597/2340] I.13.4     σ=0.05 s=6 SRGB=✓ NULL=✗ ST=✗ t=8.873s
[1598/2340] I.13.4     σ=0.05 s=7 SRGB=✓ NULL=✗ ST=✗ t=6.653s
[1599/2340] I.13.4     σ=0.05 s=8 SRGB=✓ NULL=✗ ST=✗ t=9.777s
[1600/2340] I.13.4     σ=0.05 s=9 SRGB=✓ NULL=✗ ST=✗ t=6.780s
[1601/2340] I.13.4     σ=0.05 s=10 SRGB=✓ NULL=✗ ST=✗ t=8.929s
[1602/2340] I.13.4     σ=0.05 s=11 SRGB=✓ NULL=✗ ST=✗ t=6.542s
[1603/2340] I.13.4     σ=0.05 s=12 SRGB=✓ NULL=✗ ST=✗ t=9.522s
[1604/2340] I.13.4     σ=0.05 s=13 SRGB=✓ NULL=✗ ST=✗ t=6.602s
[1605/2340] I.13.4     σ=0.05 s=14 SRGB=✓ NULL=✗ ST=✗ t=9.104s
[1606/2340] I.13.4     σ=0.05 s=15 SRGB=✓ NULL=✗ ST=✗ t=7.282s
[1607/2340] I.13.4     σ=0.05 s=16 SRGB=✓ NULL=✗ ST=✗ t=8.448s
[1608/2340] I.13.4     σ=0.05 s=17 SRGB=✓ NULL=✗ ST=✗ t=6.529s
[1609/2340] I.13.4     σ=0.05 s=18 SRGB=✓ NULL=✗ ST=✗ t=8.522s
[1610/2340] I.13.4     σ=0.05 s=19 SRGB=✓ NULL=✗ ST=✗ t=6.935s
[1611/2340] I.13.4     σ=0.05 s=20 SRGB=✓ NULL=✗ ST=✗ t=8.187s
[1612/2340] I.13.4     σ=0.05 s=21 SRGB=✓ NULL=✗ ST=✗ t=7.758s
[1613/2340] I.13.4     σ=0.05 s=22 SRGB=✓ NULL=✗ ST=✗ t=7.311s
[1614/2340] I.13.4     σ=0.05 s=23 SRGB=✓ NULL=✗ ST=✗ t=7.585s
[1615/2340] I.13.4     σ=0.05 s=24 SRGB=✓ NULL=✗ ST=✗ t=8.158s
[1616/2340] I.13.4     σ=0.05 s=25 SRGB=✓ NULL=✗ ST=✗ t=7.510s
[1617/2340] I.13.4     σ=0.05 s=26 SRGB=✓ NULL=✗ ST=✗ t=7.550s
[1618/2340] I.13.4     σ=0.05 s=27 SRGB=✓ NULL=✗ ST=✗ t=9.270s
[1619/2340] I.13.4     σ=0.05 s=28 SRGB=✓ NULL=✗ ST=✗ t=6.581s
[1620/2340] I.13.4     σ=0.05 s=29 SRGB=✓ NULL=✗ ST=✗ t=8.667s
[1621/2340] I.13.12    σ=0.00 s=0 SRGB=✓ NULL=✓ ST=✓ t=0.628s
[1622/2340] I.13.12    σ=0.00 s=1 SRGB=✓ NULL=✓ ST=✓ t=0.483s
[1623/2340] I.13.12    σ=0.00 s=2 SRGB=✓ NULL=✓ ST=✓ t=0.873s
[1624/2340] I.13.12    σ=0.00 s=3 SRGB=✓ NULL=✓ ST=✓ t=0.494s
[1625/2340] I.13.12    σ=0.00 s=4 SRGB=✓ NULL=✓ ST=✓ t=0.477s
[1626/2340] I.13.12    σ=0.00 s=5 SRGB=✓ NULL=✓ ST=✓ t=0.531s
[1627/2340] I.13.12    σ=0.00 s=6 SRGB=✓ NULL=✓ ST=✓ t=0.589s
[1628/2340] I.13.12    σ=0.00 s=7 SRGB=✓ NULL=✓ ST=✓ t=0.559s
[1629/2340] I.13.12    σ=0.00 s=8 SRGB=✓ NULL=✓ ST=✓ t=0.534s
[1630/2340] I.13.12    σ=0.00 s=9 SRGB=✓ NULL=✓ ST=✓ t=0.486s
[1631/2340] I.13.12    σ=0.00 s=10 SRGB=✓ NULL=✓ ST=✓ t=0.591s
[1632/2340] I.13.12    σ=0.00 s=11 SRGB=✓ NULL=✓ ST=✓ t=0.509s
[1633/2340] I.13.12    σ=0.00 s=12 SRGB=✓ NULL=✓ ST=✓ t=0.494s
[1634/2340] I.13.12    σ=0.00 s=13 SRGB=✓ NULL=✓ ST=✓ t=0.490s
[1635/2340] I.13.12    σ=0.00 s=14 SRGB=✓ NULL=✓ ST=✓ t=0.489s
[1636/2340] I.13.12    σ=0.00 s=15 SRGB=✓ NULL=✓ ST=✓ t=0.478s
[1637/2340] I.13.12    σ=0.00 s=16 SRGB=✓ NULL=✓ ST=✓ t=0.577s
[1638/2340] I.13.12    σ=0.00 s=17 SRGB=✓ NULL=✓ ST=✓ t=0.510s
[1639/2340] I.13.12    σ=0.00 s=18 SRGB=✓ NULL=✓ ST=✓ t=1.559s
[1640/2340] I.13.12    σ=0.00 s=19 SRGB=✓ NULL=✓ ST=✓ t=1.199s
[1641/2340] I.13.12    σ=0.00 s=20 SRGB=✓ NULL=✓ ST=✓ t=1.679s
[1642/2340] I.13.12    σ=0.00 s=21 SRGB=✓ NULL=✓ ST=✓ t=1.089s
[1643/2340] I.13.12    σ=0.00 s=22 SRGB=✓ NULL=✓ ST=✓ t=0.677s
[1644/2340] I.13.12    σ=0.00 s=23 SRGB=✓ NULL=✓ ST=✓ t=0.560s
[1645/2340] I.13.12    σ=0.00 s=24 SRGB=✓ NULL=✓ ST=✓ t=0.587s
[1646/2340] I.13.12    σ=0.00 s=25 SRGB=✓ NULL=✓ ST=✓ t=0.526s
[1647/2340] I.13.12    σ=0.00 s=26 SRGB=✓ NULL=✓ ST=✓ t=0.570s
[1648/2340] I.13.12    σ=0.00 s=27 SRGB=✓ NULL=✓ ST=✓ t=0.550s
[1649/2340] I.13.12    σ=0.00 s=28 SRGB=✓ NULL=✓ ST=✓ t=0.509s
[1650/2340] I.13.12    σ=0.00 s=29 SRGB=✓ NULL=✓ ST=✓ t=0.470s
[1651/2340] I.13.12    σ=0.02 s=0 SRGB=✓ NULL=✗ ST=✗ t=7.084s
[1652/2340] I.13.12    σ=0.02 s=1 SRGB=✓ NULL=✗ ST=✗ t=8.165s
[1653/2340] I.13.12    σ=0.02 s=2 SRGB=✓ NULL=✗ ST=✗ t=7.115s
[1654/2340] I.13.12    σ=0.02 s=3 SRGB=✓ NULL=✗ ST=✗ t=7.947s
[1655/2340] I.13.12    σ=0.02 s=4 SRGB=✓ NULL=✗ ST=✗ t=7.145s
[1656/2340] I.13.12    σ=0.02 s=5 SRGB=✓ NULL=✗ ST=✗ t=7.276s
[1657/2340] I.13.12    σ=0.02 s=6 SRGB=✓ NULL=✗ ST=✗ t=7.488s
[1658/2340] I.13.12    σ=0.02 s=7 SRGB=✓ NULL=✗ ST=✗ t=7.817s
[1659/2340] I.13.12    σ=0.02 s=8 SRGB=✓ NULL=✗ ST=✗ t=8.009s
[1660/2340] I.13.12    σ=0.02 s=9 SRGB=✓ NULL=✗ ST=✗ t=7.683s
[1661/2340] I.13.12    σ=0.02 s=10 SRGB=✓ NULL=✗ ST=✗ t=7.172s
[1662/2340] I.13.12    σ=0.02 s=11 SRGB=✓ NULL=✗ ST=✗ t=7.689s
[1663/2340] I.13.12    σ=0.02 s=12 SRGB=✓ NULL=✗ ST=✗ t=7.000s
[1664/2340] I.13.12    σ=0.02 s=13 SRGB=✓ NULL=✗ ST=✗ t=8.033s
[1665/2340] I.13.12    σ=0.02 s=14 SRGB=✓ NULL=✗ ST=✗ t=6.820s
[1666/2340] I.13.12    σ=0.02 s=15 SRGB=✓ NULL=✗ ST=✗ t=8.192s
[1667/2340] I.13.12    σ=0.02 s=16 SRGB=✓ NULL=✗ ST=✗ t=7.254s
[1668/2340] I.13.12    σ=0.02 s=17 SRGB=✓ NULL=✗ ST=✗ t=7.363s
[1669/2340] I.13.12    σ=0.02 s=18 SRGB=✓ NULL=✗ ST=✗ t=7.202s
[1670/2340] I.13.12    σ=0.02 s=19 SRGB=✓ NULL=✗ ST=✗ t=7.589s
[1671/2340] I.13.12    σ=0.02 s=20 SRGB=✓ NULL=✗ ST=✗ t=7.035s
[1672/2340] I.13.12    σ=0.02 s=21 SRGB=✓ NULL=✗ ST=✗ t=8.276s
[1673/2340] I.13.12    σ=0.02 s=22 SRGB=✓ NULL=✗ ST=✗ t=6.584s
[1674/2340] I.13.12    σ=0.02 s=23 SRGB=✓ NULL=✗ ST=✗ t=8.174s
[1675/2340] I.13.12    σ=0.02 s=24 SRGB=✓ NULL=✗ ST=✗ t=7.482s
[1676/2340] I.13.12    σ=0.02 s=25 SRGB=✓ NULL=✗ ST=✗ t=7.801s
[1677/2340] I.13.12    σ=0.02 s=26 SRGB=✓ NULL=✗ ST=✗ t=7.715s
[1678/2340] I.13.12    σ=0.02 s=27 SRGB=✓ NULL=✗ ST=✗ t=7.808s
[1679/2340] I.13.12    σ=0.02 s=28 SRGB=✓ NULL=✗ ST=✗ t=7.681s
[1680/2340] I.13.12    σ=0.02 s=29 SRGB=✓ NULL=✗ ST=✗ t=7.159s
[1681/2340] I.13.12    σ=0.05 s=0 SRGB=✓ NULL=✗ ST=✗ t=7.993s
[1682/2340] I.13.12    σ=0.05 s=1 SRGB=✓ NULL=✗ ST=✗ t=7.904s
[1683/2340] I.13.12    σ=0.05 s=2 SRGB=✓ NULL=✗ ST=✗ t=9.217s
[1684/2340] I.13.12    σ=0.05 s=3 SRGB=✓ NULL=✗ ST=✗ t=8.056s
[1685/2340] I.13.12    σ=0.05 s=4 SRGB=✓ NULL=✗ ST=✗ t=10.498s
[1686/2340] I.13.12    σ=0.05 s=5 SRGB=✓ NULL=✗ ST=✗ t=7.501s
[1687/2340] I.13.12    σ=0.05 s=6 SRGB=✓ NULL=✗ ST=✗ t=9.546s
[1688/2340] I.13.12    σ=0.05 s=7 SRGB=✓ NULL=✗ ST=✗ t=7.448s
[1689/2340] I.13.12    σ=0.05 s=8 SRGB=✓ NULL=✗ ST=✗ t=8.442s
[1690/2340] I.13.12    σ=0.05 s=9 SRGB=✓ NULL=✗ ST=✗ t=7.716s
[1691/2340] I.13.12    σ=0.05 s=10 SRGB=✓ NULL=✗ ST=✗ t=8.425s
[1692/2340] I.13.12    σ=0.05 s=11 SRGB=✓ NULL=✗ ST=✗ t=7.996s
[1693/2340] I.13.12    σ=0.05 s=12 SRGB=✓ NULL=✗ ST=✗ t=7.097s
[1694/2340] I.13.12    σ=0.05 s=13 SRGB=✓ NULL=✗ ST=✗ t=9.359s
[1695/2340] I.13.12    σ=0.05 s=14 SRGB=✓ NULL=✗ ST=✗ t=6.863s
[1696/2340] I.13.12    σ=0.05 s=15 SRGB=✓ NULL=✗ ST=✗ t=9.562s
[1697/2340] I.13.12    σ=0.05 s=16 SRGB=✓ NULL=✗ ST=✗ t=7.380s
[1698/2340] I.13.12    σ=0.05 s=17 SRGB=✓ NULL=✗ ST=✗ t=9.160s
[1699/2340] I.13.12    σ=0.05 s=18 SRGB=✓ NULL=✗ ST=✗ t=6.800s
[1700/2340] I.13.12    σ=0.05 s=19 SRGB=✓ NULL=✗ ST=✗ t=8.954s
[1701/2340] I.13.12    σ=0.05 s=20 SRGB=✓ NULL=✗ ST=✗ t=6.994s
[1702/2340] I.13.12    σ=0.05 s=21 SRGB=✓ NULL=✗ ST=✗ t=8.408s
[1703/2340] I.13.12    σ=0.05 s=22 SRGB=✓ NULL=✗ ST=✗ t=6.650s
[1704/2340] I.13.12    σ=0.05 s=23 SRGB=✓ NULL=✗ ST=✗ t=8.610s
[1705/2340] I.13.12    σ=0.05 s=24 SRGB=✓ NULL=✗ ST=✗ t=7.269s
[1706/2340] I.13.12    σ=0.05 s=25 SRGB=✓ NULL=✗ ST=✗ t=7.951s
[1707/2340] I.13.12    σ=0.05 s=26 SRGB=✓ NULL=✗ ST=✗ t=7.382s
[1708/2340] I.13.12    σ=0.05 s=27 SRGB=✓ NULL=✗ ST=✗ t=8.687s
[1709/2340] I.13.12    σ=0.05 s=28 SRGB=✓ NULL=✗ ST=✗ t=8.155s
[1710/2340] I.13.12    σ=0.05 s=29 SRGB=✓ NULL=✗ ST=✗ t=7.486s
[1711/2340] I.14.3     σ=0.00 s=0 SRGB=✓ NULL=✓ ST=✓ t=1.040s
[1712/2340] I.14.3     σ=0.00 s=1 SRGB=✓ NULL=✓ ST=✓ t=1.018s
[1713/2340] I.14.3     σ=0.00 s=2 SRGB=✓ NULL=✓ ST=✓ t=0.937s
[1714/2340] I.14.3     σ=0.00 s=3 SRGB=✓ NULL=✓ ST=✓ t=0.953s
[1715/2340] I.14.3     σ=0.00 s=4 SRGB=✓ NULL=✓ ST=✓ t=2.070s
[1716/2340] I.14.3     σ=0.00 s=5 SRGB=✓ NULL=✓ ST=✓ t=2.534s
[1717/2340] I.14.3     σ=0.00 s=6 SRGB=✓ NULL=✓ ST=✓ t=2.137s
[1718/2340] I.14.3     σ=0.00 s=7 SRGB=✓ NULL=✓ ST=✓ t=0.973s
[1719/2340] I.14.3     σ=0.00 s=8 SRGB=✓ NULL=✓ ST=✓ t=0.971s
[1720/2340] I.14.3     σ=0.00 s=9 SRGB=✓ NULL=✓ ST=✓ t=0.965s
[1721/2340] I.14.3     σ=0.00 s=10 SRGB=✓ NULL=✓ ST=✓ t=0.975s
[1722/2340] I.14.3     σ=0.00 s=11 SRGB=✓ NULL=✓ ST=✓ t=0.995s
[1723/2340] I.14.3     σ=0.00 s=12 SRGB=✓ NULL=✓ ST=✓ t=0.927s
[1724/2340] I.14.3     σ=0.00 s=13 SRGB=✓ NULL=✓ ST=✓ t=0.943s
[1725/2340] I.14.3     σ=0.00 s=14 SRGB=✓ NULL=✓ ST=✓ t=0.973s
[1726/2340] I.14.3     σ=0.00 s=15 SRGB=✓ NULL=✓ ST=✓ t=0.938s
[1727/2340] I.14.3     σ=0.00 s=16 SRGB=✓ NULL=✓ ST=✓ t=1.094s
[1728/2340] I.14.3     σ=0.00 s=17 SRGB=✓ NULL=✓ ST=✓ t=3.646s
[1729/2340] I.14.3     σ=0.00 s=18 SRGB=✓ NULL=✓ ST=✓ t=2.245s
[1730/2340] I.14.3     σ=0.00 s=19 SRGB=✓ NULL=✓ ST=✓ t=1.042s
[1731/2340] I.14.3     σ=0.00 s=20 SRGB=✓ NULL=✓ ST=✓ t=0.933s
[1732/2340] I.14.3     σ=0.00 s=21 SRGB=✓ NULL=✓ ST=✓ t=1.017s
[1733/2340] I.14.3     σ=0.00 s=22 SRGB=✓ NULL=✓ ST=✓ t=1.022s
[1734/2340] I.14.3     σ=0.00 s=23 SRGB=✓ NULL=✓ ST=✓ t=1.056s
[1735/2340] I.14.3     σ=0.00 s=24 SRGB=✓ NULL=✓ ST=✓ t=1.032s
[1736/2340] I.14.3     σ=0.00 s=25 SRGB=✓ NULL=✓ ST=✓ t=0.971s
[1737/2340] I.14.3     σ=0.00 s=26 SRGB=✓ NULL=✓ ST=✓ t=1.057s
[1738/2340] I.14.3     σ=0.00 s=27 SRGB=✓ NULL=✓ ST=✓ t=0.970s
[1739/2340] I.14.3     σ=0.00 s=28 SRGB=✓ NULL=✓ ST=✓ t=3.145s
[1740/2340] I.14.3     σ=0.00 s=29 SRGB=✓ NULL=✓ ST=✓ t=3.356s
[1741/2340] I.14.3     σ=0.02 s=0 SRGB=✗ NULL=✗ ST=✗ t=13.275s
[1742/2340] I.14.3     σ=0.02 s=1 SRGB=✗ NULL=✗ ST=✗ t=13.495s
[1743/2340] I.14.3     σ=0.02 s=2 SRGB=✗ NULL=✗ ST=✗ t=13.181s
[1744/2340] I.14.3     σ=0.02 s=3 SRGB=✗ NULL=✗ ST=✗ t=14.069s
[1745/2340] I.14.3     σ=0.02 s=4 SRGB=✗ NULL=✗ ST=✗ t=14.665s
[1746/2340] I.14.3     σ=0.02 s=5 SRGB=✗ NULL=✗ ST=✗ t=15.347s
[1747/2340] I.14.3     σ=0.02 s=6 SRGB=✗ NULL=✗ ST=✗ t=16.199s
[1748/2340] I.14.3     σ=0.02 s=7 SRGB=✗ NULL=✗ ST=✗ t=15.492s
[1749/2340] I.14.3     σ=0.02 s=8 SRGB=✗ NULL=✗ ST=✗ t=15.947s
[1750/2340] I.14.3     σ=0.02 s=9 SRGB=✗ NULL=✗ ST=✗ t=16.442s
[1751/2340] I.14.3     σ=0.02 s=10 SRGB=✗ NULL=✗ ST=✗ t=15.646s
[1752/2340] I.14.3     σ=0.02 s=11 SRGB=✗ NULL=✗ ST=✗ t=15.324s
[1753/2340] I.14.3     σ=0.02 s=12 SRGB=✗ NULL=✗ ST=✗ t=15.685s
[1754/2340] I.14.3     σ=0.02 s=13 SRGB=✗ NULL=✗ ST=✗ t=15.135s
[1755/2340] I.14.3     σ=0.02 s=14 SRGB=✗ NULL=✗ ST=✗ t=15.255s
[1756/2340] I.14.3     σ=0.02 s=15 SRGB=✗ NULL=✗ ST=✗ t=15.446s
[1757/2340] I.14.3     σ=0.02 s=16 SRGB=✗ NULL=✗ ST=✗ t=15.516s
[1758/2340] I.14.3     σ=0.02 s=17 SRGB=✗ NULL=✗ ST=✗ t=15.430s
[1759/2340] I.14.3     σ=0.02 s=18 SRGB=✗ NULL=✗ ST=✗ t=15.498s
[1760/2340] I.14.3     σ=0.02 s=19 SRGB=✗ NULL=✗ ST=✗ t=16.079s
[1761/2340] I.14.3     σ=0.02 s=20 SRGB=✗ NULL=✗ ST=✗ t=14.875s
[1762/2340] I.14.3     σ=0.02 s=21 SRGB=✗ NULL=✗ ST=✗ t=15.533s
[1763/2340] I.14.3     σ=0.02 s=22 SRGB=✗ NULL=✗ ST=✗ t=16.030s
[1764/2340] I.14.3     σ=0.02 s=23 SRGB=✗ NULL=✗ ST=✗ t=15.674s
[1765/2340] I.14.3     σ=0.02 s=24 SRGB=✗ NULL=✗ ST=✗ t=15.816s
[1766/2340] I.14.3     σ=0.02 s=25 SRGB=✗ NULL=✗ ST=✗ t=15.778s
[1767/2340] I.14.3     σ=0.02 s=26 SRGB=✗ NULL=✗ ST=✗ t=15.656s
[1768/2340] I.14.3     σ=0.02 s=27 SRGB=✗ NULL=✗ ST=✗ t=15.371s
[1769/2340] I.14.3     σ=0.02 s=28 SRGB=✗ NULL=✗ ST=✗ t=15.636s
[1770/2340] I.14.3     σ=0.02 s=29 SRGB=✗ NULL=✗ ST=✗ t=15.856s
[1771/2340] I.14.3     σ=0.05 s=0 SRGB=✗ NULL=✗ ST=✗ t=13.391s
[1772/2340] I.14.3     σ=0.05 s=1 SRGB=✗ NULL=✗ ST=✗ t=13.789s
[1773/2340] I.14.3     σ=0.05 s=2 SRGB=✗ NULL=✗ ST=✗ t=13.334s
[1774/2340] I.14.3     σ=0.05 s=3 SRGB=✗ NULL=✗ ST=✗ t=13.989s
[1775/2340] I.14.3     σ=0.05 s=4 SRGB=✗ NULL=✗ ST=✗ t=13.604s
[1776/2340] I.14.3     σ=0.05 s=5 SRGB=✗ NULL=✗ ST=✗ t=13.005s
[1777/2340] I.14.3     σ=0.05 s=6 SRGB=✗ NULL=✗ ST=✗ t=13.415s
[1778/2340] I.14.3     σ=0.05 s=7 SRGB=✗ NULL=✗ ST=✗ t=11.531s
[1779/2340] I.14.3     σ=0.05 s=8 SRGB=✗ NULL=✗ ST=✗ t=13.407s
[1780/2340] I.14.3     σ=0.05 s=9 SRGB=✗ NULL=✗ ST=✗ t=15.195s
[1781/2340] I.14.3     σ=0.05 s=10 SRGB=✗ NULL=✗ ST=✗ t=14.429s
[1782/2340] I.14.3     σ=0.05 s=11 SRGB=✗ NULL=✗ ST=✗ t=13.664s
[1783/2340] I.14.3     σ=0.05 s=12 SRGB=✗ NULL=✗ ST=✗ t=13.748s
[1784/2340] I.14.3     σ=0.05 s=13 SRGB=✗ NULL=✗ ST=✗ t=13.974s
[1785/2340] I.14.3     σ=0.05 s=14 SRGB=✗ NULL=✗ ST=✗ t=13.588s
[1786/2340] I.14.3     σ=0.05 s=15 SRGB=✗ NULL=✗ ST=✗ t=12.724s
[1787/2340] I.14.3     σ=0.05 s=16 SRGB=✗ NULL=✗ ST=✗ t=13.251s
[1788/2340] I.14.3     σ=0.05 s=17 SRGB=✗ NULL=✗ ST=✗ t=13.303s
[1789/2340] I.14.3     σ=0.05 s=18 SRGB=✗ NULL=✗ ST=✗ t=14.885s
[1790/2340] I.14.3     σ=0.05 s=19 SRGB=✗ NULL=✗ ST=✗ t=15.457s
[1791/2340] I.14.3     σ=0.05 s=20 SRGB=✗ NULL=✗ ST=✗ t=16.183s
[1792/2340] I.14.3     σ=0.05 s=21 SRGB=✗ NULL=✗ ST=✗ t=15.363s
[1793/2340] I.14.3     σ=0.05 s=22 SRGB=✗ NULL=✗ ST=✗ t=15.566s
[1794/2340] I.14.3     σ=0.05 s=23 SRGB=✗ NULL=✗ ST=✗ t=15.749s
[1795/2340] I.14.3     σ=0.05 s=24 SRGB=✗ NULL=✗ ST=✗ t=14.134s
[1796/2340] I.14.3     σ=0.05 s=25 SRGB=✗ NULL=✗ ST=✗ t=13.861s
[1797/2340] I.14.3     σ=0.05 s=26 SRGB=✗ NULL=✗ ST=✗ t=14.001s
[1798/2340] I.14.3     σ=0.05 s=27 SRGB=✗ NULL=✗ ST=✗ t=13.695s
[1799/2340] I.14.3     σ=0.05 s=28 SRGB=✗ NULL=✗ ST=✗ t=13.763s
[1800/2340] I.14.3     σ=0.05 s=29 SRGB=✗ NULL=✗ ST=✗ t=14.328s
[1801/2340] I.15.1     σ=0.00 s=0 SRGB=✓ NULL=✓ ST=✓ t=1.488s
[1802/2340] I.15.1     σ=0.00 s=1 SRGB=✓ NULL=✓ ST=✓ t=1.367s
[1803/2340] I.15.1     σ=0.00 s=2 SRGB=✓ NULL=✓ ST=✓ t=1.373s
[1804/2340] I.15.1     σ=0.00 s=3 SRGB=✓ NULL=✓ ST=✓ t=1.812s
[1805/2340] I.15.1     σ=0.00 s=4 SRGB=✓ NULL=✓ ST=✓ t=1.390s
[1806/2340] I.15.1     σ=0.00 s=5 SRGB=✓ NULL=✓ ST=✓ t=1.389s
[1807/2340] I.15.1     σ=0.00 s=6 SRGB=✓ NULL=✓ ST=✓ t=2.157s
[1808/2340] I.15.1     σ=0.00 s=7 SRGB=✓ NULL=✓ ST=✓ t=4.552s
[1809/2340] I.15.1     σ=0.00 s=8 SRGB=✓ NULL=✓ ST=✓ t=1.327s
[1810/2340] I.15.1     σ=0.00 s=9 SRGB=✓ NULL=✓ ST=✓ t=1.449s
[1811/2340] I.15.1     σ=0.00 s=10 SRGB=✓ NULL=✓ ST=✓ t=1.459s
[1812/2340] I.15.1     σ=0.00 s=11 SRGB=✓ NULL=✓ ST=✓ t=1.339s
[1813/2340] I.15.1     σ=0.00 s=12 SRGB=✓ NULL=✓ ST=✓ t=1.297s
[1814/2340] I.15.1     σ=0.00 s=13 SRGB=✓ NULL=✓ ST=✓ t=1.342s
[1815/2340] I.15.1     σ=0.00 s=14 SRGB=✓ NULL=✓ ST=✓ t=1.278s
[1816/2340] I.15.1     σ=0.00 s=15 SRGB=✓ NULL=✓ ST=✓ t=3.116s
[1817/2340] I.15.1     σ=0.00 s=16 SRGB=✓ NULL=✓ ST=✓ t=3.480s
[1818/2340] I.15.1     σ=0.00 s=17 SRGB=✓ NULL=✓ ST=✓ t=1.315s
[1819/2340] I.15.1     σ=0.00 s=18 SRGB=✓ NULL=✓ ST=✓ t=1.344s
[1820/2340] I.15.1     σ=0.00 s=19 SRGB=✓ NULL=✓ ST=✓ t=1.428s
[1821/2340] I.15.1     σ=0.00 s=20 SRGB=✓ NULL=✓ ST=✓ t=1.358s
[1822/2340] I.15.1     σ=0.00 s=21 SRGB=✓ NULL=✓ ST=✓ t=1.333s
[1823/2340] I.15.1     σ=0.00 s=22 SRGB=✓ NULL=✓ ST=✓ t=1.264s
[1824/2340] I.15.1     σ=0.00 s=23 SRGB=✓ NULL=✓ ST=✓ t=1.270s
[1825/2340] I.15.1     σ=0.00 s=24 SRGB=✓ NULL=✓ ST=✓ t=5.274s
[1826/2340] I.15.1     σ=0.00 s=25 SRGB=✓ NULL=✓ ST=✓ t=1.893s
[1827/2340] I.15.1     σ=0.00 s=26 SRGB=✓ NULL=✓ ST=✓ t=1.239s
[1828/2340] I.15.1     σ=0.00 s=27 SRGB=✓ NULL=✓ ST=✓ t=1.393s
[1829/2340] I.15.1     σ=0.00 s=28 SRGB=✓ NULL=✓ ST=✓ t=1.324s
[1830/2340] I.15.1     σ=0.00 s=29 SRGB=✓ NULL=✓ ST=✓ t=1.384s
[1831/2340] I.15.1     σ=0.02 s=0 SRGB=✓ NULL=✗ ST=✗ t=38.449s
[1832/2340] I.15.1     σ=0.02 s=1 SRGB=✓ NULL=✗ ST=✗ t=35.764s
[1833/2340] I.15.1     σ=0.02 s=2 SRGB=✓ NULL=✗ ST=✗ t=33.356s
[1834/2340] I.15.1     σ=0.02 s=3 SRGB=✓ NULL=✗ ST=✗ t=32.866s
[1835/2340] I.15.1     σ=0.02 s=4 SRGB=✓ NULL=✗ ST=✗ t=37.456s
[1836/2340] I.15.1     σ=0.02 s=5 SRGB=✓ NULL=✗ ST=✗ t=31.764s
[1837/2340] I.15.1     σ=0.02 s=6 SRGB=✓ NULL=✗ ST=✗ t=33.950s
[1838/2340] I.15.1     σ=0.02 s=7 SRGB=✓ NULL=✗ ST=✗ t=38.450s
[1839/2340] I.15.1     σ=0.02 s=8 SRGB=✓ NULL=✗ ST=✗ t=35.902s
[1840/2340] I.15.1     σ=0.02 s=9 SRGB=✓ NULL=✗ ST=✗ t=32.836s
[1841/2340] I.15.1     σ=0.02 s=10 SRGB=✓ NULL=✗ ST=✗ t=33.649s
[1842/2340] I.15.1     σ=0.02 s=11 SRGB=✓ NULL=✗ ST=✗ t=36.918s
[1843/2340] I.15.1     σ=0.02 s=12 SRGB=✓ NULL=✗ ST=✗ t=34.675s
[1844/2340] I.15.1     σ=0.02 s=13 SRGB=✓ NULL=✗ ST=✗ t=38.222s
[1845/2340] I.15.1     σ=0.02 s=14 SRGB=✓ NULL=✗ ST=✗ t=35.280s
[1846/2340] I.15.1     σ=0.02 s=15 SRGB=✓ NULL=✗ ST=✗ t=34.231s
[1847/2340] I.15.1     σ=0.02 s=16 SRGB=✓ NULL=✗ ST=✗ t=37.240s
[1848/2340] I.15.1     σ=0.02 s=17 SRGB=✓ NULL=✗ ST=✗ t=32.782s
[1849/2340] I.15.1     σ=0.02 s=18 SRGB=✓ NULL=✗ ST=✗ t=32.010s
[1850/2340] I.15.1     σ=0.02 s=19 SRGB=✓ NULL=✗ ST=✗ t=33.525s
[1851/2340] I.15.1     σ=0.02 s=20 SRGB=✓ NULL=✗ ST=✗ t=36.028s
[1852/2340] I.15.1     σ=0.02 s=21 SRGB=✓ NULL=✗ ST=✗ t=34.661s
[1853/2340] I.15.1     σ=0.02 s=22 SRGB=✓ NULL=✗ ST=✗ t=33.669s
[1854/2340] I.15.1     σ=0.02 s=23 SRGB=✓ NULL=✗ ST=✗ t=36.813s
[1855/2340] I.15.1     σ=0.02 s=24 SRGB=✓ NULL=✗ ST=✗ t=31.019s
[1856/2340] I.15.1     σ=0.02 s=25 SRGB=✓ NULL=✗ ST=✗ t=33.995s
[1857/2340] I.15.1     σ=0.02 s=26 SRGB=✓ NULL=✗ ST=✗ t=32.635s
[1858/2340] I.15.1     σ=0.02 s=27 SRGB=✓ NULL=✗ ST=✗ t=31.981s
[1859/2340] I.15.1     σ=0.02 s=28 SRGB=✓ NULL=✗ ST=✗ t=35.568s
[1860/2340] I.15.1     σ=0.02 s=29 SRGB=✓ NULL=✗ ST=✗ t=34.762s
[1861/2340] I.15.1     σ=0.05 s=0 SRGB=✗ NULL=✗ ST=✗ t=15.885s
[1862/2340] I.15.1     σ=0.05 s=1 SRGB=✗ NULL=✗ ST=✗ t=16.441s
[1863/2340] I.15.1     σ=0.05 s=2 SRGB=✗ NULL=✗ ST=✗ t=15.727s
[1864/2340] I.15.1     σ=0.05 s=3 SRGB=✗ NULL=✗ ST=✗ t=13.738s
[1865/2340] I.15.1     σ=0.05 s=4 SRGB=✗ NULL=✗ ST=✗ t=16.061s
[1866/2340] I.15.1     σ=0.05 s=5 SRGB=✗ NULL=✗ ST=✗ t=14.379s
[1867/2340] I.15.1     σ=0.05 s=6 SRGB=✗ NULL=✗ ST=✗ t=15.681s
[1868/2340] I.15.1     σ=0.05 s=7 SRGB=✗ NULL=✗ ST=✗ t=16.699s
[1869/2340] I.15.1     σ=0.05 s=8 SRGB=✗ NULL=✗ ST=✗ t=16.842s
[1870/2340] I.15.1     σ=0.05 s=9 SRGB=✗ NULL=✗ ST=✗ t=16.334s
[1871/2340] I.15.1     σ=0.05 s=10 SRGB=✗ NULL=✗ ST=✗ t=17.009s
[1872/2340] I.15.1     σ=0.05 s=11 SRGB=✗ NULL=✗ ST=✗ t=19.233s
[1873/2340] I.15.1     σ=0.05 s=12 SRGB=✗ NULL=✗ ST=✗ t=17.560s
[1874/2340] I.15.1     σ=0.05 s=13 SRGB=✗ NULL=✗ ST=✗ t=16.669s
[1875/2340] I.15.1     σ=0.05 s=14 SRGB=✗ NULL=✗ ST=✗ t=16.180s
[1876/2340] I.15.1     σ=0.05 s=15 SRGB=✗ NULL=✗ ST=✗ t=17.422s
[1877/2340] I.15.1     σ=0.05 s=16 SRGB=✗ NULL=✗ ST=✗ t=17.062s
[1878/2340] I.15.1     σ=0.05 s=17 SRGB=✗ NULL=✗ ST=✗ t=15.951s
[1879/2340] I.15.1     σ=0.05 s=18 SRGB=✗ NULL=✗ ST=✗ t=15.517s
[1880/2340] I.15.1     σ=0.05 s=19 SRGB=✗ NULL=✗ ST=✗ t=18.161s
[1881/2340] I.15.1     σ=0.05 s=20 SRGB=✗ NULL=✗ ST=✗ t=15.908s
[1882/2340] I.15.1     σ=0.05 s=21 SRGB=✗ NULL=✗ ST=✗ t=16.884s
[1883/2340] I.15.1     σ=0.05 s=22 SRGB=✗ NULL=✗ ST=✗ t=16.589s
[1884/2340] I.15.1     σ=0.05 s=23 SRGB=✗ NULL=✗ ST=✗ t=17.247s
[1885/2340] I.15.1     σ=0.05 s=24 SRGB=✗ NULL=✗ ST=✗ t=14.647s
[1886/2340] I.15.1     σ=0.05 s=25 SRGB=✗ NULL=✗ ST=✗ t=16.788s
[1887/2340] I.15.1     σ=0.05 s=26 SRGB=✗ NULL=✗ ST=✗ t=16.629s
[1888/2340] I.15.1     σ=0.05 s=27 SRGB=✗ NULL=✗ ST=✗ t=16.720s
[1889/2340] I.15.1     σ=0.05 s=28 SRGB=✗ NULL=✗ ST=✗ t=21.248s
[1890/2340] I.15.1     σ=0.05 s=29 SRGB=✗ NULL=✗ ST=✗ t=17.643s
[1891/2340] I.26.2     σ=0.00 s=0 SRGB=✓ NULL=✓ ST=✓ t=1.249s
[1892/2340] I.26.2     σ=0.00 s=1 SRGB=✓ NULL=✓ ST=✓ t=1.801s
[1893/2340] I.26.2     σ=0.00 s=2 SRGB=✓ NULL=✓ ST=✓ t=1.257s
[1894/2340] I.26.2     σ=0.00 s=3 SRGB=✓ NULL=✓ ST=✓ t=1.308s
[1895/2340] I.26.2     σ=0.00 s=4 SRGB=✓ NULL=✓ ST=✓ t=1.261s
[1896/2340] I.26.2     σ=0.00 s=5 SRGB=✓ NULL=✓ ST=✓ t=1.255s
[1897/2340] I.26.2     σ=0.00 s=6 SRGB=✓ NULL=✓ ST=✓ t=5.179s
[1898/2340] I.26.2     σ=0.00 s=7 SRGB=✓ NULL=✓ ST=✓ t=1.425s
[1899/2340] I.26.2     σ=0.00 s=8 SRGB=✓ NULL=✓ ST=✓ t=1.231s
[1900/2340] I.26.2     σ=0.00 s=9 SRGB=✓ NULL=✓ ST=✓ t=1.269s
[1901/2340] I.26.2     σ=0.00 s=10 SRGB=✓ NULL=✓ ST=✓ t=1.247s
[1902/2340] I.26.2     σ=0.00 s=11 SRGB=✓ NULL=✓ ST=✓ t=1.264s
[1903/2340] I.26.2     σ=0.00 s=12 SRGB=✓ NULL=✓ ST=✓ t=1.227s
[1904/2340] I.26.2     σ=0.00 s=13 SRGB=✓ NULL=✓ ST=✓ t=1.135s
[1905/2340] I.26.2     σ=0.00 s=14 SRGB=✓ NULL=✓ ST=✓ t=1.166s
[1906/2340] I.26.2     σ=0.00 s=15 SRGB=✓ NULL=✓ ST=✓ t=2.701s
[1907/2340] I.26.2     σ=0.00 s=16 SRGB=✓ NULL=✓ ST=✓ t=3.050s
[1908/2340] I.26.2     σ=0.00 s=17 SRGB=✓ NULL=✓ ST=✓ t=1.494s
[1909/2340] I.26.2     σ=0.00 s=18 SRGB=✓ NULL=✓ ST=✓ t=1.305s
[1910/2340] I.26.2     σ=0.00 s=19 SRGB=✓ NULL=✓ ST=✓ t=1.367s
[1911/2340] I.26.2     σ=0.00 s=20 SRGB=✓ NULL=✓ ST=✓ t=1.226s
[1912/2340] I.26.2     σ=0.00 s=21 SRGB=✓ NULL=✓ ST=✓ t=1.185s
[1913/2340] I.26.2     σ=0.00 s=22 SRGB=✓ NULL=✓ ST=✓ t=1.243s
[1914/2340] I.26.2     σ=0.00 s=23 SRGB=✓ NULL=✓ ST=✓ t=1.170s
[1915/2340] I.26.2     σ=0.00 s=24 SRGB=✓ NULL=✓ ST=✓ t=1.187s
[1916/2340] I.26.2     σ=0.00 s=25 SRGB=✓ NULL=✓ ST=✓ t=1.524s
[1917/2340] I.26.2     σ=0.00 s=26 SRGB=✓ NULL=✓ ST=✓ t=3.940s
[1918/2340] I.26.2     σ=0.00 s=27 SRGB=✓ NULL=✓ ST=✓ t=1.867s
[1919/2340] I.26.2     σ=0.00 s=28 SRGB=✓ NULL=✓ ST=✓ t=1.165s
[1920/2340] I.26.2     σ=0.00 s=29 SRGB=✓ NULL=✓ ST=✓ t=1.214s
[1921/2340] I.26.2     σ=0.02 s=0 SRGB=✗ NULL=✗ ST=✗ t=15.055s
[1922/2340] I.26.2     σ=0.02 s=1 SRGB=✗ NULL=✗ ST=✗ t=14.308s
[1923/2340] I.26.2     σ=0.02 s=2 SRGB=✗ NULL=✗ ST=✗ t=13.357s
[1924/2340] I.26.2     σ=0.02 s=3 SRGB=✗ NULL=✗ ST=✗ t=14.503s
[1925/2340] I.26.2     σ=0.02 s=4 SRGB=✗ NULL=✗ ST=✗ t=13.380s
[1926/2340] I.26.2     σ=0.02 s=5 SRGB=✗ NULL=✗ ST=✗ t=15.177s
[1927/2340] I.26.2     σ=0.02 s=6 SRGB=✗ NULL=✗ ST=✗ t=13.652s
[1928/2340] I.26.2     σ=0.02 s=7 SRGB=✗ NULL=✗ ST=✗ t=13.768s
[1929/2340] I.26.2     σ=0.02 s=8 SRGB=✗ NULL=✗ ST=✗ t=14.217s
[1930/2340] I.26.2     σ=0.02 s=9 SRGB=✗ NULL=✗ ST=✗ t=14.534s
[1931/2340] I.26.2     σ=0.02 s=10 SRGB=✗ NULL=✗ ST=✗ t=13.780s
[1932/2340] I.26.2     σ=0.02 s=11 SRGB=✗ NULL=✗ ST=✗ t=14.334s
[1933/2340] I.26.2     σ=0.02 s=12 SRGB=✗ NULL=✗ ST=✗ t=14.325s
[1934/2340] I.26.2     σ=0.02 s=13 SRGB=✗ NULL=✗ ST=✗ t=15.025s
[1935/2340] I.26.2     σ=0.02 s=14 SRGB=✗ NULL=✗ ST=✗ t=15.793s
[1936/2340] I.26.2     σ=0.02 s=15 SRGB=✗ NULL=✗ ST=✗ t=15.005s
[1937/2340] I.26.2     σ=0.02 s=16 SRGB=✗ NULL=✗ ST=✗ t=16.187s
[1938/2340] I.26.2     σ=0.02 s=17 SRGB=✗ NULL=✗ ST=✗ t=14.531s
[1939/2340] I.26.2     σ=0.02 s=18 SRGB=✗ NULL=✗ ST=✗ t=16.301s
[1940/2340] I.26.2     σ=0.02 s=19 SRGB=✗ NULL=✗ ST=✗ t=15.462s
[1941/2340] I.26.2     σ=0.02 s=20 SRGB=✗ NULL=✗ ST=✗ t=14.591s
[1942/2340] I.26.2     σ=0.02 s=21 SRGB=✗ NULL=✗ ST=✗ t=15.637s
[1943/2340] I.26.2     σ=0.02 s=22 SRGB=✗ NULL=✗ ST=✗ t=15.263s
[1944/2340] I.26.2     σ=0.02 s=23 SRGB=✗ NULL=✗ ST=✗ t=15.185s
[1945/2340] I.26.2     σ=0.02 s=24 SRGB=✗ NULL=✗ ST=✗ t=15.842s
[1946/2340] I.26.2     σ=0.02 s=25 SRGB=✗ NULL=✗ ST=✗ t=15.842s
[1947/2340] I.26.2     σ=0.02 s=26 SRGB=✗ NULL=✗ ST=✗ t=15.855s
[1948/2340] I.26.2     σ=0.02 s=27 SRGB=✗ NULL=✗ ST=✗ t=15.891s
[1949/2340] I.26.2     σ=0.02 s=28 SRGB=✗ NULL=✗ ST=✗ t=14.101s
[1950/2340] I.26.2     σ=0.02 s=29 SRGB=✗ NULL=✗ ST=✗ t=14.913s
[1951/2340] I.26.2     σ=0.05 s=0 SRGB=✗ NULL=✗ ST=✗ t=14.024s
[1952/2340] I.26.2     σ=0.05 s=1 SRGB=✗ NULL=✗ ST=✗ t=13.058s
[1953/2340] I.26.2     σ=0.05 s=2 SRGB=✗ NULL=✗ ST=✗ t=12.710s
[1954/2340] I.26.2     σ=0.05 s=3 SRGB=✗ NULL=✗ ST=✗ t=12.134s
[1955/2340] I.26.2     σ=0.05 s=4 SRGB=✗ NULL=✗ ST=✗ t=12.002s
[1956/2340] I.26.2     σ=0.05 s=5 SRGB=✗ NULL=✗ ST=✗ t=12.707s
[1957/2340] I.26.2     σ=0.05 s=6 SRGB=✗ NULL=✗ ST=✗ t=14.964s
[1958/2340] I.26.2     σ=0.05 s=7 SRGB=✗ NULL=✗ ST=✗ t=13.661s
[1959/2340] I.26.2     σ=0.05 s=8 SRGB=✗ NULL=✗ ST=✗ t=12.902s
[1960/2340] I.26.2     σ=0.05 s=9 SRGB=✗ NULL=✗ ST=✗ t=13.651s
[1961/2340] I.26.2     σ=0.05 s=10 SRGB=✗ NULL=✗ ST=✗ t=12.741s
[1962/2340] I.26.2     σ=0.05 s=11 SRGB=✗ NULL=✗ ST=✗ t=12.754s
[1963/2340] I.26.2     σ=0.05 s=12 SRGB=✗ NULL=✗ ST=✗ t=11.942s
[1964/2340] I.26.2     σ=0.05 s=13 SRGB=✗ NULL=✗ ST=✗ t=13.739s
[1965/2340] I.26.2     σ=0.05 s=14 SRGB=✗ NULL=✗ ST=✗ t=14.262s
[1966/2340] I.26.2     σ=0.05 s=15 SRGB=✗ NULL=✗ ST=✗ t=14.142s
[1967/2340] I.26.2     σ=0.05 s=16 SRGB=✗ NULL=✗ ST=✗ t=13.077s
[1968/2340] I.26.2     σ=0.05 s=17 SRGB=✗ NULL=✗ ST=✗ t=13.062s
[1969/2340] I.26.2     σ=0.05 s=18 SRGB=✗ NULL=✗ ST=✗ t=13.402s
[1970/2340] I.26.2     σ=0.05 s=19 SRGB=✗ NULL=✗ ST=✗ t=12.721s
[1971/2340] I.26.2     σ=0.05 s=20 SRGB=✗ NULL=✗ ST=✗ t=11.933s
[1972/2340] I.26.2     σ=0.05 s=21 SRGB=✗ NULL=✗ ST=✗ t=13.381s
[1973/2340] I.26.2     σ=0.05 s=22 SRGB=✗ NULL=✗ ST=✗ t=14.981s
[1974/2340] I.26.2     σ=0.05 s=23 SRGB=✗ NULL=✗ ST=✗ t=14.915s
[1975/2340] I.26.2     σ=0.05 s=24 SRGB=✗ NULL=✗ ST=✗ t=13.370s
[1976/2340] I.26.2     σ=0.05 s=25 SRGB=✗ NULL=✗ ST=✗ t=13.117s
[1977/2340] I.26.2     σ=0.05 s=26 SRGB=✗ NULL=✗ ST=✗ t=12.590s
[1978/2340] I.26.2     σ=0.05 s=27 SRGB=✗ NULL=✗ ST=✗ t=14.529s
[1979/2340] I.26.2     σ=0.05 s=28 SRGB=✗ NULL=✗ ST=✗ t=12.523s
[1980/2340] I.26.2     σ=0.05 s=29 SRGB=✗ NULL=✗ ST=✗ t=12.716s
[1981/2340] I.34.10    σ=0.00 s=0 SRGB=✓ NULL=✓ ST=✓ t=9.927s
[1982/2340] I.34.10    σ=0.00 s=1 SRGB=✓ NULL=✓ ST=✓ t=7.226s
[1983/2340] I.34.10    σ=0.00 s=2 SRGB=✓ NULL=✓ ST=✓ t=8.625s
[1984/2340] I.34.10    σ=0.00 s=3 SRGB=✓ NULL=✓ ST=✓ t=6.203s
[1985/2340] I.34.10    σ=0.00 s=4 SRGB=✓ NULL=✓ ST=✓ t=9.671s
[1986/2340] I.34.10    σ=0.00 s=5 SRGB=✓ NULL=✓ ST=✓ t=6.507s
[1987/2340] I.34.10    σ=0.00 s=6 SRGB=✓ NULL=✓ ST=✓ t=8.572s
[1988/2340] I.34.10    σ=0.00 s=7 SRGB=✓ NULL=✓ ST=✓ t=6.172s
[1989/2340] I.34.10    σ=0.00 s=8 SRGB=✓ NULL=✓ ST=✓ t=9.433s
[1990/2340] I.34.10    σ=0.00 s=9 SRGB=✓ NULL=✓ ST=✓ t=6.101s
[1991/2340] I.34.10    σ=0.00 s=10 SRGB=✓ NULL=✓ ST=✓ t=9.990s
[1992/2340] I.34.10    σ=0.00 s=11 SRGB=✓ NULL=✓ ST=✓ t=6.804s
[1993/2340] I.34.10    σ=0.00 s=12 SRGB=✓ NULL=✓ ST=✓ t=8.511s
[1994/2340] I.34.10    σ=0.00 s=13 SRGB=✓ NULL=✓ ST=✓ t=6.611s
[1995/2340] I.34.10    σ=0.00 s=14 SRGB=✓ NULL=✓ ST=✓ t=8.872s
[1996/2340] I.34.10    σ=0.00 s=15 SRGB=✓ NULL=✓ ST=✓ t=6.707s
[1997/2340] I.34.10    σ=0.00 s=16 SRGB=✓ NULL=✓ ST=✓ t=9.206s
[1998/2340] I.34.10    σ=0.00 s=17 SRGB=✓ NULL=✓ ST=✓ t=6.223s
[1999/2340] I.34.10    σ=0.00 s=18 SRGB=✓ NULL=✓ ST=✓ t=9.773s
[2000/2340] I.34.10    σ=0.00 s=19 SRGB=✓ NULL=✓ ST=✓ t=7.428s
[2001/2340] I.34.10    σ=0.00 s=20 SRGB=✓ NULL=✓ ST=✓ t=7.968s
[2002/2340] I.34.10    σ=0.00 s=21 SRGB=✓ NULL=✓ ST=✓ t=6.531s
[2003/2340] I.34.10    σ=0.00 s=22 SRGB=✓ NULL=✓ ST=✓ t=8.561s
[2004/2340] I.34.10    σ=0.00 s=23 SRGB=✓ NULL=✓ ST=✓ t=7.243s
[2005/2340] I.34.10    σ=0.00 s=24 SRGB=✓ NULL=✓ ST=✓ t=8.537s
[2006/2340] I.34.10    σ=0.00 s=25 SRGB=✓ NULL=✓ ST=✓ t=5.990s
[2007/2340] I.34.10    σ=0.00 s=26 SRGB=✓ NULL=✓ ST=✓ t=9.549s
[2008/2340] I.34.10    σ=0.00 s=27 SRGB=✓ NULL=✓ ST=✓ t=7.152s
[2009/2340] I.34.10    σ=0.00 s=28 SRGB=✓ NULL=✓ ST=✓ t=8.867s
[2010/2340] I.34.10    σ=0.00 s=29 SRGB=✓ NULL=✓ ST=✓ t=6.289s
[2011/2340] I.34.10    σ=0.02 s=0 SRGB=✗ NULL=✗ ST=✗ t=32.861s
[2012/2340] I.34.10    σ=0.02 s=1 SRGB=✗ NULL=✗ ST=✗ t=32.889s
[2013/2340] I.34.10    σ=0.02 s=2 SRGB=✗ NULL=✗ ST=✗ t=34.066s
[2014/2340] I.34.10    σ=0.02 s=3 SRGB=✗ NULL=✗ ST=✗ t=32.493s
[2015/2340] I.34.10    σ=0.02 s=4 SRGB=✗ NULL=✗ ST=✗ t=32.557s
[2016/2340] I.34.10    σ=0.02 s=5 SRGB=✗ NULL=✗ ST=✗ t=30.899s
[2017/2340] I.34.10    σ=0.02 s=6 SRGB=✗ NULL=✗ ST=✗ t=31.228s
[2018/2340] I.34.10    σ=0.02 s=7 SRGB=✗ NULL=✗ ST=✗ t=29.930s
[2019/2340] I.34.10    σ=0.02 s=8 SRGB=✗ NULL=✗ ST=✗ t=31.595s
[2020/2340] I.34.10    σ=0.02 s=9 SRGB=✗ NULL=✗ ST=✗ t=30.701s
[2021/2340] I.34.10    σ=0.02 s=10 SRGB=✗ NULL=✗ ST=✗ t=32.025s
[2022/2340] I.34.10    σ=0.02 s=11 SRGB=✗ NULL=✗ ST=✗ t=31.946s
[2023/2340] I.34.10    σ=0.02 s=12 SRGB=✗ NULL=✗ ST=✗ t=32.204s
[2024/2340] I.34.10    σ=0.02 s=13 SRGB=✗ NULL=✗ ST=✗ t=33.087s
[2025/2340] I.34.10    σ=0.02 s=14 SRGB=✗ NULL=✗ ST=✗ t=32.236s
[2026/2340] I.34.10    σ=0.02 s=15 SRGB=✗ NULL=✗ ST=✗ t=32.475s
[2027/2340] I.34.10    σ=0.02 s=16 SRGB=✗ NULL=✗ ST=✗ t=30.776s
[2028/2340] I.34.10    σ=0.02 s=17 SRGB=✗ NULL=✗ ST=✗ t=29.410s
[2029/2340] I.34.10    σ=0.02 s=18 SRGB=✗ NULL=✗ ST=✗ t=30.282s
[2030/2340] I.34.10    σ=0.02 s=19 SRGB=✗ NULL=✗ ST=✗ t=30.613s
[2031/2340] I.34.10    σ=0.02 s=20 SRGB=✗ NULL=✗ ST=✗ t=30.832s
[2032/2340] I.34.10    σ=0.02 s=21 SRGB=✗ NULL=✗ ST=✗ t=30.916s
[2033/2340] I.34.10    σ=0.02 s=22 SRGB=✗ NULL=✗ ST=✗ t=31.631s
[2034/2340] I.34.10    σ=0.02 s=23 SRGB=✗ NULL=✗ ST=✗ t=32.376s
[2035/2340] I.34.10    σ=0.02 s=24 SRGB=✗ NULL=✗ ST=✗ t=34.278s
[2036/2340] I.34.10    σ=0.02 s=25 SRGB=✗ NULL=✗ ST=✗ t=34.132s
[2037/2340] I.34.10    σ=0.02 s=26 SRGB=✗ NULL=✗ ST=✗ t=32.139s
[2038/2340] I.34.10    σ=0.02 s=27 SRGB=✗ NULL=✗ ST=✗ t=32.064s
[2039/2340] I.34.10    σ=0.02 s=28 SRGB=✗ NULL=✗ ST=✗ t=33.900s
[2040/2340] I.34.10    σ=0.02 s=29 SRGB=✗ NULL=✗ ST=✗ t=32.507s
[2041/2340] I.34.10    σ=0.05 s=0 SRGB=✗ NULL=✗ ST=✗ t=30.876s
[2042/2340] I.34.10    σ=0.05 s=1 SRGB=✗ NULL=✗ ST=✗ t=30.919s
[2043/2340] I.34.10    σ=0.05 s=2 SRGB=✗ NULL=✗ ST=✗ t=31.308s
[2044/2340] I.34.10    σ=0.05 s=3 SRGB=✗ NULL=✗ ST=✗ t=30.935s
[2045/2340] I.34.10    σ=0.05 s=4 SRGB=✗ NULL=✗ ST=✗ t=30.411s
[2046/2340] I.34.10    σ=0.05 s=5 SRGB=✗ NULL=✗ ST=✗ t=28.263s
[2047/2340] I.34.10    σ=0.05 s=6 SRGB=✗ NULL=✗ ST=✗ t=30.204s
[2048/2340] I.34.10    σ=0.05 s=7 SRGB=✗ NULL=✗ ST=✗ t=28.528s
[2049/2340] I.34.10    σ=0.05 s=8 SRGB=✗ NULL=✗ ST=✗ t=26.895s
[2050/2340] I.34.10    σ=0.05 s=9 SRGB=✗ NULL=✗ ST=✗ t=29.561s
[2051/2340] I.34.10    σ=0.05 s=10 SRGB=✗ NULL=✗ ST=✗ t=29.115s
[2052/2340] I.34.10    σ=0.05 s=11 SRGB=✗ NULL=✗ ST=✗ t=29.688s
[2053/2340] I.34.10    σ=0.05 s=12 SRGB=✗ NULL=✗ ST=✗ t=29.022s
[2054/2340] I.34.10    σ=0.05 s=13 SRGB=✗ NULL=✗ ST=✗ t=31.707s
[2055/2340] I.34.10    σ=0.05 s=14 SRGB=✗ NULL=✗ ST=✗ t=29.014s
[2056/2340] I.34.10    σ=0.05 s=15 SRGB=✗ NULL=✗ ST=✗ t=30.641s
[2057/2340] I.34.10    σ=0.05 s=16 SRGB=✗ NULL=✗ ST=✗ t=30.089s
[2058/2340] I.34.10    σ=0.05 s=17 SRGB=✗ NULL=✗ ST=✗ t=30.076s
[2059/2340] I.34.10    σ=0.05 s=18 SRGB=✗ NULL=✗ ST=✗ t=29.964s
[2060/2340] I.34.10    σ=0.05 s=19 SRGB=✗ NULL=✗ ST=✗ t=31.722s
[2061/2340] I.34.10    σ=0.05 s=20 SRGB=✗ NULL=✗ ST=✗ t=31.344s
[2062/2340] I.34.10    σ=0.05 s=21 SRGB=✗ NULL=✗ ST=✗ t=30.613s
[2063/2340] I.34.10    σ=0.05 s=22 SRGB=✗ NULL=✗ ST=✗ t=31.269s
[2064/2340] I.34.10    σ=0.05 s=23 SRGB=✗ NULL=✗ ST=✗ t=30.386s
[2065/2340] I.34.10    σ=0.05 s=24 SRGB=✗ NULL=✗ ST=✗ t=29.984s
[2066/2340] I.34.10    σ=0.05 s=25 SRGB=✗ NULL=✗ ST=✗ t=30.429s
[2067/2340] I.34.10    σ=0.05 s=26 SRGB=✗ NULL=✗ ST=✗ t=31.636s
[2068/2340] I.34.10    σ=0.05 s=27 SRGB=✗ NULL=✗ ST=✗ t=29.411s
[2069/2340] I.34.10    σ=0.05 s=28 SRGB=✗ NULL=✗ ST=✗ t=29.785s
[2070/2340] I.34.10    σ=0.05 s=29 SRGB=✗ NULL=✗ ST=✗ t=29.265s
[2071/2340] I.6.2b     σ=0.00 s=0 SRGB=✓ NULL=✓ ST=✓ t=1.020s
[2072/2340] I.6.2b     σ=0.00 s=1 SRGB=✓ NULL=✓ ST=✓ t=0.807s
[2073/2340] I.6.2b     σ=0.00 s=2 SRGB=✓ NULL=✓ ST=✓ t=0.718s
[2074/2340] I.6.2b     σ=0.00 s=3 SRGB=✓ NULL=✓ ST=✓ t=1.732s
[2075/2340] I.6.2b     σ=0.00 s=4 SRGB=✓ NULL=✓ ST=✓ t=1.348s
[2076/2340] I.6.2b     σ=0.00 s=5 SRGB=✓ NULL=✓ ST=✓ t=1.275s
[2077/2340] I.6.2b     σ=0.00 s=6 SRGB=✓ NULL=✓ ST=✓ t=1.179s
[2078/2340] I.6.2b     σ=0.00 s=7 SRGB=✓ NULL=✓ ST=✓ t=0.758s
[2079/2340] I.6.2b     σ=0.00 s=8 SRGB=✓ NULL=✓ ST=✓ t=0.755s
[2080/2340] I.6.2b     σ=0.00 s=9 SRGB=✓ NULL=✓ ST=✓ t=0.825s
[2081/2340] I.6.2b     σ=0.00 s=10 SRGB=✓ NULL=✓ ST=✓ t=0.803s
[2082/2340] I.6.2b     σ=0.00 s=11 SRGB=✓ NULL=✓ ST=✓ t=0.727s
[2083/2340] I.6.2b     σ=0.00 s=12 SRGB=✓ NULL=✓ ST=✓ t=0.735s
[2084/2340] I.6.2b     σ=0.00 s=13 SRGB=✓ NULL=✓ ST=✓ t=0.802s
[2085/2340] I.6.2b     σ=0.00 s=14 SRGB=✓ NULL=✓ ST=✓ t=0.763s
[2086/2340] I.6.2b     σ=0.00 s=15 SRGB=✓ NULL=✓ ST=✓ t=0.764s
[2087/2340] I.6.2b     σ=0.00 s=16 SRGB=✓ NULL=✓ ST=✓ t=0.810s
[2088/2340] I.6.2b     σ=0.00 s=17 SRGB=✓ NULL=✓ ST=✓ t=0.757s
[2089/2340] I.6.2b     σ=0.00 s=18 SRGB=✓ NULL=✓ ST=✓ t=0.719s
[2090/2340] I.6.2b     σ=0.00 s=19 SRGB=✓ NULL=✓ ST=✓ t=0.985s
[2091/2340] I.6.2b     σ=0.00 s=20 SRGB=✓ NULL=✓ ST=✓ t=1.414s
[2092/2340] I.6.2b     σ=0.00 s=21 SRGB=✓ NULL=✓ ST=✓ t=1.329s
[2093/2340] I.6.2b     σ=0.00 s=22 SRGB=✓ NULL=✓ ST=✓ t=1.498s
[2094/2340] I.6.2b     σ=0.00 s=23 SRGB=✓ NULL=✓ ST=✓ t=0.964s
[2095/2340] I.6.2b     σ=0.00 s=24 SRGB=✓ NULL=✓ ST=✓ t=0.800s
[2096/2340] I.6.2b     σ=0.00 s=25 SRGB=✓ NULL=✓ ST=✓ t=0.801s
[2097/2340] I.6.2b     σ=0.00 s=26 SRGB=✓ NULL=✓ ST=✓ t=0.750s
[2098/2340] I.6.2b     σ=0.00 s=27 SRGB=✓ NULL=✓ ST=✓ t=0.756s
[2099/2340] I.6.2b     σ=0.00 s=28 SRGB=✓ NULL=✓ ST=✓ t=0.787s
[2100/2340] I.6.2b     σ=0.00 s=29 SRGB=✓ NULL=✓ ST=✓ t=0.879s
[2101/2340] I.6.2b     σ=0.02 s=0 SRGB=✓ NULL=✗ ST=✗ t=6.009s
[2102/2340] I.6.2b     σ=0.02 s=1 SRGB=✓ NULL=✗ ST=✗ t=6.769s
[2103/2340] I.6.2b     σ=0.02 s=2 SRGB=✓ NULL=✗ ST=✗ t=4.893s
[2104/2340] I.6.2b     σ=0.02 s=3 SRGB=✓ NULL=✗ ST=✗ t=6.429s
[2105/2340] I.6.2b     σ=0.02 s=4 SRGB=✓ NULL=✗ ST=✗ t=5.254s
[2106/2340] I.6.2b     σ=0.02 s=5 SRGB=✓ NULL=✗ ST=✗ t=4.442s
[2107/2340] I.6.2b     σ=0.02 s=6 SRGB=✓ NULL=✗ ST=✗ t=6.634s
[2108/2340] I.6.2b     σ=0.02 s=7 SRGB=✓ NULL=✗ ST=✗ t=4.764s
[2109/2340] I.6.2b     σ=0.02 s=8 SRGB=✓ NULL=✗ ST=✗ t=5.904s
[2110/2340] I.6.2b     σ=0.02 s=9 SRGB=✓ NULL=✗ ST=✗ t=6.278s
[2111/2340] I.6.2b     σ=0.02 s=10 SRGB=✓ NULL=✗ ST=✗ t=4.726s
[2112/2340] I.6.2b     σ=0.02 s=11 SRGB=✓ NULL=✗ ST=✗ t=6.949s
[2113/2340] I.6.2b     σ=0.02 s=12 SRGB=✓ NULL=✗ ST=✗ t=4.751s
[2114/2340] I.6.2b     σ=0.02 s=13 SRGB=✓ NULL=✗ ST=✗ t=4.586s
[2115/2340] I.6.2b     σ=0.02 s=14 SRGB=✓ NULL=✗ ST=✗ t=6.998s
[2116/2340] I.6.2b     σ=0.02 s=15 SRGB=✓ NULL=✗ ST=✗ t=4.753s
[2117/2340] I.6.2b     σ=0.02 s=16 SRGB=✓ NULL=✗ ST=✗ t=4.416s
[2118/2340] I.6.2b     σ=0.02 s=17 SRGB=✓ NULL=✗ ST=✗ t=6.911s
[2119/2340] I.6.2b     σ=0.02 s=18 SRGB=✓ NULL=✗ ST=✗ t=4.579s
[2120/2340] I.6.2b     σ=0.02 s=19 SRGB=✓ NULL=✗ ST=✗ t=5.082s
[2121/2340] I.6.2b     σ=0.02 s=20 SRGB=✓ NULL=✗ ST=✗ t=6.070s
[2122/2340] I.6.2b     σ=0.02 s=21 SRGB=✓ NULL=✗ ST=✗ t=4.645s
[2123/2340] I.6.2b     σ=0.02 s=22 SRGB=✓ NULL=✗ ST=✗ t=6.246s
[2124/2340] I.6.2b     σ=0.02 s=23 SRGB=✓ NULL=✗ ST=✗ t=5.202s
[2125/2340] I.6.2b     σ=0.02 s=24 SRGB=✓ NULL=✗ ST=✗ t=4.282s
[2126/2340] I.6.2b     σ=0.02 s=25 SRGB=✓ NULL=✗ ST=✗ t=6.790s
[2127/2340] I.6.2b     σ=0.02 s=26 SRGB=✓ NULL=✗ ST=✗ t=4.906s
[2128/2340] I.6.2b     σ=0.02 s=27 SRGB=✓ NULL=✗ ST=✗ t=4.743s
[2129/2340] I.6.2b     σ=0.02 s=28 SRGB=✓ NULL=✗ ST=✗ t=6.749s
[2130/2340] I.6.2b     σ=0.02 s=29 SRGB=✓ NULL=✗ ST=✗ t=4.472s
[2131/2340] I.6.2b     σ=0.05 s=0 SRGB=✗ NULL=✗ ST=✗ t=4.057s
[2132/2340] I.6.2b     σ=0.05 s=1 SRGB=✗ NULL=✗ ST=✗ t=5.495s
[2133/2340] I.6.2b     σ=0.05 s=2 SRGB=✗ NULL=✗ ST=✗ t=5.039s
[2134/2340] I.6.2b     σ=0.05 s=3 SRGB=✗ NULL=✗ ST=✗ t=4.003s
[2135/2340] I.6.2b     σ=0.05 s=4 SRGB=✗ NULL=✗ ST=✗ t=5.574s
[2136/2340] I.6.2b     σ=0.05 s=5 SRGB=✗ NULL=✗ ST=✗ t=3.532s
[2137/2340] I.6.2b     σ=0.05 s=6 SRGB=✗ NULL=✗ ST=✗ t=3.638s
[2138/2340] I.6.2b     σ=0.05 s=7 SRGB=✗ NULL=✗ ST=✗ t=3.996s
[2139/2340] I.6.2b     σ=0.05 s=8 SRGB=✗ NULL=✗ ST=✗ t=6.386s
[2140/2340] I.6.2b     σ=0.05 s=9 SRGB=✗ NULL=✗ ST=✗ t=3.378s
[2141/2340] I.6.2b     σ=0.05 s=10 SRGB=✗ NULL=✗ ST=✗ t=3.531s
[2142/2340] I.6.2b     σ=0.05 s=11 SRGB=✗ NULL=✗ ST=✗ t=5.572s
[2143/2340] I.6.2b     σ=0.05 s=12 SRGB=✗ NULL=✗ ST=✗ t=4.145s
[2144/2340] I.6.2b     σ=0.05 s=13 SRGB=✗ NULL=✗ ST=✗ t=3.395s
[2145/2340] I.6.2b     σ=0.05 s=14 SRGB=✗ NULL=✗ ST=✗ t=4.491s
[2146/2340] I.6.2b     σ=0.05 s=15 SRGB=✗ NULL=✗ ST=✗ t=4.598s
[2147/2340] I.6.2b     σ=0.05 s=16 SRGB=✗ NULL=✗ ST=✗ t=4.102s
[2148/2340] I.6.2b     σ=0.05 s=17 SRGB=✗ NULL=✗ ST=✗ t=3.552s
[2149/2340] I.6.2b     σ=0.05 s=18 SRGB=✗ NULL=✗ ST=✗ t=5.519s
[2150/2340] I.6.2b     σ=0.05 s=19 SRGB=✗ NULL=✗ ST=✗ t=3.542s
[2151/2340] I.6.2b     σ=0.05 s=20 SRGB=✗ NULL=✗ ST=✗ t=3.603s
[2152/2340] I.6.2b     σ=0.05 s=21 SRGB=✗ NULL=✗ ST=✗ t=4.832s
[2153/2340] I.6.2b     σ=0.05 s=22 SRGB=✗ NULL=✗ ST=✗ t=4.871s
[2154/2340] I.6.2b     σ=0.05 s=23 SRGB=✗ NULL=✗ ST=✗ t=3.595s
[2155/2340] I.6.2b     σ=0.05 s=24 SRGB=✗ NULL=✗ ST=✗ t=3.499s
[2156/2340] I.6.2b     σ=0.05 s=25 SRGB=✗ NULL=✗ ST=✗ t=5.809s
[2157/2340] I.6.2b     σ=0.05 s=26 SRGB=✗ NULL=✗ ST=✗ t=3.551s
[2158/2340] I.6.2b     σ=0.05 s=27 SRGB=✗ NULL=✗ ST=✗ t=3.473s
[2159/2340] I.6.2b     σ=0.05 s=28 SRGB=✗ NULL=✗ ST=✗ t=4.111s
[2160/2340] I.6.2b     σ=0.05 s=29 SRGB=✗ NULL=✗ ST=✗ t=5.157s
[2161/2340] II.11.27   σ=0.00 s=0 SRGB=✓ NULL=✓ ST=✓ t=6.324s
[2162/2340] II.11.27   σ=0.00 s=1 SRGB=✓ NULL=✓ ST=✓ t=8.624s
[2163/2340] II.11.27   σ=0.00 s=2 SRGB=✓ NULL=✓ ST=✓ t=6.527s
[2164/2340] II.11.27   σ=0.00 s=3 SRGB=✓ NULL=✓ ST=✓ t=8.775s
[2165/2340] II.11.27   σ=0.00 s=4 SRGB=✓ NULL=✓ ST=✓ t=6.488s
[2166/2340] II.11.27   σ=0.00 s=5 SRGB=✓ NULL=✓ ST=✓ t=8.812s
[2167/2340] II.11.27   σ=0.00 s=6 SRGB=✓ NULL=✓ ST=✓ t=6.525s
[2168/2340] II.11.27   σ=0.00 s=7 SRGB=✓ NULL=✓ ST=✓ t=9.100s
[2169/2340] II.11.27   σ=0.00 s=8 SRGB=✓ NULL=✓ ST=✓ t=6.424s
[2170/2340] II.11.27   σ=0.00 s=9 SRGB=✓ NULL=✓ ST=✓ t=9.414s
[2171/2340] II.11.27   σ=0.00 s=10 SRGB=✓ NULL=✓ ST=✓ t=6.249s
[2172/2340] II.11.27   σ=0.00 s=11 SRGB=✓ NULL=✓ ST=✓ t=9.100s
[2173/2340] II.11.27   σ=0.00 s=12 SRGB=✓ NULL=✓ ST=✓ t=6.656s
[2174/2340] II.11.27   σ=0.00 s=13 SRGB=✓ NULL=✓ ST=✓ t=9.061s
[2175/2340] II.11.27   σ=0.00 s=14 SRGB=✓ NULL=✓ ST=✓ t=7.018s
[2176/2340] II.11.27   σ=0.00 s=15 SRGB=✓ NULL=✓ ST=✓ t=9.954s
[2177/2340] II.11.27   σ=0.00 s=16 SRGB=✓ NULL=✓ ST=✓ t=5.978s
[2178/2340] II.11.27   σ=0.00 s=17 SRGB=✓ NULL=✓ ST=✓ t=10.862s
[2179/2340] II.11.27   σ=0.00 s=18 SRGB=✓ NULL=✓ ST=✓ t=6.804s
[2180/2340] II.11.27   σ=0.00 s=19 SRGB=✓ NULL=✓ ST=✓ t=10.619s
[2181/2340] II.11.27   σ=0.00 s=20 SRGB=✓ NULL=✓ ST=✓ t=8.152s
[2182/2340] II.11.27   σ=0.00 s=21 SRGB=✓ NULL=✓ ST=✓ t=6.989s
[2183/2340] II.11.27   σ=0.00 s=22 SRGB=✓ NULL=✓ ST=✓ t=6.609s
[2184/2340] II.11.27   σ=0.00 s=23 SRGB=✓ NULL=✓ ST=✓ t=8.337s
[2185/2340] II.11.27   σ=0.00 s=24 SRGB=✓ NULL=✓ ST=✓ t=8.442s
[2186/2340] II.11.27   σ=0.00 s=25 SRGB=✓ NULL=✓ ST=✓ t=6.790s
[2187/2340] II.11.27   σ=0.00 s=26 SRGB=✓ NULL=✓ ST=✓ t=7.260s
[2188/2340] II.11.27   σ=0.00 s=27 SRGB=✓ NULL=✓ ST=✓ t=7.847s
[2189/2340] II.11.27   σ=0.00 s=28 SRGB=✓ NULL=✓ ST=✓ t=6.666s
[2190/2340] II.11.27   σ=0.00 s=29 SRGB=✓ NULL=✓ ST=✓ t=8.979s
[2191/2340] II.11.27   σ=0.02 s=0 SRGB=✗ NULL=✗ ST=✗ t=38.690s
[2192/2340] II.11.27   σ=0.02 s=1 SRGB=✗ NULL=✗ ST=✗ t=40.790s
[2193/2340] II.11.27   σ=0.02 s=2 SRGB=✗ NULL=✗ ST=✗ t=44.231s
[2194/2340] II.11.27   σ=0.02 s=3 SRGB=✗ NULL=✗ ST=✗ t=42.248s
[2195/2340] II.11.27   σ=0.02 s=4 SRGB=✗ NULL=✗ ST=✗ t=37.842s
[2196/2340] II.11.27   σ=0.02 s=5 SRGB=✗ NULL=✗ ST=✗ t=40.413s
[2197/2340] II.11.27   σ=0.02 s=6 SRGB=✗ NULL=✗ ST=✗ t=41.683s
[2198/2340] II.11.27   σ=0.02 s=7 SRGB=✗ NULL=✗ ST=✗ t=39.432s
[2199/2340] II.11.27   σ=0.02 s=8 SRGB=✗ NULL=✗ ST=✗ t=39.571s
[2200/2340] II.11.27   σ=0.02 s=9 SRGB=✗ NULL=✗ ST=✗ t=39.166s
[2201/2340] II.11.27   σ=0.02 s=10 SRGB=✗ NULL=✗ ST=✗ t=38.146s
[2202/2340] II.11.27   σ=0.02 s=11 SRGB=✗ NULL=✗ ST=✗ t=40.381s
[2203/2340] II.11.27   σ=0.02 s=12 SRGB=✗ NULL=✗ ST=✗ t=37.797s
[2204/2340] II.11.27   σ=0.02 s=13 SRGB=✗ NULL=✗ ST=✗ t=40.742s
[2205/2340] II.11.27   σ=0.02 s=14 SRGB=✗ NULL=✗ ST=✗ t=42.398s
[2206/2340] II.11.27   σ=0.02 s=15 SRGB=✗ NULL=✗ ST=✗ t=41.755s
[2207/2340] II.11.27   σ=0.02 s=16 SRGB=✗ NULL=✗ ST=✗ t=37.040s
[2208/2340] II.11.27   σ=0.02 s=17 SRGB=✗ NULL=✗ ST=✗ t=40.135s
[2209/2340] II.11.27   σ=0.02 s=18 SRGB=✗ NULL=✗ ST=✗ t=40.545s
[2210/2340] II.11.27   σ=0.02 s=19 SRGB=✗ NULL=✗ ST=✗ t=40.395s
[2211/2340] II.11.27   σ=0.02 s=20 SRGB=✗ NULL=✗ ST=✗ t=41.338s
[2212/2340] II.11.27   σ=0.02 s=21 SRGB=✗ NULL=✗ ST=✗ t=42.178s
[2213/2340] II.11.27   σ=0.02 s=22 SRGB=✗ NULL=✗ ST=✗ t=43.213s
[2214/2340] II.11.27   σ=0.02 s=23 SRGB=✗ NULL=✗ ST=✗ t=43.385s
[2215/2340] II.11.27   σ=0.02 s=24 SRGB=✗ NULL=✗ ST=✗ t=42.537s
[2216/2340] II.11.27   σ=0.02 s=25 SRGB=✗ NULL=✗ ST=✗ t=41.806s
[2217/2340] II.11.27   σ=0.02 s=26 SRGB=✗ NULL=✗ ST=✗ t=37.908s
[2218/2340] II.11.27   σ=0.02 s=27 SRGB=✗ NULL=✗ ST=✗ t=41.681s
[2219/2340] II.11.27   σ=0.02 s=28 SRGB=✗ NULL=✗ ST=✗ t=44.400s
[2220/2340] II.11.27   σ=0.02 s=29 SRGB=✗ NULL=✗ ST=✗ t=43.368s
[2221/2340] II.11.27   σ=0.05 s=0 SRGB=✗ NULL=✗ ST=✗ t=34.502s
[2222/2340] II.11.27   σ=0.05 s=1 SRGB=✗ NULL=✗ ST=✗ t=37.375s
[2223/2340] II.11.27   σ=0.05 s=2 SRGB=✗ NULL=✗ ST=✗ t=36.536s
[2224/2340] II.11.27   σ=0.05 s=3 SRGB=✗ NULL=✗ ST=✗ t=37.271s
[2225/2340] II.11.27   σ=0.05 s=4 SRGB=✗ NULL=✗ ST=✗ t=34.703s
[2226/2340] II.11.27   σ=0.05 s=5 SRGB=✗ NULL=✗ ST=✗ t=40.917s
[2227/2340] II.11.27   σ=0.05 s=6 SRGB=✗ NULL=✗ ST=✗ t=35.643s
[2228/2340] II.11.27   σ=0.05 s=7 SRGB=✗ NULL=✗ ST=✗ t=34.167s
[2229/2340] II.11.27   σ=0.05 s=8 SRGB=✗ NULL=✗ ST=✗ t=32.969s
[2230/2340] II.11.27   σ=0.05 s=9 SRGB=✗ NULL=✗ ST=✗ t=36.367s
[2231/2340] II.11.27   σ=0.05 s=10 SRGB=✗ NULL=✗ ST=✗ t=36.411s
[2232/2340] II.11.27   σ=0.05 s=11 SRGB=✗ NULL=✗ ST=✗ t=35.564s
[2233/2340] II.11.27   σ=0.05 s=12 SRGB=✗ NULL=✗ ST=✗ t=34.930s
[2234/2340] II.11.27   σ=0.05 s=13 SRGB=✗ NULL=✗ ST=✗ t=33.570s
[2235/2340] II.11.27   σ=0.05 s=14 SRGB=✗ NULL=✗ ST=✗ t=34.197s
[2236/2340] II.11.27   σ=0.05 s=15 SRGB=✗ NULL=✗ ST=✗ t=33.954s
[2237/2340] II.11.27   σ=0.05 s=16 SRGB=✗ NULL=✗ ST=✗ t=34.308s
[2238/2340] II.11.27   σ=0.05 s=17 SRGB=✗ NULL=✗ ST=✗ t=35.173s
[2239/2340] II.11.27   σ=0.05 s=18 SRGB=✗ NULL=✗ ST=✗ t=34.803s
[2240/2340] II.11.27   σ=0.05 s=19 SRGB=✗ NULL=✗ ST=✗ t=33.140s
[2241/2340] II.11.27   σ=0.05 s=20 SRGB=✗ NULL=✗ ST=✗ t=36.600s
[2242/2340] II.11.27   σ=0.05 s=21 SRGB=✗ NULL=✗ ST=✗ t=37.492s
[2243/2340] II.11.27   σ=0.05 s=22 SRGB=✗ NULL=✗ ST=✗ t=35.068s
[2244/2340] II.11.27   σ=0.05 s=23 SRGB=✗ NULL=✗ ST=✗ t=32.401s
[2245/2340] II.11.27   σ=0.05 s=24 SRGB=✗ NULL=✗ ST=✗ t=35.347s
[2246/2340] II.11.27   σ=0.05 s=25 SRGB=✗ NULL=✗ ST=✗ t=33.274s
[2247/2340] II.11.27   σ=0.05 s=26 SRGB=✗ NULL=✗ ST=✗ t=34.250s
[2248/2340] II.11.27   σ=0.05 s=27 SRGB=✗ NULL=✗ ST=✗ t=36.185s
[2249/2340] II.11.27   σ=0.05 s=28 SRGB=✗ NULL=✗ ST=✗ t=34.874s
[2250/2340] II.11.27   σ=0.05 s=29 SRGB=✗ NULL=✗ ST=✗ t=33.721s
[2251/2340] I.43.31    σ=0.00 s=0 SRGB=✓ NULL=✓ ST=✓ t=1.304s
[2252/2340] I.43.31    σ=0.00 s=1 SRGB=✓ NULL=✓ ST=✓ t=4.476s
[2253/2340] I.43.31    σ=0.00 s=2 SRGB=✓ NULL=✓ ST=✓ t=1.766s
[2254/2340] I.43.31    σ=0.00 s=3 SRGB=✓ NULL=✓ ST=✓ t=1.383s
[2255/2340] I.43.31    σ=0.00 s=4 SRGB=✓ NULL=✓ ST=✓ t=1.290s
[2256/2340] I.43.31    σ=0.00 s=5 SRGB=✓ NULL=✓ ST=✓ t=1.220s
[2257/2340] I.43.31    σ=0.00 s=6 SRGB=✓ NULL=✓ ST=✓ t=1.285s
[2258/2340] I.43.31    σ=0.00 s=7 SRGB=✓ NULL=✓ ST=✓ t=1.239s
[2259/2340] I.43.31    σ=0.00 s=8 SRGB=✓ NULL=✓ ST=✓ t=1.392s
[2260/2340] I.43.31    σ=0.00 s=9 SRGB=✓ NULL=✓ ST=✓ t=1.172s
[2261/2340] I.43.31    σ=0.00 s=10 SRGB=✓ NULL=✓ ST=✓ t=3.790s
[2262/2340] I.43.31    σ=0.00 s=11 SRGB=✓ NULL=✓ ST=✓ t=2.761s
[2263/2340] I.43.31    σ=0.00 s=12 SRGB=✓ NULL=✓ ST=✓ t=1.118s
[2264/2340] I.43.31    σ=0.00 s=13 SRGB=✓ NULL=✓ ST=✓ t=1.174s
[2265/2340] I.43.31    σ=0.00 s=14 SRGB=✓ NULL=✓ ST=✓ t=1.287s
[2266/2340] I.43.31    σ=0.00 s=15 SRGB=✓ NULL=✓ ST=✓ t=1.146s
[2267/2340] I.43.31    σ=0.00 s=16 SRGB=✓ NULL=✓ ST=✓ t=1.204s
[2268/2340] I.43.31    σ=0.00 s=17 SRGB=✓ NULL=✓ ST=✓ t=1.232s
[2269/2340] I.43.31    σ=0.00 s=18 SRGB=✓ NULL=✓ ST=✓ t=1.294s
[2270/2340] I.43.31    σ=0.00 s=19 SRGB=✓ NULL=✓ ST=✓ t=1.400s
[2271/2340] I.43.31    σ=0.00 s=20 SRGB=✓ NULL=✓ ST=✓ t=5.213s
[2272/2340] I.43.31    σ=0.00 s=21 SRGB=✓ NULL=✓ ST=✓ t=1.207s
[2273/2340] I.43.31    σ=0.00 s=22 SRGB=✓ NULL=✓ ST=✓ t=1.205s
[2274/2340] I.43.31    σ=0.00 s=23 SRGB=✓ NULL=✓ ST=✓ t=1.324s
[2275/2340] I.43.31    σ=0.00 s=24 SRGB=✓ NULL=✓ ST=✓ t=1.327s
[2276/2340] I.43.31    σ=0.00 s=25 SRGB=✓ NULL=✓ ST=✓ t=1.234s
[2277/2340] I.43.31    σ=0.00 s=26 SRGB=✓ NULL=✓ ST=✓ t=1.211s
[2278/2340] I.43.31    σ=0.00 s=27 SRGB=✓ NULL=✓ ST=✓ t=1.235s
[2279/2340] I.43.31    σ=0.00 s=28 SRGB=✓ NULL=✓ ST=✓ t=1.282s
[2280/2340] I.43.31    σ=0.00 s=29 SRGB=✓ NULL=✓ ST=✓ t=4.009s
[2281/2340] I.43.31    σ=0.02 s=0 SRGB=✗ NULL=✗ ST=✗ t=17.810s
[2282/2340] I.43.31    σ=0.02 s=1 SRGB=✗ NULL=✗ ST=✗ t=16.014s
[2283/2340] I.43.31    σ=0.02 s=2 SRGB=✗ NULL=✗ ST=✗ t=17.032s
[2284/2340] I.43.31    σ=0.02 s=3 SRGB=✗ NULL=✗ ST=✗ t=17.022s
[2285/2340] I.43.31    σ=0.02 s=4 SRGB=✗ NULL=✗ ST=✗ t=18.420s
[2286/2340] I.43.31    σ=0.02 s=5 SRGB=✗ NULL=✗ ST=✗ t=16.660s
[2287/2340] I.43.31    σ=0.02 s=6 SRGB=✗ NULL=✗ ST=✗ t=18.183s
[2288/2340] I.43.31    σ=0.02 s=7 SRGB=✗ NULL=✗ ST=✗ t=17.046s
[2289/2340] I.43.31    σ=0.02 s=8 SRGB=✗ NULL=✗ ST=✗ t=17.255s
[2290/2340] I.43.31    σ=0.02 s=9 SRGB=✗ NULL=✗ ST=✗ t=15.657s
[2291/2340] I.43.31    σ=0.02 s=10 SRGB=✗ NULL=✗ ST=✗ t=16.854s
[2292/2340] I.43.31    σ=0.02 s=11 SRGB=✗ NULL=✗ ST=✗ t=15.809s
[2293/2340] I.43.31    σ=0.02 s=12 SRGB=✗ NULL=✗ ST=✗ t=16.809s
[2294/2340] I.43.31    σ=0.02 s=13 SRGB=✗ NULL=✗ ST=✗ t=18.205s
[2295/2340] I.43.31    σ=0.02 s=14 SRGB=✗ NULL=✗ ST=✗ t=17.245s
[2296/2340] I.43.31    σ=0.02 s=15 SRGB=✗ NULL=✗ ST=✗ t=17.069s
[2297/2340] I.43.31    σ=0.02 s=16 SRGB=✗ NULL=✗ ST=✗ t=16.292s
[2298/2340] I.43.31    σ=0.02 s=17 SRGB=✗ NULL=✗ ST=✗ t=16.088s
[2299/2340] I.43.31    σ=0.02 s=18 SRGB=✗ NULL=✗ ST=✗ t=16.440s
[2300/2340] I.43.31    σ=0.02 s=19 SRGB=✗ NULL=✗ ST=✗ t=16.504s
[2301/2340] I.43.31    σ=0.02 s=20 SRGB=✗ NULL=✗ ST=✗ t=16.603s
[2302/2340] I.43.31    σ=0.02 s=21 SRGB=✗ NULL=✗ ST=✗ t=19.424s
[2303/2340] I.43.31    σ=0.02 s=22 SRGB=✗ NULL=✗ ST=✗ t=18.826s
[2304/2340] I.43.31    σ=0.02 s=23 SRGB=✗ NULL=✗ ST=✗ t=17.132s
[2305/2340] I.43.31    σ=0.02 s=24 SRGB=✗ NULL=✗ ST=✗ t=16.681s
[2306/2340] I.43.31    σ=0.02 s=25 SRGB=✗ NULL=✗ ST=✗ t=16.434s
[2307/2340] I.43.31    σ=0.02 s=26 SRGB=✗ NULL=✗ ST=✗ t=16.504s
[2308/2340] I.43.31    σ=0.02 s=27 SRGB=✗ NULL=✗ ST=✗ t=19.111s
[2309/2340] I.43.31    σ=0.02 s=28 SRGB=✗ NULL=✗ ST=✗ t=18.209s
[2310/2340] I.43.31    σ=0.02 s=29 SRGB=✗ NULL=✗ ST=✗ t=17.526s
[2311/2340] I.43.31    σ=0.05 s=0 SRGB=✗ NULL=✗ ST=✗ t=16.100s
[2312/2340] I.43.31    σ=0.05 s=1 SRGB=✗ NULL=✗ ST=✗ t=16.233s
[2313/2340] I.43.31    σ=0.05 s=2 SRGB=✗ NULL=✗ ST=✗ t=15.718s
[2314/2340] I.43.31    σ=0.05 s=3 SRGB=✗ NULL=✗ ST=✗ t=16.003s
[2315/2340] I.43.31    σ=0.05 s=4 SRGB=✗ NULL=✗ ST=✗ t=16.378s
[2316/2340] I.43.31    σ=0.05 s=5 SRGB=✗ NULL=✗ ST=✗ t=15.012s
[2317/2340] I.43.31    σ=0.05 s=6 SRGB=✗ NULL=✗ ST=✗ t=16.067s
[2318/2340] I.43.31    σ=0.05 s=7 SRGB=✗ NULL=✗ ST=✗ t=17.827s
[2319/2340] I.43.31    σ=0.05 s=8 SRGB=✗ NULL=✗ ST=✗ t=17.964s
[2320/2340] I.43.31    σ=0.05 s=9 SRGB=✗ NULL=✗ ST=✗ t=16.704s
[2321/2340] I.43.31    σ=0.05 s=10 SRGB=✗ NULL=✗ ST=✗ t=16.353s
[2322/2340] I.43.31    σ=0.05 s=11 SRGB=✗ NULL=✗ ST=✗ t=16.333s
[2323/2340] I.43.31    σ=0.05 s=12 SRGB=✗ NULL=✗ ST=✗ t=15.841s
[2324/2340] I.43.31    σ=0.05 s=13 SRGB=✗ NULL=✗ ST=✗ t=16.670s
[2325/2340] I.43.31    σ=0.05 s=14 SRGB=✗ NULL=✗ ST=✗ t=16.334s
[2326/2340] I.43.31    σ=0.05 s=15 SRGB=✗ NULL=✗ ST=✗ t=16.487s
[2327/2340] I.43.31    σ=0.05 s=16 SRGB=✗ NULL=✗ ST=✗ t=17.372s
[2328/2340] I.43.31    σ=0.05 s=17 SRGB=✗ NULL=✗ ST=✗ t=17.807s
[2329/2340] I.43.31    σ=0.05 s=18 SRGB=✗ NULL=✗ ST=✗ t=17.837s
[2330/2340] I.43.31    σ=0.05 s=19 SRGB=✗ NULL=✗ ST=✗ t=16.440s
[2331/2340] I.43.31    σ=0.05 s=20 SRGB=✗ NULL=✗ ST=✗ t=16.612s
[2332/2340] I.43.31    σ=0.05 s=21 SRGB=✗ NULL=✗ ST=✗ t=15.878s
[2333/2340] I.43.31    σ=0.05 s=22 SRGB=✗ NULL=✗ ST=✗ t=16.261s
[2334/2340] I.43.31    σ=0.05 s=23 SRGB=✗ NULL=✗ ST=✗ t=16.360s
[2335/2340] I.43.31    σ=0.05 s=24 SRGB=✗ NULL=✗ ST=✗ t=16.329s
[2336/2340] I.43.31    σ=0.05 s=25 SRGB=✗ NULL=✗ ST=✗ t=16.844s
[2337/2340] I.43.31    σ=0.05 s=26 SRGB=✗ NULL=✗ ST=✗ t=18.297s
[2338/2340] I.43.31    σ=0.05 s=27 SRGB=✗ NULL=✗ ST=✗ t=18.591s
[2339/2340] I.43.31    σ=0.05 s=28 SRGB=✗ NULL=✗ ST=✗ t=16.738s
[2340/2340] I.43.31    σ=0.05 s=29 SRGB=✗ NULL=✗ ST=✗ t=16.279s

============================================================
Feynman Benchmark Results
(Methods: SR-GB+CSNP, KRONIC, SINDy-ST; seeds 0..29)
============================================================
 sigma  srgb_rate  null_rate  sindy_st_rate
  0.00      1.000      1.000          1.000
  0.02      0.731      0.269          0.422
  0.05      0.597      0.190          0.305
Saved: feynman_results_full.csv (+summary/overall) in Results
