k,sigma,seed,generator,hard_infeasible
0.0,0.01,0,x^2+vx^2 (x-energy),False
0.0,0.01,0,y^2+vy^2 (y-energy),False
0.0,0.01,0,x*y+vx*vy (cross term),False
0.0,0.01,0,x*vy-y*vx (ang. momentum),False
1.0,0.01,0,x^2+vx^2 (x-energy),False
1.0,0.01,0,y^2+vy^2 (y-energy),False
1.0,0.01,0,x*y+vx*vy (cross term),False
1.0,0.01,0,x*vy-y*vx (ang. momentum),False
1.5,0.01,0,x^2+vx^2 (x-energy),False
1.5,0.01,0,y^2+vy^2 (y-energy),False
1.5,0.01,0,x*y+vx*vy (cross term),False
1.5,0.01,0,x*vy-y*vx (ang. momentum),False
2.0,0.01,0,x^2+vx^2 (x-energy),False
2.0,0.01,0,y^2+vy^2 (y-energy),False
2.0,0.01,0,x*y+vx*vy (cross term),False
2.0,0.01,0,x*vy-y*vx (ang. momentum),False
2.5,0.01,0,x^2+vx^2 (x-energy),False
2.5,0.01,0,y^2+vy^2 (y-energy),False
2.5,0.01,0,x*y+vx*vy (cross term),False
2.5,0.01,0,x*vy-y*vx (ang. momentum),False
3.0,0.01,0,x^2+vx^2 (x-energy),False
3.0,0.01,0,y^2+vy^2 (y-energy),False
3.0,0.01,0,x*y+vx*vy (cross term),False
3.0,0.01,0,x*vy-y*vx (ang. momentum),False
3.5,0.01,0,x^2+vx^2 (x-energy),False
3.5,0.01,0,y^2+vy^2 (y-energy),False
3.5,0.01,0,x*y+vx*vy (cross term),False
3.5,0.01,0,x*vy-y*vx (ang. momentum),False
4.0,0.01,0,x^2+vx^2 (x-energy),False
4.0,0.01,0,y^2+vy^2 (y-energy),False
4.0,0.01,0,x*y+vx*vy (cross term),False
4.0,0.01,0,x*vy-y*vx (ang. momentum),False
5.0,0.01,0,x^2+vx^2 (x-energy),False
5.0,0.01,0,y^2+vy^2 (y-energy),False
5.0,0.01,0,x*y+vx*vy (cross term),False
5.0,0.01,0,x*vy-y*vx (ang. momentum),False
7.0,0.01,0,x^2+vx^2 (x-energy),False
7.0,0.01,0,y^2+vy^2 (y-energy),False
7.0,0.01,0,x*y+vx*vy (cross term),False
7.0,0.01,0,x*vy-y*vx (ang. momentum),False
0.0,0.01,1,x^2+vx^2 (x-energy),False
0.0,0.01,1,y^2+vy^2 (y-energy),False
0.0,0.01,1,x*y+vx*vy (cross term),False
0.0,0.01,1,x*vy-y*vx (ang. momentum),False
1.0,0.01,1,x^2+vx^2 (x-energy),False
1.0,0.01,1,y^2+vy^2 (y-energy),False
1.0,0.01,1,x*y+vx*vy (cross term),False
1.0,0.01,1,x*vy-y*vx (ang. momentum),False
1.5,0.01,1,x^2+vx^2 (x-energy),False
1.5,0.01,1,y^2+vy^2 (y-energy),False
1.5,0.01,1,x*y+vx*vy (cross term),False
1.5,0.01,1,x*vy-y*vx (ang. momentum),False
2.0,0.01,1,x^2+vx^2 (x-energy),False
2.0,0.01,1,y^2+vy^2 (y-energy),False
2.0,0.01,1,x*y+vx*vy (cross term),False
2.0,0.01,1,x*vy-y*vx (ang. momentum),False
2.5,0.01,1,x^2+vx^2 (x-energy),False
2.5,0.01,1,y^2+vy^2 (y-energy),False
2.5,0.01,1,x*y+vx*vy (cross term),False
2.5,0.01,1,x*vy-y*vx (ang. momentum),False
3.0,0.01,1,x^2+vx^2 (x-energy),False
3.0,0.01,1,y^2+vy^2 (y-energy),False
3.0,0.01,1,x*y+vx*vy (cross term),False
3.0,0.01,1,x*vy-y*vx (ang. momentum),False
3.5,0.01,1,x^2+vx^2 (x-energy),False
3.5,0.01,1,y^2+vy^2 (y-energy),False
3.5,0.01,1,x*y+vx*vy (cross term),False
3.5,0.01,1,x*vy-y*vx (ang. momentum),False
4.0,0.01,1,x^2+vx^2 (x-energy),False
4.0,0.01,1,y^2+vy^2 (y-energy),False
4.0,0.01,1,x*y+vx*vy (cross term),False
4.0,0.01,1,x*vy-y*vx (ang. momentum),False
5.0,0.01,1,x^2+vx^2 (x-energy),False
5.0,0.01,1,y^2+vy^2 (y-energy),False
5.0,0.01,1,x*y+vx*vy (cross term),False
5.0,0.01,1,x*vy-y*vx (ang. momentum),False
7.0,0.01,1,x^2+vx^2 (x-energy),False
7.0,0.01,1,y^2+vy^2 (y-energy),False
7.0,0.01,1,x*y+vx*vy (cross term),False
7.0,0.01,1,x*vy-y*vx (ang. momentum),False
0.0,0.01,2,x^2+vx^2 (x-energy),False
0.0,0.01,2,y^2+vy^2 (y-energy),False
0.0,0.01,2,x*y+vx*vy (cross term),False
0.0,0.01,2,x*vy-y*vx (ang. momentum),False
1.0,0.01,2,x^2+vx^2 (x-energy),False
1.0,0.01,2,y^2+vy^2 (y-energy),False
1.0,0.01,2,x*y+vx*vy (cross term),False
1.0,0.01,2,x*vy-y*vx (ang. momentum),False
1.5,0.01,2,x^2+vx^2 (x-energy),False
1.5,0.01,2,y^2+vy^2 (y-energy),False
1.5,0.01,2,x*y+vx*vy (cross term),False
1.5,0.01,2,x*vy-y*vx (ang. momentum),False
2.0,0.01,2,x^2+vx^2 (x-energy),False
2.0,0.01,2,y^2+vy^2 (y-energy),False
2.0,0.01,2,x*y+vx*vy (cross term),False
2.0,0.01,2,x*vy-y*vx (ang. momentum),False
2.5,0.01,2,x^2+vx^2 (x-energy),False
2.5,0.01,2,y^2+vy^2 (y-energy),False
2.5,0.01,2,x*y+vx*vy (cross term),False
2.5,0.01,2,x*vy-y*vx (ang. momentum),False
3.0,0.01,2,x^2+vx^2 (x-energy),False
3.0,0.01,2,y^2+vy^2 (y-energy),False
3.0,0.01,2,x*y+vx*vy (cross term),False
3.0,0.01,2,x*vy-y*vx (ang. momentum),False
3.5,0.01,2,x^2+vx^2 (x-energy),False
3.5,0.01,2,y^2+vy^2 (y-energy),False
3.5,0.01,2,x*y+vx*vy (cross term),False
3.5,0.01,2,x*vy-y*vx (ang. momentum),False
4.0,0.01,2,x^2+vx^2 (x-energy),False
4.0,0.01,2,y^2+vy^2 (y-energy),False
4.0,0.01,2,x*y+vx*vy (cross term),False
4.0,0.01,2,x*vy-y*vx (ang. momentum),False
5.0,0.01,2,x^2+vx^2 (x-energy),False
5.0,0.01,2,y^2+vy^2 (y-energy),False
5.0,0.01,2,x*y+vx*vy (cross term),False
5.0,0.01,2,x*vy-y*vx (ang. momentum),False
7.0,0.01,2,x^2+vx^2 (x-energy),False
7.0,0.01,2,y^2+vy^2 (y-energy),False
7.0,0.01,2,x*y+vx*vy (cross term),False
7.0,0.01,2,x*vy-y*vx (ang. momentum),False
0.0,0.01,3,x^2+vx^2 (x-energy),False
0.0,0.01,3,y^2+vy^2 (y-energy),False
0.0,0.01,3,x*y+vx*vy (cross term),False
0.0,0.01,3,x*vy-y*vx (ang. momentum),False
1.0,0.01,3,x^2+vx^2 (x-energy),False
1.0,0.01,3,y^2+vy^2 (y-energy),False
1.0,0.01,3,x*y+vx*vy (cross term),False
1.0,0.01,3,x*vy-y*vx (ang. momentum),False
1.5,0.01,3,x^2+vx^2 (x-energy),False
1.5,0.01,3,y^2+vy^2 (y-energy),False
1.5,0.01,3,x*y+vx*vy (cross term),False
1.5,0.01,3,x*vy-y*vx (ang. momentum),False
2.0,0.01,3,x^2+vx^2 (x-energy),False
2.0,0.01,3,y^2+vy^2 (y-energy),False
2.0,0.01,3,x*y+vx*vy (cross term),False
2.0,0.01,3,x*vy-y*vx (ang. momentum),False
2.5,0.01,3,x^2+vx^2 (x-energy),False
2.5,0.01,3,y^2+vy^2 (y-energy),False
2.5,0.01,3,x*y+vx*vy (cross term),False
2.5,0.01,3,x*vy-y*vx (ang. momentum),False
3.0,0.01,3,x^2+vx^2 (x-energy),False
3.0,0.01,3,y^2+vy^2 (y-energy),False
3.0,0.01,3,x*y+vx*vy (cross term),False
3.0,0.01,3,x*vy-y*vx (ang. momentum),False
3.5,0.01,3,x^2+vx^2 (x-energy),False
3.5,0.01,3,y^2+vy^2 (y-energy),False
3.5,0.01,3,x*y+vx*vy (cross term),False
3.5,0.01,3,x*vy-y*vx (ang. momentum),False
4.0,0.01,3,x^2+vx^2 (x-energy),False
4.0,0.01,3,y^2+vy^2 (y-energy),False
4.0,0.01,3,x*y+vx*vy (cross term),False
4.0,0.01,3,x*vy-y*vx (ang. momentum),False
5.0,0.01,3,x^2+vx^2 (x-energy),False
5.0,0.01,3,y^2+vy^2 (y-energy),False
5.0,0.01,3,x*y+vx*vy (cross term),False
5.0,0.01,3,x*vy-y*vx (ang. momentum),False
7.0,0.01,3,x^2+vx^2 (x-energy),False
7.0,0.01,3,y^2+vy^2 (y-energy),False
7.0,0.01,3,x*y+vx*vy (cross term),False
7.0,0.01,3,x*vy-y*vx (ang. momentum),False
0.0,0.01,4,x^2+vx^2 (x-energy),False
0.0,0.01,4,y^2+vy^2 (y-energy),False
0.0,0.01,4,x*y+vx*vy (cross term),False
0.0,0.01,4,x*vy-y*vx (ang. momentum),False
1.0,0.01,4,x^2+vx^2 (x-energy),False
1.0,0.01,4,y^2+vy^2 (y-energy),False
1.0,0.01,4,x*y+vx*vy (cross term),False
1.0,0.01,4,x*vy-y*vx (ang. momentum),False
1.5,0.01,4,x^2+vx^2 (x-energy),False
1.5,0.01,4,y^2+vy^2 (y-energy),False
1.5,0.01,4,x*y+vx*vy (cross term),False
1.5,0.01,4,x*vy-y*vx (ang. momentum),False
2.0,0.01,4,x^2+vx^2 (x-energy),False
2.0,0.01,4,y^2+vy^2 (y-energy),False
2.0,0.01,4,x*y+vx*vy (cross term),False
2.0,0.01,4,x*vy-y*vx (ang. momentum),False
2.5,0.01,4,x^2+vx^2 (x-energy),False
2.5,0.01,4,y^2+vy^2 (y-energy),False
2.5,0.01,4,x*y+vx*vy (cross term),False
2.5,0.01,4,x*vy-y*vx (ang. momentum),False
3.0,0.01,4,x^2+vx^2 (x-energy),False
3.0,0.01,4,y^2+vy^2 (y-energy),False
3.0,0.01,4,x*y+vx*vy (cross term),False
3.0,0.01,4,x*vy-y*vx (ang. momentum),False
3.5,0.01,4,x^2+vx^2 (x-energy),False
3.5,0.01,4,y^2+vy^2 (y-energy),False
3.5,0.01,4,x*y+vx*vy (cross term),False
3.5,0.01,4,x*vy-y*vx (ang. momentum),False
4.0,0.01,4,x^2+vx^2 (x-energy),False
4.0,0.01,4,y^2+vy^2 (y-energy),False
4.0,0.01,4,x*y+vx*vy (cross term),False
4.0,0.01,4,x*vy-y*vx (ang. momentum),False
5.0,0.01,4,x^2+vx^2 (x-energy),False
5.0,0.01,4,y^2+vy^2 (y-energy),False
5.0,0.01,4,x*y+vx*vy (cross term),False
5.0,0.01,4,x*vy-y*vx (ang. momentum),False
7.0,0.01,4,x^2+vx^2 (x-energy),False
7.0,0.01,4,y^2+vy^2 (y-energy),False
7.0,0.01,4,x*y+vx*vy (cross term),False
7.0,0.01,4,x*vy-y*vx (ang. momentum),False
0.0,0.01,5,x^2+vx^2 (x-energy),False
0.0,0.01,5,y^2+vy^2 (y-energy),False
0.0,0.01,5,x*y+vx*vy (cross term),False
0.0,0.01,5,x*vy-y*vx (ang. momentum),False
1.0,0.01,5,x^2+vx^2 (x-energy),False
1.0,0.01,5,y^2+vy^2 (y-energy),False
1.0,0.01,5,x*y+vx*vy (cross term),False
1.0,0.01,5,x*vy-y*vx (ang. momentum),False
1.5,0.01,5,x^2+vx^2 (x-energy),False
1.5,0.01,5,y^2+vy^2 (y-energy),False
1.5,0.01,5,x*y+vx*vy (cross term),False
1.5,0.01,5,x*vy-y*vx (ang. momentum),False
2.0,0.01,5,x^2+vx^2 (x-energy),False
2.0,0.01,5,y^2+vy^2 (y-energy),False
2.0,0.01,5,x*y+vx*vy (cross term),False
2.0,0.01,5,x*vy-y*vx (ang. momentum),False
2.5,0.01,5,x^2+vx^2 (x-energy),False
2.5,0.01,5,y^2+vy^2 (y-energy),False
2.5,0.01,5,x*y+vx*vy (cross term),False
2.5,0.01,5,x*vy-y*vx (ang. momentum),False
3.0,0.01,5,x^2+vx^2 (x-energy),False
3.0,0.01,5,y^2+vy^2 (y-energy),False
3.0,0.01,5,x*y+vx*vy (cross term),False
3.0,0.01,5,x*vy-y*vx (ang. momentum),False
3.5,0.01,5,x^2+vx^2 (x-energy),False
3.5,0.01,5,y^2+vy^2 (y-energy),False
3.5,0.01,5,x*y+vx*vy (cross term),False
3.5,0.01,5,x*vy-y*vx (ang. momentum),False
4.0,0.01,5,x^2+vx^2 (x-energy),False
4.0,0.01,5,y^2+vy^2 (y-energy),False
4.0,0.01,5,x*y+vx*vy (cross term),False
4.0,0.01,5,x*vy-y*vx (ang. momentum),False
5.0,0.01,5,x^2+vx^2 (x-energy),False
5.0,0.01,5,y^2+vy^2 (y-energy),False
5.0,0.01,5,x*y+vx*vy (cross term),False
5.0,0.01,5,x*vy-y*vx (ang. momentum),False
7.0,0.01,5,x^2+vx^2 (x-energy),False
7.0,0.01,5,y^2+vy^2 (y-energy),False
7.0,0.01,5,x*y+vx*vy (cross term),False
7.0,0.01,5,x*vy-y*vx (ang. momentum),False
0.0,0.01,6,x^2+vx^2 (x-energy),False
0.0,0.01,6,y^2+vy^2 (y-energy),False
0.0,0.01,6,x*y+vx*vy (cross term),False
0.0,0.01,6,x*vy-y*vx (ang. momentum),False
1.0,0.01,6,x^2+vx^2 (x-energy),False
1.0,0.01,6,y^2+vy^2 (y-energy),False
1.0,0.01,6,x*y+vx*vy (cross term),False
1.0,0.01,6,x*vy-y*vx (ang. momentum),False
1.5,0.01,6,x^2+vx^2 (x-energy),False
1.5,0.01,6,y^2+vy^2 (y-energy),False
1.5,0.01,6,x*y+vx*vy (cross term),False
1.5,0.01,6,x*vy-y*vx (ang. momentum),False
2.0,0.01,6,x^2+vx^2 (x-energy),False
2.0,0.01,6,y^2+vy^2 (y-energy),False
2.0,0.01,6,x*y+vx*vy (cross term),False
2.0,0.01,6,x*vy-y*vx (ang. momentum),False
2.5,0.01,6,x^2+vx^2 (x-energy),False
2.5,0.01,6,y^2+vy^2 (y-energy),False
2.5,0.01,6,x*y+vx*vy (cross term),False
2.5,0.01,6,x*vy-y*vx (ang. momentum),False
3.0,0.01,6,x^2+vx^2 (x-energy),False
3.0,0.01,6,y^2+vy^2 (y-energy),False
3.0,0.01,6,x*y+vx*vy (cross term),False
3.0,0.01,6,x*vy-y*vx (ang. momentum),False
3.5,0.01,6,x^2+vx^2 (x-energy),False
3.5,0.01,6,y^2+vy^2 (y-energy),False
3.5,0.01,6,x*y+vx*vy (cross term),False
3.5,0.01,6,x*vy-y*vx (ang. momentum),False
4.0,0.01,6,x^2+vx^2 (x-energy),False
4.0,0.01,6,y^2+vy^2 (y-energy),False
4.0,0.01,6,x*y+vx*vy (cross term),False
4.0,0.01,6,x*vy-y*vx (ang. momentum),False
5.0,0.01,6,x^2+vx^2 (x-energy),False
5.0,0.01,6,y^2+vy^2 (y-energy),False
5.0,0.01,6,x*y+vx*vy (cross term),False
5.0,0.01,6,x*vy-y*vx (ang. momentum),False
7.0,0.01,6,x^2+vx^2 (x-energy),False
7.0,0.01,6,y^2+vy^2 (y-energy),False
7.0,0.01,6,x*y+vx*vy (cross term),False
7.0,0.01,6,x*vy-y*vx (ang. momentum),False
0.0,0.01,7,x^2+vx^2 (x-energy),False
0.0,0.01,7,y^2+vy^2 (y-energy),False
0.0,0.01,7,x*y+vx*vy (cross term),False
0.0,0.01,7,x*vy-y*vx (ang. momentum),False
1.0,0.01,7,x^2+vx^2 (x-energy),False
1.0,0.01,7,y^2+vy^2 (y-energy),False
1.0,0.01,7,x*y+vx*vy (cross term),False
1.0,0.01,7,x*vy-y*vx (ang. momentum),False
1.5,0.01,7,x^2+vx^2 (x-energy),False
1.5,0.01,7,y^2+vy^2 (y-energy),False
1.5,0.01,7,x*y+vx*vy (cross term),False
1.5,0.01,7,x*vy-y*vx (ang. momentum),False
2.0,0.01,7,x^2+vx^2 (x-energy),False
2.0,0.01,7,y^2+vy^2 (y-energy),False
2.0,0.01,7,x*y+vx*vy (cross term),False
2.0,0.01,7,x*vy-y*vx (ang. momentum),False
2.5,0.01,7,x^2+vx^2 (x-energy),False
2.5,0.01,7,y^2+vy^2 (y-energy),False
2.5,0.01,7,x*y+vx*vy (cross term),False
2.5,0.01,7,x*vy-y*vx (ang. momentum),False
3.0,0.01,7,x^2+vx^2 (x-energy),False
3.0,0.01,7,y^2+vy^2 (y-energy),False
3.0,0.01,7,x*y+vx*vy (cross term),False
3.0,0.01,7,x*vy-y*vx (ang. momentum),False
3.5,0.01,7,x^2+vx^2 (x-energy),False
3.5,0.01,7,y^2+vy^2 (y-energy),False
3.5,0.01,7,x*y+vx*vy (cross term),False
3.5,0.01,7,x*vy-y*vx (ang. momentum),False
4.0,0.01,7,x^2+vx^2 (x-energy),False
4.0,0.01,7,y^2+vy^2 (y-energy),False
4.0,0.01,7,x*y+vx*vy (cross term),False
4.0,0.01,7,x*vy-y*vx (ang. momentum),False
5.0,0.01,7,x^2+vx^2 (x-energy),False
5.0,0.01,7,y^2+vy^2 (y-energy),False
5.0,0.01,7,x*y+vx*vy (cross term),False
5.0,0.01,7,x*vy-y*vx (ang. momentum),False
7.0,0.01,7,x^2+vx^2 (x-energy),False
7.0,0.01,7,y^2+vy^2 (y-energy),False
7.0,0.01,7,x*y+vx*vy (cross term),False
7.0,0.01,7,x*vy-y*vx (ang. momentum),False
0.0,0.01,8,x^2+vx^2 (x-energy),False
0.0,0.01,8,y^2+vy^2 (y-energy),False
0.0,0.01,8,x*y+vx*vy (cross term),False
0.0,0.01,8,x*vy-y*vx (ang. momentum),False
1.0,0.01,8,x^2+vx^2 (x-energy),False
1.0,0.01,8,y^2+vy^2 (y-energy),False
1.0,0.01,8,x*y+vx*vy (cross term),False
1.0,0.01,8,x*vy-y*vx (ang. momentum),False
1.5,0.01,8,x^2+vx^2 (x-energy),False
1.5,0.01,8,y^2+vy^2 (y-energy),False
1.5,0.01,8,x*y+vx*vy (cross term),False
1.5,0.01,8,x*vy-y*vx (ang. momentum),False
2.0,0.01,8,x^2+vx^2 (x-energy),False
2.0,0.01,8,y^2+vy^2 (y-energy),False
2.0,0.01,8,x*y+vx*vy (cross term),False
2.0,0.01,8,x*vy-y*vx (ang. momentum),False
2.5,0.01,8,x^2+vx^2 (x-energy),False
2.5,0.01,8,y^2+vy^2 (y-energy),False
2.5,0.01,8,x*y+vx*vy (cross term),False
2.5,0.01,8,x*vy-y*vx (ang. momentum),False
3.0,0.01,8,x^2+vx^2 (x-energy),False
3.0,0.01,8,y^2+vy^2 (y-energy),False
3.0,0.01,8,x*y+vx*vy (cross term),False
3.0,0.01,8,x*vy-y*vx (ang. momentum),False
3.5,0.01,8,x^2+vx^2 (x-energy),False
3.5,0.01,8,y^2+vy^2 (y-energy),False
3.5,0.01,8,x*y+vx*vy (cross term),False
3.5,0.01,8,x*vy-y*vx (ang. momentum),False
4.0,0.01,8,x^2+vx^2 (x-energy),False
4.0,0.01,8,y^2+vy^2 (y-energy),False
4.0,0.01,8,x*y+vx*vy (cross term),False
4.0,0.01,8,x*vy-y*vx (ang. momentum),False
5.0,0.01,8,x^2+vx^2 (x-energy),False
5.0,0.01,8,y^2+vy^2 (y-energy),False
5.0,0.01,8,x*y+vx*vy (cross term),False
5.0,0.01,8,x*vy-y*vx (ang. momentum),False
7.0,0.01,8,x^2+vx^2 (x-energy),False
7.0,0.01,8,y^2+vy^2 (y-energy),False
7.0,0.01,8,x*y+vx*vy (cross term),False
7.0,0.01,8,x*vy-y*vx (ang. momentum),False
0.0,0.01,9,x^2+vx^2 (x-energy),False
0.0,0.01,9,y^2+vy^2 (y-energy),False
0.0,0.01,9,x*y+vx*vy (cross term),False
0.0,0.01,9,x*vy-y*vx (ang. momentum),False
1.0,0.01,9,x^2+vx^2 (x-energy),False
1.0,0.01,9,y^2+vy^2 (y-energy),False
1.0,0.01,9,x*y+vx*vy (cross term),False
1.0,0.01,9,x*vy-y*vx (ang. momentum),False
1.5,0.01,9,x^2+vx^2 (x-energy),False
1.5,0.01,9,y^2+vy^2 (y-energy),False
1.5,0.01,9,x*y+vx*vy (cross term),False
1.5,0.01,9,x*vy-y*vx (ang. momentum),False
2.0,0.01,9,x^2+vx^2 (x-energy),False
2.0,0.01,9,y^2+vy^2 (y-energy),False
2.0,0.01,9,x*y+vx*vy (cross term),False
2.0,0.01,9,x*vy-y*vx (ang. momentum),False
2.5,0.01,9,x^2+vx^2 (x-energy),False
2.5,0.01,9,y^2+vy^2 (y-energy),False
2.5,0.01,9,x*y+vx*vy (cross term),False
2.5,0.01,9,x*vy-y*vx (ang. momentum),False
3.0,0.01,9,x^2+vx^2 (x-energy),False
3.0,0.01,9,y^2+vy^2 (y-energy),False
3.0,0.01,9,x*y+vx*vy (cross term),False
3.0,0.01,9,x*vy-y*vx (ang. momentum),False
3.5,0.01,9,x^2+vx^2 (x-energy),False
3.5,0.01,9,y^2+vy^2 (y-energy),False
3.5,0.01,9,x*y+vx*vy (cross term),False
3.5,0.01,9,x*vy-y*vx (ang. momentum),False
4.0,0.01,9,x^2+vx^2 (x-energy),False
4.0,0.01,9,y^2+vy^2 (y-energy),False
4.0,0.01,9,x*y+vx*vy (cross term),False
4.0,0.01,9,x*vy-y*vx (ang. momentum),False
5.0,0.01,9,x^2+vx^2 (x-energy),False
5.0,0.01,9,y^2+vy^2 (y-energy),False
5.0,0.01,9,x*y+vx*vy (cross term),False
5.0,0.01,9,x*vy-y*vx (ang. momentum),False
7.0,0.01,9,x^2+vx^2 (x-energy),False
7.0,0.01,9,y^2+vy^2 (y-energy),False
7.0,0.01,9,x*y+vx*vy (cross term),False
7.0,0.01,9,x*vy-y*vx (ang. momentum),False
0.0,0.01,10,x^2+vx^2 (x-energy),False
0.0,0.01,10,y^2+vy^2 (y-energy),False
0.0,0.01,10,x*y+vx*vy (cross term),False
0.0,0.01,10,x*vy-y*vx (ang. momentum),False
1.0,0.01,10,x^2+vx^2 (x-energy),False
1.0,0.01,10,y^2+vy^2 (y-energy),False
1.0,0.01,10,x*y+vx*vy (cross term),False
1.0,0.01,10,x*vy-y*vx (ang. momentum),False
1.5,0.01,10,x^2+vx^2 (x-energy),False
1.5,0.01,10,y^2+vy^2 (y-energy),False
1.5,0.01,10,x*y+vx*vy (cross term),False
1.5,0.01,10,x*vy-y*vx (ang. momentum),False
2.0,0.01,10,x^2+vx^2 (x-energy),False
2.0,0.01,10,y^2+vy^2 (y-energy),False
2.0,0.01,10,x*y+vx*vy (cross term),False
2.0,0.01,10,x*vy-y*vx (ang. momentum),False
2.5,0.01,10,x^2+vx^2 (x-energy),False
2.5,0.01,10,y^2+vy^2 (y-energy),False
2.5,0.01,10,x*y+vx*vy (cross term),False
2.5,0.01,10,x*vy-y*vx (ang. momentum),False
3.0,0.01,10,x^2+vx^2 (x-energy),False
3.0,0.01,10,y^2+vy^2 (y-energy),False
3.0,0.01,10,x*y+vx*vy (cross term),False
3.0,0.01,10,x*vy-y*vx (ang. momentum),False
3.5,0.01,10,x^2+vx^2 (x-energy),False
3.5,0.01,10,y^2+vy^2 (y-energy),False
3.5,0.01,10,x*y+vx*vy (cross term),False
3.5,0.01,10,x*vy-y*vx (ang. momentum),False
4.0,0.01,10,x^2+vx^2 (x-energy),False
4.0,0.01,10,y^2+vy^2 (y-energy),False
4.0,0.01,10,x*y+vx*vy (cross term),False
4.0,0.01,10,x*vy-y*vx (ang. momentum),False
5.0,0.01,10,x^2+vx^2 (x-energy),False
5.0,0.01,10,y^2+vy^2 (y-energy),False
5.0,0.01,10,x*y+vx*vy (cross term),False
5.0,0.01,10,x*vy-y*vx (ang. momentum),False
7.0,0.01,10,x^2+vx^2 (x-energy),False
7.0,0.01,10,y^2+vy^2 (y-energy),False
7.0,0.01,10,x*y+vx*vy (cross term),False
7.0,0.01,10,x*vy-y*vx (ang. momentum),False
0.0,0.01,11,x^2+vx^2 (x-energy),False
0.0,0.01,11,y^2+vy^2 (y-energy),False
0.0,0.01,11,x*y+vx*vy (cross term),False
0.0,0.01,11,x*vy-y*vx (ang. momentum),False
1.0,0.01,11,x^2+vx^2 (x-energy),False
1.0,0.01,11,y^2+vy^2 (y-energy),False
1.0,0.01,11,x*y+vx*vy (cross term),False
1.0,0.01,11,x*vy-y*vx (ang. momentum),False
1.5,0.01,11,x^2+vx^2 (x-energy),False
1.5,0.01,11,y^2+vy^2 (y-energy),False
1.5,0.01,11,x*y+vx*vy (cross term),False
1.5,0.01,11,x*vy-y*vx (ang. momentum),False
2.0,0.01,11,x^2+vx^2 (x-energy),False
2.0,0.01,11,y^2+vy^2 (y-energy),False
2.0,0.01,11,x*y+vx*vy (cross term),False
2.0,0.01,11,x*vy-y*vx (ang. momentum),False
2.5,0.01,11,x^2+vx^2 (x-energy),False
2.5,0.01,11,y^2+vy^2 (y-energy),False
2.5,0.01,11,x*y+vx*vy (cross term),False
2.5,0.01,11,x*vy-y*vx (ang. momentum),False
3.0,0.01,11,x^2+vx^2 (x-energy),False
3.0,0.01,11,y^2+vy^2 (y-energy),False
3.0,0.01,11,x*y+vx*vy (cross term),False
3.0,0.01,11,x*vy-y*vx (ang. momentum),False
3.5,0.01,11,x^2+vx^2 (x-energy),False
3.5,0.01,11,y^2+vy^2 (y-energy),False
3.5,0.01,11,x*y+vx*vy (cross term),False
3.5,0.01,11,x*vy-y*vx (ang. momentum),False
4.0,0.01,11,x^2+vx^2 (x-energy),False
4.0,0.01,11,y^2+vy^2 (y-energy),False
4.0,0.01,11,x*y+vx*vy (cross term),False
4.0,0.01,11,x*vy-y*vx (ang. momentum),False
5.0,0.01,11,x^2+vx^2 (x-energy),False
5.0,0.01,11,y^2+vy^2 (y-energy),False
5.0,0.01,11,x*y+vx*vy (cross term),False
5.0,0.01,11,x*vy-y*vx (ang. momentum),False
7.0,0.01,11,x^2+vx^2 (x-energy),False
7.0,0.01,11,y^2+vy^2 (y-energy),False
7.0,0.01,11,x*y+vx*vy (cross term),False
7.0,0.01,11,x*vy-y*vx (ang. momentum),False
0.0,0.01,12,x^2+vx^2 (x-energy),False
0.0,0.01,12,y^2+vy^2 (y-energy),False
0.0,0.01,12,x*y+vx*vy (cross term),False
0.0,0.01,12,x*vy-y*vx (ang. momentum),False
1.0,0.01,12,x^2+vx^2 (x-energy),False
1.0,0.01,12,y^2+vy^2 (y-energy),False
1.0,0.01,12,x*y+vx*vy (cross term),False
1.0,0.01,12,x*vy-y*vx (ang. momentum),False
1.5,0.01,12,x^2+vx^2 (x-energy),False
1.5,0.01,12,y^2+vy^2 (y-energy),False
1.5,0.01,12,x*y+vx*vy (cross term),False
1.5,0.01,12,x*vy-y*vx (ang. momentum),False
2.0,0.01,12,x^2+vx^2 (x-energy),False
2.0,0.01,12,y^2+vy^2 (y-energy),False
2.0,0.01,12,x*y+vx*vy (cross term),False
2.0,0.01,12,x*vy-y*vx (ang. momentum),False
2.5,0.01,12,x^2+vx^2 (x-energy),False
2.5,0.01,12,y^2+vy^2 (y-energy),False
2.5,0.01,12,x*y+vx*vy (cross term),False
2.5,0.01,12,x*vy-y*vx (ang. momentum),False
3.0,0.01,12,x^2+vx^2 (x-energy),False
3.0,0.01,12,y^2+vy^2 (y-energy),False
3.0,0.01,12,x*y+vx*vy (cross term),False
3.0,0.01,12,x*vy-y*vx (ang. momentum),False
3.5,0.01,12,x^2+vx^2 (x-energy),False
3.5,0.01,12,y^2+vy^2 (y-energy),False
3.5,0.01,12,x*y+vx*vy (cross term),False
3.5,0.01,12,x*vy-y*vx (ang. momentum),False
4.0,0.01,12,x^2+vx^2 (x-energy),False
4.0,0.01,12,y^2+vy^2 (y-energy),False
4.0,0.01,12,x*y+vx*vy (cross term),False
4.0,0.01,12,x*vy-y*vx (ang. momentum),False
5.0,0.01,12,x^2+vx^2 (x-energy),False
5.0,0.01,12,y^2+vy^2 (y-energy),False
5.0,0.01,12,x*y+vx*vy (cross term),False
5.0,0.01,12,x*vy-y*vx (ang. momentum),False
7.0,0.01,12,x^2+vx^2 (x-energy),False
7.0,0.01,12,y^2+vy^2 (y-energy),False
7.0,0.01,12,x*y+vx*vy (cross term),False
7.0,0.01,12,x*vy-y*vx (ang. momentum),False
0.0,0.01,13,x^2+vx^2 (x-energy),False
0.0,0.01,13,y^2+vy^2 (y-energy),False
0.0,0.01,13,x*y+vx*vy (cross term),False
0.0,0.01,13,x*vy-y*vx (ang. momentum),False
1.0,0.01,13,x^2+vx^2 (x-energy),False
1.0,0.01,13,y^2+vy^2 (y-energy),False
1.0,0.01,13,x*y+vx*vy (cross term),False
1.0,0.01,13,x*vy-y*vx (ang. momentum),False
1.5,0.01,13,x^2+vx^2 (x-energy),False
1.5,0.01,13,y^2+vy^2 (y-energy),False
1.5,0.01,13,x*y+vx*vy (cross term),False
1.5,0.01,13,x*vy-y*vx (ang. momentum),False
2.0,0.01,13,x^2+vx^2 (x-energy),False
2.0,0.01,13,y^2+vy^2 (y-energy),False
2.0,0.01,13,x*y+vx*vy (cross term),False
2.0,0.01,13,x*vy-y*vx (ang. momentum),False
2.5,0.01,13,x^2+vx^2 (x-energy),False
2.5,0.01,13,y^2+vy^2 (y-energy),False
2.5,0.01,13,x*y+vx*vy (cross term),False
2.5,0.01,13,x*vy-y*vx (ang. momentum),False
3.0,0.01,13,x^2+vx^2 (x-energy),False
3.0,0.01,13,y^2+vy^2 (y-energy),False
3.0,0.01,13,x*y+vx*vy (cross term),False
3.0,0.01,13,x*vy-y*vx (ang. momentum),False
3.5,0.01,13,x^2+vx^2 (x-energy),False
3.5,0.01,13,y^2+vy^2 (y-energy),False
3.5,0.01,13,x*y+vx*vy (cross term),False
3.5,0.01,13,x*vy-y*vx (ang. momentum),False
4.0,0.01,13,x^2+vx^2 (x-energy),False
4.0,0.01,13,y^2+vy^2 (y-energy),False
4.0,0.01,13,x*y+vx*vy (cross term),False
4.0,0.01,13,x*vy-y*vx (ang. momentum),False
5.0,0.01,13,x^2+vx^2 (x-energy),False
5.0,0.01,13,y^2+vy^2 (y-energy),False
5.0,0.01,13,x*y+vx*vy (cross term),False
5.0,0.01,13,x*vy-y*vx (ang. momentum),False
7.0,0.01,13,x^2+vx^2 (x-energy),False
7.0,0.01,13,y^2+vy^2 (y-energy),False
7.0,0.01,13,x*y+vx*vy (cross term),False
7.0,0.01,13,x*vy-y*vx (ang. momentum),False
0.0,0.01,14,x^2+vx^2 (x-energy),False
0.0,0.01,14,y^2+vy^2 (y-energy),False
0.0,0.01,14,x*y+vx*vy (cross term),False
0.0,0.01,14,x*vy-y*vx (ang. momentum),False
1.0,0.01,14,x^2+vx^2 (x-energy),False
1.0,0.01,14,y^2+vy^2 (y-energy),False
1.0,0.01,14,x*y+vx*vy (cross term),False
1.0,0.01,14,x*vy-y*vx (ang. momentum),False
1.5,0.01,14,x^2+vx^2 (x-energy),False
1.5,0.01,14,y^2+vy^2 (y-energy),False
1.5,0.01,14,x*y+vx*vy (cross term),False
1.5,0.01,14,x*vy-y*vx (ang. momentum),False
2.0,0.01,14,x^2+vx^2 (x-energy),False
2.0,0.01,14,y^2+vy^2 (y-energy),False
2.0,0.01,14,x*y+vx*vy (cross term),False
2.0,0.01,14,x*vy-y*vx (ang. momentum),False
2.5,0.01,14,x^2+vx^2 (x-energy),False
2.5,0.01,14,y^2+vy^2 (y-energy),False
2.5,0.01,14,x*y+vx*vy (cross term),False
2.5,0.01,14,x*vy-y*vx (ang. momentum),False
3.0,0.01,14,x^2+vx^2 (x-energy),False
3.0,0.01,14,y^2+vy^2 (y-energy),False
3.0,0.01,14,x*y+vx*vy (cross term),False
3.0,0.01,14,x*vy-y*vx (ang. momentum),False
3.5,0.01,14,x^2+vx^2 (x-energy),False
3.5,0.01,14,y^2+vy^2 (y-energy),False
3.5,0.01,14,x*y+vx*vy (cross term),False
3.5,0.01,14,x*vy-y*vx (ang. momentum),False
4.0,0.01,14,x^2+vx^2 (x-energy),False
4.0,0.01,14,y^2+vy^2 (y-energy),False
4.0,0.01,14,x*y+vx*vy (cross term),False
4.0,0.01,14,x*vy-y*vx (ang. momentum),False
5.0,0.01,14,x^2+vx^2 (x-energy),False
5.0,0.01,14,y^2+vy^2 (y-energy),False
5.0,0.01,14,x*y+vx*vy (cross term),False
5.0,0.01,14,x*vy-y*vx (ang. momentum),False
7.0,0.01,14,x^2+vx^2 (x-energy),False
7.0,0.01,14,y^2+vy^2 (y-energy),False
7.0,0.01,14,x*y+vx*vy (cross term),False
7.0,0.01,14,x*vy-y*vx (ang. momentum),False
0.0,0.01,15,x^2+vx^2 (x-energy),False
0.0,0.01,15,y^2+vy^2 (y-energy),False
0.0,0.01,15,x*y+vx*vy (cross term),False
0.0,0.01,15,x*vy-y*vx (ang. momentum),False
1.0,0.01,15,x^2+vx^2 (x-energy),False
1.0,0.01,15,y^2+vy^2 (y-energy),False
1.0,0.01,15,x*y+vx*vy (cross term),False
1.0,0.01,15,x*vy-y*vx (ang. momentum),False
1.5,0.01,15,x^2+vx^2 (x-energy),False
1.5,0.01,15,y^2+vy^2 (y-energy),False
1.5,0.01,15,x*y+vx*vy (cross term),False
1.5,0.01,15,x*vy-y*vx (ang. momentum),False
2.0,0.01,15,x^2+vx^2 (x-energy),False
2.0,0.01,15,y^2+vy^2 (y-energy),False
2.0,0.01,15,x*y+vx*vy (cross term),False
2.0,0.01,15,x*vy-y*vx (ang. momentum),False
2.5,0.01,15,x^2+vx^2 (x-energy),False
2.5,0.01,15,y^2+vy^2 (y-energy),False
2.5,0.01,15,x*y+vx*vy (cross term),False
2.5,0.01,15,x*vy-y*vx (ang. momentum),False
3.0,0.01,15,x^2+vx^2 (x-energy),False
3.0,0.01,15,y^2+vy^2 (y-energy),False
3.0,0.01,15,x*y+vx*vy (cross term),False
3.0,0.01,15,x*vy-y*vx (ang. momentum),False
3.5,0.01,15,x^2+vx^2 (x-energy),False
3.5,0.01,15,y^2+vy^2 (y-energy),False
3.5,0.01,15,x*y+vx*vy (cross term),False
3.5,0.01,15,x*vy-y*vx (ang. momentum),False
4.0,0.01,15,x^2+vx^2 (x-energy),False
4.0,0.01,15,y^2+vy^2 (y-energy),False
4.0,0.01,15,x*y+vx*vy (cross term),False
4.0,0.01,15,x*vy-y*vx (ang. momentum),False
5.0,0.01,15,x^2+vx^2 (x-energy),False
5.0,0.01,15,y^2+vy^2 (y-energy),False
5.0,0.01,15,x*y+vx*vy (cross term),False
5.0,0.01,15,x*vy-y*vx (ang. momentum),False
7.0,0.01,15,x^2+vx^2 (x-energy),False
7.0,0.01,15,y^2+vy^2 (y-energy),False
7.0,0.01,15,x*y+vx*vy (cross term),False
7.0,0.01,15,x*vy-y*vx (ang. momentum),False
0.0,0.01,16,x^2+vx^2 (x-energy),False
0.0,0.01,16,y^2+vy^2 (y-energy),False
0.0,0.01,16,x*y+vx*vy (cross term),False
0.0,0.01,16,x*vy-y*vx (ang. momentum),False
1.0,0.01,16,x^2+vx^2 (x-energy),False
1.0,0.01,16,y^2+vy^2 (y-energy),False
1.0,0.01,16,x*y+vx*vy (cross term),False
1.0,0.01,16,x*vy-y*vx (ang. momentum),False
1.5,0.01,16,x^2+vx^2 (x-energy),False
1.5,0.01,16,y^2+vy^2 (y-energy),False
1.5,0.01,16,x*y+vx*vy (cross term),False
1.5,0.01,16,x*vy-y*vx (ang. momentum),False
2.0,0.01,16,x^2+vx^2 (x-energy),False
2.0,0.01,16,y^2+vy^2 (y-energy),False
2.0,0.01,16,x*y+vx*vy (cross term),False
2.0,0.01,16,x*vy-y*vx (ang. momentum),False
2.5,0.01,16,x^2+vx^2 (x-energy),False
2.5,0.01,16,y^2+vy^2 (y-energy),False
2.5,0.01,16,x*y+vx*vy (cross term),False
2.5,0.01,16,x*vy-y*vx (ang. momentum),False
3.0,0.01,16,x^2+vx^2 (x-energy),False
3.0,0.01,16,y^2+vy^2 (y-energy),False
3.0,0.01,16,x*y+vx*vy (cross term),False
3.0,0.01,16,x*vy-y*vx (ang. momentum),False
3.5,0.01,16,x^2+vx^2 (x-energy),False
3.5,0.01,16,y^2+vy^2 (y-energy),False
3.5,0.01,16,x*y+vx*vy (cross term),False
3.5,0.01,16,x*vy-y*vx (ang. momentum),False
4.0,0.01,16,x^2+vx^2 (x-energy),False
4.0,0.01,16,y^2+vy^2 (y-energy),False
4.0,0.01,16,x*y+vx*vy (cross term),False
4.0,0.01,16,x*vy-y*vx (ang. momentum),False
5.0,0.01,16,x^2+vx^2 (x-energy),False
5.0,0.01,16,y^2+vy^2 (y-energy),False
5.0,0.01,16,x*y+vx*vy (cross term),False
5.0,0.01,16,x*vy-y*vx (ang. momentum),False
7.0,0.01,16,x^2+vx^2 (x-energy),False
7.0,0.01,16,y^2+vy^2 (y-energy),False
7.0,0.01,16,x*y+vx*vy (cross term),False
7.0,0.01,16,x*vy-y*vx (ang. momentum),False
0.0,0.01,17,x^2+vx^2 (x-energy),False
0.0,0.01,17,y^2+vy^2 (y-energy),False
0.0,0.01,17,x*y+vx*vy (cross term),False
0.0,0.01,17,x*vy-y*vx (ang. momentum),False
1.0,0.01,17,x^2+vx^2 (x-energy),False
1.0,0.01,17,y^2+vy^2 (y-energy),False
1.0,0.01,17,x*y+vx*vy (cross term),False
1.0,0.01,17,x*vy-y*vx (ang. momentum),False
1.5,0.01,17,x^2+vx^2 (x-energy),False
1.5,0.01,17,y^2+vy^2 (y-energy),False
1.5,0.01,17,x*y+vx*vy (cross term),False
1.5,0.01,17,x*vy-y*vx (ang. momentum),False
2.0,0.01,17,x^2+vx^2 (x-energy),False
2.0,0.01,17,y^2+vy^2 (y-energy),False
2.0,0.01,17,x*y+vx*vy (cross term),False
2.0,0.01,17,x*vy-y*vx (ang. momentum),False
2.5,0.01,17,x^2+vx^2 (x-energy),False
2.5,0.01,17,y^2+vy^2 (y-energy),False
2.5,0.01,17,x*y+vx*vy (cross term),False
2.5,0.01,17,x*vy-y*vx (ang. momentum),False
3.0,0.01,17,x^2+vx^2 (x-energy),False
3.0,0.01,17,y^2+vy^2 (y-energy),False
3.0,0.01,17,x*y+vx*vy (cross term),False
3.0,0.01,17,x*vy-y*vx (ang. momentum),False
3.5,0.01,17,x^2+vx^2 (x-energy),False
3.5,0.01,17,y^2+vy^2 (y-energy),False
3.5,0.01,17,x*y+vx*vy (cross term),False
3.5,0.01,17,x*vy-y*vx (ang. momentum),False
4.0,0.01,17,x^2+vx^2 (x-energy),False
4.0,0.01,17,y^2+vy^2 (y-energy),False
4.0,0.01,17,x*y+vx*vy (cross term),False
4.0,0.01,17,x*vy-y*vx (ang. momentum),False
5.0,0.01,17,x^2+vx^2 (x-energy),False
5.0,0.01,17,y^2+vy^2 (y-energy),False
5.0,0.01,17,x*y+vx*vy (cross term),False
5.0,0.01,17,x*vy-y*vx (ang. momentum),False
7.0,0.01,17,x^2+vx^2 (x-energy),False
7.0,0.01,17,y^2+vy^2 (y-energy),False
7.0,0.01,17,x*y+vx*vy (cross term),False
7.0,0.01,17,x*vy-y*vx (ang. momentum),False
0.0,0.01,18,x^2+vx^2 (x-energy),False
0.0,0.01,18,y^2+vy^2 (y-energy),False
0.0,0.01,18,x*y+vx*vy (cross term),False
0.0,0.01,18,x*vy-y*vx (ang. momentum),False
1.0,0.01,18,x^2+vx^2 (x-energy),False
1.0,0.01,18,y^2+vy^2 (y-energy),False
1.0,0.01,18,x*y+vx*vy (cross term),False
1.0,0.01,18,x*vy-y*vx (ang. momentum),False
1.5,0.01,18,x^2+vx^2 (x-energy),False
1.5,0.01,18,y^2+vy^2 (y-energy),False
1.5,0.01,18,x*y+vx*vy (cross term),False
1.5,0.01,18,x*vy-y*vx (ang. momentum),False
2.0,0.01,18,x^2+vx^2 (x-energy),False
2.0,0.01,18,y^2+vy^2 (y-energy),False
2.0,0.01,18,x*y+vx*vy (cross term),False
2.0,0.01,18,x*vy-y*vx (ang. momentum),False
2.5,0.01,18,x^2+vx^2 (x-energy),False
2.5,0.01,18,y^2+vy^2 (y-energy),False
2.5,0.01,18,x*y+vx*vy (cross term),False
2.5,0.01,18,x*vy-y*vx (ang. momentum),False
3.0,0.01,18,x^2+vx^2 (x-energy),False
3.0,0.01,18,y^2+vy^2 (y-energy),False
3.0,0.01,18,x*y+vx*vy (cross term),False
3.0,0.01,18,x*vy-y*vx (ang. momentum),False
3.5,0.01,18,x^2+vx^2 (x-energy),False
3.5,0.01,18,y^2+vy^2 (y-energy),False
3.5,0.01,18,x*y+vx*vy (cross term),False
3.5,0.01,18,x*vy-y*vx (ang. momentum),False
4.0,0.01,18,x^2+vx^2 (x-energy),False
4.0,0.01,18,y^2+vy^2 (y-energy),False
4.0,0.01,18,x*y+vx*vy (cross term),False
4.0,0.01,18,x*vy-y*vx (ang. momentum),False
5.0,0.01,18,x^2+vx^2 (x-energy),False
5.0,0.01,18,y^2+vy^2 (y-energy),False
5.0,0.01,18,x*y+vx*vy (cross term),False
5.0,0.01,18,x*vy-y*vx (ang. momentum),False
7.0,0.01,18,x^2+vx^2 (x-energy),False
7.0,0.01,18,y^2+vy^2 (y-energy),False
7.0,0.01,18,x*y+vx*vy (cross term),False
7.0,0.01,18,x*vy-y*vx (ang. momentum),False
0.0,0.01,19,x^2+vx^2 (x-energy),False
0.0,0.01,19,y^2+vy^2 (y-energy),False
0.0,0.01,19,x*y+vx*vy (cross term),False
0.0,0.01,19,x*vy-y*vx (ang. momentum),False
1.0,0.01,19,x^2+vx^2 (x-energy),False
1.0,0.01,19,y^2+vy^2 (y-energy),False
1.0,0.01,19,x*y+vx*vy (cross term),False
1.0,0.01,19,x*vy-y*vx (ang. momentum),False
1.5,0.01,19,x^2+vx^2 (x-energy),False
1.5,0.01,19,y^2+vy^2 (y-energy),False
1.5,0.01,19,x*y+vx*vy (cross term),False
1.5,0.01,19,x*vy-y*vx (ang. momentum),False
2.0,0.01,19,x^2+vx^2 (x-energy),False
2.0,0.01,19,y^2+vy^2 (y-energy),False
2.0,0.01,19,x*y+vx*vy (cross term),False
2.0,0.01,19,x*vy-y*vx (ang. momentum),False
2.5,0.01,19,x^2+vx^2 (x-energy),False
2.5,0.01,19,y^2+vy^2 (y-energy),False
2.5,0.01,19,x*y+vx*vy (cross term),False
2.5,0.01,19,x*vy-y*vx (ang. momentum),False
3.0,0.01,19,x^2+vx^2 (x-energy),False
3.0,0.01,19,y^2+vy^2 (y-energy),False
3.0,0.01,19,x*y+vx*vy (cross term),False
3.0,0.01,19,x*vy-y*vx (ang. momentum),False
3.5,0.01,19,x^2+vx^2 (x-energy),False
3.5,0.01,19,y^2+vy^2 (y-energy),False
3.5,0.01,19,x*y+vx*vy (cross term),False
3.5,0.01,19,x*vy-y*vx (ang. momentum),False
4.0,0.01,19,x^2+vx^2 (x-energy),False
4.0,0.01,19,y^2+vy^2 (y-energy),False
4.0,0.01,19,x*y+vx*vy (cross term),False
4.0,0.01,19,x*vy-y*vx (ang. momentum),False
5.0,0.01,19,x^2+vx^2 (x-energy),False
5.0,0.01,19,y^2+vy^2 (y-energy),False
5.0,0.01,19,x*y+vx*vy (cross term),False
5.0,0.01,19,x*vy-y*vx (ang. momentum),False
7.0,0.01,19,x^2+vx^2 (x-energy),False
7.0,0.01,19,y^2+vy^2 (y-energy),False
7.0,0.01,19,x*y+vx*vy (cross term),False
7.0,0.01,19,x*vy-y*vx (ang. momentum),False
0.0,0.01,20,x^2+vx^2 (x-energy),False
0.0,0.01,20,y^2+vy^2 (y-energy),False
0.0,0.01,20,x*y+vx*vy (cross term),False
0.0,0.01,20,x*vy-y*vx (ang. momentum),False
1.0,0.01,20,x^2+vx^2 (x-energy),False
1.0,0.01,20,y^2+vy^2 (y-energy),False
1.0,0.01,20,x*y+vx*vy (cross term),False
1.0,0.01,20,x*vy-y*vx (ang. momentum),False
1.5,0.01,20,x^2+vx^2 (x-energy),False
1.5,0.01,20,y^2+vy^2 (y-energy),False
1.5,0.01,20,x*y+vx*vy (cross term),False
1.5,0.01,20,x*vy-y*vx (ang. momentum),False
2.0,0.01,20,x^2+vx^2 (x-energy),False
2.0,0.01,20,y^2+vy^2 (y-energy),False
2.0,0.01,20,x*y+vx*vy (cross term),False
2.0,0.01,20,x*vy-y*vx (ang. momentum),False
2.5,0.01,20,x^2+vx^2 (x-energy),False
2.5,0.01,20,y^2+vy^2 (y-energy),False
2.5,0.01,20,x*y+vx*vy (cross term),False
2.5,0.01,20,x*vy-y*vx (ang. momentum),False
3.0,0.01,20,x^2+vx^2 (x-energy),False
3.0,0.01,20,y^2+vy^2 (y-energy),False
3.0,0.01,20,x*y+vx*vy (cross term),False
3.0,0.01,20,x*vy-y*vx (ang. momentum),False
3.5,0.01,20,x^2+vx^2 (x-energy),False
3.5,0.01,20,y^2+vy^2 (y-energy),False
3.5,0.01,20,x*y+vx*vy (cross term),False
3.5,0.01,20,x*vy-y*vx (ang. momentum),False
4.0,0.01,20,x^2+vx^2 (x-energy),False
4.0,0.01,20,y^2+vy^2 (y-energy),False
4.0,0.01,20,x*y+vx*vy (cross term),False
4.0,0.01,20,x*vy-y*vx (ang. momentum),False
5.0,0.01,20,x^2+vx^2 (x-energy),False
5.0,0.01,20,y^2+vy^2 (y-energy),False
5.0,0.01,20,x*y+vx*vy (cross term),False
5.0,0.01,20,x*vy-y*vx (ang. momentum),False
7.0,0.01,20,x^2+vx^2 (x-energy),False
7.0,0.01,20,y^2+vy^2 (y-energy),False
7.0,0.01,20,x*y+vx*vy (cross term),False
7.0,0.01,20,x*vy-y*vx (ang. momentum),False
0.0,0.01,21,x^2+vx^2 (x-energy),False
0.0,0.01,21,y^2+vy^2 (y-energy),False
0.0,0.01,21,x*y+vx*vy (cross term),False
0.0,0.01,21,x*vy-y*vx (ang. momentum),False
1.0,0.01,21,x^2+vx^2 (x-energy),False
1.0,0.01,21,y^2+vy^2 (y-energy),False
1.0,0.01,21,x*y+vx*vy (cross term),False
1.0,0.01,21,x*vy-y*vx (ang. momentum),False
1.5,0.01,21,x^2+vx^2 (x-energy),False
1.5,0.01,21,y^2+vy^2 (y-energy),False
1.5,0.01,21,x*y+vx*vy (cross term),False
1.5,0.01,21,x*vy-y*vx (ang. momentum),False
2.0,0.01,21,x^2+vx^2 (x-energy),False
2.0,0.01,21,y^2+vy^2 (y-energy),False
2.0,0.01,21,x*y+vx*vy (cross term),False
2.0,0.01,21,x*vy-y*vx (ang. momentum),False
2.5,0.01,21,x^2+vx^2 (x-energy),False
2.5,0.01,21,y^2+vy^2 (y-energy),False
2.5,0.01,21,x*y+vx*vy (cross term),False
2.5,0.01,21,x*vy-y*vx (ang. momentum),False
3.0,0.01,21,x^2+vx^2 (x-energy),False
3.0,0.01,21,y^2+vy^2 (y-energy),False
3.0,0.01,21,x*y+vx*vy (cross term),False
3.0,0.01,21,x*vy-y*vx (ang. momentum),False
3.5,0.01,21,x^2+vx^2 (x-energy),False
3.5,0.01,21,y^2+vy^2 (y-energy),False
3.5,0.01,21,x*y+vx*vy (cross term),False
3.5,0.01,21,x*vy-y*vx (ang. momentum),False
4.0,0.01,21,x^2+vx^2 (x-energy),False
4.0,0.01,21,y^2+vy^2 (y-energy),False
4.0,0.01,21,x*y+vx*vy (cross term),False
4.0,0.01,21,x*vy-y*vx (ang. momentum),False
5.0,0.01,21,x^2+vx^2 (x-energy),False
5.0,0.01,21,y^2+vy^2 (y-energy),False
5.0,0.01,21,x*y+vx*vy (cross term),False
5.0,0.01,21,x*vy-y*vx (ang. momentum),False
7.0,0.01,21,x^2+vx^2 (x-energy),False
7.0,0.01,21,y^2+vy^2 (y-energy),False
7.0,0.01,21,x*y+vx*vy (cross term),False
7.0,0.01,21,x*vy-y*vx (ang. momentum),False
0.0,0.01,22,x^2+vx^2 (x-energy),False
0.0,0.01,22,y^2+vy^2 (y-energy),False
0.0,0.01,22,x*y+vx*vy (cross term),False
0.0,0.01,22,x*vy-y*vx (ang. momentum),False
1.0,0.01,22,x^2+vx^2 (x-energy),False
1.0,0.01,22,y^2+vy^2 (y-energy),False
1.0,0.01,22,x*y+vx*vy (cross term),False
1.0,0.01,22,x*vy-y*vx (ang. momentum),False
1.5,0.01,22,x^2+vx^2 (x-energy),False
1.5,0.01,22,y^2+vy^2 (y-energy),False
1.5,0.01,22,x*y+vx*vy (cross term),False
1.5,0.01,22,x*vy-y*vx (ang. momentum),False
2.0,0.01,22,x^2+vx^2 (x-energy),False
2.0,0.01,22,y^2+vy^2 (y-energy),False
2.0,0.01,22,x*y+vx*vy (cross term),False
2.0,0.01,22,x*vy-y*vx (ang. momentum),False
2.5,0.01,22,x^2+vx^2 (x-energy),False
2.5,0.01,22,y^2+vy^2 (y-energy),False
2.5,0.01,22,x*y+vx*vy (cross term),False
2.5,0.01,22,x*vy-y*vx (ang. momentum),False
3.0,0.01,22,x^2+vx^2 (x-energy),False
3.0,0.01,22,y^2+vy^2 (y-energy),False
3.0,0.01,22,x*y+vx*vy (cross term),False
3.0,0.01,22,x*vy-y*vx (ang. momentum),False
3.5,0.01,22,x^2+vx^2 (x-energy),False
3.5,0.01,22,y^2+vy^2 (y-energy),False
3.5,0.01,22,x*y+vx*vy (cross term),False
3.5,0.01,22,x*vy-y*vx (ang. momentum),False
4.0,0.01,22,x^2+vx^2 (x-energy),False
4.0,0.01,22,y^2+vy^2 (y-energy),False
4.0,0.01,22,x*y+vx*vy (cross term),False
4.0,0.01,22,x*vy-y*vx (ang. momentum),False
5.0,0.01,22,x^2+vx^2 (x-energy),False
5.0,0.01,22,y^2+vy^2 (y-energy),False
5.0,0.01,22,x*y+vx*vy (cross term),False
5.0,0.01,22,x*vy-y*vx (ang. momentum),False
7.0,0.01,22,x^2+vx^2 (x-energy),False
7.0,0.01,22,y^2+vy^2 (y-energy),False
7.0,0.01,22,x*y+vx*vy (cross term),False
7.0,0.01,22,x*vy-y*vx (ang. momentum),False
0.0,0.01,23,x^2+vx^2 (x-energy),False
0.0,0.01,23,y^2+vy^2 (y-energy),False
0.0,0.01,23,x*y+vx*vy (cross term),False
0.0,0.01,23,x*vy-y*vx (ang. momentum),False
1.0,0.01,23,x^2+vx^2 (x-energy),False
1.0,0.01,23,y^2+vy^2 (y-energy),False
1.0,0.01,23,x*y+vx*vy (cross term),False
1.0,0.01,23,x*vy-y*vx (ang. momentum),False
1.5,0.01,23,x^2+vx^2 (x-energy),False
1.5,0.01,23,y^2+vy^2 (y-energy),False
1.5,0.01,23,x*y+vx*vy (cross term),False
1.5,0.01,23,x*vy-y*vx (ang. momentum),False
2.0,0.01,23,x^2+vx^2 (x-energy),False
2.0,0.01,23,y^2+vy^2 (y-energy),False
2.0,0.01,23,x*y+vx*vy (cross term),False
2.0,0.01,23,x*vy-y*vx (ang. momentum),False
2.5,0.01,23,x^2+vx^2 (x-energy),False
2.5,0.01,23,y^2+vy^2 (y-energy),False
2.5,0.01,23,x*y+vx*vy (cross term),False
2.5,0.01,23,x*vy-y*vx (ang. momentum),False
3.0,0.01,23,x^2+vx^2 (x-energy),False
3.0,0.01,23,y^2+vy^2 (y-energy),False
3.0,0.01,23,x*y+vx*vy (cross term),False
3.0,0.01,23,x*vy-y*vx (ang. momentum),False
3.5,0.01,23,x^2+vx^2 (x-energy),False
3.5,0.01,23,y^2+vy^2 (y-energy),False
3.5,0.01,23,x*y+vx*vy (cross term),False
3.5,0.01,23,x*vy-y*vx (ang. momentum),False
4.0,0.01,23,x^2+vx^2 (x-energy),False
4.0,0.01,23,y^2+vy^2 (y-energy),False
4.0,0.01,23,x*y+vx*vy (cross term),False
4.0,0.01,23,x*vy-y*vx (ang. momentum),False
5.0,0.01,23,x^2+vx^2 (x-energy),False
5.0,0.01,23,y^2+vy^2 (y-energy),False
5.0,0.01,23,x*y+vx*vy (cross term),False
5.0,0.01,23,x*vy-y*vx (ang. momentum),False
7.0,0.01,23,x^2+vx^2 (x-energy),False
7.0,0.01,23,y^2+vy^2 (y-energy),False
7.0,0.01,23,x*y+vx*vy (cross term),False
7.0,0.01,23,x*vy-y*vx (ang. momentum),False
0.0,0.01,24,x^2+vx^2 (x-energy),False
0.0,0.01,24,y^2+vy^2 (y-energy),False
0.0,0.01,24,x*y+vx*vy (cross term),False
0.0,0.01,24,x*vy-y*vx (ang. momentum),False
1.0,0.01,24,x^2+vx^2 (x-energy),False
1.0,0.01,24,y^2+vy^2 (y-energy),False
1.0,0.01,24,x*y+vx*vy (cross term),False
1.0,0.01,24,x*vy-y*vx (ang. momentum),False
1.5,0.01,24,x^2+vx^2 (x-energy),False
1.5,0.01,24,y^2+vy^2 (y-energy),False
1.5,0.01,24,x*y+vx*vy (cross term),False
1.5,0.01,24,x*vy-y*vx (ang. momentum),False
2.0,0.01,24,x^2+vx^2 (x-energy),False
2.0,0.01,24,y^2+vy^2 (y-energy),False
2.0,0.01,24,x*y+vx*vy (cross term),False
2.0,0.01,24,x*vy-y*vx (ang. momentum),False
2.5,0.01,24,x^2+vx^2 (x-energy),False
2.5,0.01,24,y^2+vy^2 (y-energy),False
2.5,0.01,24,x*y+vx*vy (cross term),False
2.5,0.01,24,x*vy-y*vx (ang. momentum),False
3.0,0.01,24,x^2+vx^2 (x-energy),False
3.0,0.01,24,y^2+vy^2 (y-energy),False
3.0,0.01,24,x*y+vx*vy (cross term),False
3.0,0.01,24,x*vy-y*vx (ang. momentum),False
3.5,0.01,24,x^2+vx^2 (x-energy),False
3.5,0.01,24,y^2+vy^2 (y-energy),False
3.5,0.01,24,x*y+vx*vy (cross term),False
3.5,0.01,24,x*vy-y*vx (ang. momentum),False
4.0,0.01,24,x^2+vx^2 (x-energy),False
4.0,0.01,24,y^2+vy^2 (y-energy),False
4.0,0.01,24,x*y+vx*vy (cross term),False
4.0,0.01,24,x*vy-y*vx (ang. momentum),False
5.0,0.01,24,x^2+vx^2 (x-energy),False
5.0,0.01,24,y^2+vy^2 (y-energy),False
5.0,0.01,24,x*y+vx*vy (cross term),False
5.0,0.01,24,x*vy-y*vx (ang. momentum),False
7.0,0.01,24,x^2+vx^2 (x-energy),False
7.0,0.01,24,y^2+vy^2 (y-energy),False
7.0,0.01,24,x*y+vx*vy (cross term),False
7.0,0.01,24,x*vy-y*vx (ang. momentum),False
0.0,0.01,25,x^2+vx^2 (x-energy),False
0.0,0.01,25,y^2+vy^2 (y-energy),False
0.0,0.01,25,x*y+vx*vy (cross term),False
0.0,0.01,25,x*vy-y*vx (ang. momentum),False
1.0,0.01,25,x^2+vx^2 (x-energy),False
1.0,0.01,25,y^2+vy^2 (y-energy),False
1.0,0.01,25,x*y+vx*vy (cross term),False
1.0,0.01,25,x*vy-y*vx (ang. momentum),False
1.5,0.01,25,x^2+vx^2 (x-energy),False
1.5,0.01,25,y^2+vy^2 (y-energy),False
1.5,0.01,25,x*y+vx*vy (cross term),False
1.5,0.01,25,x*vy-y*vx (ang. momentum),False
2.0,0.01,25,x^2+vx^2 (x-energy),False
2.0,0.01,25,y^2+vy^2 (y-energy),False
2.0,0.01,25,x*y+vx*vy (cross term),False
2.0,0.01,25,x*vy-y*vx (ang. momentum),False
2.5,0.01,25,x^2+vx^2 (x-energy),False
2.5,0.01,25,y^2+vy^2 (y-energy),False
2.5,0.01,25,x*y+vx*vy (cross term),False
2.5,0.01,25,x*vy-y*vx (ang. momentum),False
3.0,0.01,25,x^2+vx^2 (x-energy),False
3.0,0.01,25,y^2+vy^2 (y-energy),False
3.0,0.01,25,x*y+vx*vy (cross term),False
3.0,0.01,25,x*vy-y*vx (ang. momentum),False
3.5,0.01,25,x^2+vx^2 (x-energy),False
3.5,0.01,25,y^2+vy^2 (y-energy),False
3.5,0.01,25,x*y+vx*vy (cross term),False
3.5,0.01,25,x*vy-y*vx (ang. momentum),False
4.0,0.01,25,x^2+vx^2 (x-energy),False
4.0,0.01,25,y^2+vy^2 (y-energy),False
4.0,0.01,25,x*y+vx*vy (cross term),False
4.0,0.01,25,x*vy-y*vx (ang. momentum),False
5.0,0.01,25,x^2+vx^2 (x-energy),False
5.0,0.01,25,y^2+vy^2 (y-energy),False
5.0,0.01,25,x*y+vx*vy (cross term),False
5.0,0.01,25,x*vy-y*vx (ang. momentum),False
7.0,0.01,25,x^2+vx^2 (x-energy),False
7.0,0.01,25,y^2+vy^2 (y-energy),False
7.0,0.01,25,x*y+vx*vy (cross term),False
7.0,0.01,25,x*vy-y*vx (ang. momentum),False
0.0,0.01,26,x^2+vx^2 (x-energy),False
0.0,0.01,26,y^2+vy^2 (y-energy),False
0.0,0.01,26,x*y+vx*vy (cross term),False
0.0,0.01,26,x*vy-y*vx (ang. momentum),False
1.0,0.01,26,x^2+vx^2 (x-energy),False
1.0,0.01,26,y^2+vy^2 (y-energy),False
1.0,0.01,26,x*y+vx*vy (cross term),False
1.0,0.01,26,x*vy-y*vx (ang. momentum),False
1.5,0.01,26,x^2+vx^2 (x-energy),False
1.5,0.01,26,y^2+vy^2 (y-energy),False
1.5,0.01,26,x*y+vx*vy (cross term),False
1.5,0.01,26,x*vy-y*vx (ang. momentum),False
2.0,0.01,26,x^2+vx^2 (x-energy),False
2.0,0.01,26,y^2+vy^2 (y-energy),False
2.0,0.01,26,x*y+vx*vy (cross term),False
2.0,0.01,26,x*vy-y*vx (ang. momentum),False
2.5,0.01,26,x^2+vx^2 (x-energy),False
2.5,0.01,26,y^2+vy^2 (y-energy),False
2.5,0.01,26,x*y+vx*vy (cross term),False
2.5,0.01,26,x*vy-y*vx (ang. momentum),False
3.0,0.01,26,x^2+vx^2 (x-energy),False
3.0,0.01,26,y^2+vy^2 (y-energy),False
3.0,0.01,26,x*y+vx*vy (cross term),False
3.0,0.01,26,x*vy-y*vx (ang. momentum),False
3.5,0.01,26,x^2+vx^2 (x-energy),False
3.5,0.01,26,y^2+vy^2 (y-energy),False
3.5,0.01,26,x*y+vx*vy (cross term),False
3.5,0.01,26,x*vy-y*vx (ang. momentum),False
4.0,0.01,26,x^2+vx^2 (x-energy),False
4.0,0.01,26,y^2+vy^2 (y-energy),False
4.0,0.01,26,x*y+vx*vy (cross term),False
4.0,0.01,26,x*vy-y*vx (ang. momentum),False
5.0,0.01,26,x^2+vx^2 (x-energy),False
5.0,0.01,26,y^2+vy^2 (y-energy),False
5.0,0.01,26,x*y+vx*vy (cross term),False
5.0,0.01,26,x*vy-y*vx (ang. momentum),False
7.0,0.01,26,x^2+vx^2 (x-energy),False
7.0,0.01,26,y^2+vy^2 (y-energy),False
7.0,0.01,26,x*y+vx*vy (cross term),False
7.0,0.01,26,x*vy-y*vx (ang. momentum),False
0.0,0.01,27,x^2+vx^2 (x-energy),False
0.0,0.01,27,y^2+vy^2 (y-energy),False
0.0,0.01,27,x*y+vx*vy (cross term),False
0.0,0.01,27,x*vy-y*vx (ang. momentum),False
1.0,0.01,27,x^2+vx^2 (x-energy),False
1.0,0.01,27,y^2+vy^2 (y-energy),False
1.0,0.01,27,x*y+vx*vy (cross term),False
1.0,0.01,27,x*vy-y*vx (ang. momentum),False
1.5,0.01,27,x^2+vx^2 (x-energy),False
1.5,0.01,27,y^2+vy^2 (y-energy),False
1.5,0.01,27,x*y+vx*vy (cross term),False
1.5,0.01,27,x*vy-y*vx (ang. momentum),False
2.0,0.01,27,x^2+vx^2 (x-energy),False
2.0,0.01,27,y^2+vy^2 (y-energy),False
2.0,0.01,27,x*y+vx*vy (cross term),False
2.0,0.01,27,x*vy-y*vx (ang. momentum),False
2.5,0.01,27,x^2+vx^2 (x-energy),False
2.5,0.01,27,y^2+vy^2 (y-energy),False
2.5,0.01,27,x*y+vx*vy (cross term),False
2.5,0.01,27,x*vy-y*vx (ang. momentum),False
3.0,0.01,27,x^2+vx^2 (x-energy),False
3.0,0.01,27,y^2+vy^2 (y-energy),False
3.0,0.01,27,x*y+vx*vy (cross term),False
3.0,0.01,27,x*vy-y*vx (ang. momentum),False
3.5,0.01,27,x^2+vx^2 (x-energy),False
3.5,0.01,27,y^2+vy^2 (y-energy),False
3.5,0.01,27,x*y+vx*vy (cross term),False
3.5,0.01,27,x*vy-y*vx (ang. momentum),False
4.0,0.01,27,x^2+vx^2 (x-energy),False
4.0,0.01,27,y^2+vy^2 (y-energy),False
4.0,0.01,27,x*y+vx*vy (cross term),False
4.0,0.01,27,x*vy-y*vx (ang. momentum),False
5.0,0.01,27,x^2+vx^2 (x-energy),False
5.0,0.01,27,y^2+vy^2 (y-energy),False
5.0,0.01,27,x*y+vx*vy (cross term),False
5.0,0.01,27,x*vy-y*vx (ang. momentum),False
7.0,0.01,27,x^2+vx^2 (x-energy),False
7.0,0.01,27,y^2+vy^2 (y-energy),False
7.0,0.01,27,x*y+vx*vy (cross term),False
7.0,0.01,27,x*vy-y*vx (ang. momentum),False
0.0,0.01,28,x^2+vx^2 (x-energy),False
0.0,0.01,28,y^2+vy^2 (y-energy),False
0.0,0.01,28,x*y+vx*vy (cross term),False
0.0,0.01,28,x*vy-y*vx (ang. momentum),False
1.0,0.01,28,x^2+vx^2 (x-energy),False
1.0,0.01,28,y^2+vy^2 (y-energy),False
1.0,0.01,28,x*y+vx*vy (cross term),False
1.0,0.01,28,x*vy-y*vx (ang. momentum),False
1.5,0.01,28,x^2+vx^2 (x-energy),False
1.5,0.01,28,y^2+vy^2 (y-energy),False
1.5,0.01,28,x*y+vx*vy (cross term),False
1.5,0.01,28,x*vy-y*vx (ang. momentum),False
2.0,0.01,28,x^2+vx^2 (x-energy),False
2.0,0.01,28,y^2+vy^2 (y-energy),False
2.0,0.01,28,x*y+vx*vy (cross term),False
2.0,0.01,28,x*vy-y*vx (ang. momentum),False
2.5,0.01,28,x^2+vx^2 (x-energy),False
2.5,0.01,28,y^2+vy^2 (y-energy),False
2.5,0.01,28,x*y+vx*vy (cross term),False
2.5,0.01,28,x*vy-y*vx (ang. momentum),False
3.0,0.01,28,x^2+vx^2 (x-energy),False
3.0,0.01,28,y^2+vy^2 (y-energy),False
3.0,0.01,28,x*y+vx*vy (cross term),False
3.0,0.01,28,x*vy-y*vx (ang. momentum),False
3.5,0.01,28,x^2+vx^2 (x-energy),False
3.5,0.01,28,y^2+vy^2 (y-energy),False
3.5,0.01,28,x*y+vx*vy (cross term),False
3.5,0.01,28,x*vy-y*vx (ang. momentum),False
4.0,0.01,28,x^2+vx^2 (x-energy),False
4.0,0.01,28,y^2+vy^2 (y-energy),False
4.0,0.01,28,x*y+vx*vy (cross term),False
4.0,0.01,28,x*vy-y*vx (ang. momentum),False
5.0,0.01,28,x^2+vx^2 (x-energy),False
5.0,0.01,28,y^2+vy^2 (y-energy),False
5.0,0.01,28,x*y+vx*vy (cross term),False
5.0,0.01,28,x*vy-y*vx (ang. momentum),False
7.0,0.01,28,x^2+vx^2 (x-energy),False
7.0,0.01,28,y^2+vy^2 (y-energy),False
7.0,0.01,28,x*y+vx*vy (cross term),False
7.0,0.01,28,x*vy-y*vx (ang. momentum),False
0.0,0.01,29,x^2+vx^2 (x-energy),False
0.0,0.01,29,y^2+vy^2 (y-energy),False
0.0,0.01,29,x*y+vx*vy (cross term),False
0.0,0.01,29,x*vy-y*vx (ang. momentum),False
1.0,0.01,29,x^2+vx^2 (x-energy),False
1.0,0.01,29,y^2+vy^2 (y-energy),False
1.0,0.01,29,x*y+vx*vy (cross term),False
1.0,0.01,29,x*vy-y*vx (ang. momentum),False
1.5,0.01,29,x^2+vx^2 (x-energy),False
1.5,0.01,29,y^2+vy^2 (y-energy),False
1.5,0.01,29,x*y+vx*vy (cross term),False
1.5,0.01,29,x*vy-y*vx (ang. momentum),False
2.0,0.01,29,x^2+vx^2 (x-energy),False
2.0,0.01,29,y^2+vy^2 (y-energy),False
2.0,0.01,29,x*y+vx*vy (cross term),False
2.0,0.01,29,x*vy-y*vx (ang. momentum),False
2.5,0.01,29,x^2+vx^2 (x-energy),False
2.5,0.01,29,y^2+vy^2 (y-energy),False
2.5,0.01,29,x*y+vx*vy (cross term),False
2.5,0.01,29,x*vy-y*vx (ang. momentum),False
3.0,0.01,29,x^2+vx^2 (x-energy),False
3.0,0.01,29,y^2+vy^2 (y-energy),False
3.0,0.01,29,x*y+vx*vy (cross term),False
3.0,0.01,29,x*vy-y*vx (ang. momentum),False
3.5,0.01,29,x^2+vx^2 (x-energy),False
3.5,0.01,29,y^2+vy^2 (y-energy),False
3.5,0.01,29,x*y+vx*vy (cross term),False
3.5,0.01,29,x*vy-y*vx (ang. momentum),False
4.0,0.01,29,x^2+vx^2 (x-energy),False
4.0,0.01,29,y^2+vy^2 (y-energy),False
4.0,0.01,29,x*y+vx*vy (cross term),False
4.0,0.01,29,x*vy-y*vx (ang. momentum),False
5.0,0.01,29,x^2+vx^2 (x-energy),False
5.0,0.01,29,y^2+vy^2 (y-energy),False
5.0,0.01,29,x*y+vx*vy (cross term),False
5.0,0.01,29,x*vy-y*vx (ang. momentum),False
7.0,0.01,29,x^2+vx^2 (x-energy),False
7.0,0.01,29,y^2+vy^2 (y-energy),False
7.0,0.01,29,x*y+vx*vy (cross term),False
7.0,0.01,29,x*vy-y*vx (ang. momentum),False
0.0,0.02,0,x^2+vx^2 (x-energy),False
0.0,0.02,0,y^2+vy^2 (y-energy),False
0.0,0.02,0,x*y+vx*vy (cross term),False
0.0,0.02,0,x*vy-y*vx (ang. momentum),False
1.0,0.02,0,x^2+vx^2 (x-energy),False
1.0,0.02,0,y^2+vy^2 (y-energy),False
1.0,0.02,0,x*y+vx*vy (cross term),False
1.0,0.02,0,x*vy-y*vx (ang. momentum),False
1.5,0.02,0,x^2+vx^2 (x-energy),False
1.5,0.02,0,y^2+vy^2 (y-energy),False
1.5,0.02,0,x*y+vx*vy (cross term),False
1.5,0.02,0,x*vy-y*vx (ang. momentum),False
2.0,0.02,0,x^2+vx^2 (x-energy),False
2.0,0.02,0,y^2+vy^2 (y-energy),False
2.0,0.02,0,x*y+vx*vy (cross term),False
2.0,0.02,0,x*vy-y*vx (ang. momentum),False
2.5,0.02,0,x^2+vx^2 (x-energy),False
2.5,0.02,0,y^2+vy^2 (y-energy),False
2.5,0.02,0,x*y+vx*vy (cross term),False
2.5,0.02,0,x*vy-y*vx (ang. momentum),False
3.0,0.02,0,x^2+vx^2 (x-energy),False
3.0,0.02,0,y^2+vy^2 (y-energy),False
3.0,0.02,0,x*y+vx*vy (cross term),False
3.0,0.02,0,x*vy-y*vx (ang. momentum),False
3.5,0.02,0,x^2+vx^2 (x-energy),False
3.5,0.02,0,y^2+vy^2 (y-energy),False
3.5,0.02,0,x*y+vx*vy (cross term),False
3.5,0.02,0,x*vy-y*vx (ang. momentum),False
4.0,0.02,0,x^2+vx^2 (x-energy),False
4.0,0.02,0,y^2+vy^2 (y-energy),False
4.0,0.02,0,x*y+vx*vy (cross term),False
4.0,0.02,0,x*vy-y*vx (ang. momentum),False
5.0,0.02,0,x^2+vx^2 (x-energy),False
5.0,0.02,0,y^2+vy^2 (y-energy),False
5.0,0.02,0,x*y+vx*vy (cross term),False
5.0,0.02,0,x*vy-y*vx (ang. momentum),False
7.0,0.02,0,x^2+vx^2 (x-energy),False
7.0,0.02,0,y^2+vy^2 (y-energy),False
7.0,0.02,0,x*y+vx*vy (cross term),False
7.0,0.02,0,x*vy-y*vx (ang. momentum),False
0.0,0.02,1,x^2+vx^2 (x-energy),False
0.0,0.02,1,y^2+vy^2 (y-energy),False
0.0,0.02,1,x*y+vx*vy (cross term),False
0.0,0.02,1,x*vy-y*vx (ang. momentum),False
1.0,0.02,1,x^2+vx^2 (x-energy),False
1.0,0.02,1,y^2+vy^2 (y-energy),False
1.0,0.02,1,x*y+vx*vy (cross term),False
1.0,0.02,1,x*vy-y*vx (ang. momentum),False
1.5,0.02,1,x^2+vx^2 (x-energy),False
1.5,0.02,1,y^2+vy^2 (y-energy),False
1.5,0.02,1,x*y+vx*vy (cross term),False
1.5,0.02,1,x*vy-y*vx (ang. momentum),False
2.0,0.02,1,x^2+vx^2 (x-energy),False
2.0,0.02,1,y^2+vy^2 (y-energy),False
2.0,0.02,1,x*y+vx*vy (cross term),False
2.0,0.02,1,x*vy-y*vx (ang. momentum),False
2.5,0.02,1,x^2+vx^2 (x-energy),False
2.5,0.02,1,y^2+vy^2 (y-energy),False
2.5,0.02,1,x*y+vx*vy (cross term),False
2.5,0.02,1,x*vy-y*vx (ang. momentum),False
3.0,0.02,1,x^2+vx^2 (x-energy),False
3.0,0.02,1,y^2+vy^2 (y-energy),False
3.0,0.02,1,x*y+vx*vy (cross term),False
3.0,0.02,1,x*vy-y*vx (ang. momentum),False
3.5,0.02,1,x^2+vx^2 (x-energy),False
3.5,0.02,1,y^2+vy^2 (y-energy),False
3.5,0.02,1,x*y+vx*vy (cross term),False
3.5,0.02,1,x*vy-y*vx (ang. momentum),False
4.0,0.02,1,x^2+vx^2 (x-energy),False
4.0,0.02,1,y^2+vy^2 (y-energy),False
4.0,0.02,1,x*y+vx*vy (cross term),False
4.0,0.02,1,x*vy-y*vx (ang. momentum),False
5.0,0.02,1,x^2+vx^2 (x-energy),False
5.0,0.02,1,y^2+vy^2 (y-energy),False
5.0,0.02,1,x*y+vx*vy (cross term),False
5.0,0.02,1,x*vy-y*vx (ang. momentum),False
7.0,0.02,1,x^2+vx^2 (x-energy),False
7.0,0.02,1,y^2+vy^2 (y-energy),False
7.0,0.02,1,x*y+vx*vy (cross term),False
7.0,0.02,1,x*vy-y*vx (ang. momentum),False
0.0,0.02,2,x^2+vx^2 (x-energy),False
0.0,0.02,2,y^2+vy^2 (y-energy),False
0.0,0.02,2,x*y+vx*vy (cross term),False
0.0,0.02,2,x*vy-y*vx (ang. momentum),False
1.0,0.02,2,x^2+vx^2 (x-energy),False
1.0,0.02,2,y^2+vy^2 (y-energy),False
1.0,0.02,2,x*y+vx*vy (cross term),False
1.0,0.02,2,x*vy-y*vx (ang. momentum),False
1.5,0.02,2,x^2+vx^2 (x-energy),False
1.5,0.02,2,y^2+vy^2 (y-energy),False
1.5,0.02,2,x*y+vx*vy (cross term),False
1.5,0.02,2,x*vy-y*vx (ang. momentum),False
2.0,0.02,2,x^2+vx^2 (x-energy),False
2.0,0.02,2,y^2+vy^2 (y-energy),False
2.0,0.02,2,x*y+vx*vy (cross term),False
2.0,0.02,2,x*vy-y*vx (ang. momentum),False
2.5,0.02,2,x^2+vx^2 (x-energy),False
2.5,0.02,2,y^2+vy^2 (y-energy),False
2.5,0.02,2,x*y+vx*vy (cross term),False
2.5,0.02,2,x*vy-y*vx (ang. momentum),False
3.0,0.02,2,x^2+vx^2 (x-energy),False
3.0,0.02,2,y^2+vy^2 (y-energy),False
3.0,0.02,2,x*y+vx*vy (cross term),False
3.0,0.02,2,x*vy-y*vx (ang. momentum),False
3.5,0.02,2,x^2+vx^2 (x-energy),False
3.5,0.02,2,y^2+vy^2 (y-energy),False
3.5,0.02,2,x*y+vx*vy (cross term),False
3.5,0.02,2,x*vy-y*vx (ang. momentum),False
4.0,0.02,2,x^2+vx^2 (x-energy),False
4.0,0.02,2,y^2+vy^2 (y-energy),False
4.0,0.02,2,x*y+vx*vy (cross term),False
4.0,0.02,2,x*vy-y*vx (ang. momentum),False
5.0,0.02,2,x^2+vx^2 (x-energy),False
5.0,0.02,2,y^2+vy^2 (y-energy),False
5.0,0.02,2,x*y+vx*vy (cross term),False
5.0,0.02,2,x*vy-y*vx (ang. momentum),False
7.0,0.02,2,x^2+vx^2 (x-energy),False
7.0,0.02,2,y^2+vy^2 (y-energy),False
7.0,0.02,2,x*y+vx*vy (cross term),False
7.0,0.02,2,x*vy-y*vx (ang. momentum),False
0.0,0.02,3,x^2+vx^2 (x-energy),False
0.0,0.02,3,y^2+vy^2 (y-energy),False
0.0,0.02,3,x*y+vx*vy (cross term),False
0.0,0.02,3,x*vy-y*vx (ang. momentum),False
1.0,0.02,3,x^2+vx^2 (x-energy),False
1.0,0.02,3,y^2+vy^2 (y-energy),False
1.0,0.02,3,x*y+vx*vy (cross term),False
1.0,0.02,3,x*vy-y*vx (ang. momentum),False
1.5,0.02,3,x^2+vx^2 (x-energy),False
1.5,0.02,3,y^2+vy^2 (y-energy),False
1.5,0.02,3,x*y+vx*vy (cross term),False
1.5,0.02,3,x*vy-y*vx (ang. momentum),False
2.0,0.02,3,x^2+vx^2 (x-energy),False
2.0,0.02,3,y^2+vy^2 (y-energy),False
2.0,0.02,3,x*y+vx*vy (cross term),False
2.0,0.02,3,x*vy-y*vx (ang. momentum),False
2.5,0.02,3,x^2+vx^2 (x-energy),False
2.5,0.02,3,y^2+vy^2 (y-energy),False
2.5,0.02,3,x*y+vx*vy (cross term),False
2.5,0.02,3,x*vy-y*vx (ang. momentum),False
3.0,0.02,3,x^2+vx^2 (x-energy),False
3.0,0.02,3,y^2+vy^2 (y-energy),False
3.0,0.02,3,x*y+vx*vy (cross term),False
3.0,0.02,3,x*vy-y*vx (ang. momentum),False
3.5,0.02,3,x^2+vx^2 (x-energy),False
3.5,0.02,3,y^2+vy^2 (y-energy),False
3.5,0.02,3,x*y+vx*vy (cross term),False
3.5,0.02,3,x*vy-y*vx (ang. momentum),False
4.0,0.02,3,x^2+vx^2 (x-energy),False
4.0,0.02,3,y^2+vy^2 (y-energy),False
4.0,0.02,3,x*y+vx*vy (cross term),False
4.0,0.02,3,x*vy-y*vx (ang. momentum),False
5.0,0.02,3,x^2+vx^2 (x-energy),False
5.0,0.02,3,y^2+vy^2 (y-energy),False
5.0,0.02,3,x*y+vx*vy (cross term),False
5.0,0.02,3,x*vy-y*vx (ang. momentum),False
7.0,0.02,3,x^2+vx^2 (x-energy),False
7.0,0.02,3,y^2+vy^2 (y-energy),False
7.0,0.02,3,x*y+vx*vy (cross term),False
7.0,0.02,3,x*vy-y*vx (ang. momentum),False
0.0,0.02,4,x^2+vx^2 (x-energy),False
0.0,0.02,4,y^2+vy^2 (y-energy),False
0.0,0.02,4,x*y+vx*vy (cross term),False
0.0,0.02,4,x*vy-y*vx (ang. momentum),False
1.0,0.02,4,x^2+vx^2 (x-energy),False
1.0,0.02,4,y^2+vy^2 (y-energy),False
1.0,0.02,4,x*y+vx*vy (cross term),False
1.0,0.02,4,x*vy-y*vx (ang. momentum),False
1.5,0.02,4,x^2+vx^2 (x-energy),False
1.5,0.02,4,y^2+vy^2 (y-energy),False
1.5,0.02,4,x*y+vx*vy (cross term),False
1.5,0.02,4,x*vy-y*vx (ang. momentum),False
2.0,0.02,4,x^2+vx^2 (x-energy),False
2.0,0.02,4,y^2+vy^2 (y-energy),False
2.0,0.02,4,x*y+vx*vy (cross term),False
2.0,0.02,4,x*vy-y*vx (ang. momentum),False
2.5,0.02,4,x^2+vx^2 (x-energy),False
2.5,0.02,4,y^2+vy^2 (y-energy),False
2.5,0.02,4,x*y+vx*vy (cross term),False
2.5,0.02,4,x*vy-y*vx (ang. momentum),False
3.0,0.02,4,x^2+vx^2 (x-energy),False
3.0,0.02,4,y^2+vy^2 (y-energy),False
3.0,0.02,4,x*y+vx*vy (cross term),False
3.0,0.02,4,x*vy-y*vx (ang. momentum),False
3.5,0.02,4,x^2+vx^2 (x-energy),False
3.5,0.02,4,y^2+vy^2 (y-energy),False
3.5,0.02,4,x*y+vx*vy (cross term),False
3.5,0.02,4,x*vy-y*vx (ang. momentum),False
4.0,0.02,4,x^2+vx^2 (x-energy),False
4.0,0.02,4,y^2+vy^2 (y-energy),False
4.0,0.02,4,x*y+vx*vy (cross term),False
4.0,0.02,4,x*vy-y*vx (ang. momentum),False
5.0,0.02,4,x^2+vx^2 (x-energy),False
5.0,0.02,4,y^2+vy^2 (y-energy),False
5.0,0.02,4,x*y+vx*vy (cross term),False
5.0,0.02,4,x*vy-y*vx (ang. momentum),False
7.0,0.02,4,x^2+vx^2 (x-energy),False
7.0,0.02,4,y^2+vy^2 (y-energy),False
7.0,0.02,4,x*y+vx*vy (cross term),False
7.0,0.02,4,x*vy-y*vx (ang. momentum),False
0.0,0.02,5,x^2+vx^2 (x-energy),False
0.0,0.02,5,y^2+vy^2 (y-energy),False
0.0,0.02,5,x*y+vx*vy (cross term),False
0.0,0.02,5,x*vy-y*vx (ang. momentum),False
1.0,0.02,5,x^2+vx^2 (x-energy),False
1.0,0.02,5,y^2+vy^2 (y-energy),False
1.0,0.02,5,x*y+vx*vy (cross term),False
1.0,0.02,5,x*vy-y*vx (ang. momentum),False
1.5,0.02,5,x^2+vx^2 (x-energy),False
1.5,0.02,5,y^2+vy^2 (y-energy),False
1.5,0.02,5,x*y+vx*vy (cross term),False
1.5,0.02,5,x*vy-y*vx (ang. momentum),False
2.0,0.02,5,x^2+vx^2 (x-energy),False
2.0,0.02,5,y^2+vy^2 (y-energy),False
2.0,0.02,5,x*y+vx*vy (cross term),False
2.0,0.02,5,x*vy-y*vx (ang. momentum),False
2.5,0.02,5,x^2+vx^2 (x-energy),False
2.5,0.02,5,y^2+vy^2 (y-energy),False
2.5,0.02,5,x*y+vx*vy (cross term),False
2.5,0.02,5,x*vy-y*vx (ang. momentum),False
3.0,0.02,5,x^2+vx^2 (x-energy),False
3.0,0.02,5,y^2+vy^2 (y-energy),False
3.0,0.02,5,x*y+vx*vy (cross term),False
3.0,0.02,5,x*vy-y*vx (ang. momentum),False
3.5,0.02,5,x^2+vx^2 (x-energy),False
3.5,0.02,5,y^2+vy^2 (y-energy),False
3.5,0.02,5,x*y+vx*vy (cross term),False
3.5,0.02,5,x*vy-y*vx (ang. momentum),False
4.0,0.02,5,x^2+vx^2 (x-energy),False
4.0,0.02,5,y^2+vy^2 (y-energy),False
4.0,0.02,5,x*y+vx*vy (cross term),False
4.0,0.02,5,x*vy-y*vx (ang. momentum),False
5.0,0.02,5,x^2+vx^2 (x-energy),False
5.0,0.02,5,y^2+vy^2 (y-energy),False
5.0,0.02,5,x*y+vx*vy (cross term),False
5.0,0.02,5,x*vy-y*vx (ang. momentum),False
7.0,0.02,5,x^2+vx^2 (x-energy),False
7.0,0.02,5,y^2+vy^2 (y-energy),False
7.0,0.02,5,x*y+vx*vy (cross term),False
7.0,0.02,5,x*vy-y*vx (ang. momentum),False
0.0,0.02,6,x^2+vx^2 (x-energy),False
0.0,0.02,6,y^2+vy^2 (y-energy),False
0.0,0.02,6,x*y+vx*vy (cross term),False
0.0,0.02,6,x*vy-y*vx (ang. momentum),False
1.0,0.02,6,x^2+vx^2 (x-energy),False
1.0,0.02,6,y^2+vy^2 (y-energy),False
1.0,0.02,6,x*y+vx*vy (cross term),False
1.0,0.02,6,x*vy-y*vx (ang. momentum),False
1.5,0.02,6,x^2+vx^2 (x-energy),False
1.5,0.02,6,y^2+vy^2 (y-energy),False
1.5,0.02,6,x*y+vx*vy (cross term),False
1.5,0.02,6,x*vy-y*vx (ang. momentum),False
2.0,0.02,6,x^2+vx^2 (x-energy),False
2.0,0.02,6,y^2+vy^2 (y-energy),False
2.0,0.02,6,x*y+vx*vy (cross term),False
2.0,0.02,6,x*vy-y*vx (ang. momentum),False
2.5,0.02,6,x^2+vx^2 (x-energy),False
2.5,0.02,6,y^2+vy^2 (y-energy),False
2.5,0.02,6,x*y+vx*vy (cross term),False
2.5,0.02,6,x*vy-y*vx (ang. momentum),False
3.0,0.02,6,x^2+vx^2 (x-energy),False
3.0,0.02,6,y^2+vy^2 (y-energy),False
3.0,0.02,6,x*y+vx*vy (cross term),False
3.0,0.02,6,x*vy-y*vx (ang. momentum),False
3.5,0.02,6,x^2+vx^2 (x-energy),False
3.5,0.02,6,y^2+vy^2 (y-energy),False
3.5,0.02,6,x*y+vx*vy (cross term),False
3.5,0.02,6,x*vy-y*vx (ang. momentum),False
4.0,0.02,6,x^2+vx^2 (x-energy),False
4.0,0.02,6,y^2+vy^2 (y-energy),False
4.0,0.02,6,x*y+vx*vy (cross term),False
4.0,0.02,6,x*vy-y*vx (ang. momentum),False
5.0,0.02,6,x^2+vx^2 (x-energy),False
5.0,0.02,6,y^2+vy^2 (y-energy),False
5.0,0.02,6,x*y+vx*vy (cross term),False
5.0,0.02,6,x*vy-y*vx (ang. momentum),False
7.0,0.02,6,x^2+vx^2 (x-energy),False
7.0,0.02,6,y^2+vy^2 (y-energy),False
7.0,0.02,6,x*y+vx*vy (cross term),False
7.0,0.02,6,x*vy-y*vx (ang. momentum),False
0.0,0.02,7,x^2+vx^2 (x-energy),False
0.0,0.02,7,y^2+vy^2 (y-energy),False
0.0,0.02,7,x*y+vx*vy (cross term),False
0.0,0.02,7,x*vy-y*vx (ang. momentum),False
1.0,0.02,7,x^2+vx^2 (x-energy),False
1.0,0.02,7,y^2+vy^2 (y-energy),False
1.0,0.02,7,x*y+vx*vy (cross term),False
1.0,0.02,7,x*vy-y*vx (ang. momentum),False
1.5,0.02,7,x^2+vx^2 (x-energy),False
1.5,0.02,7,y^2+vy^2 (y-energy),False
1.5,0.02,7,x*y+vx*vy (cross term),False
1.5,0.02,7,x*vy-y*vx (ang. momentum),False
2.0,0.02,7,x^2+vx^2 (x-energy),False
2.0,0.02,7,y^2+vy^2 (y-energy),False
2.0,0.02,7,x*y+vx*vy (cross term),False
2.0,0.02,7,x*vy-y*vx (ang. momentum),False
2.5,0.02,7,x^2+vx^2 (x-energy),False
2.5,0.02,7,y^2+vy^2 (y-energy),False
2.5,0.02,7,x*y+vx*vy (cross term),False
2.5,0.02,7,x*vy-y*vx (ang. momentum),False
3.0,0.02,7,x^2+vx^2 (x-energy),False
3.0,0.02,7,y^2+vy^2 (y-energy),False
3.0,0.02,7,x*y+vx*vy (cross term),False
3.0,0.02,7,x*vy-y*vx (ang. momentum),False
3.5,0.02,7,x^2+vx^2 (x-energy),False
3.5,0.02,7,y^2+vy^2 (y-energy),False
3.5,0.02,7,x*y+vx*vy (cross term),False
3.5,0.02,7,x*vy-y*vx (ang. momentum),False
4.0,0.02,7,x^2+vx^2 (x-energy),False
4.0,0.02,7,y^2+vy^2 (y-energy),False
4.0,0.02,7,x*y+vx*vy (cross term),False
4.0,0.02,7,x*vy-y*vx (ang. momentum),False
5.0,0.02,7,x^2+vx^2 (x-energy),False
5.0,0.02,7,y^2+vy^2 (y-energy),False
5.0,0.02,7,x*y+vx*vy (cross term),False
5.0,0.02,7,x*vy-y*vx (ang. momentum),False
7.0,0.02,7,x^2+vx^2 (x-energy),False
7.0,0.02,7,y^2+vy^2 (y-energy),False
7.0,0.02,7,x*y+vx*vy (cross term),False
7.0,0.02,7,x*vy-y*vx (ang. momentum),False
0.0,0.02,8,x^2+vx^2 (x-energy),False
0.0,0.02,8,y^2+vy^2 (y-energy),False
0.0,0.02,8,x*y+vx*vy (cross term),False
0.0,0.02,8,x*vy-y*vx (ang. momentum),False
1.0,0.02,8,x^2+vx^2 (x-energy),False
1.0,0.02,8,y^2+vy^2 (y-energy),False
1.0,0.02,8,x*y+vx*vy (cross term),False
1.0,0.02,8,x*vy-y*vx (ang. momentum),False
1.5,0.02,8,x^2+vx^2 (x-energy),False
1.5,0.02,8,y^2+vy^2 (y-energy),False
1.5,0.02,8,x*y+vx*vy (cross term),False
1.5,0.02,8,x*vy-y*vx (ang. momentum),False
2.0,0.02,8,x^2+vx^2 (x-energy),False
2.0,0.02,8,y^2+vy^2 (y-energy),False
2.0,0.02,8,x*y+vx*vy (cross term),False
2.0,0.02,8,x*vy-y*vx (ang. momentum),False
2.5,0.02,8,x^2+vx^2 (x-energy),False
2.5,0.02,8,y^2+vy^2 (y-energy),False
2.5,0.02,8,x*y+vx*vy (cross term),False
2.5,0.02,8,x*vy-y*vx (ang. momentum),False
3.0,0.02,8,x^2+vx^2 (x-energy),False
3.0,0.02,8,y^2+vy^2 (y-energy),False
3.0,0.02,8,x*y+vx*vy (cross term),False
3.0,0.02,8,x*vy-y*vx (ang. momentum),False
3.5,0.02,8,x^2+vx^2 (x-energy),False
3.5,0.02,8,y^2+vy^2 (y-energy),False
3.5,0.02,8,x*y+vx*vy (cross term),False
3.5,0.02,8,x*vy-y*vx (ang. momentum),False
4.0,0.02,8,x^2+vx^2 (x-energy),False
4.0,0.02,8,y^2+vy^2 (y-energy),False
4.0,0.02,8,x*y+vx*vy (cross term),False
4.0,0.02,8,x*vy-y*vx (ang. momentum),False
5.0,0.02,8,x^2+vx^2 (x-energy),False
5.0,0.02,8,y^2+vy^2 (y-energy),False
5.0,0.02,8,x*y+vx*vy (cross term),False
5.0,0.02,8,x*vy-y*vx (ang. momentum),False
7.0,0.02,8,x^2+vx^2 (x-energy),False
7.0,0.02,8,y^2+vy^2 (y-energy),False
7.0,0.02,8,x*y+vx*vy (cross term),False
7.0,0.02,8,x*vy-y*vx (ang. momentum),False
0.0,0.02,9,x^2+vx^2 (x-energy),False
0.0,0.02,9,y^2+vy^2 (y-energy),False
0.0,0.02,9,x*y+vx*vy (cross term),False
0.0,0.02,9,x*vy-y*vx (ang. momentum),False
1.0,0.02,9,x^2+vx^2 (x-energy),False
1.0,0.02,9,y^2+vy^2 (y-energy),False
1.0,0.02,9,x*y+vx*vy (cross term),False
1.0,0.02,9,x*vy-y*vx (ang. momentum),False
1.5,0.02,9,x^2+vx^2 (x-energy),False
1.5,0.02,9,y^2+vy^2 (y-energy),False
1.5,0.02,9,x*y+vx*vy (cross term),False
1.5,0.02,9,x*vy-y*vx (ang. momentum),False
2.0,0.02,9,x^2+vx^2 (x-energy),False
2.0,0.02,9,y^2+vy^2 (y-energy),False
2.0,0.02,9,x*y+vx*vy (cross term),False
2.0,0.02,9,x*vy-y*vx (ang. momentum),False
2.5,0.02,9,x^2+vx^2 (x-energy),False
2.5,0.02,9,y^2+vy^2 (y-energy),False
2.5,0.02,9,x*y+vx*vy (cross term),False
2.5,0.02,9,x*vy-y*vx (ang. momentum),False
3.0,0.02,9,x^2+vx^2 (x-energy),False
3.0,0.02,9,y^2+vy^2 (y-energy),False
3.0,0.02,9,x*y+vx*vy (cross term),False
3.0,0.02,9,x*vy-y*vx (ang. momentum),False
3.5,0.02,9,x^2+vx^2 (x-energy),False
3.5,0.02,9,y^2+vy^2 (y-energy),False
3.5,0.02,9,x*y+vx*vy (cross term),False
3.5,0.02,9,x*vy-y*vx (ang. momentum),False
4.0,0.02,9,x^2+vx^2 (x-energy),False
4.0,0.02,9,y^2+vy^2 (y-energy),False
4.0,0.02,9,x*y+vx*vy (cross term),False
4.0,0.02,9,x*vy-y*vx (ang. momentum),False
5.0,0.02,9,x^2+vx^2 (x-energy),False
5.0,0.02,9,y^2+vy^2 (y-energy),False
5.0,0.02,9,x*y+vx*vy (cross term),False
5.0,0.02,9,x*vy-y*vx (ang. momentum),False
7.0,0.02,9,x^2+vx^2 (x-energy),False
7.0,0.02,9,y^2+vy^2 (y-energy),False
7.0,0.02,9,x*y+vx*vy (cross term),False
7.0,0.02,9,x*vy-y*vx (ang. momentum),False
0.0,0.02,10,x^2+vx^2 (x-energy),False
0.0,0.02,10,y^2+vy^2 (y-energy),False
0.0,0.02,10,x*y+vx*vy (cross term),False
0.0,0.02,10,x*vy-y*vx (ang. momentum),False
1.0,0.02,10,x^2+vx^2 (x-energy),False
1.0,0.02,10,y^2+vy^2 (y-energy),False
1.0,0.02,10,x*y+vx*vy (cross term),False
1.0,0.02,10,x*vy-y*vx (ang. momentum),False
1.5,0.02,10,x^2+vx^2 (x-energy),False
1.5,0.02,10,y^2+vy^2 (y-energy),False
1.5,0.02,10,x*y+vx*vy (cross term),False
1.5,0.02,10,x*vy-y*vx (ang. momentum),False
2.0,0.02,10,x^2+vx^2 (x-energy),False
2.0,0.02,10,y^2+vy^2 (y-energy),False
2.0,0.02,10,x*y+vx*vy (cross term),False
2.0,0.02,10,x*vy-y*vx (ang. momentum),False
2.5,0.02,10,x^2+vx^2 (x-energy),False
2.5,0.02,10,y^2+vy^2 (y-energy),False
2.5,0.02,10,x*y+vx*vy (cross term),False
2.5,0.02,10,x*vy-y*vx (ang. momentum),False
3.0,0.02,10,x^2+vx^2 (x-energy),False
3.0,0.02,10,y^2+vy^2 (y-energy),False
3.0,0.02,10,x*y+vx*vy (cross term),False
3.0,0.02,10,x*vy-y*vx (ang. momentum),False
3.5,0.02,10,x^2+vx^2 (x-energy),False
3.5,0.02,10,y^2+vy^2 (y-energy),False
3.5,0.02,10,x*y+vx*vy (cross term),False
3.5,0.02,10,x*vy-y*vx (ang. momentum),False
4.0,0.02,10,x^2+vx^2 (x-energy),False
4.0,0.02,10,y^2+vy^2 (y-energy),False
4.0,0.02,10,x*y+vx*vy (cross term),False
4.0,0.02,10,x*vy-y*vx (ang. momentum),False
5.0,0.02,10,x^2+vx^2 (x-energy),False
5.0,0.02,10,y^2+vy^2 (y-energy),False
5.0,0.02,10,x*y+vx*vy (cross term),False
5.0,0.02,10,x*vy-y*vx (ang. momentum),False
7.0,0.02,10,x^2+vx^2 (x-energy),False
7.0,0.02,10,y^2+vy^2 (y-energy),False
7.0,0.02,10,x*y+vx*vy (cross term),False
7.0,0.02,10,x*vy-y*vx (ang. momentum),False
0.0,0.02,11,x^2+vx^2 (x-energy),False
0.0,0.02,11,y^2+vy^2 (y-energy),False
0.0,0.02,11,x*y+vx*vy (cross term),False
0.0,0.02,11,x*vy-y*vx (ang. momentum),False
1.0,0.02,11,x^2+vx^2 (x-energy),False
1.0,0.02,11,y^2+vy^2 (y-energy),False
1.0,0.02,11,x*y+vx*vy (cross term),False
1.0,0.02,11,x*vy-y*vx (ang. momentum),False
1.5,0.02,11,x^2+vx^2 (x-energy),False
1.5,0.02,11,y^2+vy^2 (y-energy),False
1.5,0.02,11,x*y+vx*vy (cross term),False
1.5,0.02,11,x*vy-y*vx (ang. momentum),False
2.0,0.02,11,x^2+vx^2 (x-energy),False
2.0,0.02,11,y^2+vy^2 (y-energy),False
2.0,0.02,11,x*y+vx*vy (cross term),False
2.0,0.02,11,x*vy-y*vx (ang. momentum),False
2.5,0.02,11,x^2+vx^2 (x-energy),False
2.5,0.02,11,y^2+vy^2 (y-energy),False
2.5,0.02,11,x*y+vx*vy (cross term),False
2.5,0.02,11,x*vy-y*vx (ang. momentum),False
3.0,0.02,11,x^2+vx^2 (x-energy),False
3.0,0.02,11,y^2+vy^2 (y-energy),False
3.0,0.02,11,x*y+vx*vy (cross term),False
3.0,0.02,11,x*vy-y*vx (ang. momentum),False
3.5,0.02,11,x^2+vx^2 (x-energy),False
3.5,0.02,11,y^2+vy^2 (y-energy),False
3.5,0.02,11,x*y+vx*vy (cross term),False
3.5,0.02,11,x*vy-y*vx (ang. momentum),False
4.0,0.02,11,x^2+vx^2 (x-energy),False
4.0,0.02,11,y^2+vy^2 (y-energy),False
4.0,0.02,11,x*y+vx*vy (cross term),False
4.0,0.02,11,x*vy-y*vx (ang. momentum),False
5.0,0.02,11,x^2+vx^2 (x-energy),False
5.0,0.02,11,y^2+vy^2 (y-energy),False
5.0,0.02,11,x*y+vx*vy (cross term),False
5.0,0.02,11,x*vy-y*vx (ang. momentum),False
7.0,0.02,11,x^2+vx^2 (x-energy),False
7.0,0.02,11,y^2+vy^2 (y-energy),False
7.0,0.02,11,x*y+vx*vy (cross term),False
7.0,0.02,11,x*vy-y*vx (ang. momentum),False
0.0,0.02,12,x^2+vx^2 (x-energy),False
0.0,0.02,12,y^2+vy^2 (y-energy),False
0.0,0.02,12,x*y+vx*vy (cross term),False
0.0,0.02,12,x*vy-y*vx (ang. momentum),False
1.0,0.02,12,x^2+vx^2 (x-energy),False
1.0,0.02,12,y^2+vy^2 (y-energy),False
1.0,0.02,12,x*y+vx*vy (cross term),False
1.0,0.02,12,x*vy-y*vx (ang. momentum),False
1.5,0.02,12,x^2+vx^2 (x-energy),False
1.5,0.02,12,y^2+vy^2 (y-energy),False
1.5,0.02,12,x*y+vx*vy (cross term),False
1.5,0.02,12,x*vy-y*vx (ang. momentum),False
2.0,0.02,12,x^2+vx^2 (x-energy),False
2.0,0.02,12,y^2+vy^2 (y-energy),False
2.0,0.02,12,x*y+vx*vy (cross term),False
2.0,0.02,12,x*vy-y*vx (ang. momentum),False
2.5,0.02,12,x^2+vx^2 (x-energy),False
2.5,0.02,12,y^2+vy^2 (y-energy),False
2.5,0.02,12,x*y+vx*vy (cross term),False
2.5,0.02,12,x*vy-y*vx (ang. momentum),False
3.0,0.02,12,x^2+vx^2 (x-energy),False
3.0,0.02,12,y^2+vy^2 (y-energy),False
3.0,0.02,12,x*y+vx*vy (cross term),False
3.0,0.02,12,x*vy-y*vx (ang. momentum),False
3.5,0.02,12,x^2+vx^2 (x-energy),False
3.5,0.02,12,y^2+vy^2 (y-energy),False
3.5,0.02,12,x*y+vx*vy (cross term),False
3.5,0.02,12,x*vy-y*vx (ang. momentum),False
4.0,0.02,12,x^2+vx^2 (x-energy),False
4.0,0.02,12,y^2+vy^2 (y-energy),False
4.0,0.02,12,x*y+vx*vy (cross term),False
4.0,0.02,12,x*vy-y*vx (ang. momentum),False
5.0,0.02,12,x^2+vx^2 (x-energy),False
5.0,0.02,12,y^2+vy^2 (y-energy),False
5.0,0.02,12,x*y+vx*vy (cross term),False
5.0,0.02,12,x*vy-y*vx (ang. momentum),False
7.0,0.02,12,x^2+vx^2 (x-energy),False
7.0,0.02,12,y^2+vy^2 (y-energy),False
7.0,0.02,12,x*y+vx*vy (cross term),False
7.0,0.02,12,x*vy-y*vx (ang. momentum),False
0.0,0.02,13,x^2+vx^2 (x-energy),False
0.0,0.02,13,y^2+vy^2 (y-energy),False
0.0,0.02,13,x*y+vx*vy (cross term),False
0.0,0.02,13,x*vy-y*vx (ang. momentum),False
1.0,0.02,13,x^2+vx^2 (x-energy),False
1.0,0.02,13,y^2+vy^2 (y-energy),False
1.0,0.02,13,x*y+vx*vy (cross term),False
1.0,0.02,13,x*vy-y*vx (ang. momentum),False
1.5,0.02,13,x^2+vx^2 (x-energy),False
1.5,0.02,13,y^2+vy^2 (y-energy),False
1.5,0.02,13,x*y+vx*vy (cross term),False
1.5,0.02,13,x*vy-y*vx (ang. momentum),False
2.0,0.02,13,x^2+vx^2 (x-energy),False
2.0,0.02,13,y^2+vy^2 (y-energy),False
2.0,0.02,13,x*y+vx*vy (cross term),False
2.0,0.02,13,x*vy-y*vx (ang. momentum),False
2.5,0.02,13,x^2+vx^2 (x-energy),False
2.5,0.02,13,y^2+vy^2 (y-energy),False
2.5,0.02,13,x*y+vx*vy (cross term),False
2.5,0.02,13,x*vy-y*vx (ang. momentum),False
3.0,0.02,13,x^2+vx^2 (x-energy),False
3.0,0.02,13,y^2+vy^2 (y-energy),False
3.0,0.02,13,x*y+vx*vy (cross term),False
3.0,0.02,13,x*vy-y*vx (ang. momentum),False
3.5,0.02,13,x^2+vx^2 (x-energy),False
3.5,0.02,13,y^2+vy^2 (y-energy),False
3.5,0.02,13,x*y+vx*vy (cross term),False
3.5,0.02,13,x*vy-y*vx (ang. momentum),False
4.0,0.02,13,x^2+vx^2 (x-energy),False
4.0,0.02,13,y^2+vy^2 (y-energy),False
4.0,0.02,13,x*y+vx*vy (cross term),False
4.0,0.02,13,x*vy-y*vx (ang. momentum),False
5.0,0.02,13,x^2+vx^2 (x-energy),False
5.0,0.02,13,y^2+vy^2 (y-energy),False
5.0,0.02,13,x*y+vx*vy (cross term),False
5.0,0.02,13,x*vy-y*vx (ang. momentum),False
7.0,0.02,13,x^2+vx^2 (x-energy),False
7.0,0.02,13,y^2+vy^2 (y-energy),False
7.0,0.02,13,x*y+vx*vy (cross term),False
7.0,0.02,13,x*vy-y*vx (ang. momentum),False
0.0,0.02,14,x^2+vx^2 (x-energy),False
0.0,0.02,14,y^2+vy^2 (y-energy),False
0.0,0.02,14,x*y+vx*vy (cross term),False
0.0,0.02,14,x*vy-y*vx (ang. momentum),False
1.0,0.02,14,x^2+vx^2 (x-energy),False
1.0,0.02,14,y^2+vy^2 (y-energy),False
1.0,0.02,14,x*y+vx*vy (cross term),False
1.0,0.02,14,x*vy-y*vx (ang. momentum),False
1.5,0.02,14,x^2+vx^2 (x-energy),False
1.5,0.02,14,y^2+vy^2 (y-energy),False
1.5,0.02,14,x*y+vx*vy (cross term),False
1.5,0.02,14,x*vy-y*vx (ang. momentum),False
2.0,0.02,14,x^2+vx^2 (x-energy),False
2.0,0.02,14,y^2+vy^2 (y-energy),False
2.0,0.02,14,x*y+vx*vy (cross term),False
2.0,0.02,14,x*vy-y*vx (ang. momentum),False
2.5,0.02,14,x^2+vx^2 (x-energy),False
2.5,0.02,14,y^2+vy^2 (y-energy),False
2.5,0.02,14,x*y+vx*vy (cross term),False
2.5,0.02,14,x*vy-y*vx (ang. momentum),False
3.0,0.02,14,x^2+vx^2 (x-energy),False
3.0,0.02,14,y^2+vy^2 (y-energy),False
3.0,0.02,14,x*y+vx*vy (cross term),False
3.0,0.02,14,x*vy-y*vx (ang. momentum),False
3.5,0.02,14,x^2+vx^2 (x-energy),False
3.5,0.02,14,y^2+vy^2 (y-energy),False
3.5,0.02,14,x*y+vx*vy (cross term),False
3.5,0.02,14,x*vy-y*vx (ang. momentum),False
4.0,0.02,14,x^2+vx^2 (x-energy),False
4.0,0.02,14,y^2+vy^2 (y-energy),False
4.0,0.02,14,x*y+vx*vy (cross term),False
4.0,0.02,14,x*vy-y*vx (ang. momentum),False
5.0,0.02,14,x^2+vx^2 (x-energy),False
5.0,0.02,14,y^2+vy^2 (y-energy),False
5.0,0.02,14,x*y+vx*vy (cross term),False
5.0,0.02,14,x*vy-y*vx (ang. momentum),False
7.0,0.02,14,x^2+vx^2 (x-energy),False
7.0,0.02,14,y^2+vy^2 (y-energy),False
7.0,0.02,14,x*y+vx*vy (cross term),False
7.0,0.02,14,x*vy-y*vx (ang. momentum),False
0.0,0.02,15,x^2+vx^2 (x-energy),False
0.0,0.02,15,y^2+vy^2 (y-energy),False
0.0,0.02,15,x*y+vx*vy (cross term),False
0.0,0.02,15,x*vy-y*vx (ang. momentum),False
1.0,0.02,15,x^2+vx^2 (x-energy),False
1.0,0.02,15,y^2+vy^2 (y-energy),False
1.0,0.02,15,x*y+vx*vy (cross term),False
1.0,0.02,15,x*vy-y*vx (ang. momentum),False
1.5,0.02,15,x^2+vx^2 (x-energy),False
1.5,0.02,15,y^2+vy^2 (y-energy),False
1.5,0.02,15,x*y+vx*vy (cross term),False
1.5,0.02,15,x*vy-y*vx (ang. momentum),False
2.0,0.02,15,x^2+vx^2 (x-energy),False
2.0,0.02,15,y^2+vy^2 (y-energy),False
2.0,0.02,15,x*y+vx*vy (cross term),False
2.0,0.02,15,x*vy-y*vx (ang. momentum),False
2.5,0.02,15,x^2+vx^2 (x-energy),False
2.5,0.02,15,y^2+vy^2 (y-energy),False
2.5,0.02,15,x*y+vx*vy (cross term),False
2.5,0.02,15,x*vy-y*vx (ang. momentum),False
3.0,0.02,15,x^2+vx^2 (x-energy),False
3.0,0.02,15,y^2+vy^2 (y-energy),False
3.0,0.02,15,x*y+vx*vy (cross term),False
3.0,0.02,15,x*vy-y*vx (ang. momentum),False
3.5,0.02,15,x^2+vx^2 (x-energy),False
3.5,0.02,15,y^2+vy^2 (y-energy),False
3.5,0.02,15,x*y+vx*vy (cross term),False
3.5,0.02,15,x*vy-y*vx (ang. momentum),False
4.0,0.02,15,x^2+vx^2 (x-energy),False
4.0,0.02,15,y^2+vy^2 (y-energy),False
4.0,0.02,15,x*y+vx*vy (cross term),False
4.0,0.02,15,x*vy-y*vx (ang. momentum),False
5.0,0.02,15,x^2+vx^2 (x-energy),False
5.0,0.02,15,y^2+vy^2 (y-energy),False
5.0,0.02,15,x*y+vx*vy (cross term),False
5.0,0.02,15,x*vy-y*vx (ang. momentum),False
7.0,0.02,15,x^2+vx^2 (x-energy),False
7.0,0.02,15,y^2+vy^2 (y-energy),False
7.0,0.02,15,x*y+vx*vy (cross term),False
7.0,0.02,15,x*vy-y*vx (ang. momentum),False
0.0,0.02,16,x^2+vx^2 (x-energy),True
0.0,0.02,16,y^2+vy^2 (y-energy),False
0.0,0.02,16,x*y+vx*vy (cross term),False
0.0,0.02,16,x*vy-y*vx (ang. momentum),False
1.0,0.02,16,x^2+vx^2 (x-energy),True
1.0,0.02,16,y^2+vy^2 (y-energy),False
1.0,0.02,16,x*y+vx*vy (cross term),False
1.0,0.02,16,x*vy-y*vx (ang. momentum),False
1.5,0.02,16,x^2+vx^2 (x-energy),True
1.5,0.02,16,y^2+vy^2 (y-energy),False
1.5,0.02,16,x*y+vx*vy (cross term),False
1.5,0.02,16,x*vy-y*vx (ang. momentum),False
2.0,0.02,16,x^2+vx^2 (x-energy),True
2.0,0.02,16,y^2+vy^2 (y-energy),False
2.0,0.02,16,x*y+vx*vy (cross term),False
2.0,0.02,16,x*vy-y*vx (ang. momentum),False
2.5,0.02,16,x^2+vx^2 (x-energy),True
2.5,0.02,16,y^2+vy^2 (y-energy),False
2.5,0.02,16,x*y+vx*vy (cross term),False
2.5,0.02,16,x*vy-y*vx (ang. momentum),False
3.0,0.02,16,x^2+vx^2 (x-energy),True
3.0,0.02,16,y^2+vy^2 (y-energy),False
3.0,0.02,16,x*y+vx*vy (cross term),False
3.0,0.02,16,x*vy-y*vx (ang. momentum),False
3.5,0.02,16,x^2+vx^2 (x-energy),False
3.5,0.02,16,y^2+vy^2 (y-energy),False
3.5,0.02,16,x*y+vx*vy (cross term),False
3.5,0.02,16,x*vy-y*vx (ang. momentum),False
4.0,0.02,16,x^2+vx^2 (x-energy),False
4.0,0.02,16,y^2+vy^2 (y-energy),False
4.0,0.02,16,x*y+vx*vy (cross term),False
4.0,0.02,16,x*vy-y*vx (ang. momentum),False
5.0,0.02,16,x^2+vx^2 (x-energy),False
5.0,0.02,16,y^2+vy^2 (y-energy),False
5.0,0.02,16,x*y+vx*vy (cross term),False
5.0,0.02,16,x*vy-y*vx (ang. momentum),False
7.0,0.02,16,x^2+vx^2 (x-energy),False
7.0,0.02,16,y^2+vy^2 (y-energy),False
7.0,0.02,16,x*y+vx*vy (cross term),False
7.0,0.02,16,x*vy-y*vx (ang. momentum),False
0.0,0.02,17,x^2+vx^2 (x-energy),False
0.0,0.02,17,y^2+vy^2 (y-energy),False
0.0,0.02,17,x*y+vx*vy (cross term),False
0.0,0.02,17,x*vy-y*vx (ang. momentum),False
1.0,0.02,17,x^2+vx^2 (x-energy),False
1.0,0.02,17,y^2+vy^2 (y-energy),False
1.0,0.02,17,x*y+vx*vy (cross term),False
1.0,0.02,17,x*vy-y*vx (ang. momentum),False
1.5,0.02,17,x^2+vx^2 (x-energy),False
1.5,0.02,17,y^2+vy^2 (y-energy),False
1.5,0.02,17,x*y+vx*vy (cross term),False
1.5,0.02,17,x*vy-y*vx (ang. momentum),False
2.0,0.02,17,x^2+vx^2 (x-energy),False
2.0,0.02,17,y^2+vy^2 (y-energy),False
2.0,0.02,17,x*y+vx*vy (cross term),False
2.0,0.02,17,x*vy-y*vx (ang. momentum),False
2.5,0.02,17,x^2+vx^2 (x-energy),False
2.5,0.02,17,y^2+vy^2 (y-energy),False
2.5,0.02,17,x*y+vx*vy (cross term),False
2.5,0.02,17,x*vy-y*vx (ang. momentum),False
3.0,0.02,17,x^2+vx^2 (x-energy),False
3.0,0.02,17,y^2+vy^2 (y-energy),False
3.0,0.02,17,x*y+vx*vy (cross term),False
3.0,0.02,17,x*vy-y*vx (ang. momentum),False
3.5,0.02,17,x^2+vx^2 (x-energy),False
3.5,0.02,17,y^2+vy^2 (y-energy),False
3.5,0.02,17,x*y+vx*vy (cross term),False
3.5,0.02,17,x*vy-y*vx (ang. momentum),False
4.0,0.02,17,x^2+vx^2 (x-energy),False
4.0,0.02,17,y^2+vy^2 (y-energy),False
4.0,0.02,17,x*y+vx*vy (cross term),False
4.0,0.02,17,x*vy-y*vx (ang. momentum),False
5.0,0.02,17,x^2+vx^2 (x-energy),False
5.0,0.02,17,y^2+vy^2 (y-energy),False
5.0,0.02,17,x*y+vx*vy (cross term),False
5.0,0.02,17,x*vy-y*vx (ang. momentum),False
7.0,0.02,17,x^2+vx^2 (x-energy),False
7.0,0.02,17,y^2+vy^2 (y-energy),False
7.0,0.02,17,x*y+vx*vy (cross term),False
7.0,0.02,17,x*vy-y*vx (ang. momentum),False
0.0,0.02,18,x^2+vx^2 (x-energy),True
0.0,0.02,18,y^2+vy^2 (y-energy),False
0.0,0.02,18,x*y+vx*vy (cross term),False
0.0,0.02,18,x*vy-y*vx (ang. momentum),False
1.0,0.02,18,x^2+vx^2 (x-energy),True
1.0,0.02,18,y^2+vy^2 (y-energy),False
1.0,0.02,18,x*y+vx*vy (cross term),False
1.0,0.02,18,x*vy-y*vx (ang. momentum),False
1.5,0.02,18,x^2+vx^2 (x-energy),True
1.5,0.02,18,y^2+vy^2 (y-energy),False
1.5,0.02,18,x*y+vx*vy (cross term),False
1.5,0.02,18,x*vy-y*vx (ang. momentum),False
2.0,0.02,18,x^2+vx^2 (x-energy),True
2.0,0.02,18,y^2+vy^2 (y-energy),False
2.0,0.02,18,x*y+vx*vy (cross term),False
2.0,0.02,18,x*vy-y*vx (ang. momentum),False
2.5,0.02,18,x^2+vx^2 (x-energy),True
2.5,0.02,18,y^2+vy^2 (y-energy),False
2.5,0.02,18,x*y+vx*vy (cross term),False
2.5,0.02,18,x*vy-y*vx (ang. momentum),False
3.0,0.02,18,x^2+vx^2 (x-energy),False
3.0,0.02,18,y^2+vy^2 (y-energy),False
3.0,0.02,18,x*y+vx*vy (cross term),False
3.0,0.02,18,x*vy-y*vx (ang. momentum),False
3.5,0.02,18,x^2+vx^2 (x-energy),False
3.5,0.02,18,y^2+vy^2 (y-energy),False
3.5,0.02,18,x*y+vx*vy (cross term),False
3.5,0.02,18,x*vy-y*vx (ang. momentum),False
4.0,0.02,18,x^2+vx^2 (x-energy),False
4.0,0.02,18,y^2+vy^2 (y-energy),False
4.0,0.02,18,x*y+vx*vy (cross term),False
4.0,0.02,18,x*vy-y*vx (ang. momentum),False
5.0,0.02,18,x^2+vx^2 (x-energy),False
5.0,0.02,18,y^2+vy^2 (y-energy),False
5.0,0.02,18,x*y+vx*vy (cross term),False
5.0,0.02,18,x*vy-y*vx (ang. momentum),False
7.0,0.02,18,x^2+vx^2 (x-energy),False
7.0,0.02,18,y^2+vy^2 (y-energy),False
7.0,0.02,18,x*y+vx*vy (cross term),False
7.0,0.02,18,x*vy-y*vx (ang. momentum),False
0.0,0.02,19,x^2+vx^2 (x-energy),False
0.0,0.02,19,y^2+vy^2 (y-energy),True
0.0,0.02,19,x*y+vx*vy (cross term),False
0.0,0.02,19,x*vy-y*vx (ang. momentum),False
1.0,0.02,19,x^2+vx^2 (x-energy),False
1.0,0.02,19,y^2+vy^2 (y-energy),True
1.0,0.02,19,x*y+vx*vy (cross term),False
1.0,0.02,19,x*vy-y*vx (ang. momentum),False
1.5,0.02,19,x^2+vx^2 (x-energy),False
1.5,0.02,19,y^2+vy^2 (y-energy),True
1.5,0.02,19,x*y+vx*vy (cross term),False
1.5,0.02,19,x*vy-y*vx (ang. momentum),False
2.0,0.02,19,x^2+vx^2 (x-energy),False
2.0,0.02,19,y^2+vy^2 (y-energy),True
2.0,0.02,19,x*y+vx*vy (cross term),False
2.0,0.02,19,x*vy-y*vx (ang. momentum),False
2.5,0.02,19,x^2+vx^2 (x-energy),False
2.5,0.02,19,y^2+vy^2 (y-energy),True
2.5,0.02,19,x*y+vx*vy (cross term),False
2.5,0.02,19,x*vy-y*vx (ang. momentum),False
3.0,0.02,19,x^2+vx^2 (x-energy),False
3.0,0.02,19,y^2+vy^2 (y-energy),False
3.0,0.02,19,x*y+vx*vy (cross term),False
3.0,0.02,19,x*vy-y*vx (ang. momentum),False
3.5,0.02,19,x^2+vx^2 (x-energy),False
3.5,0.02,19,y^2+vy^2 (y-energy),False
3.5,0.02,19,x*y+vx*vy (cross term),False
3.5,0.02,19,x*vy-y*vx (ang. momentum),False
4.0,0.02,19,x^2+vx^2 (x-energy),False
4.0,0.02,19,y^2+vy^2 (y-energy),False
4.0,0.02,19,x*y+vx*vy (cross term),False
4.0,0.02,19,x*vy-y*vx (ang. momentum),False
5.0,0.02,19,x^2+vx^2 (x-energy),False
5.0,0.02,19,y^2+vy^2 (y-energy),False
5.0,0.02,19,x*y+vx*vy (cross term),False
5.0,0.02,19,x*vy-y*vx (ang. momentum),False
7.0,0.02,19,x^2+vx^2 (x-energy),False
7.0,0.02,19,y^2+vy^2 (y-energy),False
7.0,0.02,19,x*y+vx*vy (cross term),False
7.0,0.02,19,x*vy-y*vx (ang. momentum),False
0.0,0.02,20,x^2+vx^2 (x-energy),False
0.0,0.02,20,y^2+vy^2 (y-energy),False
0.0,0.02,20,x*y+vx*vy (cross term),False
0.0,0.02,20,x*vy-y*vx (ang. momentum),False
1.0,0.02,20,x^2+vx^2 (x-energy),False
1.0,0.02,20,y^2+vy^2 (y-energy),False
1.0,0.02,20,x*y+vx*vy (cross term),False
1.0,0.02,20,x*vy-y*vx (ang. momentum),False
1.5,0.02,20,x^2+vx^2 (x-energy),False
1.5,0.02,20,y^2+vy^2 (y-energy),False
1.5,0.02,20,x*y+vx*vy (cross term),False
1.5,0.02,20,x*vy-y*vx (ang. momentum),False
2.0,0.02,20,x^2+vx^2 (x-energy),False
2.0,0.02,20,y^2+vy^2 (y-energy),False
2.0,0.02,20,x*y+vx*vy (cross term),False
2.0,0.02,20,x*vy-y*vx (ang. momentum),False
2.5,0.02,20,x^2+vx^2 (x-energy),False
2.5,0.02,20,y^2+vy^2 (y-energy),False
2.5,0.02,20,x*y+vx*vy (cross term),False
2.5,0.02,20,x*vy-y*vx (ang. momentum),False
3.0,0.02,20,x^2+vx^2 (x-energy),False
3.0,0.02,20,y^2+vy^2 (y-energy),False
3.0,0.02,20,x*y+vx*vy (cross term),False
3.0,0.02,20,x*vy-y*vx (ang. momentum),False
3.5,0.02,20,x^2+vx^2 (x-energy),False
3.5,0.02,20,y^2+vy^2 (y-energy),False
3.5,0.02,20,x*y+vx*vy (cross term),False
3.5,0.02,20,x*vy-y*vx (ang. momentum),False
4.0,0.02,20,x^2+vx^2 (x-energy),False
4.0,0.02,20,y^2+vy^2 (y-energy),False
4.0,0.02,20,x*y+vx*vy (cross term),False
4.0,0.02,20,x*vy-y*vx (ang. momentum),False
5.0,0.02,20,x^2+vx^2 (x-energy),False
5.0,0.02,20,y^2+vy^2 (y-energy),False
5.0,0.02,20,x*y+vx*vy (cross term),False
5.0,0.02,20,x*vy-y*vx (ang. momentum),False
7.0,0.02,20,x^2+vx^2 (x-energy),False
7.0,0.02,20,y^2+vy^2 (y-energy),False
7.0,0.02,20,x*y+vx*vy (cross term),False
7.0,0.02,20,x*vy-y*vx (ang. momentum),False
0.0,0.02,21,x^2+vx^2 (x-energy),True
0.0,0.02,21,y^2+vy^2 (y-energy),False
0.0,0.02,21,x*y+vx*vy (cross term),False
0.0,0.02,21,x*vy-y*vx (ang. momentum),False
1.0,0.02,21,x^2+vx^2 (x-energy),True
1.0,0.02,21,y^2+vy^2 (y-energy),False
1.0,0.02,21,x*y+vx*vy (cross term),False
1.0,0.02,21,x*vy-y*vx (ang. momentum),False
1.5,0.02,21,x^2+vx^2 (x-energy),True
1.5,0.02,21,y^2+vy^2 (y-energy),False
1.5,0.02,21,x*y+vx*vy (cross term),False
1.5,0.02,21,x*vy-y*vx (ang. momentum),False
2.0,0.02,21,x^2+vx^2 (x-energy),True
2.0,0.02,21,y^2+vy^2 (y-energy),False
2.0,0.02,21,x*y+vx*vy (cross term),False
2.0,0.02,21,x*vy-y*vx (ang. momentum),False
2.5,0.02,21,x^2+vx^2 (x-energy),True
2.5,0.02,21,y^2+vy^2 (y-energy),False
2.5,0.02,21,x*y+vx*vy (cross term),False
2.5,0.02,21,x*vy-y*vx (ang. momentum),False
3.0,0.02,21,x^2+vx^2 (x-energy),False
3.0,0.02,21,y^2+vy^2 (y-energy),False
3.0,0.02,21,x*y+vx*vy (cross term),False
3.0,0.02,21,x*vy-y*vx (ang. momentum),False
3.5,0.02,21,x^2+vx^2 (x-energy),False
3.5,0.02,21,y^2+vy^2 (y-energy),False
3.5,0.02,21,x*y+vx*vy (cross term),False
3.5,0.02,21,x*vy-y*vx (ang. momentum),False
4.0,0.02,21,x^2+vx^2 (x-energy),False
4.0,0.02,21,y^2+vy^2 (y-energy),False
4.0,0.02,21,x*y+vx*vy (cross term),False
4.0,0.02,21,x*vy-y*vx (ang. momentum),False
5.0,0.02,21,x^2+vx^2 (x-energy),False
5.0,0.02,21,y^2+vy^2 (y-energy),False
5.0,0.02,21,x*y+vx*vy (cross term),False
5.0,0.02,21,x*vy-y*vx (ang. momentum),False
7.0,0.02,21,x^2+vx^2 (x-energy),False
7.0,0.02,21,y^2+vy^2 (y-energy),False
7.0,0.02,21,x*y+vx*vy (cross term),False
7.0,0.02,21,x*vy-y*vx (ang. momentum),False
0.0,0.02,22,x^2+vx^2 (x-energy),True
0.0,0.02,22,y^2+vy^2 (y-energy),False
0.0,0.02,22,x*y+vx*vy (cross term),False
0.0,0.02,22,x*vy-y*vx (ang. momentum),False
1.0,0.02,22,x^2+vx^2 (x-energy),True
1.0,0.02,22,y^2+vy^2 (y-energy),False
1.0,0.02,22,x*y+vx*vy (cross term),False
1.0,0.02,22,x*vy-y*vx (ang. momentum),False
1.5,0.02,22,x^2+vx^2 (x-energy),True
1.5,0.02,22,y^2+vy^2 (y-energy),False
1.5,0.02,22,x*y+vx*vy (cross term),False
1.5,0.02,22,x*vy-y*vx (ang. momentum),False
2.0,0.02,22,x^2+vx^2 (x-energy),True
2.0,0.02,22,y^2+vy^2 (y-energy),False
2.0,0.02,22,x*y+vx*vy (cross term),False
2.0,0.02,22,x*vy-y*vx (ang. momentum),False
2.5,0.02,22,x^2+vx^2 (x-energy),True
2.5,0.02,22,y^2+vy^2 (y-energy),False
2.5,0.02,22,x*y+vx*vy (cross term),False
2.5,0.02,22,x*vy-y*vx (ang. momentum),False
3.0,0.02,22,x^2+vx^2 (x-energy),False
3.0,0.02,22,y^2+vy^2 (y-energy),False
3.0,0.02,22,x*y+vx*vy (cross term),False
3.0,0.02,22,x*vy-y*vx (ang. momentum),False
3.5,0.02,22,x^2+vx^2 (x-energy),False
3.5,0.02,22,y^2+vy^2 (y-energy),False
3.5,0.02,22,x*y+vx*vy (cross term),False
3.5,0.02,22,x*vy-y*vx (ang. momentum),False
4.0,0.02,22,x^2+vx^2 (x-energy),False
4.0,0.02,22,y^2+vy^2 (y-energy),False
4.0,0.02,22,x*y+vx*vy (cross term),False
4.0,0.02,22,x*vy-y*vx (ang. momentum),False
5.0,0.02,22,x^2+vx^2 (x-energy),False
5.0,0.02,22,y^2+vy^2 (y-energy),False
5.0,0.02,22,x*y+vx*vy (cross term),False
5.0,0.02,22,x*vy-y*vx (ang. momentum),False
7.0,0.02,22,x^2+vx^2 (x-energy),False
7.0,0.02,22,y^2+vy^2 (y-energy),False
7.0,0.02,22,x*y+vx*vy (cross term),False
7.0,0.02,22,x*vy-y*vx (ang. momentum),False
0.0,0.02,23,x^2+vx^2 (x-energy),True
0.0,0.02,23,y^2+vy^2 (y-energy),False
0.0,0.02,23,x*y+vx*vy (cross term),False
0.0,0.02,23,x*vy-y*vx (ang. momentum),False
1.0,0.02,23,x^2+vx^2 (x-energy),True
1.0,0.02,23,y^2+vy^2 (y-energy),False
1.0,0.02,23,x*y+vx*vy (cross term),False
1.0,0.02,23,x*vy-y*vx (ang. momentum),False
1.5,0.02,23,x^2+vx^2 (x-energy),True
1.5,0.02,23,y^2+vy^2 (y-energy),False
1.5,0.02,23,x*y+vx*vy (cross term),False
1.5,0.02,23,x*vy-y*vx (ang. momentum),False
2.0,0.02,23,x^2+vx^2 (x-energy),True
2.0,0.02,23,y^2+vy^2 (y-energy),False
2.0,0.02,23,x*y+vx*vy (cross term),False
2.0,0.02,23,x*vy-y*vx (ang. momentum),False
2.5,0.02,23,x^2+vx^2 (x-energy),True
2.5,0.02,23,y^2+vy^2 (y-energy),False
2.5,0.02,23,x*y+vx*vy (cross term),False
2.5,0.02,23,x*vy-y*vx (ang. momentum),False
3.0,0.02,23,x^2+vx^2 (x-energy),False
3.0,0.02,23,y^2+vy^2 (y-energy),False
3.0,0.02,23,x*y+vx*vy (cross term),False
3.0,0.02,23,x*vy-y*vx (ang. momentum),False
3.5,0.02,23,x^2+vx^2 (x-energy),False
3.5,0.02,23,y^2+vy^2 (y-energy),False
3.5,0.02,23,x*y+vx*vy (cross term),False
3.5,0.02,23,x*vy-y*vx (ang. momentum),False
4.0,0.02,23,x^2+vx^2 (x-energy),False
4.0,0.02,23,y^2+vy^2 (y-energy),False
4.0,0.02,23,x*y+vx*vy (cross term),False
4.0,0.02,23,x*vy-y*vx (ang. momentum),False
5.0,0.02,23,x^2+vx^2 (x-energy),False
5.0,0.02,23,y^2+vy^2 (y-energy),False
5.0,0.02,23,x*y+vx*vy (cross term),False
5.0,0.02,23,x*vy-y*vx (ang. momentum),False
7.0,0.02,23,x^2+vx^2 (x-energy),False
7.0,0.02,23,y^2+vy^2 (y-energy),False
7.0,0.02,23,x*y+vx*vy (cross term),False
7.0,0.02,23,x*vy-y*vx (ang. momentum),False
0.0,0.02,24,x^2+vx^2 (x-energy),True
0.0,0.02,24,y^2+vy^2 (y-energy),False
0.0,0.02,24,x*y+vx*vy (cross term),False
0.0,0.02,24,x*vy-y*vx (ang. momentum),False
1.0,0.02,24,x^2+vx^2 (x-energy),True
1.0,0.02,24,y^2+vy^2 (y-energy),False
1.0,0.02,24,x*y+vx*vy (cross term),False
1.0,0.02,24,x*vy-y*vx (ang. momentum),False
1.5,0.02,24,x^2+vx^2 (x-energy),True
1.5,0.02,24,y^2+vy^2 (y-energy),False
1.5,0.02,24,x*y+vx*vy (cross term),False
1.5,0.02,24,x*vy-y*vx (ang. momentum),False
2.0,0.02,24,x^2+vx^2 (x-energy),True
2.0,0.02,24,y^2+vy^2 (y-energy),False
2.0,0.02,24,x*y+vx*vy (cross term),False
2.0,0.02,24,x*vy-y*vx (ang. momentum),False
2.5,0.02,24,x^2+vx^2 (x-energy),True
2.5,0.02,24,y^2+vy^2 (y-energy),False
2.5,0.02,24,x*y+vx*vy (cross term),False
2.5,0.02,24,x*vy-y*vx (ang. momentum),False
3.0,0.02,24,x^2+vx^2 (x-energy),False
3.0,0.02,24,y^2+vy^2 (y-energy),False
3.0,0.02,24,x*y+vx*vy (cross term),False
3.0,0.02,24,x*vy-y*vx (ang. momentum),False
3.5,0.02,24,x^2+vx^2 (x-energy),False
3.5,0.02,24,y^2+vy^2 (y-energy),False
3.5,0.02,24,x*y+vx*vy (cross term),False
3.5,0.02,24,x*vy-y*vx (ang. momentum),False
4.0,0.02,24,x^2+vx^2 (x-energy),False
4.0,0.02,24,y^2+vy^2 (y-energy),False
4.0,0.02,24,x*y+vx*vy (cross term),False
4.0,0.02,24,x*vy-y*vx (ang. momentum),False
5.0,0.02,24,x^2+vx^2 (x-energy),False
5.0,0.02,24,y^2+vy^2 (y-energy),False
5.0,0.02,24,x*y+vx*vy (cross term),False
5.0,0.02,24,x*vy-y*vx (ang. momentum),False
7.0,0.02,24,x^2+vx^2 (x-energy),False
7.0,0.02,24,y^2+vy^2 (y-energy),False
7.0,0.02,24,x*y+vx*vy (cross term),False
7.0,0.02,24,x*vy-y*vx (ang. momentum),False
0.0,0.02,25,x^2+vx^2 (x-energy),False
0.0,0.02,25,y^2+vy^2 (y-energy),False
0.0,0.02,25,x*y+vx*vy (cross term),False
0.0,0.02,25,x*vy-y*vx (ang. momentum),False
1.0,0.02,25,x^2+vx^2 (x-energy),False
1.0,0.02,25,y^2+vy^2 (y-energy),False
1.0,0.02,25,x*y+vx*vy (cross term),False
1.0,0.02,25,x*vy-y*vx (ang. momentum),False
1.5,0.02,25,x^2+vx^2 (x-energy),False
1.5,0.02,25,y^2+vy^2 (y-energy),False
1.5,0.02,25,x*y+vx*vy (cross term),False
1.5,0.02,25,x*vy-y*vx (ang. momentum),False
2.0,0.02,25,x^2+vx^2 (x-energy),False
2.0,0.02,25,y^2+vy^2 (y-energy),False
2.0,0.02,25,x*y+vx*vy (cross term),False
2.0,0.02,25,x*vy-y*vx (ang. momentum),False
2.5,0.02,25,x^2+vx^2 (x-energy),False
2.5,0.02,25,y^2+vy^2 (y-energy),False
2.5,0.02,25,x*y+vx*vy (cross term),False
2.5,0.02,25,x*vy-y*vx (ang. momentum),False
3.0,0.02,25,x^2+vx^2 (x-energy),False
3.0,0.02,25,y^2+vy^2 (y-energy),False
3.0,0.02,25,x*y+vx*vy (cross term),False
3.0,0.02,25,x*vy-y*vx (ang. momentum),False
3.5,0.02,25,x^2+vx^2 (x-energy),False
3.5,0.02,25,y^2+vy^2 (y-energy),False
3.5,0.02,25,x*y+vx*vy (cross term),False
3.5,0.02,25,x*vy-y*vx (ang. momentum),False
4.0,0.02,25,x^2+vx^2 (x-energy),False
4.0,0.02,25,y^2+vy^2 (y-energy),False
4.0,0.02,25,x*y+vx*vy (cross term),False
4.0,0.02,25,x*vy-y*vx (ang. momentum),False
5.0,0.02,25,x^2+vx^2 (x-energy),False
5.0,0.02,25,y^2+vy^2 (y-energy),False
5.0,0.02,25,x*y+vx*vy (cross term),False
5.0,0.02,25,x*vy-y*vx (ang. momentum),False
7.0,0.02,25,x^2+vx^2 (x-energy),False
7.0,0.02,25,y^2+vy^2 (y-energy),False
7.0,0.02,25,x*y+vx*vy (cross term),False
7.0,0.02,25,x*vy-y*vx (ang. momentum),False
0.0,0.02,26,x^2+vx^2 (x-energy),False
0.0,0.02,26,y^2+vy^2 (y-energy),False
0.0,0.02,26,x*y+vx*vy (cross term),False
0.0,0.02,26,x*vy-y*vx (ang. momentum),False
1.0,0.02,26,x^2+vx^2 (x-energy),False
1.0,0.02,26,y^2+vy^2 (y-energy),False
1.0,0.02,26,x*y+vx*vy (cross term),False
1.0,0.02,26,x*vy-y*vx (ang. momentum),False
1.5,0.02,26,x^2+vx^2 (x-energy),False
1.5,0.02,26,y^2+vy^2 (y-energy),False
1.5,0.02,26,x*y+vx*vy (cross term),False
1.5,0.02,26,x*vy-y*vx (ang. momentum),False
2.0,0.02,26,x^2+vx^2 (x-energy),False
2.0,0.02,26,y^2+vy^2 (y-energy),False
2.0,0.02,26,x*y+vx*vy (cross term),False
2.0,0.02,26,x*vy-y*vx (ang. momentum),False
2.5,0.02,26,x^2+vx^2 (x-energy),False
2.5,0.02,26,y^2+vy^2 (y-energy),False
2.5,0.02,26,x*y+vx*vy (cross term),False
2.5,0.02,26,x*vy-y*vx (ang. momentum),False
3.0,0.02,26,x^2+vx^2 (x-energy),False
3.0,0.02,26,y^2+vy^2 (y-energy),False
3.0,0.02,26,x*y+vx*vy (cross term),False
3.0,0.02,26,x*vy-y*vx (ang. momentum),False
3.5,0.02,26,x^2+vx^2 (x-energy),False
3.5,0.02,26,y^2+vy^2 (y-energy),False
3.5,0.02,26,x*y+vx*vy (cross term),False
3.5,0.02,26,x*vy-y*vx (ang. momentum),False
4.0,0.02,26,x^2+vx^2 (x-energy),False
4.0,0.02,26,y^2+vy^2 (y-energy),False
4.0,0.02,26,x*y+vx*vy (cross term),False
4.0,0.02,26,x*vy-y*vx (ang. momentum),False
5.0,0.02,26,x^2+vx^2 (x-energy),False
5.0,0.02,26,y^2+vy^2 (y-energy),False
5.0,0.02,26,x*y+vx*vy (cross term),False
5.0,0.02,26,x*vy-y*vx (ang. momentum),False
7.0,0.02,26,x^2+vx^2 (x-energy),False
7.0,0.02,26,y^2+vy^2 (y-energy),False
7.0,0.02,26,x*y+vx*vy (cross term),False
7.0,0.02,26,x*vy-y*vx (ang. momentum),False
0.0,0.02,27,x^2+vx^2 (x-energy),False
0.0,0.02,27,y^2+vy^2 (y-energy),False
0.0,0.02,27,x*y+vx*vy (cross term),False
0.0,0.02,27,x*vy-y*vx (ang. momentum),False
1.0,0.02,27,x^2+vx^2 (x-energy),False
1.0,0.02,27,y^2+vy^2 (y-energy),False
1.0,0.02,27,x*y+vx*vy (cross term),False
1.0,0.02,27,x*vy-y*vx (ang. momentum),False
1.5,0.02,27,x^2+vx^2 (x-energy),False
1.5,0.02,27,y^2+vy^2 (y-energy),False
1.5,0.02,27,x*y+vx*vy (cross term),False
1.5,0.02,27,x*vy-y*vx (ang. momentum),False
2.0,0.02,27,x^2+vx^2 (x-energy),False
2.0,0.02,27,y^2+vy^2 (y-energy),False
2.0,0.02,27,x*y+vx*vy (cross term),False
2.0,0.02,27,x*vy-y*vx (ang. momentum),False
2.5,0.02,27,x^2+vx^2 (x-energy),False
2.5,0.02,27,y^2+vy^2 (y-energy),False
2.5,0.02,27,x*y+vx*vy (cross term),False
2.5,0.02,27,x*vy-y*vx (ang. momentum),False
3.0,0.02,27,x^2+vx^2 (x-energy),False
3.0,0.02,27,y^2+vy^2 (y-energy),False
3.0,0.02,27,x*y+vx*vy (cross term),False
3.0,0.02,27,x*vy-y*vx (ang. momentum),False
3.5,0.02,27,x^2+vx^2 (x-energy),False
3.5,0.02,27,y^2+vy^2 (y-energy),False
3.5,0.02,27,x*y+vx*vy (cross term),False
3.5,0.02,27,x*vy-y*vx (ang. momentum),False
4.0,0.02,27,x^2+vx^2 (x-energy),False
4.0,0.02,27,y^2+vy^2 (y-energy),False
4.0,0.02,27,x*y+vx*vy (cross term),False
4.0,0.02,27,x*vy-y*vx (ang. momentum),False
5.0,0.02,27,x^2+vx^2 (x-energy),False
5.0,0.02,27,y^2+vy^2 (y-energy),False
5.0,0.02,27,x*y+vx*vy (cross term),False
5.0,0.02,27,x*vy-y*vx (ang. momentum),False
7.0,0.02,27,x^2+vx^2 (x-energy),False
7.0,0.02,27,y^2+vy^2 (y-energy),False
7.0,0.02,27,x*y+vx*vy (cross term),False
7.0,0.02,27,x*vy-y*vx (ang. momentum),False
0.0,0.02,28,x^2+vx^2 (x-energy),False
0.0,0.02,28,y^2+vy^2 (y-energy),False
0.0,0.02,28,x*y+vx*vy (cross term),False
0.0,0.02,28,x*vy-y*vx (ang. momentum),False
1.0,0.02,28,x^2+vx^2 (x-energy),False
1.0,0.02,28,y^2+vy^2 (y-energy),False
1.0,0.02,28,x*y+vx*vy (cross term),False
1.0,0.02,28,x*vy-y*vx (ang. momentum),False
1.5,0.02,28,x^2+vx^2 (x-energy),False
1.5,0.02,28,y^2+vy^2 (y-energy),False
1.5,0.02,28,x*y+vx*vy (cross term),False
1.5,0.02,28,x*vy-y*vx (ang. momentum),False
2.0,0.02,28,x^2+vx^2 (x-energy),False
2.0,0.02,28,y^2+vy^2 (y-energy),False
2.0,0.02,28,x*y+vx*vy (cross term),False
2.0,0.02,28,x*vy-y*vx (ang. momentum),False
2.5,0.02,28,x^2+vx^2 (x-energy),False
2.5,0.02,28,y^2+vy^2 (y-energy),False
2.5,0.02,28,x*y+vx*vy (cross term),False
2.5,0.02,28,x*vy-y*vx (ang. momentum),False
3.0,0.02,28,x^2+vx^2 (x-energy),False
3.0,0.02,28,y^2+vy^2 (y-energy),False
3.0,0.02,28,x*y+vx*vy (cross term),False
3.0,0.02,28,x*vy-y*vx (ang. momentum),False
3.5,0.02,28,x^2+vx^2 (x-energy),False
3.5,0.02,28,y^2+vy^2 (y-energy),False
3.5,0.02,28,x*y+vx*vy (cross term),False
3.5,0.02,28,x*vy-y*vx (ang. momentum),False
4.0,0.02,28,x^2+vx^2 (x-energy),False
4.0,0.02,28,y^2+vy^2 (y-energy),False
4.0,0.02,28,x*y+vx*vy (cross term),False
4.0,0.02,28,x*vy-y*vx (ang. momentum),False
5.0,0.02,28,x^2+vx^2 (x-energy),False
5.0,0.02,28,y^2+vy^2 (y-energy),False
5.0,0.02,28,x*y+vx*vy (cross term),False
5.0,0.02,28,x*vy-y*vx (ang. momentum),False
7.0,0.02,28,x^2+vx^2 (x-energy),False
7.0,0.02,28,y^2+vy^2 (y-energy),False
7.0,0.02,28,x*y+vx*vy (cross term),False
7.0,0.02,28,x*vy-y*vx (ang. momentum),False
0.0,0.02,29,x^2+vx^2 (x-energy),False
0.0,0.02,29,y^2+vy^2 (y-energy),False
0.0,0.02,29,x*y+vx*vy (cross term),False
0.0,0.02,29,x*vy-y*vx (ang. momentum),False
1.0,0.02,29,x^2+vx^2 (x-energy),False
1.0,0.02,29,y^2+vy^2 (y-energy),False
1.0,0.02,29,x*y+vx*vy (cross term),False
1.0,0.02,29,x*vy-y*vx (ang. momentum),False
1.5,0.02,29,x^2+vx^2 (x-energy),False
1.5,0.02,29,y^2+vy^2 (y-energy),False
1.5,0.02,29,x*y+vx*vy (cross term),False
1.5,0.02,29,x*vy-y*vx (ang. momentum),False
2.0,0.02,29,x^2+vx^2 (x-energy),False
2.0,0.02,29,y^2+vy^2 (y-energy),False
2.0,0.02,29,x*y+vx*vy (cross term),False
2.0,0.02,29,x*vy-y*vx (ang. momentum),False
2.5,0.02,29,x^2+vx^2 (x-energy),False
2.5,0.02,29,y^2+vy^2 (y-energy),False
2.5,0.02,29,x*y+vx*vy (cross term),False
2.5,0.02,29,x*vy-y*vx (ang. momentum),False
3.0,0.02,29,x^2+vx^2 (x-energy),False
3.0,0.02,29,y^2+vy^2 (y-energy),False
3.0,0.02,29,x*y+vx*vy (cross term),False
3.0,0.02,29,x*vy-y*vx (ang. momentum),False
3.5,0.02,29,x^2+vx^2 (x-energy),False
3.5,0.02,29,y^2+vy^2 (y-energy),False
3.5,0.02,29,x*y+vx*vy (cross term),False
3.5,0.02,29,x*vy-y*vx (ang. momentum),False
4.0,0.02,29,x^2+vx^2 (x-energy),False
4.0,0.02,29,y^2+vy^2 (y-energy),False
4.0,0.02,29,x*y+vx*vy (cross term),False
4.0,0.02,29,x*vy-y*vx (ang. momentum),False
5.0,0.02,29,x^2+vx^2 (x-energy),False
5.0,0.02,29,y^2+vy^2 (y-energy),False
5.0,0.02,29,x*y+vx*vy (cross term),False
5.0,0.02,29,x*vy-y*vx (ang. momentum),False
7.0,0.02,29,x^2+vx^2 (x-energy),False
7.0,0.02,29,y^2+vy^2 (y-energy),False
7.0,0.02,29,x*y+vx*vy (cross term),False
7.0,0.02,29,x*vy-y*vx (ang. momentum),False
0.0,0.05,0,x^2+vx^2 (x-energy),False
0.0,0.05,0,y^2+vy^2 (y-energy),False
0.0,0.05,0,x*y+vx*vy (cross term),False
0.0,0.05,0,x*vy-y*vx (ang. momentum),False
1.0,0.05,0,x^2+vx^2 (x-energy),False
1.0,0.05,0,y^2+vy^2 (y-energy),False
1.0,0.05,0,x*y+vx*vy (cross term),False
1.0,0.05,0,x*vy-y*vx (ang. momentum),False
1.5,0.05,0,x^2+vx^2 (x-energy),False
1.5,0.05,0,y^2+vy^2 (y-energy),False
1.5,0.05,0,x*y+vx*vy (cross term),False
1.5,0.05,0,x*vy-y*vx (ang. momentum),False
2.0,0.05,0,x^2+vx^2 (x-energy),False
2.0,0.05,0,y^2+vy^2 (y-energy),False
2.0,0.05,0,x*y+vx*vy (cross term),False
2.0,0.05,0,x*vy-y*vx (ang. momentum),False
2.5,0.05,0,x^2+vx^2 (x-energy),False
2.5,0.05,0,y^2+vy^2 (y-energy),False
2.5,0.05,0,x*y+vx*vy (cross term),False
2.5,0.05,0,x*vy-y*vx (ang. momentum),False
3.0,0.05,0,x^2+vx^2 (x-energy),False
3.0,0.05,0,y^2+vy^2 (y-energy),False
3.0,0.05,0,x*y+vx*vy (cross term),False
3.0,0.05,0,x*vy-y*vx (ang. momentum),False
3.5,0.05,0,x^2+vx^2 (x-energy),False
3.5,0.05,0,y^2+vy^2 (y-energy),False
3.5,0.05,0,x*y+vx*vy (cross term),False
3.5,0.05,0,x*vy-y*vx (ang. momentum),False
4.0,0.05,0,x^2+vx^2 (x-energy),False
4.0,0.05,0,y^2+vy^2 (y-energy),False
4.0,0.05,0,x*y+vx*vy (cross term),False
4.0,0.05,0,x*vy-y*vx (ang. momentum),False
5.0,0.05,0,x^2+vx^2 (x-energy),False
5.0,0.05,0,y^2+vy^2 (y-energy),False
5.0,0.05,0,x*y+vx*vy (cross term),False
5.0,0.05,0,x*vy-y*vx (ang. momentum),False
7.0,0.05,0,x^2+vx^2 (x-energy),False
7.0,0.05,0,y^2+vy^2 (y-energy),False
7.0,0.05,0,x*y+vx*vy (cross term),False
7.0,0.05,0,x*vy-y*vx (ang. momentum),False
0.0,0.05,1,x^2+vx^2 (x-energy),False
0.0,0.05,1,y^2+vy^2 (y-energy),False
0.0,0.05,1,x*y+vx*vy (cross term),False
0.0,0.05,1,x*vy-y*vx (ang. momentum),True
1.0,0.05,1,x^2+vx^2 (x-energy),False
1.0,0.05,1,y^2+vy^2 (y-energy),False
1.0,0.05,1,x*y+vx*vy (cross term),False
1.0,0.05,1,x*vy-y*vx (ang. momentum),False
1.5,0.05,1,x^2+vx^2 (x-energy),False
1.5,0.05,1,y^2+vy^2 (y-energy),False
1.5,0.05,1,x*y+vx*vy (cross term),False
1.5,0.05,1,x*vy-y*vx (ang. momentum),False
2.0,0.05,1,x^2+vx^2 (x-energy),False
2.0,0.05,1,y^2+vy^2 (y-energy),False
2.0,0.05,1,x*y+vx*vy (cross term),False
2.0,0.05,1,x*vy-y*vx (ang. momentum),False
2.5,0.05,1,x^2+vx^2 (x-energy),False
2.5,0.05,1,y^2+vy^2 (y-energy),False
2.5,0.05,1,x*y+vx*vy (cross term),False
2.5,0.05,1,x*vy-y*vx (ang. momentum),False
3.0,0.05,1,x^2+vx^2 (x-energy),False
3.0,0.05,1,y^2+vy^2 (y-energy),False
3.0,0.05,1,x*y+vx*vy (cross term),False
3.0,0.05,1,x*vy-y*vx (ang. momentum),False
3.5,0.05,1,x^2+vx^2 (x-energy),False
3.5,0.05,1,y^2+vy^2 (y-energy),False
3.5,0.05,1,x*y+vx*vy (cross term),False
3.5,0.05,1,x*vy-y*vx (ang. momentum),False
4.0,0.05,1,x^2+vx^2 (x-energy),False
4.0,0.05,1,y^2+vy^2 (y-energy),False
4.0,0.05,1,x*y+vx*vy (cross term),False
4.0,0.05,1,x*vy-y*vx (ang. momentum),False
5.0,0.05,1,x^2+vx^2 (x-energy),False
5.0,0.05,1,y^2+vy^2 (y-energy),False
5.0,0.05,1,x*y+vx*vy (cross term),False
5.0,0.05,1,x*vy-y*vx (ang. momentum),False
7.0,0.05,1,x^2+vx^2 (x-energy),False
7.0,0.05,1,y^2+vy^2 (y-energy),False
7.0,0.05,1,x*y+vx*vy (cross term),False
7.0,0.05,1,x*vy-y*vx (ang. momentum),False
0.0,0.05,2,x^2+vx^2 (x-energy),False
0.0,0.05,2,y^2+vy^2 (y-energy),False
0.0,0.05,2,x*y+vx*vy (cross term),False
0.0,0.05,2,x*vy-y*vx (ang. momentum),False
1.0,0.05,2,x^2+vx^2 (x-energy),False
1.0,0.05,2,y^2+vy^2 (y-energy),False
1.0,0.05,2,x*y+vx*vy (cross term),False
1.0,0.05,2,x*vy-y*vx (ang. momentum),False
1.5,0.05,2,x^2+vx^2 (x-energy),False
1.5,0.05,2,y^2+vy^2 (y-energy),False
1.5,0.05,2,x*y+vx*vy (cross term),False
1.5,0.05,2,x*vy-y*vx (ang. momentum),False
2.0,0.05,2,x^2+vx^2 (x-energy),False
2.0,0.05,2,y^2+vy^2 (y-energy),False
2.0,0.05,2,x*y+vx*vy (cross term),False
2.0,0.05,2,x*vy-y*vx (ang. momentum),False
2.5,0.05,2,x^2+vx^2 (x-energy),False
2.5,0.05,2,y^2+vy^2 (y-energy),False
2.5,0.05,2,x*y+vx*vy (cross term),False
2.5,0.05,2,x*vy-y*vx (ang. momentum),False
3.0,0.05,2,x^2+vx^2 (x-energy),False
3.0,0.05,2,y^2+vy^2 (y-energy),False
3.0,0.05,2,x*y+vx*vy (cross term),False
3.0,0.05,2,x*vy-y*vx (ang. momentum),False
3.5,0.05,2,x^2+vx^2 (x-energy),False
3.5,0.05,2,y^2+vy^2 (y-energy),False
3.5,0.05,2,x*y+vx*vy (cross term),False
3.5,0.05,2,x*vy-y*vx (ang. momentum),False
4.0,0.05,2,x^2+vx^2 (x-energy),False
4.0,0.05,2,y^2+vy^2 (y-energy),False
4.0,0.05,2,x*y+vx*vy (cross term),False
4.0,0.05,2,x*vy-y*vx (ang. momentum),False
5.0,0.05,2,x^2+vx^2 (x-energy),False
5.0,0.05,2,y^2+vy^2 (y-energy),False
5.0,0.05,2,x*y+vx*vy (cross term),False
5.0,0.05,2,x*vy-y*vx (ang. momentum),False
7.0,0.05,2,x^2+vx^2 (x-energy),False
7.0,0.05,2,y^2+vy^2 (y-energy),False
7.0,0.05,2,x*y+vx*vy (cross term),False
7.0,0.05,2,x*vy-y*vx (ang. momentum),False
0.0,0.05,3,x^2+vx^2 (x-energy),False
0.0,0.05,3,y^2+vy^2 (y-energy),False
0.0,0.05,3,x*y+vx*vy (cross term),False
0.0,0.05,3,x*vy-y*vx (ang. momentum),False
1.0,0.05,3,x^2+vx^2 (x-energy),False
1.0,0.05,3,y^2+vy^2 (y-energy),False
1.0,0.05,3,x*y+vx*vy (cross term),False
1.0,0.05,3,x*vy-y*vx (ang. momentum),False
1.5,0.05,3,x^2+vx^2 (x-energy),False
1.5,0.05,3,y^2+vy^2 (y-energy),False
1.5,0.05,3,x*y+vx*vy (cross term),False
1.5,0.05,3,x*vy-y*vx (ang. momentum),False
2.0,0.05,3,x^2+vx^2 (x-energy),False
2.0,0.05,3,y^2+vy^2 (y-energy),False
2.0,0.05,3,x*y+vx*vy (cross term),False
2.0,0.05,3,x*vy-y*vx (ang. momentum),False
2.5,0.05,3,x^2+vx^2 (x-energy),False
2.5,0.05,3,y^2+vy^2 (y-energy),False
2.5,0.05,3,x*y+vx*vy (cross term),False
2.5,0.05,3,x*vy-y*vx (ang. momentum),False
3.0,0.05,3,x^2+vx^2 (x-energy),False
3.0,0.05,3,y^2+vy^2 (y-energy),False
3.0,0.05,3,x*y+vx*vy (cross term),False
3.0,0.05,3,x*vy-y*vx (ang. momentum),False
3.5,0.05,3,x^2+vx^2 (x-energy),False
3.5,0.05,3,y^2+vy^2 (y-energy),False
3.5,0.05,3,x*y+vx*vy (cross term),False
3.5,0.05,3,x*vy-y*vx (ang. momentum),False
4.0,0.05,3,x^2+vx^2 (x-energy),False
4.0,0.05,3,y^2+vy^2 (y-energy),False
4.0,0.05,3,x*y+vx*vy (cross term),False
4.0,0.05,3,x*vy-y*vx (ang. momentum),False
5.0,0.05,3,x^2+vx^2 (x-energy),False
5.0,0.05,3,y^2+vy^2 (y-energy),False
5.0,0.05,3,x*y+vx*vy (cross term),False
5.0,0.05,3,x*vy-y*vx (ang. momentum),False
7.0,0.05,3,x^2+vx^2 (x-energy),False
7.0,0.05,3,y^2+vy^2 (y-energy),False
7.0,0.05,3,x*y+vx*vy (cross term),False
7.0,0.05,3,x*vy-y*vx (ang. momentum),False
0.0,0.05,4,x^2+vx^2 (x-energy),False
0.0,0.05,4,y^2+vy^2 (y-energy),False
0.0,0.05,4,x*y+vx*vy (cross term),False
0.0,0.05,4,x*vy-y*vx (ang. momentum),False
1.0,0.05,4,x^2+vx^2 (x-energy),False
1.0,0.05,4,y^2+vy^2 (y-energy),False
1.0,0.05,4,x*y+vx*vy (cross term),False
1.0,0.05,4,x*vy-y*vx (ang. momentum),False
1.5,0.05,4,x^2+vx^2 (x-energy),False
1.5,0.05,4,y^2+vy^2 (y-energy),False
1.5,0.05,4,x*y+vx*vy (cross term),False
1.5,0.05,4,x*vy-y*vx (ang. momentum),False
2.0,0.05,4,x^2+vx^2 (x-energy),False
2.0,0.05,4,y^2+vy^2 (y-energy),False
2.0,0.05,4,x*y+vx*vy (cross term),False
2.0,0.05,4,x*vy-y*vx (ang. momentum),False
2.5,0.05,4,x^2+vx^2 (x-energy),False
2.5,0.05,4,y^2+vy^2 (y-energy),False
2.5,0.05,4,x*y+vx*vy (cross term),False
2.5,0.05,4,x*vy-y*vx (ang. momentum),False
3.0,0.05,4,x^2+vx^2 (x-energy),False
3.0,0.05,4,y^2+vy^2 (y-energy),False
3.0,0.05,4,x*y+vx*vy (cross term),False
3.0,0.05,4,x*vy-y*vx (ang. momentum),False
3.5,0.05,4,x^2+vx^2 (x-energy),False
3.5,0.05,4,y^2+vy^2 (y-energy),False
3.5,0.05,4,x*y+vx*vy (cross term),False
3.5,0.05,4,x*vy-y*vx (ang. momentum),False
4.0,0.05,4,x^2+vx^2 (x-energy),False
4.0,0.05,4,y^2+vy^2 (y-energy),False
4.0,0.05,4,x*y+vx*vy (cross term),False
4.0,0.05,4,x*vy-y*vx (ang. momentum),False
5.0,0.05,4,x^2+vx^2 (x-energy),False
5.0,0.05,4,y^2+vy^2 (y-energy),False
5.0,0.05,4,x*y+vx*vy (cross term),False
5.0,0.05,4,x*vy-y*vx (ang. momentum),False
7.0,0.05,4,x^2+vx^2 (x-energy),False
7.0,0.05,4,y^2+vy^2 (y-energy),False
7.0,0.05,4,x*y+vx*vy (cross term),False
7.0,0.05,4,x*vy-y*vx (ang. momentum),False
0.0,0.05,5,x^2+vx^2 (x-energy),False
0.0,0.05,5,y^2+vy^2 (y-energy),False
0.0,0.05,5,x*y+vx*vy (cross term),False
0.0,0.05,5,x*vy-y*vx (ang. momentum),True
1.0,0.05,5,x^2+vx^2 (x-energy),False
1.0,0.05,5,y^2+vy^2 (y-energy),False
1.0,0.05,5,x*y+vx*vy (cross term),False
1.0,0.05,5,x*vy-y*vx (ang. momentum),False
1.5,0.05,5,x^2+vx^2 (x-energy),False
1.5,0.05,5,y^2+vy^2 (y-energy),False
1.5,0.05,5,x*y+vx*vy (cross term),False
1.5,0.05,5,x*vy-y*vx (ang. momentum),False
2.0,0.05,5,x^2+vx^2 (x-energy),False
2.0,0.05,5,y^2+vy^2 (y-energy),False
2.0,0.05,5,x*y+vx*vy (cross term),False
2.0,0.05,5,x*vy-y*vx (ang. momentum),False
2.5,0.05,5,x^2+vx^2 (x-energy),False
2.5,0.05,5,y^2+vy^2 (y-energy),False
2.5,0.05,5,x*y+vx*vy (cross term),False
2.5,0.05,5,x*vy-y*vx (ang. momentum),False
3.0,0.05,5,x^2+vx^2 (x-energy),False
3.0,0.05,5,y^2+vy^2 (y-energy),False
3.0,0.05,5,x*y+vx*vy (cross term),False
3.0,0.05,5,x*vy-y*vx (ang. momentum),False
3.5,0.05,5,x^2+vx^2 (x-energy),False
3.5,0.05,5,y^2+vy^2 (y-energy),False
3.5,0.05,5,x*y+vx*vy (cross term),False
3.5,0.05,5,x*vy-y*vx (ang. momentum),False
4.0,0.05,5,x^2+vx^2 (x-energy),False
4.0,0.05,5,y^2+vy^2 (y-energy),False
4.0,0.05,5,x*y+vx*vy (cross term),False
4.0,0.05,5,x*vy-y*vx (ang. momentum),False
5.0,0.05,5,x^2+vx^2 (x-energy),False
5.0,0.05,5,y^2+vy^2 (y-energy),False
5.0,0.05,5,x*y+vx*vy (cross term),False
5.0,0.05,5,x*vy-y*vx (ang. momentum),False
7.0,0.05,5,x^2+vx^2 (x-energy),False
7.0,0.05,5,y^2+vy^2 (y-energy),False
7.0,0.05,5,x*y+vx*vy (cross term),False
7.0,0.05,5,x*vy-y*vx (ang. momentum),False
0.0,0.05,6,x^2+vx^2 (x-energy),False
0.0,0.05,6,y^2+vy^2 (y-energy),False
0.0,0.05,6,x*y+vx*vy (cross term),False
0.0,0.05,6,x*vy-y*vx (ang. momentum),True
1.0,0.05,6,x^2+vx^2 (x-energy),False
1.0,0.05,6,y^2+vy^2 (y-energy),False
1.0,0.05,6,x*y+vx*vy (cross term),False
1.0,0.05,6,x*vy-y*vx (ang. momentum),False
1.5,0.05,6,x^2+vx^2 (x-energy),False
1.5,0.05,6,y^2+vy^2 (y-energy),False
1.5,0.05,6,x*y+vx*vy (cross term),False
1.5,0.05,6,x*vy-y*vx (ang. momentum),False
2.0,0.05,6,x^2+vx^2 (x-energy),False
2.0,0.05,6,y^2+vy^2 (y-energy),False
2.0,0.05,6,x*y+vx*vy (cross term),False
2.0,0.05,6,x*vy-y*vx (ang. momentum),False
2.5,0.05,6,x^2+vx^2 (x-energy),False
2.5,0.05,6,y^2+vy^2 (y-energy),False
2.5,0.05,6,x*y+vx*vy (cross term),False
2.5,0.05,6,x*vy-y*vx (ang. momentum),False
3.0,0.05,6,x^2+vx^2 (x-energy),False
3.0,0.05,6,y^2+vy^2 (y-energy),False
3.0,0.05,6,x*y+vx*vy (cross term),False
3.0,0.05,6,x*vy-y*vx (ang. momentum),False
3.5,0.05,6,x^2+vx^2 (x-energy),False
3.5,0.05,6,y^2+vy^2 (y-energy),False
3.5,0.05,6,x*y+vx*vy (cross term),False
3.5,0.05,6,x*vy-y*vx (ang. momentum),False
4.0,0.05,6,x^2+vx^2 (x-energy),False
4.0,0.05,6,y^2+vy^2 (y-energy),False
4.0,0.05,6,x*y+vx*vy (cross term),False
4.0,0.05,6,x*vy-y*vx (ang. momentum),False
5.0,0.05,6,x^2+vx^2 (x-energy),False
5.0,0.05,6,y^2+vy^2 (y-energy),False
5.0,0.05,6,x*y+vx*vy (cross term),False
5.0,0.05,6,x*vy-y*vx (ang. momentum),False
7.0,0.05,6,x^2+vx^2 (x-energy),False
7.0,0.05,6,y^2+vy^2 (y-energy),False
7.0,0.05,6,x*y+vx*vy (cross term),False
7.0,0.05,6,x*vy-y*vx (ang. momentum),False
0.0,0.05,7,x^2+vx^2 (x-energy),False
0.0,0.05,7,y^2+vy^2 (y-energy),False
0.0,0.05,7,x*y+vx*vy (cross term),False
0.0,0.05,7,x*vy-y*vx (ang. momentum),False
1.0,0.05,7,x^2+vx^2 (x-energy),False
1.0,0.05,7,y^2+vy^2 (y-energy),False
1.0,0.05,7,x*y+vx*vy (cross term),False
1.0,0.05,7,x*vy-y*vx (ang. momentum),False
1.5,0.05,7,x^2+vx^2 (x-energy),False
1.5,0.05,7,y^2+vy^2 (y-energy),False
1.5,0.05,7,x*y+vx*vy (cross term),False
1.5,0.05,7,x*vy-y*vx (ang. momentum),False
2.0,0.05,7,x^2+vx^2 (x-energy),False
2.0,0.05,7,y^2+vy^2 (y-energy),False
2.0,0.05,7,x*y+vx*vy (cross term),False
2.0,0.05,7,x*vy-y*vx (ang. momentum),False
2.5,0.05,7,x^2+vx^2 (x-energy),False
2.5,0.05,7,y^2+vy^2 (y-energy),False
2.5,0.05,7,x*y+vx*vy (cross term),False
2.5,0.05,7,x*vy-y*vx (ang. momentum),False
3.0,0.05,7,x^2+vx^2 (x-energy),False
3.0,0.05,7,y^2+vy^2 (y-energy),False
3.0,0.05,7,x*y+vx*vy (cross term),False
3.0,0.05,7,x*vy-y*vx (ang. momentum),False
3.5,0.05,7,x^2+vx^2 (x-energy),False
3.5,0.05,7,y^2+vy^2 (y-energy),False
3.5,0.05,7,x*y+vx*vy (cross term),False
3.5,0.05,7,x*vy-y*vx (ang. momentum),False
4.0,0.05,7,x^2+vx^2 (x-energy),False
4.0,0.05,7,y^2+vy^2 (y-energy),False
4.0,0.05,7,x*y+vx*vy (cross term),False
4.0,0.05,7,x*vy-y*vx (ang. momentum),False
5.0,0.05,7,x^2+vx^2 (x-energy),False
5.0,0.05,7,y^2+vy^2 (y-energy),False
5.0,0.05,7,x*y+vx*vy (cross term),False
5.0,0.05,7,x*vy-y*vx (ang. momentum),False
7.0,0.05,7,x^2+vx^2 (x-energy),False
7.0,0.05,7,y^2+vy^2 (y-energy),False
7.0,0.05,7,x*y+vx*vy (cross term),False
7.0,0.05,7,x*vy-y*vx (ang. momentum),False
0.0,0.05,8,x^2+vx^2 (x-energy),False
0.0,0.05,8,y^2+vy^2 (y-energy),False
0.0,0.05,8,x*y+vx*vy (cross term),False
0.0,0.05,8,x*vy-y*vx (ang. momentum),False
1.0,0.05,8,x^2+vx^2 (x-energy),False
1.0,0.05,8,y^2+vy^2 (y-energy),False
1.0,0.05,8,x*y+vx*vy (cross term),False
1.0,0.05,8,x*vy-y*vx (ang. momentum),False
1.5,0.05,8,x^2+vx^2 (x-energy),False
1.5,0.05,8,y^2+vy^2 (y-energy),False
1.5,0.05,8,x*y+vx*vy (cross term),False
1.5,0.05,8,x*vy-y*vx (ang. momentum),False
2.0,0.05,8,x^2+vx^2 (x-energy),False
2.0,0.05,8,y^2+vy^2 (y-energy),False
2.0,0.05,8,x*y+vx*vy (cross term),False
2.0,0.05,8,x*vy-y*vx (ang. momentum),False
2.5,0.05,8,x^2+vx^2 (x-energy),False
2.5,0.05,8,y^2+vy^2 (y-energy),False
2.5,0.05,8,x*y+vx*vy (cross term),False
2.5,0.05,8,x*vy-y*vx (ang. momentum),False
3.0,0.05,8,x^2+vx^2 (x-energy),False
3.0,0.05,8,y^2+vy^2 (y-energy),False
3.0,0.05,8,x*y+vx*vy (cross term),False
3.0,0.05,8,x*vy-y*vx (ang. momentum),False
3.5,0.05,8,x^2+vx^2 (x-energy),False
3.5,0.05,8,y^2+vy^2 (y-energy),False
3.5,0.05,8,x*y+vx*vy (cross term),False
3.5,0.05,8,x*vy-y*vx (ang. momentum),False
4.0,0.05,8,x^2+vx^2 (x-energy),False
4.0,0.05,8,y^2+vy^2 (y-energy),False
4.0,0.05,8,x*y+vx*vy (cross term),False
4.0,0.05,8,x*vy-y*vx (ang. momentum),False
5.0,0.05,8,x^2+vx^2 (x-energy),False
5.0,0.05,8,y^2+vy^2 (y-energy),False
5.0,0.05,8,x*y+vx*vy (cross term),False
5.0,0.05,8,x*vy-y*vx (ang. momentum),False
7.0,0.05,8,x^2+vx^2 (x-energy),False
7.0,0.05,8,y^2+vy^2 (y-energy),False
7.0,0.05,8,x*y+vx*vy (cross term),False
7.0,0.05,8,x*vy-y*vx (ang. momentum),False
0.0,0.05,9,x^2+vx^2 (x-energy),False
0.0,0.05,9,y^2+vy^2 (y-energy),False
0.0,0.05,9,x*y+vx*vy (cross term),False
0.0,0.05,9,x*vy-y*vx (ang. momentum),False
1.0,0.05,9,x^2+vx^2 (x-energy),False
1.0,0.05,9,y^2+vy^2 (y-energy),False
1.0,0.05,9,x*y+vx*vy (cross term),False
1.0,0.05,9,x*vy-y*vx (ang. momentum),False
1.5,0.05,9,x^2+vx^2 (x-energy),False
1.5,0.05,9,y^2+vy^2 (y-energy),False
1.5,0.05,9,x*y+vx*vy (cross term),False
1.5,0.05,9,x*vy-y*vx (ang. momentum),False
2.0,0.05,9,x^2+vx^2 (x-energy),False
2.0,0.05,9,y^2+vy^2 (y-energy),False
2.0,0.05,9,x*y+vx*vy (cross term),False
2.0,0.05,9,x*vy-y*vx (ang. momentum),False
2.5,0.05,9,x^2+vx^2 (x-energy),False
2.5,0.05,9,y^2+vy^2 (y-energy),False
2.5,0.05,9,x*y+vx*vy (cross term),False
2.5,0.05,9,x*vy-y*vx (ang. momentum),False
3.0,0.05,9,x^2+vx^2 (x-energy),False
3.0,0.05,9,y^2+vy^2 (y-energy),False
3.0,0.05,9,x*y+vx*vy (cross term),False
3.0,0.05,9,x*vy-y*vx (ang. momentum),False
3.5,0.05,9,x^2+vx^2 (x-energy),False
3.5,0.05,9,y^2+vy^2 (y-energy),False
3.5,0.05,9,x*y+vx*vy (cross term),False
3.5,0.05,9,x*vy-y*vx (ang. momentum),False
4.0,0.05,9,x^2+vx^2 (x-energy),False
4.0,0.05,9,y^2+vy^2 (y-energy),False
4.0,0.05,9,x*y+vx*vy (cross term),False
4.0,0.05,9,x*vy-y*vx (ang. momentum),False
5.0,0.05,9,x^2+vx^2 (x-energy),False
5.0,0.05,9,y^2+vy^2 (y-energy),False
5.0,0.05,9,x*y+vx*vy (cross term),False
5.0,0.05,9,x*vy-y*vx (ang. momentum),False
7.0,0.05,9,x^2+vx^2 (x-energy),False
7.0,0.05,9,y^2+vy^2 (y-energy),False
7.0,0.05,9,x*y+vx*vy (cross term),False
7.0,0.05,9,x*vy-y*vx (ang. momentum),False
0.0,0.05,10,x^2+vx^2 (x-energy),False
0.0,0.05,10,y^2+vy^2 (y-energy),False
0.0,0.05,10,x*y+vx*vy (cross term),False
0.0,0.05,10,x*vy-y*vx (ang. momentum),False
1.0,0.05,10,x^2+vx^2 (x-energy),False
1.0,0.05,10,y^2+vy^2 (y-energy),False
1.0,0.05,10,x*y+vx*vy (cross term),False
1.0,0.05,10,x*vy-y*vx (ang. momentum),False
1.5,0.05,10,x^2+vx^2 (x-energy),False
1.5,0.05,10,y^2+vy^2 (y-energy),False
1.5,0.05,10,x*y+vx*vy (cross term),False
1.5,0.05,10,x*vy-y*vx (ang. momentum),False
2.0,0.05,10,x^2+vx^2 (x-energy),False
2.0,0.05,10,y^2+vy^2 (y-energy),False
2.0,0.05,10,x*y+vx*vy (cross term),False
2.0,0.05,10,x*vy-y*vx (ang. momentum),False
2.5,0.05,10,x^2+vx^2 (x-energy),False
2.5,0.05,10,y^2+vy^2 (y-energy),False
2.5,0.05,10,x*y+vx*vy (cross term),False
2.5,0.05,10,x*vy-y*vx (ang. momentum),False
3.0,0.05,10,x^2+vx^2 (x-energy),False
3.0,0.05,10,y^2+vy^2 (y-energy),False
3.0,0.05,10,x*y+vx*vy (cross term),False
3.0,0.05,10,x*vy-y*vx (ang. momentum),False
3.5,0.05,10,x^2+vx^2 (x-energy),False
3.5,0.05,10,y^2+vy^2 (y-energy),False
3.5,0.05,10,x*y+vx*vy (cross term),False
3.5,0.05,10,x*vy-y*vx (ang. momentum),False
4.0,0.05,10,x^2+vx^2 (x-energy),False
4.0,0.05,10,y^2+vy^2 (y-energy),False
4.0,0.05,10,x*y+vx*vy (cross term),False
4.0,0.05,10,x*vy-y*vx (ang. momentum),False
5.0,0.05,10,x^2+vx^2 (x-energy),False
5.0,0.05,10,y^2+vy^2 (y-energy),False
5.0,0.05,10,x*y+vx*vy (cross term),False
5.0,0.05,10,x*vy-y*vx (ang. momentum),False
7.0,0.05,10,x^2+vx^2 (x-energy),False
7.0,0.05,10,y^2+vy^2 (y-energy),False
7.0,0.05,10,x*y+vx*vy (cross term),False
7.0,0.05,10,x*vy-y*vx (ang. momentum),False
0.0,0.05,11,x^2+vx^2 (x-energy),False
0.0,0.05,11,y^2+vy^2 (y-energy),False
0.0,0.05,11,x*y+vx*vy (cross term),False
0.0,0.05,11,x*vy-y*vx (ang. momentum),False
1.0,0.05,11,x^2+vx^2 (x-energy),False
1.0,0.05,11,y^2+vy^2 (y-energy),False
1.0,0.05,11,x*y+vx*vy (cross term),False
1.0,0.05,11,x*vy-y*vx (ang. momentum),False
1.5,0.05,11,x^2+vx^2 (x-energy),False
1.5,0.05,11,y^2+vy^2 (y-energy),False
1.5,0.05,11,x*y+vx*vy (cross term),False
1.5,0.05,11,x*vy-y*vx (ang. momentum),False
2.0,0.05,11,x^2+vx^2 (x-energy),False
2.0,0.05,11,y^2+vy^2 (y-energy),False
2.0,0.05,11,x*y+vx*vy (cross term),False
2.0,0.05,11,x*vy-y*vx (ang. momentum),False
2.5,0.05,11,x^2+vx^2 (x-energy),False
2.5,0.05,11,y^2+vy^2 (y-energy),False
2.5,0.05,11,x*y+vx*vy (cross term),False
2.5,0.05,11,x*vy-y*vx (ang. momentum),False
3.0,0.05,11,x^2+vx^2 (x-energy),False
3.0,0.05,11,y^2+vy^2 (y-energy),False
3.0,0.05,11,x*y+vx*vy (cross term),False
3.0,0.05,11,x*vy-y*vx (ang. momentum),False
3.5,0.05,11,x^2+vx^2 (x-energy),False
3.5,0.05,11,y^2+vy^2 (y-energy),False
3.5,0.05,11,x*y+vx*vy (cross term),False
3.5,0.05,11,x*vy-y*vx (ang. momentum),False
4.0,0.05,11,x^2+vx^2 (x-energy),False
4.0,0.05,11,y^2+vy^2 (y-energy),False
4.0,0.05,11,x*y+vx*vy (cross term),False
4.0,0.05,11,x*vy-y*vx (ang. momentum),False
5.0,0.05,11,x^2+vx^2 (x-energy),False
5.0,0.05,11,y^2+vy^2 (y-energy),False
5.0,0.05,11,x*y+vx*vy (cross term),False
5.0,0.05,11,x*vy-y*vx (ang. momentum),False
7.0,0.05,11,x^2+vx^2 (x-energy),False
7.0,0.05,11,y^2+vy^2 (y-energy),False
7.0,0.05,11,x*y+vx*vy (cross term),False
7.0,0.05,11,x*vy-y*vx (ang. momentum),False
0.0,0.05,12,x^2+vx^2 (x-energy),False
0.0,0.05,12,y^2+vy^2 (y-energy),False
0.0,0.05,12,x*y+vx*vy (cross term),True
0.0,0.05,12,x*vy-y*vx (ang. momentum),False
1.0,0.05,12,x^2+vx^2 (x-energy),False
1.0,0.05,12,y^2+vy^2 (y-energy),False
1.0,0.05,12,x*y+vx*vy (cross term),False
1.0,0.05,12,x*vy-y*vx (ang. momentum),False
1.5,0.05,12,x^2+vx^2 (x-energy),False
1.5,0.05,12,y^2+vy^2 (y-energy),False
1.5,0.05,12,x*y+vx*vy (cross term),False
1.5,0.05,12,x*vy-y*vx (ang. momentum),False
2.0,0.05,12,x^2+vx^2 (x-energy),False
2.0,0.05,12,y^2+vy^2 (y-energy),False
2.0,0.05,12,x*y+vx*vy (cross term),False
2.0,0.05,12,x*vy-y*vx (ang. momentum),False
2.5,0.05,12,x^2+vx^2 (x-energy),False
2.5,0.05,12,y^2+vy^2 (y-energy),False
2.5,0.05,12,x*y+vx*vy (cross term),False
2.5,0.05,12,x*vy-y*vx (ang. momentum),False
3.0,0.05,12,x^2+vx^2 (x-energy),False
3.0,0.05,12,y^2+vy^2 (y-energy),False
3.0,0.05,12,x*y+vx*vy (cross term),False
3.0,0.05,12,x*vy-y*vx (ang. momentum),False
3.5,0.05,12,x^2+vx^2 (x-energy),False
3.5,0.05,12,y^2+vy^2 (y-energy),False
3.5,0.05,12,x*y+vx*vy (cross term),False
3.5,0.05,12,x*vy-y*vx (ang. momentum),False
4.0,0.05,12,x^2+vx^2 (x-energy),False
4.0,0.05,12,y^2+vy^2 (y-energy),False
4.0,0.05,12,x*y+vx*vy (cross term),False
4.0,0.05,12,x*vy-y*vx (ang. momentum),False
5.0,0.05,12,x^2+vx^2 (x-energy),False
5.0,0.05,12,y^2+vy^2 (y-energy),False
5.0,0.05,12,x*y+vx*vy (cross term),False
5.0,0.05,12,x*vy-y*vx (ang. momentum),False
7.0,0.05,12,x^2+vx^2 (x-energy),False
7.0,0.05,12,y^2+vy^2 (y-energy),False
7.0,0.05,12,x*y+vx*vy (cross term),False
7.0,0.05,12,x*vy-y*vx (ang. momentum),False
0.0,0.05,13,x^2+vx^2 (x-energy),False
0.0,0.05,13,y^2+vy^2 (y-energy),False
0.0,0.05,13,x*y+vx*vy (cross term),False
0.0,0.05,13,x*vy-y*vx (ang. momentum),False
1.0,0.05,13,x^2+vx^2 (x-energy),False
1.0,0.05,13,y^2+vy^2 (y-energy),False
1.0,0.05,13,x*y+vx*vy (cross term),False
1.0,0.05,13,x*vy-y*vx (ang. momentum),False
1.5,0.05,13,x^2+vx^2 (x-energy),False
1.5,0.05,13,y^2+vy^2 (y-energy),False
1.5,0.05,13,x*y+vx*vy (cross term),False
1.5,0.05,13,x*vy-y*vx (ang. momentum),False
2.0,0.05,13,x^2+vx^2 (x-energy),False
2.0,0.05,13,y^2+vy^2 (y-energy),False
2.0,0.05,13,x*y+vx*vy (cross term),False
2.0,0.05,13,x*vy-y*vx (ang. momentum),False
2.5,0.05,13,x^2+vx^2 (x-energy),False
2.5,0.05,13,y^2+vy^2 (y-energy),False
2.5,0.05,13,x*y+vx*vy (cross term),False
2.5,0.05,13,x*vy-y*vx (ang. momentum),False
3.0,0.05,13,x^2+vx^2 (x-energy),False
3.0,0.05,13,y^2+vy^2 (y-energy),False
3.0,0.05,13,x*y+vx*vy (cross term),False
3.0,0.05,13,x*vy-y*vx (ang. momentum),False
3.5,0.05,13,x^2+vx^2 (x-energy),False
3.5,0.05,13,y^2+vy^2 (y-energy),False
3.5,0.05,13,x*y+vx*vy (cross term),False
3.5,0.05,13,x*vy-y*vx (ang. momentum),False
4.0,0.05,13,x^2+vx^2 (x-energy),False
4.0,0.05,13,y^2+vy^2 (y-energy),False
4.0,0.05,13,x*y+vx*vy (cross term),False
4.0,0.05,13,x*vy-y*vx (ang. momentum),False
5.0,0.05,13,x^2+vx^2 (x-energy),False
5.0,0.05,13,y^2+vy^2 (y-energy),False
5.0,0.05,13,x*y+vx*vy (cross term),False
5.0,0.05,13,x*vy-y*vx (ang. momentum),False
7.0,0.05,13,x^2+vx^2 (x-energy),False
7.0,0.05,13,y^2+vy^2 (y-energy),False
7.0,0.05,13,x*y+vx*vy (cross term),False
7.0,0.05,13,x*vy-y*vx (ang. momentum),False
0.0,0.05,14,x^2+vx^2 (x-energy),False
0.0,0.05,14,y^2+vy^2 (y-energy),False
0.0,0.05,14,x*y+vx*vy (cross term),False
0.0,0.05,14,x*vy-y*vx (ang. momentum),False
1.0,0.05,14,x^2+vx^2 (x-energy),False
1.0,0.05,14,y^2+vy^2 (y-energy),False
1.0,0.05,14,x*y+vx*vy (cross term),False
1.0,0.05,14,x*vy-y*vx (ang. momentum),False
1.5,0.05,14,x^2+vx^2 (x-energy),False
1.5,0.05,14,y^2+vy^2 (y-energy),False
1.5,0.05,14,x*y+vx*vy (cross term),False
1.5,0.05,14,x*vy-y*vx (ang. momentum),False
2.0,0.05,14,x^2+vx^2 (x-energy),False
2.0,0.05,14,y^2+vy^2 (y-energy),False
2.0,0.05,14,x*y+vx*vy (cross term),False
2.0,0.05,14,x*vy-y*vx (ang. momentum),False
2.5,0.05,14,x^2+vx^2 (x-energy),False
2.5,0.05,14,y^2+vy^2 (y-energy),False
2.5,0.05,14,x*y+vx*vy (cross term),False
2.5,0.05,14,x*vy-y*vx (ang. momentum),False
3.0,0.05,14,x^2+vx^2 (x-energy),False
3.0,0.05,14,y^2+vy^2 (y-energy),False
3.0,0.05,14,x*y+vx*vy (cross term),False
3.0,0.05,14,x*vy-y*vx (ang. momentum),False
3.5,0.05,14,x^2+vx^2 (x-energy),False
3.5,0.05,14,y^2+vy^2 (y-energy),False
3.5,0.05,14,x*y+vx*vy (cross term),False
3.5,0.05,14,x*vy-y*vx (ang. momentum),False
4.0,0.05,14,x^2+vx^2 (x-energy),False
4.0,0.05,14,y^2+vy^2 (y-energy),False
4.0,0.05,14,x*y+vx*vy (cross term),False
4.0,0.05,14,x*vy-y*vx (ang. momentum),False
5.0,0.05,14,x^2+vx^2 (x-energy),False
5.0,0.05,14,y^2+vy^2 (y-energy),False
5.0,0.05,14,x*y+vx*vy (cross term),False
5.0,0.05,14,x*vy-y*vx (ang. momentum),False
7.0,0.05,14,x^2+vx^2 (x-energy),False
7.0,0.05,14,y^2+vy^2 (y-energy),False
7.0,0.05,14,x*y+vx*vy (cross term),False
7.0,0.05,14,x*vy-y*vx (ang. momentum),False
0.0,0.05,15,x^2+vx^2 (x-energy),False
0.0,0.05,15,y^2+vy^2 (y-energy),False
0.0,0.05,15,x*y+vx*vy (cross term),False
0.0,0.05,15,x*vy-y*vx (ang. momentum),True
1.0,0.05,15,x^2+vx^2 (x-energy),False
1.0,0.05,15,y^2+vy^2 (y-energy),False
1.0,0.05,15,x*y+vx*vy (cross term),False
1.0,0.05,15,x*vy-y*vx (ang. momentum),False
1.5,0.05,15,x^2+vx^2 (x-energy),False
1.5,0.05,15,y^2+vy^2 (y-energy),False
1.5,0.05,15,x*y+vx*vy (cross term),False
1.5,0.05,15,x*vy-y*vx (ang. momentum),False
2.0,0.05,15,x^2+vx^2 (x-energy),False
2.0,0.05,15,y^2+vy^2 (y-energy),False
2.0,0.05,15,x*y+vx*vy (cross term),False
2.0,0.05,15,x*vy-y*vx (ang. momentum),False
2.5,0.05,15,x^2+vx^2 (x-energy),False
2.5,0.05,15,y^2+vy^2 (y-energy),False
2.5,0.05,15,x*y+vx*vy (cross term),False
2.5,0.05,15,x*vy-y*vx (ang. momentum),False
3.0,0.05,15,x^2+vx^2 (x-energy),False
3.0,0.05,15,y^2+vy^2 (y-energy),False
3.0,0.05,15,x*y+vx*vy (cross term),False
3.0,0.05,15,x*vy-y*vx (ang. momentum),False
3.5,0.05,15,x^2+vx^2 (x-energy),False
3.5,0.05,15,y^2+vy^2 (y-energy),False
3.5,0.05,15,x*y+vx*vy (cross term),False
3.5,0.05,15,x*vy-y*vx (ang. momentum),False
4.0,0.05,15,x^2+vx^2 (x-energy),False
4.0,0.05,15,y^2+vy^2 (y-energy),False
4.0,0.05,15,x*y+vx*vy (cross term),False
4.0,0.05,15,x*vy-y*vx (ang. momentum),False
5.0,0.05,15,x^2+vx^2 (x-energy),False
5.0,0.05,15,y^2+vy^2 (y-energy),False
5.0,0.05,15,x*y+vx*vy (cross term),False
5.0,0.05,15,x*vy-y*vx (ang. momentum),False
7.0,0.05,15,x^2+vx^2 (x-energy),False
7.0,0.05,15,y^2+vy^2 (y-energy),False
7.0,0.05,15,x*y+vx*vy (cross term),False
7.0,0.05,15,x*vy-y*vx (ang. momentum),False
0.0,0.05,16,x^2+vx^2 (x-energy),False
0.0,0.05,16,y^2+vy^2 (y-energy),False
0.0,0.05,16,x*y+vx*vy (cross term),False
0.0,0.05,16,x*vy-y*vx (ang. momentum),True
1.0,0.05,16,x^2+vx^2 (x-energy),False
1.0,0.05,16,y^2+vy^2 (y-energy),False
1.0,0.05,16,x*y+vx*vy (cross term),False
1.0,0.05,16,x*vy-y*vx (ang. momentum),False
1.5,0.05,16,x^2+vx^2 (x-energy),False
1.5,0.05,16,y^2+vy^2 (y-energy),False
1.5,0.05,16,x*y+vx*vy (cross term),False
1.5,0.05,16,x*vy-y*vx (ang. momentum),False
2.0,0.05,16,x^2+vx^2 (x-energy),False
2.0,0.05,16,y^2+vy^2 (y-energy),False
2.0,0.05,16,x*y+vx*vy (cross term),False
2.0,0.05,16,x*vy-y*vx (ang. momentum),False
2.5,0.05,16,x^2+vx^2 (x-energy),False
2.5,0.05,16,y^2+vy^2 (y-energy),False
2.5,0.05,16,x*y+vx*vy (cross term),False
2.5,0.05,16,x*vy-y*vx (ang. momentum),False
3.0,0.05,16,x^2+vx^2 (x-energy),False
3.0,0.05,16,y^2+vy^2 (y-energy),False
3.0,0.05,16,x*y+vx*vy (cross term),False
3.0,0.05,16,x*vy-y*vx (ang. momentum),False
3.5,0.05,16,x^2+vx^2 (x-energy),False
3.5,0.05,16,y^2+vy^2 (y-energy),False
3.5,0.05,16,x*y+vx*vy (cross term),False
3.5,0.05,16,x*vy-y*vx (ang. momentum),False
4.0,0.05,16,x^2+vx^2 (x-energy),False
4.0,0.05,16,y^2+vy^2 (y-energy),False
4.0,0.05,16,x*y+vx*vy (cross term),False
4.0,0.05,16,x*vy-y*vx (ang. momentum),False
5.0,0.05,16,x^2+vx^2 (x-energy),False
5.0,0.05,16,y^2+vy^2 (y-energy),False
5.0,0.05,16,x*y+vx*vy (cross term),False
5.0,0.05,16,x*vy-y*vx (ang. momentum),False
7.0,0.05,16,x^2+vx^2 (x-energy),False
7.0,0.05,16,y^2+vy^2 (y-energy),False
7.0,0.05,16,x*y+vx*vy (cross term),False
7.0,0.05,16,x*vy-y*vx (ang. momentum),False
0.0,0.05,17,x^2+vx^2 (x-energy),False
0.0,0.05,17,y^2+vy^2 (y-energy),False
0.0,0.05,17,x*y+vx*vy (cross term),True
0.0,0.05,17,x*vy-y*vx (ang. momentum),False
1.0,0.05,17,x^2+vx^2 (x-energy),False
1.0,0.05,17,y^2+vy^2 (y-energy),False
1.0,0.05,17,x*y+vx*vy (cross term),False
1.0,0.05,17,x*vy-y*vx (ang. momentum),False
1.5,0.05,17,x^2+vx^2 (x-energy),False
1.5,0.05,17,y^2+vy^2 (y-energy),False
1.5,0.05,17,x*y+vx*vy (cross term),False
1.5,0.05,17,x*vy-y*vx (ang. momentum),False
2.0,0.05,17,x^2+vx^2 (x-energy),False
2.0,0.05,17,y^2+vy^2 (y-energy),False
2.0,0.05,17,x*y+vx*vy (cross term),False
2.0,0.05,17,x*vy-y*vx (ang. momentum),False
2.5,0.05,17,x^2+vx^2 (x-energy),False
2.5,0.05,17,y^2+vy^2 (y-energy),False
2.5,0.05,17,x*y+vx*vy (cross term),False
2.5,0.05,17,x*vy-y*vx (ang. momentum),False
3.0,0.05,17,x^2+vx^2 (x-energy),False
3.0,0.05,17,y^2+vy^2 (y-energy),False
3.0,0.05,17,x*y+vx*vy (cross term),False
3.0,0.05,17,x*vy-y*vx (ang. momentum),False
3.5,0.05,17,x^2+vx^2 (x-energy),False
3.5,0.05,17,y^2+vy^2 (y-energy),False
3.5,0.05,17,x*y+vx*vy (cross term),False
3.5,0.05,17,x*vy-y*vx (ang. momentum),False
4.0,0.05,17,x^2+vx^2 (x-energy),False
4.0,0.05,17,y^2+vy^2 (y-energy),False
4.0,0.05,17,x*y+vx*vy (cross term),False
4.0,0.05,17,x*vy-y*vx (ang. momentum),False
5.0,0.05,17,x^2+vx^2 (x-energy),False
5.0,0.05,17,y^2+vy^2 (y-energy),False
5.0,0.05,17,x*y+vx*vy (cross term),False
5.0,0.05,17,x*vy-y*vx (ang. momentum),False
7.0,0.05,17,x^2+vx^2 (x-energy),False
7.0,0.05,17,y^2+vy^2 (y-energy),False
7.0,0.05,17,x*y+vx*vy (cross term),False
7.0,0.05,17,x*vy-y*vx (ang. momentum),False
0.0,0.05,18,x^2+vx^2 (x-energy),False
0.0,0.05,18,y^2+vy^2 (y-energy),False
0.0,0.05,18,x*y+vx*vy (cross term),False
0.0,0.05,18,x*vy-y*vx (ang. momentum),False
1.0,0.05,18,x^2+vx^2 (x-energy),False
1.0,0.05,18,y^2+vy^2 (y-energy),False
1.0,0.05,18,x*y+vx*vy (cross term),False
1.0,0.05,18,x*vy-y*vx (ang. momentum),False
1.5,0.05,18,x^2+vx^2 (x-energy),False
1.5,0.05,18,y^2+vy^2 (y-energy),False
1.5,0.05,18,x*y+vx*vy (cross term),False
1.5,0.05,18,x*vy-y*vx (ang. momentum),False
2.0,0.05,18,x^2+vx^2 (x-energy),False
2.0,0.05,18,y^2+vy^2 (y-energy),False
2.0,0.05,18,x*y+vx*vy (cross term),False
2.0,0.05,18,x*vy-y*vx (ang. momentum),False
2.5,0.05,18,x^2+vx^2 (x-energy),False
2.5,0.05,18,y^2+vy^2 (y-energy),False
2.5,0.05,18,x*y+vx*vy (cross term),False
2.5,0.05,18,x*vy-y*vx (ang. momentum),False
3.0,0.05,18,x^2+vx^2 (x-energy),False
3.0,0.05,18,y^2+vy^2 (y-energy),False
3.0,0.05,18,x*y+vx*vy (cross term),False
3.0,0.05,18,x*vy-y*vx (ang. momentum),False
3.5,0.05,18,x^2+vx^2 (x-energy),False
3.5,0.05,18,y^2+vy^2 (y-energy),False
3.5,0.05,18,x*y+vx*vy (cross term),False
3.5,0.05,18,x*vy-y*vx (ang. momentum),False
4.0,0.05,18,x^2+vx^2 (x-energy),False
4.0,0.05,18,y^2+vy^2 (y-energy),False
4.0,0.05,18,x*y+vx*vy (cross term),False
4.0,0.05,18,x*vy-y*vx (ang. momentum),False
5.0,0.05,18,x^2+vx^2 (x-energy),False
5.0,0.05,18,y^2+vy^2 (y-energy),False
5.0,0.05,18,x*y+vx*vy (cross term),False
5.0,0.05,18,x*vy-y*vx (ang. momentum),False
7.0,0.05,18,x^2+vx^2 (x-energy),False
7.0,0.05,18,y^2+vy^2 (y-energy),False
7.0,0.05,18,x*y+vx*vy (cross term),False
7.0,0.05,18,x*vy-y*vx (ang. momentum),False
0.0,0.05,19,x^2+vx^2 (x-energy),False
0.0,0.05,19,y^2+vy^2 (y-energy),False
0.0,0.05,19,x*y+vx*vy (cross term),False
0.0,0.05,19,x*vy-y*vx (ang. momentum),True
1.0,0.05,19,x^2+vx^2 (x-energy),False
1.0,0.05,19,y^2+vy^2 (y-energy),False
1.0,0.05,19,x*y+vx*vy (cross term),False
1.0,0.05,19,x*vy-y*vx (ang. momentum),False
1.5,0.05,19,x^2+vx^2 (x-energy),False
1.5,0.05,19,y^2+vy^2 (y-energy),False
1.5,0.05,19,x*y+vx*vy (cross term),False
1.5,0.05,19,x*vy-y*vx (ang. momentum),False
2.0,0.05,19,x^2+vx^2 (x-energy),False
2.0,0.05,19,y^2+vy^2 (y-energy),False
2.0,0.05,19,x*y+vx*vy (cross term),False
2.0,0.05,19,x*vy-y*vx (ang. momentum),False
2.5,0.05,19,x^2+vx^2 (x-energy),False
2.5,0.05,19,y^2+vy^2 (y-energy),False
2.5,0.05,19,x*y+vx*vy (cross term),False
2.5,0.05,19,x*vy-y*vx (ang. momentum),False
3.0,0.05,19,x^2+vx^2 (x-energy),False
3.0,0.05,19,y^2+vy^2 (y-energy),False
3.0,0.05,19,x*y+vx*vy (cross term),False
3.0,0.05,19,x*vy-y*vx (ang. momentum),False
3.5,0.05,19,x^2+vx^2 (x-energy),False
3.5,0.05,19,y^2+vy^2 (y-energy),False
3.5,0.05,19,x*y+vx*vy (cross term),False
3.5,0.05,19,x*vy-y*vx (ang. momentum),False
4.0,0.05,19,x^2+vx^2 (x-energy),False
4.0,0.05,19,y^2+vy^2 (y-energy),False
4.0,0.05,19,x*y+vx*vy (cross term),False
4.0,0.05,19,x*vy-y*vx (ang. momentum),False
5.0,0.05,19,x^2+vx^2 (x-energy),False
5.0,0.05,19,y^2+vy^2 (y-energy),False
5.0,0.05,19,x*y+vx*vy (cross term),False
5.0,0.05,19,x*vy-y*vx (ang. momentum),False
7.0,0.05,19,x^2+vx^2 (x-energy),False
7.0,0.05,19,y^2+vy^2 (y-energy),False
7.0,0.05,19,x*y+vx*vy (cross term),False
7.0,0.05,19,x*vy-y*vx (ang. momentum),False
0.0,0.05,20,x^2+vx^2 (x-energy),False
0.0,0.05,20,y^2+vy^2 (y-energy),False
0.0,0.05,20,x*y+vx*vy (cross term),False
0.0,0.05,20,x*vy-y*vx (ang. momentum),False
1.0,0.05,20,x^2+vx^2 (x-energy),False
1.0,0.05,20,y^2+vy^2 (y-energy),False
1.0,0.05,20,x*y+vx*vy (cross term),False
1.0,0.05,20,x*vy-y*vx (ang. momentum),False
1.5,0.05,20,x^2+vx^2 (x-energy),False
1.5,0.05,20,y^2+vy^2 (y-energy),False
1.5,0.05,20,x*y+vx*vy (cross term),False
1.5,0.05,20,x*vy-y*vx (ang. momentum),False
2.0,0.05,20,x^2+vx^2 (x-energy),False
2.0,0.05,20,y^2+vy^2 (y-energy),False
2.0,0.05,20,x*y+vx*vy (cross term),False
2.0,0.05,20,x*vy-y*vx (ang. momentum),False
2.5,0.05,20,x^2+vx^2 (x-energy),False
2.5,0.05,20,y^2+vy^2 (y-energy),False
2.5,0.05,20,x*y+vx*vy (cross term),False
2.5,0.05,20,x*vy-y*vx (ang. momentum),False
3.0,0.05,20,x^2+vx^2 (x-energy),False
3.0,0.05,20,y^2+vy^2 (y-energy),False
3.0,0.05,20,x*y+vx*vy (cross term),False
3.0,0.05,20,x*vy-y*vx (ang. momentum),False
3.5,0.05,20,x^2+vx^2 (x-energy),False
3.5,0.05,20,y^2+vy^2 (y-energy),False
3.5,0.05,20,x*y+vx*vy (cross term),False
3.5,0.05,20,x*vy-y*vx (ang. momentum),False
4.0,0.05,20,x^2+vx^2 (x-energy),False
4.0,0.05,20,y^2+vy^2 (y-energy),False
4.0,0.05,20,x*y+vx*vy (cross term),False
4.0,0.05,20,x*vy-y*vx (ang. momentum),False
5.0,0.05,20,x^2+vx^2 (x-energy),False
5.0,0.05,20,y^2+vy^2 (y-energy),False
5.0,0.05,20,x*y+vx*vy (cross term),False
5.0,0.05,20,x*vy-y*vx (ang. momentum),False
7.0,0.05,20,x^2+vx^2 (x-energy),False
7.0,0.05,20,y^2+vy^2 (y-energy),False
7.0,0.05,20,x*y+vx*vy (cross term),False
7.0,0.05,20,x*vy-y*vx (ang. momentum),False
0.0,0.05,21,x^2+vx^2 (x-energy),False
0.0,0.05,21,y^2+vy^2 (y-energy),False
0.0,0.05,21,x*y+vx*vy (cross term),False
0.0,0.05,21,x*vy-y*vx (ang. momentum),False
1.0,0.05,21,x^2+vx^2 (x-energy),False
1.0,0.05,21,y^2+vy^2 (y-energy),False
1.0,0.05,21,x*y+vx*vy (cross term),False
1.0,0.05,21,x*vy-y*vx (ang. momentum),False
1.5,0.05,21,x^2+vx^2 (x-energy),False
1.5,0.05,21,y^2+vy^2 (y-energy),False
1.5,0.05,21,x*y+vx*vy (cross term),False
1.5,0.05,21,x*vy-y*vx (ang. momentum),False
2.0,0.05,21,x^2+vx^2 (x-energy),False
2.0,0.05,21,y^2+vy^2 (y-energy),False
2.0,0.05,21,x*y+vx*vy (cross term),False
2.0,0.05,21,x*vy-y*vx (ang. momentum),False
2.5,0.05,21,x^2+vx^2 (x-energy),False
2.5,0.05,21,y^2+vy^2 (y-energy),False
2.5,0.05,21,x*y+vx*vy (cross term),False
2.5,0.05,21,x*vy-y*vx (ang. momentum),False
3.0,0.05,21,x^2+vx^2 (x-energy),False
3.0,0.05,21,y^2+vy^2 (y-energy),False
3.0,0.05,21,x*y+vx*vy (cross term),False
3.0,0.05,21,x*vy-y*vx (ang. momentum),False
3.5,0.05,21,x^2+vx^2 (x-energy),False
3.5,0.05,21,y^2+vy^2 (y-energy),False
3.5,0.05,21,x*y+vx*vy (cross term),False
3.5,0.05,21,x*vy-y*vx (ang. momentum),False
4.0,0.05,21,x^2+vx^2 (x-energy),False
4.0,0.05,21,y^2+vy^2 (y-energy),False
4.0,0.05,21,x*y+vx*vy (cross term),False
4.0,0.05,21,x*vy-y*vx (ang. momentum),False
5.0,0.05,21,x^2+vx^2 (x-energy),False
5.0,0.05,21,y^2+vy^2 (y-energy),False
5.0,0.05,21,x*y+vx*vy (cross term),False
5.0,0.05,21,x*vy-y*vx (ang. momentum),False
7.0,0.05,21,x^2+vx^2 (x-energy),False
7.0,0.05,21,y^2+vy^2 (y-energy),False
7.0,0.05,21,x*y+vx*vy (cross term),False
7.0,0.05,21,x*vy-y*vx (ang. momentum),False
0.0,0.05,22,x^2+vx^2 (x-energy),False
0.0,0.05,22,y^2+vy^2 (y-energy),False
0.0,0.05,22,x*y+vx*vy (cross term),False
0.0,0.05,22,x*vy-y*vx (ang. momentum),False
1.0,0.05,22,x^2+vx^2 (x-energy),False
1.0,0.05,22,y^2+vy^2 (y-energy),False
1.0,0.05,22,x*y+vx*vy (cross term),False
1.0,0.05,22,x*vy-y*vx (ang. momentum),False
1.5,0.05,22,x^2+vx^2 (x-energy),False
1.5,0.05,22,y^2+vy^2 (y-energy),False
1.5,0.05,22,x*y+vx*vy (cross term),False
1.5,0.05,22,x*vy-y*vx (ang. momentum),False
2.0,0.05,22,x^2+vx^2 (x-energy),False
2.0,0.05,22,y^2+vy^2 (y-energy),False
2.0,0.05,22,x*y+vx*vy (cross term),False
2.0,0.05,22,x*vy-y*vx (ang. momentum),False
2.5,0.05,22,x^2+vx^2 (x-energy),False
2.5,0.05,22,y^2+vy^2 (y-energy),False
2.5,0.05,22,x*y+vx*vy (cross term),False
2.5,0.05,22,x*vy-y*vx (ang. momentum),False
3.0,0.05,22,x^2+vx^2 (x-energy),False
3.0,0.05,22,y^2+vy^2 (y-energy),False
3.0,0.05,22,x*y+vx*vy (cross term),False
3.0,0.05,22,x*vy-y*vx (ang. momentum),False
3.5,0.05,22,x^2+vx^2 (x-energy),False
3.5,0.05,22,y^2+vy^2 (y-energy),False
3.5,0.05,22,x*y+vx*vy (cross term),False
3.5,0.05,22,x*vy-y*vx (ang. momentum),False
4.0,0.05,22,x^2+vx^2 (x-energy),False
4.0,0.05,22,y^2+vy^2 (y-energy),False
4.0,0.05,22,x*y+vx*vy (cross term),False
4.0,0.05,22,x*vy-y*vx (ang. momentum),False
5.0,0.05,22,x^2+vx^2 (x-energy),False
5.0,0.05,22,y^2+vy^2 (y-energy),False
5.0,0.05,22,x*y+vx*vy (cross term),False
5.0,0.05,22,x*vy-y*vx (ang. momentum),False
7.0,0.05,22,x^2+vx^2 (x-energy),False
7.0,0.05,22,y^2+vy^2 (y-energy),False
7.0,0.05,22,x*y+vx*vy (cross term),False
7.0,0.05,22,x*vy-y*vx (ang. momentum),False
0.0,0.05,23,x^2+vx^2 (x-energy),False
0.0,0.05,23,y^2+vy^2 (y-energy),False
0.0,0.05,23,x*y+vx*vy (cross term),False
0.0,0.05,23,x*vy-y*vx (ang. momentum),False
1.0,0.05,23,x^2+vx^2 (x-energy),False
1.0,0.05,23,y^2+vy^2 (y-energy),False
1.0,0.05,23,x*y+vx*vy (cross term),False
1.0,0.05,23,x*vy-y*vx (ang. momentum),False
1.5,0.05,23,x^2+vx^2 (x-energy),False
1.5,0.05,23,y^2+vy^2 (y-energy),False
1.5,0.05,23,x*y+vx*vy (cross term),False
1.5,0.05,23,x*vy-y*vx (ang. momentum),False
2.0,0.05,23,x^2+vx^2 (x-energy),False
2.0,0.05,23,y^2+vy^2 (y-energy),False
2.0,0.05,23,x*y+vx*vy (cross term),False
2.0,0.05,23,x*vy-y*vx (ang. momentum),False
2.5,0.05,23,x^2+vx^2 (x-energy),False
2.5,0.05,23,y^2+vy^2 (y-energy),False
2.5,0.05,23,x*y+vx*vy (cross term),False
2.5,0.05,23,x*vy-y*vx (ang. momentum),False
3.0,0.05,23,x^2+vx^2 (x-energy),False
3.0,0.05,23,y^2+vy^2 (y-energy),False
3.0,0.05,23,x*y+vx*vy (cross term),False
3.0,0.05,23,x*vy-y*vx (ang. momentum),False
3.5,0.05,23,x^2+vx^2 (x-energy),False
3.5,0.05,23,y^2+vy^2 (y-energy),False
3.5,0.05,23,x*y+vx*vy (cross term),False
3.5,0.05,23,x*vy-y*vx (ang. momentum),False
4.0,0.05,23,x^2+vx^2 (x-energy),False
4.0,0.05,23,y^2+vy^2 (y-energy),False
4.0,0.05,23,x*y+vx*vy (cross term),False
4.0,0.05,23,x*vy-y*vx (ang. momentum),False
5.0,0.05,23,x^2+vx^2 (x-energy),False
5.0,0.05,23,y^2+vy^2 (y-energy),False
5.0,0.05,23,x*y+vx*vy (cross term),False
5.0,0.05,23,x*vy-y*vx (ang. momentum),False
7.0,0.05,23,x^2+vx^2 (x-energy),False
7.0,0.05,23,y^2+vy^2 (y-energy),False
7.0,0.05,23,x*y+vx*vy (cross term),False
7.0,0.05,23,x*vy-y*vx (ang. momentum),False
0.0,0.05,24,x^2+vx^2 (x-energy),False
0.0,0.05,24,y^2+vy^2 (y-energy),False
0.0,0.05,24,x*y+vx*vy (cross term),False
0.0,0.05,24,x*vy-y*vx (ang. momentum),True
1.0,0.05,24,x^2+vx^2 (x-energy),False
1.0,0.05,24,y^2+vy^2 (y-energy),False
1.0,0.05,24,x*y+vx*vy (cross term),False
1.0,0.05,24,x*vy-y*vx (ang. momentum),False
1.5,0.05,24,x^2+vx^2 (x-energy),False
1.5,0.05,24,y^2+vy^2 (y-energy),False
1.5,0.05,24,x*y+vx*vy (cross term),False
1.5,0.05,24,x*vy-y*vx (ang. momentum),False
2.0,0.05,24,x^2+vx^2 (x-energy),False
2.0,0.05,24,y^2+vy^2 (y-energy),False
2.0,0.05,24,x*y+vx*vy (cross term),False
2.0,0.05,24,x*vy-y*vx (ang. momentum),False
2.5,0.05,24,x^2+vx^2 (x-energy),False
2.5,0.05,24,y^2+vy^2 (y-energy),False
2.5,0.05,24,x*y+vx*vy (cross term),False
2.5,0.05,24,x*vy-y*vx (ang. momentum),False
3.0,0.05,24,x^2+vx^2 (x-energy),False
3.0,0.05,24,y^2+vy^2 (y-energy),False
3.0,0.05,24,x*y+vx*vy (cross term),False
3.0,0.05,24,x*vy-y*vx (ang. momentum),False
3.5,0.05,24,x^2+vx^2 (x-energy),False
3.5,0.05,24,y^2+vy^2 (y-energy),False
3.5,0.05,24,x*y+vx*vy (cross term),False
3.5,0.05,24,x*vy-y*vx (ang. momentum),False
4.0,0.05,24,x^2+vx^2 (x-energy),False
4.0,0.05,24,y^2+vy^2 (y-energy),False
4.0,0.05,24,x*y+vx*vy (cross term),False
4.0,0.05,24,x*vy-y*vx (ang. momentum),False
5.0,0.05,24,x^2+vx^2 (x-energy),False
5.0,0.05,24,y^2+vy^2 (y-energy),False
5.0,0.05,24,x*y+vx*vy (cross term),False
5.0,0.05,24,x*vy-y*vx (ang. momentum),False
7.0,0.05,24,x^2+vx^2 (x-energy),False
7.0,0.05,24,y^2+vy^2 (y-energy),False
7.0,0.05,24,x*y+vx*vy (cross term),False
7.0,0.05,24,x*vy-y*vx (ang. momentum),False
0.0,0.05,25,x^2+vx^2 (x-energy),False
0.0,0.05,25,y^2+vy^2 (y-energy),False
0.0,0.05,25,x*y+vx*vy (cross term),False
0.0,0.05,25,x*vy-y*vx (ang. momentum),False
1.0,0.05,25,x^2+vx^2 (x-energy),False
1.0,0.05,25,y^2+vy^2 (y-energy),False
1.0,0.05,25,x*y+vx*vy (cross term),False
1.0,0.05,25,x*vy-y*vx (ang. momentum),False
1.5,0.05,25,x^2+vx^2 (x-energy),False
1.5,0.05,25,y^2+vy^2 (y-energy),False
1.5,0.05,25,x*y+vx*vy (cross term),False
1.5,0.05,25,x*vy-y*vx (ang. momentum),False
2.0,0.05,25,x^2+vx^2 (x-energy),False
2.0,0.05,25,y^2+vy^2 (y-energy),False
2.0,0.05,25,x*y+vx*vy (cross term),False
2.0,0.05,25,x*vy-y*vx (ang. momentum),False
2.5,0.05,25,x^2+vx^2 (x-energy),False
2.5,0.05,25,y^2+vy^2 (y-energy),False
2.5,0.05,25,x*y+vx*vy (cross term),False
2.5,0.05,25,x*vy-y*vx (ang. momentum),False
3.0,0.05,25,x^2+vx^2 (x-energy),False
3.0,0.05,25,y^2+vy^2 (y-energy),False
3.0,0.05,25,x*y+vx*vy (cross term),False
3.0,0.05,25,x*vy-y*vx (ang. momentum),False
3.5,0.05,25,x^2+vx^2 (x-energy),False
3.5,0.05,25,y^2+vy^2 (y-energy),False
3.5,0.05,25,x*y+vx*vy (cross term),False
3.5,0.05,25,x*vy-y*vx (ang. momentum),False
4.0,0.05,25,x^2+vx^2 (x-energy),False
4.0,0.05,25,y^2+vy^2 (y-energy),False
4.0,0.05,25,x*y+vx*vy (cross term),False
4.0,0.05,25,x*vy-y*vx (ang. momentum),False
5.0,0.05,25,x^2+vx^2 (x-energy),False
5.0,0.05,25,y^2+vy^2 (y-energy),False
5.0,0.05,25,x*y+vx*vy (cross term),False
5.0,0.05,25,x*vy-y*vx (ang. momentum),False
7.0,0.05,25,x^2+vx^2 (x-energy),False
7.0,0.05,25,y^2+vy^2 (y-energy),False
7.0,0.05,25,x*y+vx*vy (cross term),False
7.0,0.05,25,x*vy-y*vx (ang. momentum),False
0.0,0.05,26,x^2+vx^2 (x-energy),False
0.0,0.05,26,y^2+vy^2 (y-energy),False
0.0,0.05,26,x*y+vx*vy (cross term),False
0.0,0.05,26,x*vy-y*vx (ang. momentum),False
1.0,0.05,26,x^2+vx^2 (x-energy),False
1.0,0.05,26,y^2+vy^2 (y-energy),False
1.0,0.05,26,x*y+vx*vy (cross term),False
1.0,0.05,26,x*vy-y*vx (ang. momentum),False
1.5,0.05,26,x^2+vx^2 (x-energy),False
1.5,0.05,26,y^2+vy^2 (y-energy),False
1.5,0.05,26,x*y+vx*vy (cross term),False
1.5,0.05,26,x*vy-y*vx (ang. momentum),False
2.0,0.05,26,x^2+vx^2 (x-energy),False
2.0,0.05,26,y^2+vy^2 (y-energy),False
2.0,0.05,26,x*y+vx*vy (cross term),False
2.0,0.05,26,x*vy-y*vx (ang. momentum),False
2.5,0.05,26,x^2+vx^2 (x-energy),False
2.5,0.05,26,y^2+vy^2 (y-energy),False
2.5,0.05,26,x*y+vx*vy (cross term),False
2.5,0.05,26,x*vy-y*vx (ang. momentum),False
3.0,0.05,26,x^2+vx^2 (x-energy),False
3.0,0.05,26,y^2+vy^2 (y-energy),False
3.0,0.05,26,x*y+vx*vy (cross term),False
3.0,0.05,26,x*vy-y*vx (ang. momentum),False
3.5,0.05,26,x^2+vx^2 (x-energy),False
3.5,0.05,26,y^2+vy^2 (y-energy),False
3.5,0.05,26,x*y+vx*vy (cross term),False
3.5,0.05,26,x*vy-y*vx (ang. momentum),False
4.0,0.05,26,x^2+vx^2 (x-energy),False
4.0,0.05,26,y^2+vy^2 (y-energy),False
4.0,0.05,26,x*y+vx*vy (cross term),False
4.0,0.05,26,x*vy-y*vx (ang. momentum),False
5.0,0.05,26,x^2+vx^2 (x-energy),False
5.0,0.05,26,y^2+vy^2 (y-energy),False
5.0,0.05,26,x*y+vx*vy (cross term),False
5.0,0.05,26,x*vy-y*vx (ang. momentum),False
7.0,0.05,26,x^2+vx^2 (x-energy),False
7.0,0.05,26,y^2+vy^2 (y-energy),False
7.0,0.05,26,x*y+vx*vy (cross term),False
7.0,0.05,26,x*vy-y*vx (ang. momentum),False
0.0,0.05,27,x^2+vx^2 (x-energy),False
0.0,0.05,27,y^2+vy^2 (y-energy),False
0.0,0.05,27,x*y+vx*vy (cross term),False
0.0,0.05,27,x*vy-y*vx (ang. momentum),False
1.0,0.05,27,x^2+vx^2 (x-energy),False
1.0,0.05,27,y^2+vy^2 (y-energy),False
1.0,0.05,27,x*y+vx*vy (cross term),False
1.0,0.05,27,x*vy-y*vx (ang. momentum),False
1.5,0.05,27,x^2+vx^2 (x-energy),False
1.5,0.05,27,y^2+vy^2 (y-energy),False
1.5,0.05,27,x*y+vx*vy (cross term),False
1.5,0.05,27,x*vy-y*vx (ang. momentum),False
2.0,0.05,27,x^2+vx^2 (x-energy),False
2.0,0.05,27,y^2+vy^2 (y-energy),False
2.0,0.05,27,x*y+vx*vy (cross term),False
2.0,0.05,27,x*vy-y*vx (ang. momentum),False
2.5,0.05,27,x^2+vx^2 (x-energy),False
2.5,0.05,27,y^2+vy^2 (y-energy),False
2.5,0.05,27,x*y+vx*vy (cross term),False
2.5,0.05,27,x*vy-y*vx (ang. momentum),False
3.0,0.05,27,x^2+vx^2 (x-energy),False
3.0,0.05,27,y^2+vy^2 (y-energy),False
3.0,0.05,27,x*y+vx*vy (cross term),False
3.0,0.05,27,x*vy-y*vx (ang. momentum),False
3.5,0.05,27,x^2+vx^2 (x-energy),False
3.5,0.05,27,y^2+vy^2 (y-energy),False
3.5,0.05,27,x*y+vx*vy (cross term),False
3.5,0.05,27,x*vy-y*vx (ang. momentum),False
4.0,0.05,27,x^2+vx^2 (x-energy),False
4.0,0.05,27,y^2+vy^2 (y-energy),False
4.0,0.05,27,x*y+vx*vy (cross term),False
4.0,0.05,27,x*vy-y*vx (ang. momentum),False
5.0,0.05,27,x^2+vx^2 (x-energy),False
5.0,0.05,27,y^2+vy^2 (y-energy),False
5.0,0.05,27,x*y+vx*vy (cross term),False
5.0,0.05,27,x*vy-y*vx (ang. momentum),False
7.0,0.05,27,x^2+vx^2 (x-energy),False
7.0,0.05,27,y^2+vy^2 (y-energy),False
7.0,0.05,27,x*y+vx*vy (cross term),False
7.0,0.05,27,x*vy-y*vx (ang. momentum),False
0.0,0.05,28,x^2+vx^2 (x-energy),False
0.0,0.05,28,y^2+vy^2 (y-energy),False
0.0,0.05,28,x*y+vx*vy (cross term),False
0.0,0.05,28,x*vy-y*vx (ang. momentum),False
1.0,0.05,28,x^2+vx^2 (x-energy),False
1.0,0.05,28,y^2+vy^2 (y-energy),False
1.0,0.05,28,x*y+vx*vy (cross term),False
1.0,0.05,28,x*vy-y*vx (ang. momentum),False
1.5,0.05,28,x^2+vx^2 (x-energy),False
1.5,0.05,28,y^2+vy^2 (y-energy),False
1.5,0.05,28,x*y+vx*vy (cross term),False
1.5,0.05,28,x*vy-y*vx (ang. momentum),False
2.0,0.05,28,x^2+vx^2 (x-energy),False
2.0,0.05,28,y^2+vy^2 (y-energy),False
2.0,0.05,28,x*y+vx*vy (cross term),False
2.0,0.05,28,x*vy-y*vx (ang. momentum),False
2.5,0.05,28,x^2+vx^2 (x-energy),False
2.5,0.05,28,y^2+vy^2 (y-energy),False
2.5,0.05,28,x*y+vx*vy (cross term),False
2.5,0.05,28,x*vy-y*vx (ang. momentum),False
3.0,0.05,28,x^2+vx^2 (x-energy),False
3.0,0.05,28,y^2+vy^2 (y-energy),False
3.0,0.05,28,x*y+vx*vy (cross term),False
3.0,0.05,28,x*vy-y*vx (ang. momentum),False
3.5,0.05,28,x^2+vx^2 (x-energy),False
3.5,0.05,28,y^2+vy^2 (y-energy),False
3.5,0.05,28,x*y+vx*vy (cross term),False
3.5,0.05,28,x*vy-y*vx (ang. momentum),False
4.0,0.05,28,x^2+vx^2 (x-energy),False
4.0,0.05,28,y^2+vy^2 (y-energy),False
4.0,0.05,28,x*y+vx*vy (cross term),False
4.0,0.05,28,x*vy-y*vx (ang. momentum),False
5.0,0.05,28,x^2+vx^2 (x-energy),False
5.0,0.05,28,y^2+vy^2 (y-energy),False
5.0,0.05,28,x*y+vx*vy (cross term),False
5.0,0.05,28,x*vy-y*vx (ang. momentum),False
7.0,0.05,28,x^2+vx^2 (x-energy),False
7.0,0.05,28,y^2+vy^2 (y-energy),False
7.0,0.05,28,x*y+vx*vy (cross term),False
7.0,0.05,28,x*vy-y*vx (ang. momentum),False
0.0,0.05,29,x^2+vx^2 (x-energy),False
0.0,0.05,29,y^2+vy^2 (y-energy),False
0.0,0.05,29,x*y+vx*vy (cross term),False
0.0,0.05,29,x*vy-y*vx (ang. momentum),False
1.0,0.05,29,x^2+vx^2 (x-energy),False
1.0,0.05,29,y^2+vy^2 (y-energy),False
1.0,0.05,29,x*y+vx*vy (cross term),False
1.0,0.05,29,x*vy-y*vx (ang. momentum),False
1.5,0.05,29,x^2+vx^2 (x-energy),False
1.5,0.05,29,y^2+vy^2 (y-energy),False
1.5,0.05,29,x*y+vx*vy (cross term),False
1.5,0.05,29,x*vy-y*vx (ang. momentum),False
2.0,0.05,29,x^2+vx^2 (x-energy),False
2.0,0.05,29,y^2+vy^2 (y-energy),False
2.0,0.05,29,x*y+vx*vy (cross term),False
2.0,0.05,29,x*vy-y*vx (ang. momentum),False
2.5,0.05,29,x^2+vx^2 (x-energy),False
2.5,0.05,29,y^2+vy^2 (y-energy),False
2.5,0.05,29,x*y+vx*vy (cross term),False
2.5,0.05,29,x*vy-y*vx (ang. momentum),False
3.0,0.05,29,x^2+vx^2 (x-energy),False
3.0,0.05,29,y^2+vy^2 (y-energy),False
3.0,0.05,29,x*y+vx*vy (cross term),False
3.0,0.05,29,x*vy-y*vx (ang. momentum),False
3.5,0.05,29,x^2+vx^2 (x-energy),False
3.5,0.05,29,y^2+vy^2 (y-energy),False
3.5,0.05,29,x*y+vx*vy (cross term),False
3.5,0.05,29,x*vy-y*vx (ang. momentum),False
4.0,0.05,29,x^2+vx^2 (x-energy),False
4.0,0.05,29,y^2+vy^2 (y-energy),False
4.0,0.05,29,x*y+vx*vy (cross term),False
4.0,0.05,29,x*vy-y*vx (ang. momentum),False
5.0,0.05,29,x^2+vx^2 (x-energy),False
5.0,0.05,29,y^2+vy^2 (y-energy),False
5.0,0.05,29,x*y+vx*vy (cross term),False
5.0,0.05,29,x*vy-y*vx (ang. momentum),False
7.0,0.05,29,x^2+vx^2 (x-energy),False
7.0,0.05,29,y^2+vy^2 (y-energy),False
7.0,0.05,29,x*y+vx*vy (cross term),False
7.0,0.05,29,x*vy-y*vx (ang. momentum),False
0.0,0.1,0,x^2+vx^2 (x-energy),False
0.0,0.1,0,y^2+vy^2 (y-energy),False
0.0,0.1,0,x*y+vx*vy (cross term),False
0.0,0.1,0,x*vy-y*vx (ang. momentum),False
1.0,0.1,0,x^2+vx^2 (x-energy),False
1.0,0.1,0,y^2+vy^2 (y-energy),False
1.0,0.1,0,x*y+vx*vy (cross term),False
1.0,0.1,0,x*vy-y*vx (ang. momentum),False
1.5,0.1,0,x^2+vx^2 (x-energy),False
1.5,0.1,0,y^2+vy^2 (y-energy),False
1.5,0.1,0,x*y+vx*vy (cross term),False
1.5,0.1,0,x*vy-y*vx (ang. momentum),False
2.0,0.1,0,x^2+vx^2 (x-energy),False
2.0,0.1,0,y^2+vy^2 (y-energy),False
2.0,0.1,0,x*y+vx*vy (cross term),False
2.0,0.1,0,x*vy-y*vx (ang. momentum),False
2.5,0.1,0,x^2+vx^2 (x-energy),False
2.5,0.1,0,y^2+vy^2 (y-energy),False
2.5,0.1,0,x*y+vx*vy (cross term),False
2.5,0.1,0,x*vy-y*vx (ang. momentum),False
3.0,0.1,0,x^2+vx^2 (x-energy),False
3.0,0.1,0,y^2+vy^2 (y-energy),False
3.0,0.1,0,x*y+vx*vy (cross term),False
3.0,0.1,0,x*vy-y*vx (ang. momentum),False
3.5,0.1,0,x^2+vx^2 (x-energy),False
3.5,0.1,0,y^2+vy^2 (y-energy),False
3.5,0.1,0,x*y+vx*vy (cross term),False
3.5,0.1,0,x*vy-y*vx (ang. momentum),False
4.0,0.1,0,x^2+vx^2 (x-energy),False
4.0,0.1,0,y^2+vy^2 (y-energy),False
4.0,0.1,0,x*y+vx*vy (cross term),False
4.0,0.1,0,x*vy-y*vx (ang. momentum),False
5.0,0.1,0,x^2+vx^2 (x-energy),False
5.0,0.1,0,y^2+vy^2 (y-energy),False
5.0,0.1,0,x*y+vx*vy (cross term),False
5.0,0.1,0,x*vy-y*vx (ang. momentum),False
7.0,0.1,0,x^2+vx^2 (x-energy),False
7.0,0.1,0,y^2+vy^2 (y-energy),False
7.0,0.1,0,x*y+vx*vy (cross term),False
7.0,0.1,0,x*vy-y*vx (ang. momentum),False
0.0,0.1,1,x^2+vx^2 (x-energy),False
0.0,0.1,1,y^2+vy^2 (y-energy),True
0.0,0.1,1,x*y+vx*vy (cross term),False
0.0,0.1,1,x*vy-y*vx (ang. momentum),True
1.0,0.1,1,x^2+vx^2 (x-energy),False
1.0,0.1,1,y^2+vy^2 (y-energy),False
1.0,0.1,1,x*y+vx*vy (cross term),False
1.0,0.1,1,x*vy-y*vx (ang. momentum),False
1.5,0.1,1,x^2+vx^2 (x-energy),False
1.5,0.1,1,y^2+vy^2 (y-energy),False
1.5,0.1,1,x*y+vx*vy (cross term),False
1.5,0.1,1,x*vy-y*vx (ang. momentum),False
2.0,0.1,1,x^2+vx^2 (x-energy),False
2.0,0.1,1,y^2+vy^2 (y-energy),False
2.0,0.1,1,x*y+vx*vy (cross term),False
2.0,0.1,1,x*vy-y*vx (ang. momentum),False
2.5,0.1,1,x^2+vx^2 (x-energy),False
2.5,0.1,1,y^2+vy^2 (y-energy),False
2.5,0.1,1,x*y+vx*vy (cross term),False
2.5,0.1,1,x*vy-y*vx (ang. momentum),False
3.0,0.1,1,x^2+vx^2 (x-energy),False
3.0,0.1,1,y^2+vy^2 (y-energy),False
3.0,0.1,1,x*y+vx*vy (cross term),False
3.0,0.1,1,x*vy-y*vx (ang. momentum),False
3.5,0.1,1,x^2+vx^2 (x-energy),False
3.5,0.1,1,y^2+vy^2 (y-energy),False
3.5,0.1,1,x*y+vx*vy (cross term),False
3.5,0.1,1,x*vy-y*vx (ang. momentum),False
4.0,0.1,1,x^2+vx^2 (x-energy),False
4.0,0.1,1,y^2+vy^2 (y-energy),False
4.0,0.1,1,x*y+vx*vy (cross term),False
4.0,0.1,1,x*vy-y*vx (ang. momentum),False
5.0,0.1,1,x^2+vx^2 (x-energy),False
5.0,0.1,1,y^2+vy^2 (y-energy),False
5.0,0.1,1,x*y+vx*vy (cross term),False
5.0,0.1,1,x*vy-y*vx (ang. momentum),False
7.0,0.1,1,x^2+vx^2 (x-energy),False
7.0,0.1,1,y^2+vy^2 (y-energy),False
7.0,0.1,1,x*y+vx*vy (cross term),False
7.0,0.1,1,x*vy-y*vx (ang. momentum),False
0.0,0.1,2,x^2+vx^2 (x-energy),False
0.0,0.1,2,y^2+vy^2 (y-energy),True
0.0,0.1,2,x*y+vx*vy (cross term),False
0.0,0.1,2,x*vy-y*vx (ang. momentum),False
1.0,0.1,2,x^2+vx^2 (x-energy),False
1.0,0.1,2,y^2+vy^2 (y-energy),False
1.0,0.1,2,x*y+vx*vy (cross term),False
1.0,0.1,2,x*vy-y*vx (ang. momentum),False
1.5,0.1,2,x^2+vx^2 (x-energy),False
1.5,0.1,2,y^2+vy^2 (y-energy),False
1.5,0.1,2,x*y+vx*vy (cross term),False
1.5,0.1,2,x*vy-y*vx (ang. momentum),False
2.0,0.1,2,x^2+vx^2 (x-energy),False
2.0,0.1,2,y^2+vy^2 (y-energy),False
2.0,0.1,2,x*y+vx*vy (cross term),False
2.0,0.1,2,x*vy-y*vx (ang. momentum),False
2.5,0.1,2,x^2+vx^2 (x-energy),False
2.5,0.1,2,y^2+vy^2 (y-energy),False
2.5,0.1,2,x*y+vx*vy (cross term),False
2.5,0.1,2,x*vy-y*vx (ang. momentum),False
3.0,0.1,2,x^2+vx^2 (x-energy),False
3.0,0.1,2,y^2+vy^2 (y-energy),False
3.0,0.1,2,x*y+vx*vy (cross term),False
3.0,0.1,2,x*vy-y*vx (ang. momentum),False
3.5,0.1,2,x^2+vx^2 (x-energy),False
3.5,0.1,2,y^2+vy^2 (y-energy),False
3.5,0.1,2,x*y+vx*vy (cross term),False
3.5,0.1,2,x*vy-y*vx (ang. momentum),False
4.0,0.1,2,x^2+vx^2 (x-energy),False
4.0,0.1,2,y^2+vy^2 (y-energy),False
4.0,0.1,2,x*y+vx*vy (cross term),False
4.0,0.1,2,x*vy-y*vx (ang. momentum),False
5.0,0.1,2,x^2+vx^2 (x-energy),False
5.0,0.1,2,y^2+vy^2 (y-energy),False
5.0,0.1,2,x*y+vx*vy (cross term),False
5.0,0.1,2,x*vy-y*vx (ang. momentum),False
7.0,0.1,2,x^2+vx^2 (x-energy),False
7.0,0.1,2,y^2+vy^2 (y-energy),False
7.0,0.1,2,x*y+vx*vy (cross term),False
7.0,0.1,2,x*vy-y*vx (ang. momentum),False
0.0,0.1,3,x^2+vx^2 (x-energy),True
0.0,0.1,3,y^2+vy^2 (y-energy),False
0.0,0.1,3,x*y+vx*vy (cross term),False
0.0,0.1,3,x*vy-y*vx (ang. momentum),False
1.0,0.1,3,x^2+vx^2 (x-energy),False
1.0,0.1,3,y^2+vy^2 (y-energy),False
1.0,0.1,3,x*y+vx*vy (cross term),False
1.0,0.1,3,x*vy-y*vx (ang. momentum),False
1.5,0.1,3,x^2+vx^2 (x-energy),False
1.5,0.1,3,y^2+vy^2 (y-energy),False
1.5,0.1,3,x*y+vx*vy (cross term),False
1.5,0.1,3,x*vy-y*vx (ang. momentum),False
2.0,0.1,3,x^2+vx^2 (x-energy),False
2.0,0.1,3,y^2+vy^2 (y-energy),False
2.0,0.1,3,x*y+vx*vy (cross term),False
2.0,0.1,3,x*vy-y*vx (ang. momentum),False
2.5,0.1,3,x^2+vx^2 (x-energy),False
2.5,0.1,3,y^2+vy^2 (y-energy),False
2.5,0.1,3,x*y+vx*vy (cross term),False
2.5,0.1,3,x*vy-y*vx (ang. momentum),False
3.0,0.1,3,x^2+vx^2 (x-energy),False
3.0,0.1,3,y^2+vy^2 (y-energy),False
3.0,0.1,3,x*y+vx*vy (cross term),False
3.0,0.1,3,x*vy-y*vx (ang. momentum),False
3.5,0.1,3,x^2+vx^2 (x-energy),False
3.5,0.1,3,y^2+vy^2 (y-energy),False
3.5,0.1,3,x*y+vx*vy (cross term),False
3.5,0.1,3,x*vy-y*vx (ang. momentum),False
4.0,0.1,3,x^2+vx^2 (x-energy),False
4.0,0.1,3,y^2+vy^2 (y-energy),False
4.0,0.1,3,x*y+vx*vy (cross term),False
4.0,0.1,3,x*vy-y*vx (ang. momentum),False
5.0,0.1,3,x^2+vx^2 (x-energy),False
5.0,0.1,3,y^2+vy^2 (y-energy),False
5.0,0.1,3,x*y+vx*vy (cross term),False
5.0,0.1,3,x*vy-y*vx (ang. momentum),False
7.0,0.1,3,x^2+vx^2 (x-energy),False
7.0,0.1,3,y^2+vy^2 (y-energy),False
7.0,0.1,3,x*y+vx*vy (cross term),False
7.0,0.1,3,x*vy-y*vx (ang. momentum),False
0.0,0.1,4,x^2+vx^2 (x-energy),False
0.0,0.1,4,y^2+vy^2 (y-energy),False
0.0,0.1,4,x*y+vx*vy (cross term),False
0.0,0.1,4,x*vy-y*vx (ang. momentum),False
1.0,0.1,4,x^2+vx^2 (x-energy),False
1.0,0.1,4,y^2+vy^2 (y-energy),False
1.0,0.1,4,x*y+vx*vy (cross term),False
1.0,0.1,4,x*vy-y*vx (ang. momentum),False
1.5,0.1,4,x^2+vx^2 (x-energy),False
1.5,0.1,4,y^2+vy^2 (y-energy),False
1.5,0.1,4,x*y+vx*vy (cross term),False
1.5,0.1,4,x*vy-y*vx (ang. momentum),False
2.0,0.1,4,x^2+vx^2 (x-energy),False
2.0,0.1,4,y^2+vy^2 (y-energy),False
2.0,0.1,4,x*y+vx*vy (cross term),False
2.0,0.1,4,x*vy-y*vx (ang. momentum),False
2.5,0.1,4,x^2+vx^2 (x-energy),False
2.5,0.1,4,y^2+vy^2 (y-energy),False
2.5,0.1,4,x*y+vx*vy (cross term),False
2.5,0.1,4,x*vy-y*vx (ang. momentum),False
3.0,0.1,4,x^2+vx^2 (x-energy),False
3.0,0.1,4,y^2+vy^2 (y-energy),False
3.0,0.1,4,x*y+vx*vy (cross term),False
3.0,0.1,4,x*vy-y*vx (ang. momentum),False
3.5,0.1,4,x^2+vx^2 (x-energy),False
3.5,0.1,4,y^2+vy^2 (y-energy),False
3.5,0.1,4,x*y+vx*vy (cross term),False
3.5,0.1,4,x*vy-y*vx (ang. momentum),False
4.0,0.1,4,x^2+vx^2 (x-energy),False
4.0,0.1,4,y^2+vy^2 (y-energy),False
4.0,0.1,4,x*y+vx*vy (cross term),False
4.0,0.1,4,x*vy-y*vx (ang. momentum),False
5.0,0.1,4,x^2+vx^2 (x-energy),False
5.0,0.1,4,y^2+vy^2 (y-energy),False
5.0,0.1,4,x*y+vx*vy (cross term),False
5.0,0.1,4,x*vy-y*vx (ang. momentum),False
7.0,0.1,4,x^2+vx^2 (x-energy),False
7.0,0.1,4,y^2+vy^2 (y-energy),False
7.0,0.1,4,x*y+vx*vy (cross term),False
7.0,0.1,4,x*vy-y*vx (ang. momentum),False
0.0,0.1,5,x^2+vx^2 (x-energy),False
0.0,0.1,5,y^2+vy^2 (y-energy),False
0.0,0.1,5,x*y+vx*vy (cross term),False
0.0,0.1,5,x*vy-y*vx (ang. momentum),True
1.0,0.1,5,x^2+vx^2 (x-energy),False
1.0,0.1,5,y^2+vy^2 (y-energy),False
1.0,0.1,5,x*y+vx*vy (cross term),False
1.0,0.1,5,x*vy-y*vx (ang. momentum),False
1.5,0.1,5,x^2+vx^2 (x-energy),False
1.5,0.1,5,y^2+vy^2 (y-energy),False
1.5,0.1,5,x*y+vx*vy (cross term),False
1.5,0.1,5,x*vy-y*vx (ang. momentum),False
2.0,0.1,5,x^2+vx^2 (x-energy),False
2.0,0.1,5,y^2+vy^2 (y-energy),False
2.0,0.1,5,x*y+vx*vy (cross term),False
2.0,0.1,5,x*vy-y*vx (ang. momentum),False
2.5,0.1,5,x^2+vx^2 (x-energy),False
2.5,0.1,5,y^2+vy^2 (y-energy),False
2.5,0.1,5,x*y+vx*vy (cross term),False
2.5,0.1,5,x*vy-y*vx (ang. momentum),False
3.0,0.1,5,x^2+vx^2 (x-energy),False
3.0,0.1,5,y^2+vy^2 (y-energy),False
3.0,0.1,5,x*y+vx*vy (cross term),False
3.0,0.1,5,x*vy-y*vx (ang. momentum),False
3.5,0.1,5,x^2+vx^2 (x-energy),False
3.5,0.1,5,y^2+vy^2 (y-energy),False
3.5,0.1,5,x*y+vx*vy (cross term),False
3.5,0.1,5,x*vy-y*vx (ang. momentum),False
4.0,0.1,5,x^2+vx^2 (x-energy),False
4.0,0.1,5,y^2+vy^2 (y-energy),False
4.0,0.1,5,x*y+vx*vy (cross term),False
4.0,0.1,5,x*vy-y*vx (ang. momentum),False
5.0,0.1,5,x^2+vx^2 (x-energy),False
5.0,0.1,5,y^2+vy^2 (y-energy),False
5.0,0.1,5,x*y+vx*vy (cross term),False
5.0,0.1,5,x*vy-y*vx (ang. momentum),False
7.0,0.1,5,x^2+vx^2 (x-energy),False
7.0,0.1,5,y^2+vy^2 (y-energy),False
7.0,0.1,5,x*y+vx*vy (cross term),False
7.0,0.1,5,x*vy-y*vx (ang. momentum),False
0.0,0.1,6,x^2+vx^2 (x-energy),False
0.0,0.1,6,y^2+vy^2 (y-energy),False
0.0,0.1,6,x*y+vx*vy (cross term),True
0.0,0.1,6,x*vy-y*vx (ang. momentum),False
1.0,0.1,6,x^2+vx^2 (x-energy),False
1.0,0.1,6,y^2+vy^2 (y-energy),False
1.0,0.1,6,x*y+vx*vy (cross term),False
1.0,0.1,6,x*vy-y*vx (ang. momentum),False
1.5,0.1,6,x^2+vx^2 (x-energy),False
1.5,0.1,6,y^2+vy^2 (y-energy),False
1.5,0.1,6,x*y+vx*vy (cross term),False
1.5,0.1,6,x*vy-y*vx (ang. momentum),False
2.0,0.1,6,x^2+vx^2 (x-energy),False
2.0,0.1,6,y^2+vy^2 (y-energy),False
2.0,0.1,6,x*y+vx*vy (cross term),False
2.0,0.1,6,x*vy-y*vx (ang. momentum),False
2.5,0.1,6,x^2+vx^2 (x-energy),False
2.5,0.1,6,y^2+vy^2 (y-energy),False
2.5,0.1,6,x*y+vx*vy (cross term),False
2.5,0.1,6,x*vy-y*vx (ang. momentum),False
3.0,0.1,6,x^2+vx^2 (x-energy),False
3.0,0.1,6,y^2+vy^2 (y-energy),False
3.0,0.1,6,x*y+vx*vy (cross term),False
3.0,0.1,6,x*vy-y*vx (ang. momentum),False
3.5,0.1,6,x^2+vx^2 (x-energy),False
3.5,0.1,6,y^2+vy^2 (y-energy),False
3.5,0.1,6,x*y+vx*vy (cross term),False
3.5,0.1,6,x*vy-y*vx (ang. momentum),False
4.0,0.1,6,x^2+vx^2 (x-energy),False
4.0,0.1,6,y^2+vy^2 (y-energy),False
4.0,0.1,6,x*y+vx*vy (cross term),False
4.0,0.1,6,x*vy-y*vx (ang. momentum),False
5.0,0.1,6,x^2+vx^2 (x-energy),False
5.0,0.1,6,y^2+vy^2 (y-energy),False
5.0,0.1,6,x*y+vx*vy (cross term),False
5.0,0.1,6,x*vy-y*vx (ang. momentum),False
7.0,0.1,6,x^2+vx^2 (x-energy),False
7.0,0.1,6,y^2+vy^2 (y-energy),False
7.0,0.1,6,x*y+vx*vy (cross term),False
7.0,0.1,6,x*vy-y*vx (ang. momentum),False
0.0,0.1,7,x^2+vx^2 (x-energy),False
0.0,0.1,7,y^2+vy^2 (y-energy),True
0.0,0.1,7,x*y+vx*vy (cross term),False
0.0,0.1,7,x*vy-y*vx (ang. momentum),False
1.0,0.1,7,x^2+vx^2 (x-energy),False
1.0,0.1,7,y^2+vy^2 (y-energy),False
1.0,0.1,7,x*y+vx*vy (cross term),False
1.0,0.1,7,x*vy-y*vx (ang. momentum),False
1.5,0.1,7,x^2+vx^2 (x-energy),False
1.5,0.1,7,y^2+vy^2 (y-energy),False
1.5,0.1,7,x*y+vx*vy (cross term),False
1.5,0.1,7,x*vy-y*vx (ang. momentum),False
2.0,0.1,7,x^2+vx^2 (x-energy),False
2.0,0.1,7,y^2+vy^2 (y-energy),False
2.0,0.1,7,x*y+vx*vy (cross term),False
2.0,0.1,7,x*vy-y*vx (ang. momentum),False
2.5,0.1,7,x^2+vx^2 (x-energy),False
2.5,0.1,7,y^2+vy^2 (y-energy),False
2.5,0.1,7,x*y+vx*vy (cross term),False
2.5,0.1,7,x*vy-y*vx (ang. momentum),False
3.0,0.1,7,x^2+vx^2 (x-energy),False
3.0,0.1,7,y^2+vy^2 (y-energy),False
3.0,0.1,7,x*y+vx*vy (cross term),False
3.0,0.1,7,x*vy-y*vx (ang. momentum),False
3.5,0.1,7,x^2+vx^2 (x-energy),False
3.5,0.1,7,y^2+vy^2 (y-energy),False
3.5,0.1,7,x*y+vx*vy (cross term),False
3.5,0.1,7,x*vy-y*vx (ang. momentum),False
4.0,0.1,7,x^2+vx^2 (x-energy),False
4.0,0.1,7,y^2+vy^2 (y-energy),False
4.0,0.1,7,x*y+vx*vy (cross term),False
4.0,0.1,7,x*vy-y*vx (ang. momentum),False
5.0,0.1,7,x^2+vx^2 (x-energy),False
5.0,0.1,7,y^2+vy^2 (y-energy),False
5.0,0.1,7,x*y+vx*vy (cross term),False
5.0,0.1,7,x*vy-y*vx (ang. momentum),False
7.0,0.1,7,x^2+vx^2 (x-energy),False
7.0,0.1,7,y^2+vy^2 (y-energy),False
7.0,0.1,7,x*y+vx*vy (cross term),False
7.0,0.1,7,x*vy-y*vx (ang. momentum),False
0.0,0.1,8,x^2+vx^2 (x-energy),False
0.0,0.1,8,y^2+vy^2 (y-energy),True
0.0,0.1,8,x*y+vx*vy (cross term),False
0.0,0.1,8,x*vy-y*vx (ang. momentum),False
1.0,0.1,8,x^2+vx^2 (x-energy),False
1.0,0.1,8,y^2+vy^2 (y-energy),True
1.0,0.1,8,x*y+vx*vy (cross term),False
1.0,0.1,8,x*vy-y*vx (ang. momentum),False
1.5,0.1,8,x^2+vx^2 (x-energy),False
1.5,0.1,8,y^2+vy^2 (y-energy),False
1.5,0.1,8,x*y+vx*vy (cross term),False
1.5,0.1,8,x*vy-y*vx (ang. momentum),False
2.0,0.1,8,x^2+vx^2 (x-energy),False
2.0,0.1,8,y^2+vy^2 (y-energy),False
2.0,0.1,8,x*y+vx*vy (cross term),False
2.0,0.1,8,x*vy-y*vx (ang. momentum),False
2.5,0.1,8,x^2+vx^2 (x-energy),False
2.5,0.1,8,y^2+vy^2 (y-energy),False
2.5,0.1,8,x*y+vx*vy (cross term),False
2.5,0.1,8,x*vy-y*vx (ang. momentum),False
3.0,0.1,8,x^2+vx^2 (x-energy),False
3.0,0.1,8,y^2+vy^2 (y-energy),False
3.0,0.1,8,x*y+vx*vy (cross term),False
3.0,0.1,8,x*vy-y*vx (ang. momentum),False
3.5,0.1,8,x^2+vx^2 (x-energy),False
3.5,0.1,8,y^2+vy^2 (y-energy),False
3.5,0.1,8,x*y+vx*vy (cross term),False
3.5,0.1,8,x*vy-y*vx (ang. momentum),False
4.0,0.1,8,x^2+vx^2 (x-energy),False
4.0,0.1,8,y^2+vy^2 (y-energy),False
4.0,0.1,8,x*y+vx*vy (cross term),False
4.0,0.1,8,x*vy-y*vx (ang. momentum),False
5.0,0.1,8,x^2+vx^2 (x-energy),False
5.0,0.1,8,y^2+vy^2 (y-energy),False
5.0,0.1,8,x*y+vx*vy (cross term),False
5.0,0.1,8,x*vy-y*vx (ang. momentum),False
7.0,0.1,8,x^2+vx^2 (x-energy),False
7.0,0.1,8,y^2+vy^2 (y-energy),False
7.0,0.1,8,x*y+vx*vy (cross term),False
7.0,0.1,8,x*vy-y*vx (ang. momentum),False
0.0,0.1,9,x^2+vx^2 (x-energy),False
0.0,0.1,9,y^2+vy^2 (y-energy),False
0.0,0.1,9,x*y+vx*vy (cross term),False
0.0,0.1,9,x*vy-y*vx (ang. momentum),True
1.0,0.1,9,x^2+vx^2 (x-energy),False
1.0,0.1,9,y^2+vy^2 (y-energy),False
1.0,0.1,9,x*y+vx*vy (cross term),False
1.0,0.1,9,x*vy-y*vx (ang. momentum),False
1.5,0.1,9,x^2+vx^2 (x-energy),False
1.5,0.1,9,y^2+vy^2 (y-energy),False
1.5,0.1,9,x*y+vx*vy (cross term),False
1.5,0.1,9,x*vy-y*vx (ang. momentum),False
2.0,0.1,9,x^2+vx^2 (x-energy),False
2.0,0.1,9,y^2+vy^2 (y-energy),False
2.0,0.1,9,x*y+vx*vy (cross term),False
2.0,0.1,9,x*vy-y*vx (ang. momentum),False
2.5,0.1,9,x^2+vx^2 (x-energy),False
2.5,0.1,9,y^2+vy^2 (y-energy),False
2.5,0.1,9,x*y+vx*vy (cross term),False
2.5,0.1,9,x*vy-y*vx (ang. momentum),False
3.0,0.1,9,x^2+vx^2 (x-energy),False
3.0,0.1,9,y^2+vy^2 (y-energy),False
3.0,0.1,9,x*y+vx*vy (cross term),False
3.0,0.1,9,x*vy-y*vx (ang. momentum),False
3.5,0.1,9,x^2+vx^2 (x-energy),False
3.5,0.1,9,y^2+vy^2 (y-energy),False
3.5,0.1,9,x*y+vx*vy (cross term),False
3.5,0.1,9,x*vy-y*vx (ang. momentum),False
4.0,0.1,9,x^2+vx^2 (x-energy),False
4.0,0.1,9,y^2+vy^2 (y-energy),False
4.0,0.1,9,x*y+vx*vy (cross term),False
4.0,0.1,9,x*vy-y*vx (ang. momentum),False
5.0,0.1,9,x^2+vx^2 (x-energy),False
5.0,0.1,9,y^2+vy^2 (y-energy),False
5.0,0.1,9,x*y+vx*vy (cross term),False
5.0,0.1,9,x*vy-y*vx (ang. momentum),False
7.0,0.1,9,x^2+vx^2 (x-energy),False
7.0,0.1,9,y^2+vy^2 (y-energy),False
7.0,0.1,9,x*y+vx*vy (cross term),False
7.0,0.1,9,x*vy-y*vx (ang. momentum),False
0.0,0.1,10,x^2+vx^2 (x-energy),True
0.0,0.1,10,y^2+vy^2 (y-energy),True
0.0,0.1,10,x*y+vx*vy (cross term),True
0.0,0.1,10,x*vy-y*vx (ang. momentum),True
1.0,0.1,10,x^2+vx^2 (x-energy),True
1.0,0.1,10,y^2+vy^2 (y-energy),True
1.0,0.1,10,x*y+vx*vy (cross term),False
1.0,0.1,10,x*vy-y*vx (ang. momentum),False
1.5,0.1,10,x^2+vx^2 (x-energy),True
1.5,0.1,10,y^2+vy^2 (y-energy),True
1.5,0.1,10,x*y+vx*vy (cross term),False
1.5,0.1,10,x*vy-y*vx (ang. momentum),False
2.0,0.1,10,x^2+vx^2 (x-energy),True
2.0,0.1,10,y^2+vy^2 (y-energy),True
2.0,0.1,10,x*y+vx*vy (cross term),False
2.0,0.1,10,x*vy-y*vx (ang. momentum),False
2.5,0.1,10,x^2+vx^2 (x-energy),True
2.5,0.1,10,y^2+vy^2 (y-energy),True
2.5,0.1,10,x*y+vx*vy (cross term),False
2.5,0.1,10,x*vy-y*vx (ang. momentum),False
3.0,0.1,10,x^2+vx^2 (x-energy),True
3.0,0.1,10,y^2+vy^2 (y-energy),True
3.0,0.1,10,x*y+vx*vy (cross term),False
3.0,0.1,10,x*vy-y*vx (ang. momentum),False
3.5,0.1,10,x^2+vx^2 (x-energy),True
3.5,0.1,10,y^2+vy^2 (y-energy),True
3.5,0.1,10,x*y+vx*vy (cross term),False
3.5,0.1,10,x*vy-y*vx (ang. momentum),False
4.0,0.1,10,x^2+vx^2 (x-energy),True
4.0,0.1,10,y^2+vy^2 (y-energy),True
4.0,0.1,10,x*y+vx*vy (cross term),False
4.0,0.1,10,x*vy-y*vx (ang. momentum),False
5.0,0.1,10,x^2+vx^2 (x-energy),True
5.0,0.1,10,y^2+vy^2 (y-energy),True
5.0,0.1,10,x*y+vx*vy (cross term),False
5.0,0.1,10,x*vy-y*vx (ang. momentum),False
7.0,0.1,10,x^2+vx^2 (x-energy),True
7.0,0.1,10,y^2+vy^2 (y-energy),True
7.0,0.1,10,x*y+vx*vy (cross term),False
7.0,0.1,10,x*vy-y*vx (ang. momentum),False
0.0,0.1,11,x^2+vx^2 (x-energy),False
0.0,0.1,11,y^2+vy^2 (y-energy),False
0.0,0.1,11,x*y+vx*vy (cross term),False
0.0,0.1,11,x*vy-y*vx (ang. momentum),True
1.0,0.1,11,x^2+vx^2 (x-energy),False
1.0,0.1,11,y^2+vy^2 (y-energy),False
1.0,0.1,11,x*y+vx*vy (cross term),False
1.0,0.1,11,x*vy-y*vx (ang. momentum),False
1.5,0.1,11,x^2+vx^2 (x-energy),False
1.5,0.1,11,y^2+vy^2 (y-energy),False
1.5,0.1,11,x*y+vx*vy (cross term),False
1.5,0.1,11,x*vy-y*vx (ang. momentum),False
2.0,0.1,11,x^2+vx^2 (x-energy),False
2.0,0.1,11,y^2+vy^2 (y-energy),False
2.0,0.1,11,x*y+vx*vy (cross term),False
2.0,0.1,11,x*vy-y*vx (ang. momentum),False
2.5,0.1,11,x^2+vx^2 (x-energy),False
2.5,0.1,11,y^2+vy^2 (y-energy),False
2.5,0.1,11,x*y+vx*vy (cross term),False
2.5,0.1,11,x*vy-y*vx (ang. momentum),False
3.0,0.1,11,x^2+vx^2 (x-energy),False
3.0,0.1,11,y^2+vy^2 (y-energy),False
3.0,0.1,11,x*y+vx*vy (cross term),False
3.0,0.1,11,x*vy-y*vx (ang. momentum),False
3.5,0.1,11,x^2+vx^2 (x-energy),False
3.5,0.1,11,y^2+vy^2 (y-energy),False
3.5,0.1,11,x*y+vx*vy (cross term),False
3.5,0.1,11,x*vy-y*vx (ang. momentum),False
4.0,0.1,11,x^2+vx^2 (x-energy),False
4.0,0.1,11,y^2+vy^2 (y-energy),False
4.0,0.1,11,x*y+vx*vy (cross term),False
4.0,0.1,11,x*vy-y*vx (ang. momentum),False
5.0,0.1,11,x^2+vx^2 (x-energy),False
5.0,0.1,11,y^2+vy^2 (y-energy),False
5.0,0.1,11,x*y+vx*vy (cross term),False
5.0,0.1,11,x*vy-y*vx (ang. momentum),False
7.0,0.1,11,x^2+vx^2 (x-energy),False
7.0,0.1,11,y^2+vy^2 (y-energy),False
7.0,0.1,11,x*y+vx*vy (cross term),False
7.0,0.1,11,x*vy-y*vx (ang. momentum),False
0.0,0.1,12,x^2+vx^2 (x-energy),False
0.0,0.1,12,y^2+vy^2 (y-energy),False
0.0,0.1,12,x*y+vx*vy (cross term),False
0.0,0.1,12,x*vy-y*vx (ang. momentum),True
1.0,0.1,12,x^2+vx^2 (x-energy),False
1.0,0.1,12,y^2+vy^2 (y-energy),False
1.0,0.1,12,x*y+vx*vy (cross term),False
1.0,0.1,12,x*vy-y*vx (ang. momentum),False
1.5,0.1,12,x^2+vx^2 (x-energy),False
1.5,0.1,12,y^2+vy^2 (y-energy),False
1.5,0.1,12,x*y+vx*vy (cross term),False
1.5,0.1,12,x*vy-y*vx (ang. momentum),False
2.0,0.1,12,x^2+vx^2 (x-energy),False
2.0,0.1,12,y^2+vy^2 (y-energy),False
2.0,0.1,12,x*y+vx*vy (cross term),False
2.0,0.1,12,x*vy-y*vx (ang. momentum),False
2.5,0.1,12,x^2+vx^2 (x-energy),False
2.5,0.1,12,y^2+vy^2 (y-energy),False
2.5,0.1,12,x*y+vx*vy (cross term),False
2.5,0.1,12,x*vy-y*vx (ang. momentum),False
3.0,0.1,12,x^2+vx^2 (x-energy),False
3.0,0.1,12,y^2+vy^2 (y-energy),False
3.0,0.1,12,x*y+vx*vy (cross term),False
3.0,0.1,12,x*vy-y*vx (ang. momentum),False
3.5,0.1,12,x^2+vx^2 (x-energy),False
3.5,0.1,12,y^2+vy^2 (y-energy),False
3.5,0.1,12,x*y+vx*vy (cross term),False
3.5,0.1,12,x*vy-y*vx (ang. momentum),False
4.0,0.1,12,x^2+vx^2 (x-energy),False
4.0,0.1,12,y^2+vy^2 (y-energy),False
4.0,0.1,12,x*y+vx*vy (cross term),False
4.0,0.1,12,x*vy-y*vx (ang. momentum),False
5.0,0.1,12,x^2+vx^2 (x-energy),False
5.0,0.1,12,y^2+vy^2 (y-energy),False
5.0,0.1,12,x*y+vx*vy (cross term),False
5.0,0.1,12,x*vy-y*vx (ang. momentum),False
7.0,0.1,12,x^2+vx^2 (x-energy),False
7.0,0.1,12,y^2+vy^2 (y-energy),False
7.0,0.1,12,x*y+vx*vy (cross term),False
7.0,0.1,12,x*vy-y*vx (ang. momentum),False
0.0,0.1,13,x^2+vx^2 (x-energy),True
0.0,0.1,13,y^2+vy^2 (y-energy),False
0.0,0.1,13,x*y+vx*vy (cross term),False
0.0,0.1,13,x*vy-y*vx (ang. momentum),True
1.0,0.1,13,x^2+vx^2 (x-energy),False
1.0,0.1,13,y^2+vy^2 (y-energy),False
1.0,0.1,13,x*y+vx*vy (cross term),False
1.0,0.1,13,x*vy-y*vx (ang. momentum),False
1.5,0.1,13,x^2+vx^2 (x-energy),False
1.5,0.1,13,y^2+vy^2 (y-energy),False
1.5,0.1,13,x*y+vx*vy (cross term),False
1.5,0.1,13,x*vy-y*vx (ang. momentum),False
2.0,0.1,13,x^2+vx^2 (x-energy),False
2.0,0.1,13,y^2+vy^2 (y-energy),False
2.0,0.1,13,x*y+vx*vy (cross term),False
2.0,0.1,13,x*vy-y*vx (ang. momentum),False
2.5,0.1,13,x^2+vx^2 (x-energy),False
2.5,0.1,13,y^2+vy^2 (y-energy),False
2.5,0.1,13,x*y+vx*vy (cross term),False
2.5,0.1,13,x*vy-y*vx (ang. momentum),False
3.0,0.1,13,x^2+vx^2 (x-energy),False
3.0,0.1,13,y^2+vy^2 (y-energy),False
3.0,0.1,13,x*y+vx*vy (cross term),False
3.0,0.1,13,x*vy-y*vx (ang. momentum),False
3.5,0.1,13,x^2+vx^2 (x-energy),False
3.5,0.1,13,y^2+vy^2 (y-energy),False
3.5,0.1,13,x*y+vx*vy (cross term),False
3.5,0.1,13,x*vy-y*vx (ang. momentum),False
4.0,0.1,13,x^2+vx^2 (x-energy),False
4.0,0.1,13,y^2+vy^2 (y-energy),False
4.0,0.1,13,x*y+vx*vy (cross term),False
4.0,0.1,13,x*vy-y*vx (ang. momentum),False
5.0,0.1,13,x^2+vx^2 (x-energy),False
5.0,0.1,13,y^2+vy^2 (y-energy),False
5.0,0.1,13,x*y+vx*vy (cross term),False
5.0,0.1,13,x*vy-y*vx (ang. momentum),False
7.0,0.1,13,x^2+vx^2 (x-energy),False
7.0,0.1,13,y^2+vy^2 (y-energy),False
7.0,0.1,13,x*y+vx*vy (cross term),False
7.0,0.1,13,x*vy-y*vx (ang. momentum),False
0.0,0.1,14,x^2+vx^2 (x-energy),True
0.0,0.1,14,y^2+vy^2 (y-energy),False
0.0,0.1,14,x*y+vx*vy (cross term),False
0.0,0.1,14,x*vy-y*vx (ang. momentum),False
1.0,0.1,14,x^2+vx^2 (x-energy),False
1.0,0.1,14,y^2+vy^2 (y-energy),False
1.0,0.1,14,x*y+vx*vy (cross term),False
1.0,0.1,14,x*vy-y*vx (ang. momentum),False
1.5,0.1,14,x^2+vx^2 (x-energy),False
1.5,0.1,14,y^2+vy^2 (y-energy),False
1.5,0.1,14,x*y+vx*vy (cross term),False
1.5,0.1,14,x*vy-y*vx (ang. momentum),False
2.0,0.1,14,x^2+vx^2 (x-energy),False
2.0,0.1,14,y^2+vy^2 (y-energy),False
2.0,0.1,14,x*y+vx*vy (cross term),False
2.0,0.1,14,x*vy-y*vx (ang. momentum),False
2.5,0.1,14,x^2+vx^2 (x-energy),False
2.5,0.1,14,y^2+vy^2 (y-energy),False
2.5,0.1,14,x*y+vx*vy (cross term),False
2.5,0.1,14,x*vy-y*vx (ang. momentum),False
3.0,0.1,14,x^2+vx^2 (x-energy),False
3.0,0.1,14,y^2+vy^2 (y-energy),False
3.0,0.1,14,x*y+vx*vy (cross term),False
3.0,0.1,14,x*vy-y*vx (ang. momentum),False
3.5,0.1,14,x^2+vx^2 (x-energy),False
3.5,0.1,14,y^2+vy^2 (y-energy),False
3.5,0.1,14,x*y+vx*vy (cross term),False
3.5,0.1,14,x*vy-y*vx (ang. momentum),False
4.0,0.1,14,x^2+vx^2 (x-energy),False
4.0,0.1,14,y^2+vy^2 (y-energy),False
4.0,0.1,14,x*y+vx*vy (cross term),False
4.0,0.1,14,x*vy-y*vx (ang. momentum),False
5.0,0.1,14,x^2+vx^2 (x-energy),False
5.0,0.1,14,y^2+vy^2 (y-energy),False
5.0,0.1,14,x*y+vx*vy (cross term),False
5.0,0.1,14,x*vy-y*vx (ang. momentum),False
7.0,0.1,14,x^2+vx^2 (x-energy),False
7.0,0.1,14,y^2+vy^2 (y-energy),False
7.0,0.1,14,x*y+vx*vy (cross term),False
7.0,0.1,14,x*vy-y*vx (ang. momentum),False
0.0,0.1,15,x^2+vx^2 (x-energy),False
0.0,0.1,15,y^2+vy^2 (y-energy),True
0.0,0.1,15,x*y+vx*vy (cross term),False
0.0,0.1,15,x*vy-y*vx (ang. momentum),False
1.0,0.1,15,x^2+vx^2 (x-energy),False
1.0,0.1,15,y^2+vy^2 (y-energy),False
1.0,0.1,15,x*y+vx*vy (cross term),False
1.0,0.1,15,x*vy-y*vx (ang. momentum),False
1.5,0.1,15,x^2+vx^2 (x-energy),False
1.5,0.1,15,y^2+vy^2 (y-energy),False
1.5,0.1,15,x*y+vx*vy (cross term),False
1.5,0.1,15,x*vy-y*vx (ang. momentum),False
2.0,0.1,15,x^2+vx^2 (x-energy),False
2.0,0.1,15,y^2+vy^2 (y-energy),False
2.0,0.1,15,x*y+vx*vy (cross term),False
2.0,0.1,15,x*vy-y*vx (ang. momentum),False
2.5,0.1,15,x^2+vx^2 (x-energy),False
2.5,0.1,15,y^2+vy^2 (y-energy),False
2.5,0.1,15,x*y+vx*vy (cross term),False
2.5,0.1,15,x*vy-y*vx (ang. momentum),False
3.0,0.1,15,x^2+vx^2 (x-energy),False
3.0,0.1,15,y^2+vy^2 (y-energy),False
3.0,0.1,15,x*y+vx*vy (cross term),False
3.0,0.1,15,x*vy-y*vx (ang. momentum),False
3.5,0.1,15,x^2+vx^2 (x-energy),False
3.5,0.1,15,y^2+vy^2 (y-energy),False
3.5,0.1,15,x*y+vx*vy (cross term),False
3.5,0.1,15,x*vy-y*vx (ang. momentum),False
4.0,0.1,15,x^2+vx^2 (x-energy),False
4.0,0.1,15,y^2+vy^2 (y-energy),False
4.0,0.1,15,x*y+vx*vy (cross term),False
4.0,0.1,15,x*vy-y*vx (ang. momentum),False
5.0,0.1,15,x^2+vx^2 (x-energy),False
5.0,0.1,15,y^2+vy^2 (y-energy),False
5.0,0.1,15,x*y+vx*vy (cross term),False
5.0,0.1,15,x*vy-y*vx (ang. momentum),False
7.0,0.1,15,x^2+vx^2 (x-energy),False
7.0,0.1,15,y^2+vy^2 (y-energy),False
7.0,0.1,15,x*y+vx*vy (cross term),False
7.0,0.1,15,x*vy-y*vx (ang. momentum),False
0.0,0.1,16,x^2+vx^2 (x-energy),False
0.0,0.1,16,y^2+vy^2 (y-energy),True
0.0,0.1,16,x*y+vx*vy (cross term),False
0.0,0.1,16,x*vy-y*vx (ang. momentum),True
1.0,0.1,16,x^2+vx^2 (x-energy),False
1.0,0.1,16,y^2+vy^2 (y-energy),False
1.0,0.1,16,x*y+vx*vy (cross term),False
1.0,0.1,16,x*vy-y*vx (ang. momentum),False
1.5,0.1,16,x^2+vx^2 (x-energy),False
1.5,0.1,16,y^2+vy^2 (y-energy),False
1.5,0.1,16,x*y+vx*vy (cross term),False
1.5,0.1,16,x*vy-y*vx (ang. momentum),False
2.0,0.1,16,x^2+vx^2 (x-energy),False
2.0,0.1,16,y^2+vy^2 (y-energy),False
2.0,0.1,16,x*y+vx*vy (cross term),False
2.0,0.1,16,x*vy-y*vx (ang. momentum),False
2.5,0.1,16,x^2+vx^2 (x-energy),False
2.5,0.1,16,y^2+vy^2 (y-energy),False
2.5,0.1,16,x*y+vx*vy (cross term),False
2.5,0.1,16,x*vy-y*vx (ang. momentum),False
3.0,0.1,16,x^2+vx^2 (x-energy),False
3.0,0.1,16,y^2+vy^2 (y-energy),False
3.0,0.1,16,x*y+vx*vy (cross term),False
3.0,0.1,16,x*vy-y*vx (ang. momentum),False
3.5,0.1,16,x^2+vx^2 (x-energy),False
3.5,0.1,16,y^2+vy^2 (y-energy),False
3.5,0.1,16,x*y+vx*vy (cross term),False
3.5,0.1,16,x*vy-y*vx (ang. momentum),False
4.0,0.1,16,x^2+vx^2 (x-energy),False
4.0,0.1,16,y^2+vy^2 (y-energy),False
4.0,0.1,16,x*y+vx*vy (cross term),False
4.0,0.1,16,x*vy-y*vx (ang. momentum),False
5.0,0.1,16,x^2+vx^2 (x-energy),False
5.0,0.1,16,y^2+vy^2 (y-energy),False
5.0,0.1,16,x*y+vx*vy (cross term),False
5.0,0.1,16,x*vy-y*vx (ang. momentum),False
7.0,0.1,16,x^2+vx^2 (x-energy),False
7.0,0.1,16,y^2+vy^2 (y-energy),False
7.0,0.1,16,x*y+vx*vy (cross term),False
7.0,0.1,16,x*vy-y*vx (ang. momentum),False
0.0,0.1,17,x^2+vx^2 (x-energy),False
0.0,0.1,17,y^2+vy^2 (y-energy),False
0.0,0.1,17,x*y+vx*vy (cross term),True
0.0,0.1,17,x*vy-y*vx (ang. momentum),False
1.0,0.1,17,x^2+vx^2 (x-energy),False
1.0,0.1,17,y^2+vy^2 (y-energy),False
1.0,0.1,17,x*y+vx*vy (cross term),False
1.0,0.1,17,x*vy-y*vx (ang. momentum),False
1.5,0.1,17,x^2+vx^2 (x-energy),False
1.5,0.1,17,y^2+vy^2 (y-energy),False
1.5,0.1,17,x*y+vx*vy (cross term),False
1.5,0.1,17,x*vy-y*vx (ang. momentum),False
2.0,0.1,17,x^2+vx^2 (x-energy),False
2.0,0.1,17,y^2+vy^2 (y-energy),False
2.0,0.1,17,x*y+vx*vy (cross term),False
2.0,0.1,17,x*vy-y*vx (ang. momentum),False
2.5,0.1,17,x^2+vx^2 (x-energy),False
2.5,0.1,17,y^2+vy^2 (y-energy),False
2.5,0.1,17,x*y+vx*vy (cross term),False
2.5,0.1,17,x*vy-y*vx (ang. momentum),False
3.0,0.1,17,x^2+vx^2 (x-energy),False
3.0,0.1,17,y^2+vy^2 (y-energy),False
3.0,0.1,17,x*y+vx*vy (cross term),False
3.0,0.1,17,x*vy-y*vx (ang. momentum),False
3.5,0.1,17,x^2+vx^2 (x-energy),False
3.5,0.1,17,y^2+vy^2 (y-energy),False
3.5,0.1,17,x*y+vx*vy (cross term),False
3.5,0.1,17,x*vy-y*vx (ang. momentum),False
4.0,0.1,17,x^2+vx^2 (x-energy),False
4.0,0.1,17,y^2+vy^2 (y-energy),False
4.0,0.1,17,x*y+vx*vy (cross term),False
4.0,0.1,17,x*vy-y*vx (ang. momentum),False
5.0,0.1,17,x^2+vx^2 (x-energy),False
5.0,0.1,17,y^2+vy^2 (y-energy),False
5.0,0.1,17,x*y+vx*vy (cross term),False
5.0,0.1,17,x*vy-y*vx (ang. momentum),False
7.0,0.1,17,x^2+vx^2 (x-energy),False
7.0,0.1,17,y^2+vy^2 (y-energy),False
7.0,0.1,17,x*y+vx*vy (cross term),False
7.0,0.1,17,x*vy-y*vx (ang. momentum),False
0.0,0.1,18,x^2+vx^2 (x-energy),True
0.0,0.1,18,y^2+vy^2 (y-energy),True
0.0,0.1,18,x*y+vx*vy (cross term),True
0.0,0.1,18,x*vy-y*vx (ang. momentum),True
1.0,0.1,18,x^2+vx^2 (x-energy),True
1.0,0.1,18,y^2+vy^2 (y-energy),True
1.0,0.1,18,x*y+vx*vy (cross term),False
1.0,0.1,18,x*vy-y*vx (ang. momentum),True
1.5,0.1,18,x^2+vx^2 (x-energy),True
1.5,0.1,18,y^2+vy^2 (y-energy),True
1.5,0.1,18,x*y+vx*vy (cross term),False
1.5,0.1,18,x*vy-y*vx (ang. momentum),False
2.0,0.1,18,x^2+vx^2 (x-energy),True
2.0,0.1,18,y^2+vy^2 (y-energy),True
2.0,0.1,18,x*y+vx*vy (cross term),False
2.0,0.1,18,x*vy-y*vx (ang. momentum),False
2.5,0.1,18,x^2+vx^2 (x-energy),True
2.5,0.1,18,y^2+vy^2 (y-energy),True
2.5,0.1,18,x*y+vx*vy (cross term),False
2.5,0.1,18,x*vy-y*vx (ang. momentum),False
3.0,0.1,18,x^2+vx^2 (x-energy),True
3.0,0.1,18,y^2+vy^2 (y-energy),True
3.0,0.1,18,x*y+vx*vy (cross term),False
3.0,0.1,18,x*vy-y*vx (ang. momentum),False
3.5,0.1,18,x^2+vx^2 (x-energy),True
3.5,0.1,18,y^2+vy^2 (y-energy),True
3.5,0.1,18,x*y+vx*vy (cross term),False
3.5,0.1,18,x*vy-y*vx (ang. momentum),False
4.0,0.1,18,x^2+vx^2 (x-energy),True
4.0,0.1,18,y^2+vy^2 (y-energy),True
4.0,0.1,18,x*y+vx*vy (cross term),False
4.0,0.1,18,x*vy-y*vx (ang. momentum),False
5.0,0.1,18,x^2+vx^2 (x-energy),True
5.0,0.1,18,y^2+vy^2 (y-energy),True
5.0,0.1,18,x*y+vx*vy (cross term),False
5.0,0.1,18,x*vy-y*vx (ang. momentum),False
7.0,0.1,18,x^2+vx^2 (x-energy),True
7.0,0.1,18,y^2+vy^2 (y-energy),True
7.0,0.1,18,x*y+vx*vy (cross term),False
7.0,0.1,18,x*vy-y*vx (ang. momentum),False
0.0,0.1,19,x^2+vx^2 (x-energy),False
0.0,0.1,19,y^2+vy^2 (y-energy),False
0.0,0.1,19,x*y+vx*vy (cross term),False
0.0,0.1,19,x*vy-y*vx (ang. momentum),False
1.0,0.1,19,x^2+vx^2 (x-energy),False
1.0,0.1,19,y^2+vy^2 (y-energy),False
1.0,0.1,19,x*y+vx*vy (cross term),False
1.0,0.1,19,x*vy-y*vx (ang. momentum),False
1.5,0.1,19,x^2+vx^2 (x-energy),False
1.5,0.1,19,y^2+vy^2 (y-energy),False
1.5,0.1,19,x*y+vx*vy (cross term),False
1.5,0.1,19,x*vy-y*vx (ang. momentum),False
2.0,0.1,19,x^2+vx^2 (x-energy),False
2.0,0.1,19,y^2+vy^2 (y-energy),False
2.0,0.1,19,x*y+vx*vy (cross term),False
2.0,0.1,19,x*vy-y*vx (ang. momentum),False
2.5,0.1,19,x^2+vx^2 (x-energy),False
2.5,0.1,19,y^2+vy^2 (y-energy),False
2.5,0.1,19,x*y+vx*vy (cross term),False
2.5,0.1,19,x*vy-y*vx (ang. momentum),False
3.0,0.1,19,x^2+vx^2 (x-energy),False
3.0,0.1,19,y^2+vy^2 (y-energy),False
3.0,0.1,19,x*y+vx*vy (cross term),False
3.0,0.1,19,x*vy-y*vx (ang. momentum),False
3.5,0.1,19,x^2+vx^2 (x-energy),False
3.5,0.1,19,y^2+vy^2 (y-energy),False
3.5,0.1,19,x*y+vx*vy (cross term),False
3.5,0.1,19,x*vy-y*vx (ang. momentum),False
4.0,0.1,19,x^2+vx^2 (x-energy),False
4.0,0.1,19,y^2+vy^2 (y-energy),False
4.0,0.1,19,x*y+vx*vy (cross term),False
4.0,0.1,19,x*vy-y*vx (ang. momentum),False
5.0,0.1,19,x^2+vx^2 (x-energy),False
5.0,0.1,19,y^2+vy^2 (y-energy),False
5.0,0.1,19,x*y+vx*vy (cross term),False
5.0,0.1,19,x*vy-y*vx (ang. momentum),False
7.0,0.1,19,x^2+vx^2 (x-energy),False
7.0,0.1,19,y^2+vy^2 (y-energy),False
7.0,0.1,19,x*y+vx*vy (cross term),False
7.0,0.1,19,x*vy-y*vx (ang. momentum),False
0.0,0.1,20,x^2+vx^2 (x-energy),True
0.0,0.1,20,y^2+vy^2 (y-energy),True
0.0,0.1,20,x*y+vx*vy (cross term),True
0.0,0.1,20,x*vy-y*vx (ang. momentum),True
1.0,0.1,20,x^2+vx^2 (x-energy),True
1.0,0.1,20,y^2+vy^2 (y-energy),True
1.0,0.1,20,x*y+vx*vy (cross term),False
1.0,0.1,20,x*vy-y*vx (ang. momentum),False
1.5,0.1,20,x^2+vx^2 (x-energy),True
1.5,0.1,20,y^2+vy^2 (y-energy),True
1.5,0.1,20,x*y+vx*vy (cross term),False
1.5,0.1,20,x*vy-y*vx (ang. momentum),False
2.0,0.1,20,x^2+vx^2 (x-energy),True
2.0,0.1,20,y^2+vy^2 (y-energy),True
2.0,0.1,20,x*y+vx*vy (cross term),False
2.0,0.1,20,x*vy-y*vx (ang. momentum),False
2.5,0.1,20,x^2+vx^2 (x-energy),True
2.5,0.1,20,y^2+vy^2 (y-energy),True
2.5,0.1,20,x*y+vx*vy (cross term),False
2.5,0.1,20,x*vy-y*vx (ang. momentum),False
3.0,0.1,20,x^2+vx^2 (x-energy),True
3.0,0.1,20,y^2+vy^2 (y-energy),True
3.0,0.1,20,x*y+vx*vy (cross term),False
3.0,0.1,20,x*vy-y*vx (ang. momentum),False
3.5,0.1,20,x^2+vx^2 (x-energy),True
3.5,0.1,20,y^2+vy^2 (y-energy),True
3.5,0.1,20,x*y+vx*vy (cross term),False
3.5,0.1,20,x*vy-y*vx (ang. momentum),False
4.0,0.1,20,x^2+vx^2 (x-energy),True
4.0,0.1,20,y^2+vy^2 (y-energy),True
4.0,0.1,20,x*y+vx*vy (cross term),False
4.0,0.1,20,x*vy-y*vx (ang. momentum),False
5.0,0.1,20,x^2+vx^2 (x-energy),True
5.0,0.1,20,y^2+vy^2 (y-energy),True
5.0,0.1,20,x*y+vx*vy (cross term),False
5.0,0.1,20,x*vy-y*vx (ang. momentum),False
7.0,0.1,20,x^2+vx^2 (x-energy),True
7.0,0.1,20,y^2+vy^2 (y-energy),True
7.0,0.1,20,x*y+vx*vy (cross term),False
7.0,0.1,20,x*vy-y*vx (ang. momentum),False
0.0,0.1,21,x^2+vx^2 (x-energy),False
0.0,0.1,21,y^2+vy^2 (y-energy),False
0.0,0.1,21,x*y+vx*vy (cross term),True
0.0,0.1,21,x*vy-y*vx (ang. momentum),False
1.0,0.1,21,x^2+vx^2 (x-energy),False
1.0,0.1,21,y^2+vy^2 (y-energy),False
1.0,0.1,21,x*y+vx*vy (cross term),False
1.0,0.1,21,x*vy-y*vx (ang. momentum),False
1.5,0.1,21,x^2+vx^2 (x-energy),False
1.5,0.1,21,y^2+vy^2 (y-energy),False
1.5,0.1,21,x*y+vx*vy (cross term),False
1.5,0.1,21,x*vy-y*vx (ang. momentum),False
2.0,0.1,21,x^2+vx^2 (x-energy),False
2.0,0.1,21,y^2+vy^2 (y-energy),False
2.0,0.1,21,x*y+vx*vy (cross term),False
2.0,0.1,21,x*vy-y*vx (ang. momentum),False
2.5,0.1,21,x^2+vx^2 (x-energy),False
2.5,0.1,21,y^2+vy^2 (y-energy),False
2.5,0.1,21,x*y+vx*vy (cross term),False
2.5,0.1,21,x*vy-y*vx (ang. momentum),False
3.0,0.1,21,x^2+vx^2 (x-energy),False
3.0,0.1,21,y^2+vy^2 (y-energy),False
3.0,0.1,21,x*y+vx*vy (cross term),False
3.0,0.1,21,x*vy-y*vx (ang. momentum),False
3.5,0.1,21,x^2+vx^2 (x-energy),False
3.5,0.1,21,y^2+vy^2 (y-energy),False
3.5,0.1,21,x*y+vx*vy (cross term),False
3.5,0.1,21,x*vy-y*vx (ang. momentum),False
4.0,0.1,21,x^2+vx^2 (x-energy),False
4.0,0.1,21,y^2+vy^2 (y-energy),False
4.0,0.1,21,x*y+vx*vy (cross term),False
4.0,0.1,21,x*vy-y*vx (ang. momentum),False
5.0,0.1,21,x^2+vx^2 (x-energy),False
5.0,0.1,21,y^2+vy^2 (y-energy),False
5.0,0.1,21,x*y+vx*vy (cross term),False
5.0,0.1,21,x*vy-y*vx (ang. momentum),False
7.0,0.1,21,x^2+vx^2 (x-energy),False
7.0,0.1,21,y^2+vy^2 (y-energy),False
7.0,0.1,21,x*y+vx*vy (cross term),False
7.0,0.1,21,x*vy-y*vx (ang. momentum),False
0.0,0.1,22,x^2+vx^2 (x-energy),True
0.0,0.1,22,y^2+vy^2 (y-energy),True
0.0,0.1,22,x*y+vx*vy (cross term),True
0.0,0.1,22,x*vy-y*vx (ang. momentum),True
1.0,0.1,22,x^2+vx^2 (x-energy),True
1.0,0.1,22,y^2+vy^2 (y-energy),True
1.0,0.1,22,x*y+vx*vy (cross term),False
1.0,0.1,22,x*vy-y*vx (ang. momentum),False
1.5,0.1,22,x^2+vx^2 (x-energy),True
1.5,0.1,22,y^2+vy^2 (y-energy),True
1.5,0.1,22,x*y+vx*vy (cross term),False
1.5,0.1,22,x*vy-y*vx (ang. momentum),False
2.0,0.1,22,x^2+vx^2 (x-energy),True
2.0,0.1,22,y^2+vy^2 (y-energy),True
2.0,0.1,22,x*y+vx*vy (cross term),False
2.0,0.1,22,x*vy-y*vx (ang. momentum),False
2.5,0.1,22,x^2+vx^2 (x-energy),True
2.5,0.1,22,y^2+vy^2 (y-energy),True
2.5,0.1,22,x*y+vx*vy (cross term),False
2.5,0.1,22,x*vy-y*vx (ang. momentum),False
3.0,0.1,22,x^2+vx^2 (x-energy),True
3.0,0.1,22,y^2+vy^2 (y-energy),True
3.0,0.1,22,x*y+vx*vy (cross term),False
3.0,0.1,22,x*vy-y*vx (ang. momentum),False
3.5,0.1,22,x^2+vx^2 (x-energy),True
3.5,0.1,22,y^2+vy^2 (y-energy),True
3.5,0.1,22,x*y+vx*vy (cross term),False
3.5,0.1,22,x*vy-y*vx (ang. momentum),False
4.0,0.1,22,x^2+vx^2 (x-energy),True
4.0,0.1,22,y^2+vy^2 (y-energy),True
4.0,0.1,22,x*y+vx*vy (cross term),False
4.0,0.1,22,x*vy-y*vx (ang. momentum),False
5.0,0.1,22,x^2+vx^2 (x-energy),True
5.0,0.1,22,y^2+vy^2 (y-energy),True
5.0,0.1,22,x*y+vx*vy (cross term),False
5.0,0.1,22,x*vy-y*vx (ang. momentum),False
7.0,0.1,22,x^2+vx^2 (x-energy),True
7.0,0.1,22,y^2+vy^2 (y-energy),True
7.0,0.1,22,x*y+vx*vy (cross term),False
7.0,0.1,22,x*vy-y*vx (ang. momentum),False
0.0,0.1,23,x^2+vx^2 (x-energy),False
0.0,0.1,23,y^2+vy^2 (y-energy),False
0.0,0.1,23,x*y+vx*vy (cross term),False
0.0,0.1,23,x*vy-y*vx (ang. momentum),False
1.0,0.1,23,x^2+vx^2 (x-energy),False
1.0,0.1,23,y^2+vy^2 (y-energy),False
1.0,0.1,23,x*y+vx*vy (cross term),False
1.0,0.1,23,x*vy-y*vx (ang. momentum),False
1.5,0.1,23,x^2+vx^2 (x-energy),False
1.5,0.1,23,y^2+vy^2 (y-energy),False
1.5,0.1,23,x*y+vx*vy (cross term),False
1.5,0.1,23,x*vy-y*vx (ang. momentum),False
2.0,0.1,23,x^2+vx^2 (x-energy),False
2.0,0.1,23,y^2+vy^2 (y-energy),False
2.0,0.1,23,x*y+vx*vy (cross term),False
2.0,0.1,23,x*vy-y*vx (ang. momentum),False
2.5,0.1,23,x^2+vx^2 (x-energy),False
2.5,0.1,23,y^2+vy^2 (y-energy),False
2.5,0.1,23,x*y+vx*vy (cross term),False
2.5,0.1,23,x*vy-y*vx (ang. momentum),False
3.0,0.1,23,x^2+vx^2 (x-energy),False
3.0,0.1,23,y^2+vy^2 (y-energy),False
3.0,0.1,23,x*y+vx*vy (cross term),False
3.0,0.1,23,x*vy-y*vx (ang. momentum),False
3.5,0.1,23,x^2+vx^2 (x-energy),False
3.5,0.1,23,y^2+vy^2 (y-energy),False
3.5,0.1,23,x*y+vx*vy (cross term),False
3.5,0.1,23,x*vy-y*vx (ang. momentum),False
4.0,0.1,23,x^2+vx^2 (x-energy),False
4.0,0.1,23,y^2+vy^2 (y-energy),False
4.0,0.1,23,x*y+vx*vy (cross term),False
4.0,0.1,23,x*vy-y*vx (ang. momentum),False
5.0,0.1,23,x^2+vx^2 (x-energy),False
5.0,0.1,23,y^2+vy^2 (y-energy),False
5.0,0.1,23,x*y+vx*vy (cross term),False
5.0,0.1,23,x*vy-y*vx (ang. momentum),False
7.0,0.1,23,x^2+vx^2 (x-energy),False
7.0,0.1,23,y^2+vy^2 (y-energy),False
7.0,0.1,23,x*y+vx*vy (cross term),False
7.0,0.1,23,x*vy-y*vx (ang. momentum),False
0.0,0.1,24,x^2+vx^2 (x-energy),False
0.0,0.1,24,y^2+vy^2 (y-energy),False
0.0,0.1,24,x*y+vx*vy (cross term),False
0.0,0.1,24,x*vy-y*vx (ang. momentum),True
1.0,0.1,24,x^2+vx^2 (x-energy),False
1.0,0.1,24,y^2+vy^2 (y-energy),False
1.0,0.1,24,x*y+vx*vy (cross term),False
1.0,0.1,24,x*vy-y*vx (ang. momentum),False
1.5,0.1,24,x^2+vx^2 (x-energy),False
1.5,0.1,24,y^2+vy^2 (y-energy),False
1.5,0.1,24,x*y+vx*vy (cross term),False
1.5,0.1,24,x*vy-y*vx (ang. momentum),False
2.0,0.1,24,x^2+vx^2 (x-energy),False
2.0,0.1,24,y^2+vy^2 (y-energy),False
2.0,0.1,24,x*y+vx*vy (cross term),False
2.0,0.1,24,x*vy-y*vx (ang. momentum),False
2.5,0.1,24,x^2+vx^2 (x-energy),False
2.5,0.1,24,y^2+vy^2 (y-energy),False
2.5,0.1,24,x*y+vx*vy (cross term),False
2.5,0.1,24,x*vy-y*vx (ang. momentum),False
3.0,0.1,24,x^2+vx^2 (x-energy),False
3.0,0.1,24,y^2+vy^2 (y-energy),False
3.0,0.1,24,x*y+vx*vy (cross term),False
3.0,0.1,24,x*vy-y*vx (ang. momentum),False
3.5,0.1,24,x^2+vx^2 (x-energy),False
3.5,0.1,24,y^2+vy^2 (y-energy),False
3.5,0.1,24,x*y+vx*vy (cross term),False
3.5,0.1,24,x*vy-y*vx (ang. momentum),False
4.0,0.1,24,x^2+vx^2 (x-energy),False
4.0,0.1,24,y^2+vy^2 (y-energy),False
4.0,0.1,24,x*y+vx*vy (cross term),False
4.0,0.1,24,x*vy-y*vx (ang. momentum),False
5.0,0.1,24,x^2+vx^2 (x-energy),False
5.0,0.1,24,y^2+vy^2 (y-energy),False
5.0,0.1,24,x*y+vx*vy (cross term),False
5.0,0.1,24,x*vy-y*vx (ang. momentum),False
7.0,0.1,24,x^2+vx^2 (x-energy),False
7.0,0.1,24,y^2+vy^2 (y-energy),False
7.0,0.1,24,x*y+vx*vy (cross term),False
7.0,0.1,24,x*vy-y*vx (ang. momentum),False
0.0,0.1,25,x^2+vx^2 (x-energy),True
0.0,0.1,25,y^2+vy^2 (y-energy),False
0.0,0.1,25,x*y+vx*vy (cross term),False
0.0,0.1,25,x*vy-y*vx (ang. momentum),False
1.0,0.1,25,x^2+vx^2 (x-energy),False
1.0,0.1,25,y^2+vy^2 (y-energy),False
1.0,0.1,25,x*y+vx*vy (cross term),False
1.0,0.1,25,x*vy-y*vx (ang. momentum),False
1.5,0.1,25,x^2+vx^2 (x-energy),False
1.5,0.1,25,y^2+vy^2 (y-energy),False
1.5,0.1,25,x*y+vx*vy (cross term),False
1.5,0.1,25,x*vy-y*vx (ang. momentum),False
2.0,0.1,25,x^2+vx^2 (x-energy),False
2.0,0.1,25,y^2+vy^2 (y-energy),False
2.0,0.1,25,x*y+vx*vy (cross term),False
2.0,0.1,25,x*vy-y*vx (ang. momentum),False
2.5,0.1,25,x^2+vx^2 (x-energy),False
2.5,0.1,25,y^2+vy^2 (y-energy),False
2.5,0.1,25,x*y+vx*vy (cross term),False
2.5,0.1,25,x*vy-y*vx (ang. momentum),False
3.0,0.1,25,x^2+vx^2 (x-energy),False
3.0,0.1,25,y^2+vy^2 (y-energy),False
3.0,0.1,25,x*y+vx*vy (cross term),False
3.0,0.1,25,x*vy-y*vx (ang. momentum),False
3.5,0.1,25,x^2+vx^2 (x-energy),False
3.5,0.1,25,y^2+vy^2 (y-energy),False
3.5,0.1,25,x*y+vx*vy (cross term),False
3.5,0.1,25,x*vy-y*vx (ang. momentum),False
4.0,0.1,25,x^2+vx^2 (x-energy),False
4.0,0.1,25,y^2+vy^2 (y-energy),False
4.0,0.1,25,x*y+vx*vy (cross term),False
4.0,0.1,25,x*vy-y*vx (ang. momentum),False
5.0,0.1,25,x^2+vx^2 (x-energy),False
5.0,0.1,25,y^2+vy^2 (y-energy),False
5.0,0.1,25,x*y+vx*vy (cross term),False
5.0,0.1,25,x*vy-y*vx (ang. momentum),False
7.0,0.1,25,x^2+vx^2 (x-energy),False
7.0,0.1,25,y^2+vy^2 (y-energy),False
7.0,0.1,25,x*y+vx*vy (cross term),False
7.0,0.1,25,x*vy-y*vx (ang. momentum),False
0.0,0.1,26,x^2+vx^2 (x-energy),False
0.0,0.1,26,y^2+vy^2 (y-energy),False
0.0,0.1,26,x*y+vx*vy (cross term),False
0.0,0.1,26,x*vy-y*vx (ang. momentum),True
1.0,0.1,26,x^2+vx^2 (x-energy),False
1.0,0.1,26,y^2+vy^2 (y-energy),False
1.0,0.1,26,x*y+vx*vy (cross term),False
1.0,0.1,26,x*vy-y*vx (ang. momentum),False
1.5,0.1,26,x^2+vx^2 (x-energy),False
1.5,0.1,26,y^2+vy^2 (y-energy),False
1.5,0.1,26,x*y+vx*vy (cross term),False
1.5,0.1,26,x*vy-y*vx (ang. momentum),False
2.0,0.1,26,x^2+vx^2 (x-energy),False
2.0,0.1,26,y^2+vy^2 (y-energy),False
2.0,0.1,26,x*y+vx*vy (cross term),False
2.0,0.1,26,x*vy-y*vx (ang. momentum),False
2.5,0.1,26,x^2+vx^2 (x-energy),False
2.5,0.1,26,y^2+vy^2 (y-energy),False
2.5,0.1,26,x*y+vx*vy (cross term),False
2.5,0.1,26,x*vy-y*vx (ang. momentum),False
3.0,0.1,26,x^2+vx^2 (x-energy),False
3.0,0.1,26,y^2+vy^2 (y-energy),False
3.0,0.1,26,x*y+vx*vy (cross term),False
3.0,0.1,26,x*vy-y*vx (ang. momentum),False
3.5,0.1,26,x^2+vx^2 (x-energy),False
3.5,0.1,26,y^2+vy^2 (y-energy),False
3.5,0.1,26,x*y+vx*vy (cross term),False
3.5,0.1,26,x*vy-y*vx (ang. momentum),False
4.0,0.1,26,x^2+vx^2 (x-energy),False
4.0,0.1,26,y^2+vy^2 (y-energy),False
4.0,0.1,26,x*y+vx*vy (cross term),False
4.0,0.1,26,x*vy-y*vx (ang. momentum),False
5.0,0.1,26,x^2+vx^2 (x-energy),False
5.0,0.1,26,y^2+vy^2 (y-energy),False
5.0,0.1,26,x*y+vx*vy (cross term),False
5.0,0.1,26,x*vy-y*vx (ang. momentum),False
7.0,0.1,26,x^2+vx^2 (x-energy),False
7.0,0.1,26,y^2+vy^2 (y-energy),False
7.0,0.1,26,x*y+vx*vy (cross term),False
7.0,0.1,26,x*vy-y*vx (ang. momentum),False
0.0,0.1,27,x^2+vx^2 (x-energy),False
0.0,0.1,27,y^2+vy^2 (y-energy),True
0.0,0.1,27,x*y+vx*vy (cross term),False
0.0,0.1,27,x*vy-y*vx (ang. momentum),True
1.0,0.1,27,x^2+vx^2 (x-energy),False
1.0,0.1,27,y^2+vy^2 (y-energy),True
1.0,0.1,27,x*y+vx*vy (cross term),False
1.0,0.1,27,x*vy-y*vx (ang. momentum),False
1.5,0.1,27,x^2+vx^2 (x-energy),False
1.5,0.1,27,y^2+vy^2 (y-energy),False
1.5,0.1,27,x*y+vx*vy (cross term),False
1.5,0.1,27,x*vy-y*vx (ang. momentum),False
2.0,0.1,27,x^2+vx^2 (x-energy),False
2.0,0.1,27,y^2+vy^2 (y-energy),False
2.0,0.1,27,x*y+vx*vy (cross term),False
2.0,0.1,27,x*vy-y*vx (ang. momentum),False
2.5,0.1,27,x^2+vx^2 (x-energy),False
2.5,0.1,27,y^2+vy^2 (y-energy),False
2.5,0.1,27,x*y+vx*vy (cross term),False
2.5,0.1,27,x*vy-y*vx (ang. momentum),False
3.0,0.1,27,x^2+vx^2 (x-energy),False
3.0,0.1,27,y^2+vy^2 (y-energy),False
3.0,0.1,27,x*y+vx*vy (cross term),False
3.0,0.1,27,x*vy-y*vx (ang. momentum),False
3.5,0.1,27,x^2+vx^2 (x-energy),False
3.5,0.1,27,y^2+vy^2 (y-energy),False
3.5,0.1,27,x*y+vx*vy (cross term),False
3.5,0.1,27,x*vy-y*vx (ang. momentum),False
4.0,0.1,27,x^2+vx^2 (x-energy),False
4.0,0.1,27,y^2+vy^2 (y-energy),False
4.0,0.1,27,x*y+vx*vy (cross term),False
4.0,0.1,27,x*vy-y*vx (ang. momentum),False
5.0,0.1,27,x^2+vx^2 (x-energy),False
5.0,0.1,27,y^2+vy^2 (y-energy),False
5.0,0.1,27,x*y+vx*vy (cross term),False
5.0,0.1,27,x*vy-y*vx (ang. momentum),False
7.0,0.1,27,x^2+vx^2 (x-energy),False
7.0,0.1,27,y^2+vy^2 (y-energy),False
7.0,0.1,27,x*y+vx*vy (cross term),False
7.0,0.1,27,x*vy-y*vx (ang. momentum),False
0.0,0.1,28,x^2+vx^2 (x-energy),False
0.0,0.1,28,y^2+vy^2 (y-energy),False
0.0,0.1,28,x*y+vx*vy (cross term),False
0.0,0.1,28,x*vy-y*vx (ang. momentum),False
1.0,0.1,28,x^2+vx^2 (x-energy),False
1.0,0.1,28,y^2+vy^2 (y-energy),False
1.0,0.1,28,x*y+vx*vy (cross term),False
1.0,0.1,28,x*vy-y*vx (ang. momentum),False
1.5,0.1,28,x^2+vx^2 (x-energy),False
1.5,0.1,28,y^2+vy^2 (y-energy),False
1.5,0.1,28,x*y+vx*vy (cross term),False
1.5,0.1,28,x*vy-y*vx (ang. momentum),False
2.0,0.1,28,x^2+vx^2 (x-energy),False
2.0,0.1,28,y^2+vy^2 (y-energy),False
2.0,0.1,28,x*y+vx*vy (cross term),False
2.0,0.1,28,x*vy-y*vx (ang. momentum),False
2.5,0.1,28,x^2+vx^2 (x-energy),False
2.5,0.1,28,y^2+vy^2 (y-energy),False
2.5,0.1,28,x*y+vx*vy (cross term),False
2.5,0.1,28,x*vy-y*vx (ang. momentum),False
3.0,0.1,28,x^2+vx^2 (x-energy),False
3.0,0.1,28,y^2+vy^2 (y-energy),False
3.0,0.1,28,x*y+vx*vy (cross term),False
3.0,0.1,28,x*vy-y*vx (ang. momentum),False
3.5,0.1,28,x^2+vx^2 (x-energy),False
3.5,0.1,28,y^2+vy^2 (y-energy),False
3.5,0.1,28,x*y+vx*vy (cross term),False
3.5,0.1,28,x*vy-y*vx (ang. momentum),False
4.0,0.1,28,x^2+vx^2 (x-energy),False
4.0,0.1,28,y^2+vy^2 (y-energy),False
4.0,0.1,28,x*y+vx*vy (cross term),False
4.0,0.1,28,x*vy-y*vx (ang. momentum),False
5.0,0.1,28,x^2+vx^2 (x-energy),False
5.0,0.1,28,y^2+vy^2 (y-energy),False
5.0,0.1,28,x*y+vx*vy (cross term),False
5.0,0.1,28,x*vy-y*vx (ang. momentum),False
7.0,0.1,28,x^2+vx^2 (x-energy),False
7.0,0.1,28,y^2+vy^2 (y-energy),False
7.0,0.1,28,x*y+vx*vy (cross term),False
7.0,0.1,28,x*vy-y*vx (ang. momentum),False
0.0,0.1,29,x^2+vx^2 (x-energy),False
0.0,0.1,29,y^2+vy^2 (y-energy),False
0.0,0.1,29,x*y+vx*vy (cross term),False
0.0,0.1,29,x*vy-y*vx (ang. momentum),False
1.0,0.1,29,x^2+vx^2 (x-energy),False
1.0,0.1,29,y^2+vy^2 (y-energy),False
1.0,0.1,29,x*y+vx*vy (cross term),False
1.0,0.1,29,x*vy-y*vx (ang. momentum),False
1.5,0.1,29,x^2+vx^2 (x-energy),False
1.5,0.1,29,y^2+vy^2 (y-energy),False
1.5,0.1,29,x*y+vx*vy (cross term),False
1.5,0.1,29,x*vy-y*vx (ang. momentum),False
2.0,0.1,29,x^2+vx^2 (x-energy),False
2.0,0.1,29,y^2+vy^2 (y-energy),False
2.0,0.1,29,x*y+vx*vy (cross term),False
2.0,0.1,29,x*vy-y*vx (ang. momentum),False
2.5,0.1,29,x^2+vx^2 (x-energy),False
2.5,0.1,29,y^2+vy^2 (y-energy),False
2.5,0.1,29,x*y+vx*vy (cross term),False
2.5,0.1,29,x*vy-y*vx (ang. momentum),False
3.0,0.1,29,x^2+vx^2 (x-energy),False
3.0,0.1,29,y^2+vy^2 (y-energy),False
3.0,0.1,29,x*y+vx*vy (cross term),False
3.0,0.1,29,x*vy-y*vx (ang. momentum),False
3.5,0.1,29,x^2+vx^2 (x-energy),False
3.5,0.1,29,y^2+vy^2 (y-energy),False
3.5,0.1,29,x*y+vx*vy (cross term),False
3.5,0.1,29,x*vy-y*vx (ang. momentum),False
4.0,0.1,29,x^2+vx^2 (x-energy),False
4.0,0.1,29,y^2+vy^2 (y-energy),False
4.0,0.1,29,x*y+vx*vy (cross term),False
4.0,0.1,29,x*vy-y*vx (ang. momentum),False
5.0,0.1,29,x^2+vx^2 (x-energy),False
5.0,0.1,29,y^2+vy^2 (y-energy),False
5.0,0.1,29,x*y+vx*vy (cross term),False
5.0,0.1,29,x*vy-y*vx (ang. momentum),False
7.0,0.1,29,x^2+vx^2 (x-energy),False
7.0,0.1,29,y^2+vy^2 (y-energy),False
7.0,0.1,29,x*y+vx*vy (cross term),False
7.0,0.1,29,x*vy-y*vx (ang. momentum),False
