name,sigma,degree,seed,t_srgb,t_sindy_null,t_sindy_st,t_total,srgb_exact
I.8.14,0.0,2,0,0.141,0.005,0.135,0.282,True
I.8.14,0.0,2,1,0.13,0.005,0.107,0.242,True
I.8.14,0.0,2,2,0.139,0.005,0.104,0.248,True
I.8.14,0.0,2,3,0.143,0.005,0.105,0.253,True
I.8.14,0.0,2,4,0.148,0.005,0.097,0.249,True
I.8.14,0.0,2,5,0.159,0.005,0.105,0.269,True
I.8.14,0.0,2,6,0.141,0.005,0.101,0.247,True
I.8.14,0.0,2,7,0.151,0.005,0.108,0.263,True
I.8.14,0.0,2,8,0.145,0.005,0.104,0.254,True
I.8.14,0.0,2,9,0.144,0.004,0.11,0.258,True
I.8.14,0.0,2,10,0.138,0.005,0.091,0.234,True
I.8.14,0.0,2,11,0.149,0.005,0.102,0.256,True
I.8.14,0.0,2,12,0.14,0.005,0.095,0.24,True
I.8.14,0.0,2,13,0.131,0.005,0.142,0.278,True
I.8.14,0.0,2,14,0.147,0.004,0.107,0.258,True
I.8.14,0.0,2,15,0.14,0.005,0.128,0.273,True
I.8.14,0.0,2,16,0.135,0.005,0.105,0.244,True
I.8.14,0.0,2,17,0.154,0.005,0.129,0.288,True
I.8.14,0.0,2,18,0.134,0.005,0.128,0.267,True
I.8.14,0.0,2,19,0.145,0.004,0.107,0.257,True
I.8.14,0.0,2,20,0.142,0.005,0.125,0.272,True
I.8.14,0.0,2,21,0.137,0.005,0.125,0.267,True
I.8.14,0.0,2,22,0.147,0.005,0.142,0.294,True
I.8.14,0.0,2,23,0.143,0.005,0.092,0.24,True
I.8.14,0.0,2,24,0.139,0.005,0.13,0.274,True
I.8.14,0.0,2,25,0.143,0.005,0.125,0.273,True
I.8.14,0.0,2,26,0.155,0.005,0.098,0.259,True
I.8.14,0.0,2,27,0.142,0.005,0.124,0.271,True
I.8.14,0.0,2,28,0.144,0.007,0.118,0.269,True
I.8.14,0.0,2,29,0.139,0.005,0.089,0.232,True
I.8.14,0.02,2,0,0.73,0.012,0.138,0.879,True
I.8.14,0.02,2,1,0.723,0.019,0.127,0.869,True
I.8.14,0.02,2,2,0.677,0.03,0.128,0.834,True
I.8.14,0.02,2,3,0.714,0.015,0.112,0.84,True
I.8.14,0.02,2,4,0.684,0.015,0.1,0.799,True
I.8.14,0.02,2,5,0.71,0.004,0.179,0.893,True
I.8.14,0.02,2,6,0.734,0.016,0.132,0.882,True
I.8.14,0.02,2,7,0.663,0.018,0.133,0.814,True
I.8.14,0.02,2,8,0.702,0.022,0.135,0.86,True
I.8.14,0.02,2,9,0.752,0.011,0.155,0.918,True
I.8.14,0.02,2,10,0.729,0.015,0.164,0.909,True
I.8.14,0.02,2,11,0.762,0.012,0.152,0.926,True
I.8.14,0.02,2,12,0.597,0.018,0.13,0.745,True
I.8.14,0.02,2,13,0.563,0.013,0.132,0.708,True
I.8.14,0.02,2,14,0.694,0.015,0.145,0.853,True
I.8.14,0.02,2,15,0.7,0.017,0.175,0.892,True
I.8.14,0.02,2,16,0.692,0.029,0.156,0.877,True
I.8.14,0.02,2,17,0.707,0.011,0.155,0.873,True
I.8.14,0.02,2,18,0.65,0.018,0.16,0.828,True
I.8.14,0.02,2,19,0.756,0.02,0.153,0.929,True
I.8.14,0.02,2,20,0.774,0.011,0.158,0.943,True
I.8.14,0.02,2,21,0.733,0.024,0.149,0.906,True
I.8.14,0.02,2,22,0.64,0.008,0.159,0.807,True
I.8.14,0.02,2,23,0.732,0.021,0.139,0.892,True
I.8.14,0.02,2,24,0.638,0.012,0.13,0.78,True
I.8.14,0.02,2,25,0.686,0.015,0.173,0.874,True
I.8.14,0.02,2,26,0.682,0.019,0.149,0.851,True
I.8.14,0.02,2,27,0.66,0.011,0.14,0.81,True
I.8.14,0.02,2,28,0.717,0.014,0.151,0.882,True
I.8.14,0.02,2,29,0.651,0.018,0.135,0.804,True
I.8.14,0.05,2,0,0.486,0.012,0.166,0.664,True
I.8.14,0.05,2,1,0.555,0.016,0.17,0.742,True
I.8.14,0.05,2,2,0.537,0.563,0.136,1.237,True
I.8.14,0.05,2,3,0.58,0.108,0.163,0.852,True
I.8.14,0.05,2,4,0.543,0.103,0.147,0.793,True
I.8.14,0.05,2,5,0.538,0.066,0.133,0.738,True
I.8.14,0.05,2,6,0.477,0.033,0.103,0.614,True
I.8.14,0.05,2,7,0.513,0.018,0.141,0.672,True
I.8.14,0.05,2,8,0.542,0.017,0.134,0.693,True
I.8.14,0.05,2,9,0.547,0.022,0.107,0.677,True
I.8.14,0.05,2,10,0.559,0.089,0.166,0.813,True
I.8.14,0.05,2,11,0.536,0.01,0.131,0.677,True
I.8.14,0.05,2,12,0.528,0.019,0.119,0.665,True
I.8.14,0.05,2,13,0.491,0.012,0.142,0.646,True
I.8.14,0.05,2,14,0.543,0.015,0.124,0.682,True
I.8.14,0.05,2,15,0.504,0.099,0.127,0.731,True
I.8.14,0.05,2,16,0.64,0.112,0.123,0.875,True
I.8.14,0.05,2,17,0.578,0.118,0.1,0.795,True
I.8.14,0.05,2,18,0.528,0.102,0.125,0.754,True
I.8.14,0.05,2,19,0.506,0.019,0.125,0.65,True
I.8.14,0.05,2,20,0.496,0.014,0.094,0.603,True
I.8.14,0.05,2,21,0.507,0.015,0.113,0.635,True
I.8.14,0.05,2,22,0.521,0.016,0.125,0.662,True
I.8.14,0.05,2,23,0.479,0.019,0.143,0.641,True
I.8.14,0.05,2,24,0.502,0.018,0.121,0.641,True
I.8.14,0.05,2,25,0.557,0.078,0.167,0.802,True
I.8.14,0.05,2,26,0.574,0.022,0.122,0.718,True
I.8.14,0.05,2,27,0.508,0.016,0.152,0.676,True
I.8.14,0.05,2,28,0.564,0.13,0.125,0.82,True
I.8.14,0.05,2,29,0.594,0.009,0.126,0.728,True
circle_locus,0.0,2,0,0.024,0.002,0.021,0.048,True
circle_locus,0.0,2,1,0.021,0.002,0.01,0.032,True
circle_locus,0.0,2,2,0.023,0.002,0.024,0.05,True
circle_locus,0.0,2,3,0.012,0.001,0.024,0.036,True
circle_locus,0.0,2,4,0.021,0.001,0.01,0.033,True
circle_locus,0.0,2,5,0.021,0.002,0.024,0.047,True
circle_locus,0.0,2,6,0.021,0.002,0.023,0.046,True
circle_locus,0.0,2,7,0.021,0.002,0.02,0.043,True
circle_locus,0.0,2,8,0.021,0.001,0.013,0.035,True
circle_locus,0.0,2,9,0.021,0.002,0.02,0.043,True
circle_locus,0.0,2,10,0.011,0.001,0.016,0.028,True
circle_locus,0.0,2,11,0.021,0.002,0.022,0.046,True
circle_locus,0.0,2,12,0.022,0.002,0.021,0.045,True
circle_locus,0.0,2,13,0.021,0.002,0.019,0.042,True
circle_locus,0.0,2,14,0.013,0.002,0.02,0.035,True
circle_locus,0.0,2,15,0.021,0.002,0.019,0.042,True
circle_locus,0.0,2,16,0.011,0.001,0.01,0.022,True
circle_locus,0.0,2,17,0.021,0.002,0.021,0.045,True
circle_locus,0.0,2,18,0.015,0.001,0.021,0.037,True
circle_locus,0.0,2,19,0.021,0.002,0.02,0.043,True
circle_locus,0.0,2,20,0.011,0.001,0.016,0.028,True
circle_locus,0.0,2,21,0.012,0.001,0.01,0.023,True
circle_locus,0.0,2,22,0.016,0.002,0.019,0.036,True
circle_locus,0.0,2,23,0.011,0.001,0.01,0.022,True
circle_locus,0.0,2,24,0.016,0.001,0.011,0.028,True
circle_locus,0.0,2,25,0.021,0.002,0.021,0.044,True
circle_locus,0.0,2,26,0.021,0.002,0.018,0.042,True
circle_locus,0.0,2,27,0.021,0.002,0.024,0.046,True
circle_locus,0.0,2,28,0.017,0.001,0.013,0.031,True
circle_locus,0.0,2,29,0.019,0.002,0.011,0.031,True
circle_locus,0.02,2,0,0.021,0.003,0.026,0.05,True
circle_locus,0.02,2,1,0.044,0.001,0.024,0.069,True
circle_locus,0.02,2,2,0.021,0.003,0.022,0.045,True
circle_locus,0.02,2,3,0.032,0.001,0.026,0.059,True
circle_locus,0.02,2,4,0.048,0.003,0.02,0.07,True
circle_locus,0.02,2,5,0.019,0.003,0.029,0.051,True
circle_locus,0.02,2,6,0.021,0.002,0.012,0.035,True
circle_locus,0.02,2,7,0.053,0.003,0.029,0.086,True
circle_locus,0.02,2,8,0.045,0.003,0.025,0.073,True
circle_locus,0.02,2,9,0.064,0.003,0.025,0.092,True
circle_locus,0.02,2,10,0.019,0.002,0.022,0.043,True
circle_locus,0.02,2,11,0.058,0.003,0.026,0.087,True
circle_locus,0.02,2,12,0.06,0.003,0.024,0.087,True
circle_locus,0.02,2,13,0.052,0.003,0.027,0.082,True
circle_locus,0.02,2,14,0.059,0.002,0.012,0.074,True
circle_locus,0.02,2,15,0.021,0.003,0.028,0.051,True
circle_locus,0.02,2,16,0.053,0.003,0.025,0.081,True
circle_locus,0.02,2,17,0.06,0.003,0.024,0.086,True
circle_locus,0.02,2,18,0.051,0.003,0.028,0.082,True
circle_locus,0.02,2,19,0.016,0.001,0.012,0.03,True
circle_locus,0.02,2,20,0.053,0.003,0.029,0.085,True
circle_locus,0.02,2,21,0.058,0.003,0.02,0.081,True
circle_locus,0.02,2,22,0.037,0.001,0.013,0.052,True
circle_locus,0.02,2,23,0.05,0.003,0.028,0.082,True
circle_locus,0.02,2,24,0.043,0.003,0.025,0.071,True
circle_locus,0.02,2,25,0.021,0.003,0.015,0.039,True
circle_locus,0.02,2,26,0.021,0.003,0.022,0.047,True
circle_locus,0.02,2,27,0.059,0.001,0.013,0.074,True
circle_locus,0.02,2,28,0.059,0.003,0.023,0.085,True
circle_locus,0.02,2,29,0.02,0.001,0.018,0.039,True
circle_locus,0.05,2,0,0.064,0.102,0.025,0.191,True
circle_locus,0.05,2,1,0.058,0.079,0.024,0.161,True
circle_locus,0.05,2,2,0.06,0.108,0.025,0.193,True
circle_locus,0.05,2,3,0.063,0.111,0.02,0.194,True
circle_locus,0.05,2,4,0.075,0.094,0.024,0.193,True
circle_locus,0.05,2,5,0.069,0.087,0.028,0.184,True
circle_locus,0.05,2,6,0.055,0.116,0.023,0.194,True
circle_locus,0.05,2,7,0.075,0.102,0.027,0.205,True
circle_locus,0.05,2,8,0.073,0.088,0.025,0.186,True
circle_locus,0.05,2,9,0.054,0.119,0.024,0.197,True
circle_locus,0.05,2,10,0.057,0.073,0.028,0.158,True
circle_locus,0.05,2,11,0.067,0.097,0.016,0.181,True
circle_locus,0.05,2,12,0.056,0.07,0.024,0.15,True
circle_locus,0.05,2,13,0.064,0.087,0.027,0.178,True
circle_locus,0.05,2,14,0.072,0.081,0.016,0.169,True
circle_locus,0.05,2,15,0.071,0.094,0.02,0.185,True
circle_locus,0.05,2,16,0.053,0.101,0.025,0.179,True
circle_locus,0.05,2,17,0.054,0.083,0.024,0.162,True
circle_locus,0.05,2,18,0.066,0.104,0.026,0.197,True
circle_locus,0.05,2,19,0.076,0.106,0.023,0.205,True
circle_locus,0.05,2,20,0.057,0.099,0.027,0.183,True
circle_locus,0.05,2,21,0.071,0.105,0.021,0.197,True
circle_locus,0.05,2,22,0.066,0.104,0.023,0.193,True
circle_locus,0.05,2,23,0.073,0.104,0.028,0.205,True
circle_locus,0.05,2,24,0.075,0.089,0.023,0.188,True
circle_locus,0.05,2,25,0.063,0.107,0.02,0.189,True
circle_locus,0.05,2,26,0.078,0.106,0.024,0.209,True
circle_locus,0.05,2,27,0.061,0.107,0.027,0.195,True
circle_locus,0.05,2,28,0.06,0.103,0.022,0.184,True
circle_locus,0.05,2,29,0.063,0.072,0.026,0.161,True
newtons_second_law,0.0,2,0,0.023,0.002,0.03,0.054,True
newtons_second_law,0.0,2,1,0.017,0.002,0.023,0.042,True
newtons_second_law,0.0,2,2,0.012,0.001,0.021,0.034,True
newtons_second_law,0.0,2,3,0.009,0.001,0.01,0.02,True
newtons_second_law,0.0,2,4,0.009,0.001,0.013,0.024,True
newtons_second_law,0.0,2,5,0.017,0.002,0.023,0.043,True
newtons_second_law,0.0,2,6,0.017,0.002,0.022,0.042,True
newtons_second_law,0.0,2,7,0.009,0.001,0.014,0.025,True
newtons_second_law,0.0,2,8,0.017,0.002,0.022,0.041,True
newtons_second_law,0.0,2,9,0.017,0.002,0.02,0.039,True
newtons_second_law,0.0,2,10,0.017,0.002,0.016,0.034,True
newtons_second_law,0.0,2,11,0.01,0.001,0.01,0.021,True
newtons_second_law,0.0,2,12,0.016,0.002,0.024,0.042,True
newtons_second_law,0.0,2,13,0.017,0.002,0.023,0.043,True
newtons_second_law,0.0,2,14,0.011,0.001,0.013,0.024,True
newtons_second_law,0.0,2,15,0.018,0.002,0.021,0.04,True
newtons_second_law,0.0,2,16,0.017,0.002,0.021,0.041,True
newtons_second_law,0.0,2,17,0.01,0.002,0.024,0.036,True
newtons_second_law,0.0,2,18,0.017,0.002,0.023,0.042,True
newtons_second_law,0.0,2,19,0.017,0.002,0.012,0.031,True
newtons_second_law,0.0,2,20,0.013,0.002,0.022,0.037,True
newtons_second_law,0.0,2,21,0.017,0.002,0.022,0.041,True
newtons_second_law,0.0,2,22,0.017,0.002,0.012,0.032,True
newtons_second_law,0.0,2,23,0.012,0.002,0.02,0.033,True
newtons_second_law,0.0,2,24,0.016,0.002,0.023,0.041,True
newtons_second_law,0.0,2,25,0.018,0.002,0.019,0.039,True
newtons_second_law,0.0,2,26,0.017,0.002,0.01,0.029,True
newtons_second_law,0.0,2,27,0.013,0.002,0.023,0.039,True
newtons_second_law,0.0,2,28,0.017,0.002,0.018,0.037,True
newtons_second_law,0.0,2,29,0.012,0.002,0.022,0.036,True
newtons_second_law,0.02,2,0,0.016,0.001,0.022,0.039,True
newtons_second_law,0.02,2,1,0.017,0.002,0.031,0.051,True
newtons_second_law,0.02,2,2,0.017,0.001,0.012,0.03,True
newtons_second_law,0.02,2,3,0.012,0.002,0.023,0.036,True
newtons_second_law,0.02,2,4,0.009,0.001,0.014,0.024,True
newtons_second_law,0.02,2,5,0.009,0.001,0.019,0.03,True
newtons_second_law,0.02,2,6,0.017,0.002,0.024,0.043,True
newtons_second_law,0.02,2,7,0.017,0.002,0.011,0.03,True
newtons_second_law,0.02,2,8,0.018,0.002,0.025,0.045,True
newtons_second_law,0.02,2,9,0.017,0.002,0.024,0.043,True
newtons_second_law,0.02,2,10,0.018,0.002,0.022,0.042,True
newtons_second_law,0.02,2,11,0.009,0.001,0.021,0.031,True
newtons_second_law,0.02,2,12,0.009,0.001,0.011,0.022,True
newtons_second_law,0.02,2,13,0.009,0.001,0.019,0.029,True
newtons_second_law,0.02,2,14,0.018,0.002,0.027,0.047,True
newtons_second_law,0.02,2,15,0.009,0.001,0.018,0.028,True
newtons_second_law,0.02,2,16,0.017,0.002,0.024,0.044,True
newtons_second_law,0.02,2,17,0.012,0.001,0.013,0.026,True
newtons_second_law,0.02,2,18,0.017,0.002,0.023,0.042,True
newtons_second_law,0.02,2,19,0.017,0.002,0.022,0.041,True
newtons_second_law,0.02,2,20,0.018,0.002,0.011,0.03,True
newtons_second_law,0.02,2,21,0.015,0.002,0.023,0.04,True
newtons_second_law,0.02,2,22,0.018,0.002,0.026,0.047,True
newtons_second_law,0.02,2,23,0.011,0.001,0.021,0.033,True
newtons_second_law,0.02,2,24,0.012,0.002,0.02,0.034,True
newtons_second_law,0.02,2,25,0.01,0.002,0.023,0.035,True
newtons_second_law,0.02,2,26,0.018,0.002,0.019,0.039,True
newtons_second_law,0.02,2,27,0.013,0.002,0.024,0.039,True
newtons_second_law,0.02,2,28,0.018,0.002,0.025,0.045,True
newtons_second_law,0.02,2,29,0.012,0.001,0.018,0.032,True
newtons_second_law,0.05,2,0,0.018,0.116,0.028,0.162,True
newtons_second_law,0.05,2,1,0.017,0.105,0.013,0.136,True
newtons_second_law,0.05,2,2,0.017,0.102,0.023,0.142,True
newtons_second_law,0.05,2,3,0.017,0.107,0.021,0.145,True
newtons_second_law,0.05,2,4,0.018,0.093,0.013,0.124,True
newtons_second_law,0.05,2,5,0.01,0.095,0.025,0.129,True
newtons_second_law,0.05,2,6,0.01,0.109,0.013,0.131,True
newtons_second_law,0.05,2,7,0.018,0.093,0.023,0.134,True
newtons_second_law,0.05,2,8,0.017,0.111,0.022,0.151,True
newtons_second_law,0.05,2,9,0.009,0.087,0.01,0.107,True
newtons_second_law,0.05,2,10,0.017,0.11,0.023,0.151,True
newtons_second_law,0.05,2,11,0.018,0.095,0.023,0.135,True
newtons_second_law,0.05,2,12,0.017,0.087,0.022,0.126,True
newtons_second_law,0.05,2,13,0.017,0.111,0.024,0.153,True
newtons_second_law,0.05,2,14,0.018,0.104,0.024,0.145,True
newtons_second_law,0.05,2,15,0.01,0.103,0.023,0.135,True
newtons_second_law,0.05,2,16,0.017,0.1,0.025,0.142,True
newtons_second_law,0.05,2,17,0.017,0.112,0.011,0.14,True
newtons_second_law,0.05,2,18,0.01,0.099,0.022,0.13,True
newtons_second_law,0.05,2,19,0.01,0.106,0.023,0.138,True
newtons_second_law,0.05,2,20,0.017,0.097,0.023,0.137,True
newtons_second_law,0.05,2,21,0.018,0.108,0.02,0.146,True
newtons_second_law,0.05,2,22,0.01,0.1,0.023,0.133,True
newtons_second_law,0.05,2,23,0.017,0.098,0.015,0.13,True
newtons_second_law,0.05,2,24,0.013,0.08,0.014,0.107,True
newtons_second_law,0.05,2,25,0.01,0.097,0.02,0.128,True
newtons_second_law,0.05,2,26,0.018,0.099,0.022,0.139,True
newtons_second_law,0.05,2,27,0.017,0.097,0.024,0.138,True
newtons_second_law,0.05,2,28,0.018,0.099,0.023,0.14,True
newtons_second_law,0.05,2,29,0.018,0.104,0.022,0.144,True
momentum_conservation_1d,0.0,2,0,0.03,0.002,0.126,0.159,True
momentum_conservation_1d,0.0,2,1,0.026,0.003,0.123,0.152,True
momentum_conservation_1d,0.0,2,2,0.027,0.004,0.117,0.148,True
momentum_conservation_1d,0.0,2,3,0.026,0.003,0.121,0.15,True
momentum_conservation_1d,0.0,2,4,0.026,0.003,0.121,0.15,True
momentum_conservation_1d,0.0,2,5,0.026,0.004,0.121,0.151,True
momentum_conservation_1d,0.0,2,6,0.03,0.004,0.123,0.156,True
momentum_conservation_1d,0.0,2,7,0.028,0.004,0.115,0.147,True
momentum_conservation_1d,0.0,2,8,0.027,0.003,0.114,0.145,True
momentum_conservation_1d,0.0,2,9,0.027,0.003,0.134,0.164,True
momentum_conservation_1d,0.0,2,10,0.025,0.004,0.138,0.167,True
momentum_conservation_1d,0.0,2,11,0.028,0.003,0.11,0.141,True
momentum_conservation_1d,0.0,2,12,0.028,0.004,0.094,0.126,True
momentum_conservation_1d,0.0,2,13,0.026,0.003,0.142,0.171,True
momentum_conservation_1d,0.0,2,14,0.028,0.004,0.145,0.177,True
momentum_conservation_1d,0.0,2,15,0.028,0.003,0.12,0.151,True
momentum_conservation_1d,0.0,2,16,0.021,0.002,0.103,0.126,True
momentum_conservation_1d,0.0,2,17,0.02,0.004,0.12,0.143,True
momentum_conservation_1d,0.0,2,18,0.027,0.003,0.159,0.189,True
momentum_conservation_1d,0.0,2,19,0.028,0.004,0.135,0.167,True
momentum_conservation_1d,0.0,2,20,0.028,0.003,0.123,0.155,True
momentum_conservation_1d,0.0,2,21,0.027,0.004,0.122,0.153,True
momentum_conservation_1d,0.0,2,22,0.028,0.003,0.11,0.142,True
momentum_conservation_1d,0.0,2,23,0.027,0.003,0.121,0.152,True
momentum_conservation_1d,0.0,2,24,0.028,0.004,0.131,0.163,True
momentum_conservation_1d,0.0,2,25,0.028,0.003,0.109,0.14,True
momentum_conservation_1d,0.0,2,26,0.027,0.004,0.112,0.143,True
momentum_conservation_1d,0.0,2,27,0.026,0.003,0.149,0.178,True
momentum_conservation_1d,0.0,2,28,0.029,0.003,0.127,0.159,True
momentum_conservation_1d,0.0,2,29,0.029,0.004,0.116,0.149,True
momentum_conservation_1d,0.02,2,0,0.028,0.005,0.131,0.164,True
momentum_conservation_1d,0.02,2,1,0.354,0.008,0.132,0.493,True
momentum_conservation_1d,0.02,2,2,0.027,0.003,0.13,0.16,True
momentum_conservation_1d,0.02,2,3,0.029,0.004,0.138,0.172,True
momentum_conservation_1d,0.02,2,4,0.031,0.005,0.139,0.175,True
momentum_conservation_1d,0.02,2,5,0.036,0.006,0.154,0.196,True
momentum_conservation_1d,0.02,2,6,0.031,0.07,0.165,0.265,True
momentum_conservation_1d,0.02,2,7,0.037,0.006,0.144,0.187,True
momentum_conservation_1d,0.02,2,8,0.03,0.004,0.142,0.177,True
momentum_conservation_1d,0.02,2,9,0.106,0.006,0.141,0.252,True
momentum_conservation_1d,0.02,2,10,0.031,0.005,0.155,0.19,True
momentum_conservation_1d,0.02,2,11,0.5,0.009,0.146,0.654,True
momentum_conservation_1d,0.02,2,12,0.027,0.09,0.128,0.245,True
momentum_conservation_1d,0.02,2,13,0.032,0.005,0.169,0.206,True
momentum_conservation_1d,0.02,2,14,0.032,0.005,0.167,0.205,True
momentum_conservation_1d,0.02,2,15,0.227,0.004,0.144,0.376,True
momentum_conservation_1d,0.02,2,16,0.02,0.003,0.144,0.167,True
momentum_conservation_1d,0.02,2,17,0.032,0.005,0.116,0.153,True
momentum_conservation_1d,0.02,2,18,0.031,0.006,0.155,0.192,True
momentum_conservation_1d,0.02,2,19,0.034,0.005,0.147,0.187,True
momentum_conservation_1d,0.02,2,20,0.034,0.005,0.178,0.217,True
momentum_conservation_1d,0.02,2,21,0.029,0.006,0.152,0.187,True
momentum_conservation_1d,0.02,2,22,0.035,0.006,0.154,0.194,True
momentum_conservation_1d,0.02,2,23,0.03,0.006,0.128,0.165,True
momentum_conservation_1d,0.02,2,24,0.488,0.011,0.141,0.64,True
momentum_conservation_1d,0.02,2,25,0.032,0.006,0.156,0.194,True
momentum_conservation_1d,0.02,2,26,0.032,0.005,0.151,0.188,True
momentum_conservation_1d,0.02,2,27,0.313,0.008,0.143,0.464,True
momentum_conservation_1d,0.02,2,28,0.032,0.006,0.165,0.203,True
momentum_conservation_1d,0.02,2,29,0.033,0.006,0.153,0.191,True
momentum_conservation_1d,0.05,2,0,0.581,0.008,0.134,0.723,True
momentum_conservation_1d,0.05,2,1,0.379,0.008,0.137,0.524,True
momentum_conservation_1d,0.05,2,2,0.487,0.015,0.137,0.638,True
momentum_conservation_1d,0.05,2,3,0.52,0.013,0.15,0.683,False
momentum_conservation_1d,0.05,2,4,0.255,0.016,0.144,0.415,True
momentum_conservation_1d,0.05,2,5,0.268,0.016,0.14,0.424,True
momentum_conservation_1d,0.05,2,6,0.595,0.077,0.162,0.833,False
momentum_conservation_1d,0.05,2,7,0.464,0.016,0.146,0.627,False
momentum_conservation_1d,0.05,2,8,0.529,0.016,0.155,0.7,False
momentum_conservation_1d,0.05,2,9,0.276,0.015,0.127,0.418,True
momentum_conservation_1d,0.05,2,10,0.273,0.016,0.135,0.423,True
momentum_conservation_1d,0.05,2,11,0.5,0.006,0.151,0.656,False
momentum_conservation_1d,0.05,2,12,0.263,0.094,0.133,0.49,True
momentum_conservation_1d,0.05,2,13,0.513,0.014,0.159,0.686,False
momentum_conservation_1d,0.05,2,14,0.724,0.011,0.161,0.896,False
momentum_conservation_1d,0.05,2,15,0.503,0.038,0.129,0.67,True
momentum_conservation_1d,0.05,2,16,0.44,0.019,0.125,0.585,True
momentum_conservation_1d,0.05,2,17,0.249,0.009,0.136,0.395,True
momentum_conservation_1d,0.05,2,18,0.606,0.009,0.169,0.784,True
momentum_conservation_1d,0.05,2,19,0.232,0.014,0.15,0.396,True
momentum_conservation_1d,0.05,2,20,0.59,0.008,0.152,0.75,True
momentum_conservation_1d,0.05,2,21,0.424,0.014,0.151,0.589,True
momentum_conservation_1d,0.05,2,22,0.411,0.019,0.128,0.559,True
momentum_conservation_1d,0.05,2,23,0.565,0.017,0.149,0.731,False
momentum_conservation_1d,0.05,2,24,0.54,0.008,0.16,0.708,False
momentum_conservation_1d,0.05,2,25,0.456,0.014,0.13,0.6,True
momentum_conservation_1d,0.05,2,26,0.227,0.013,0.213,0.453,True
momentum_conservation_1d,0.05,2,27,0.659,0.015,0.152,0.825,False
momentum_conservation_1d,0.05,2,28,0.413,0.01,0.154,0.577,True
momentum_conservation_1d,0.05,2,29,0.476,0.009,0.128,0.613,True
work_energy,0.0,2,0,0.023,0.002,0.022,0.047,True
work_energy,0.0,2,1,0.017,0.002,0.019,0.039,True
work_energy,0.0,2,2,0.018,0.002,0.017,0.038,True
work_energy,0.0,2,3,0.013,0.002,0.019,0.035,True
work_energy,0.0,2,4,0.019,0.002,0.018,0.039,True
work_energy,0.0,2,5,0.019,0.002,0.01,0.03,True
work_energy,0.0,2,6,0.01,0.001,0.009,0.02,True
work_energy,0.0,2,7,0.019,0.002,0.02,0.041,True
work_energy,0.0,2,8,0.019,0.002,0.018,0.038,True
work_energy,0.0,2,9,0.01,0.001,0.019,0.03,True
work_energy,0.0,2,10,0.012,0.001,0.009,0.022,True
work_energy,0.0,2,11,0.013,0.001,0.01,0.023,True
work_energy,0.0,2,12,0.01,0.001,0.01,0.021,True
work_energy,0.0,2,13,0.014,0.002,0.019,0.036,True
work_energy,0.0,2,14,0.019,0.002,0.019,0.041,True
work_energy,0.0,2,15,0.018,0.001,0.015,0.034,True
work_energy,0.0,2,16,0.019,0.002,0.021,0.042,True
work_energy,0.0,2,17,0.019,0.002,0.013,0.034,True
work_energy,0.0,2,18,0.011,0.001,0.011,0.023,True
work_energy,0.0,2,19,0.018,0.002,0.018,0.039,True
work_energy,0.0,2,20,0.018,0.002,0.018,0.039,True
work_energy,0.0,2,21,0.011,0.001,0.015,0.027,True
work_energy,0.0,2,22,0.015,0.001,0.009,0.026,True
work_energy,0.0,2,23,0.019,0.002,0.02,0.041,True
work_energy,0.0,2,24,0.019,0.002,0.015,0.036,True
work_energy,0.0,2,25,0.01,0.001,0.018,0.029,True
work_energy,0.0,2,26,0.019,0.002,0.02,0.042,True
work_energy,0.0,2,27,0.019,0.002,0.014,0.035,True
work_energy,0.0,2,28,0.01,0.001,0.01,0.022,True
work_energy,0.0,2,29,0.01,0.001,0.011,0.022,True
work_energy,0.02,2,0,0.019,0.002,0.027,0.049,True
work_energy,0.02,2,1,0.019,0.002,0.017,0.038,True
work_energy,0.02,2,2,0.019,0.002,0.025,0.046,True
work_energy,0.02,2,3,0.019,0.002,0.026,0.047,True
work_energy,0.02,2,4,0.018,0.002,0.025,0.045,True
work_energy,0.02,2,5,0.018,0.002,0.013,0.033,True
work_energy,0.02,2,6,0.019,0.002,0.025,0.047,True
work_energy,0.02,2,7,0.018,0.001,0.021,0.04,True
work_energy,0.02,2,8,0.018,0.002,0.021,0.041,True
work_energy,0.02,2,9,0.016,0.002,0.022,0.04,True
work_energy,0.02,2,10,0.019,0.002,0.017,0.038,True
work_energy,0.02,2,11,0.014,0.002,0.026,0.042,True
work_energy,0.02,2,12,0.018,0.002,0.022,0.042,True
work_energy,0.02,2,13,0.015,0.002,0.025,0.042,True
work_energy,0.02,2,14,0.019,0.002,0.016,0.037,True
work_energy,0.02,2,15,0.018,0.002,0.024,0.045,True
work_energy,0.02,2,16,0.016,0.001,0.019,0.036,True
work_energy,0.02,2,17,0.019,0.002,0.026,0.047,True
work_energy,0.02,2,18,0.012,0.001,0.013,0.026,True
work_energy,0.02,2,19,0.01,0.001,0.013,0.024,True
work_energy,0.02,2,20,0.019,0.002,0.025,0.046,True
work_energy,0.02,2,21,0.018,0.002,0.024,0.045,True
work_energy,0.02,2,22,0.018,0.001,0.012,0.031,True
work_energy,0.02,2,23,0.012,0.001,0.012,0.025,True
work_energy,0.02,2,24,0.016,0.002,0.021,0.04,True
work_energy,0.02,2,25,0.018,0.002,0.023,0.044,True
work_energy,0.02,2,26,0.013,0.001,0.014,0.028,True
work_energy,0.02,2,27,0.018,0.002,0.024,0.044,True
work_energy,0.02,2,28,0.019,0.002,0.023,0.044,True
work_energy,0.02,2,29,0.01,0.001,0.013,0.024,True
work_energy,0.05,2,0,0.017,0.002,0.024,0.043,True
work_energy,0.05,2,1,0.019,0.003,0.026,0.048,True
work_energy,0.05,2,2,0.01,0.001,0.022,0.033,True
work_energy,0.05,2,3,0.019,0.003,0.024,0.045,True
work_energy,0.05,2,4,0.019,0.002,0.015,0.036,True
work_energy,0.05,2,5,0.016,0.001,0.011,0.028,True
work_energy,0.05,2,6,0.014,0.002,0.022,0.039,True
work_energy,0.05,2,7,0.012,0.001,0.011,0.024,True
work_energy,0.05,2,8,0.01,0.001,0.012,0.023,True
work_energy,0.05,2,9,0.019,0.002,0.022,0.043,True
work_energy,0.05,2,10,0.019,0.003,0.022,0.043,True
work_energy,0.05,2,11,0.01,0.002,0.016,0.029,True
work_energy,0.05,2,12,0.017,0.003,0.022,0.041,True
work_energy,0.05,2,13,0.019,0.002,0.02,0.041,True
work_energy,0.05,2,14,0.018,0.002,0.019,0.04,True
work_energy,0.05,2,15,0.014,0.002,0.023,0.04,True
work_energy,0.05,2,16,0.019,0.002,0.023,0.044,True
work_energy,0.05,2,17,0.016,0.001,0.015,0.033,True
work_energy,0.05,2,18,0.018,0.002,0.023,0.043,True
work_energy,0.05,2,19,0.018,0.002,0.024,0.044,True
work_energy,0.05,2,20,0.013,0.002,0.022,0.038,True
work_energy,0.05,2,21,0.018,0.002,0.024,0.045,True
work_energy,0.05,2,22,0.018,0.002,0.017,0.038,True
work_energy,0.05,2,23,0.019,0.002,0.023,0.044,True
work_energy,0.05,2,24,0.013,0.001,0.013,0.027,True
work_energy,0.05,2,25,0.018,0.002,0.021,0.042,True
work_energy,0.05,2,26,0.018,0.001,0.013,0.032,True
work_energy,0.05,2,27,0.018,0.003,0.021,0.042,True
work_energy,0.05,2,28,0.018,0.002,0.024,0.045,True
work_energy,0.05,2,29,0.01,0.001,0.02,0.031,True
momentum_definition,0.0,2,0,0.023,0.002,0.034,0.058,True
momentum_definition,0.0,2,1,0.013,0.001,0.023,0.037,True
momentum_definition,0.0,2,2,0.018,0.002,0.026,0.046,True
momentum_definition,0.0,2,3,0.013,0.002,0.024,0.039,True
momentum_definition,0.0,2,4,0.018,0.002,0.025,0.045,True
momentum_definition,0.0,2,5,0.018,0.002,0.025,0.045,True
momentum_definition,0.0,2,6,0.018,0.002,0.022,0.041,True
momentum_definition,0.0,2,7,0.01,0.001,0.011,0.022,True
momentum_definition,0.0,2,8,0.01,0.001,0.017,0.027,True
momentum_definition,0.0,2,9,0.018,0.002,0.024,0.044,True
momentum_definition,0.0,2,10,0.017,0.002,0.024,0.043,True
momentum_definition,0.0,2,11,0.01,0.001,0.023,0.034,True
momentum_definition,0.0,2,12,0.018,0.002,0.022,0.042,True
momentum_definition,0.0,2,13,0.018,0.002,0.026,0.046,True
momentum_definition,0.0,2,14,0.013,0.001,0.021,0.035,True
momentum_definition,0.0,2,15,0.018,0.002,0.025,0.045,True
momentum_definition,0.0,2,16,0.012,0.002,0.024,0.039,True
momentum_definition,0.0,2,17,0.018,0.002,0.018,0.038,True
momentum_definition,0.0,2,18,0.018,0.002,0.025,0.045,True
momentum_definition,0.0,2,19,0.018,0.002,0.011,0.032,True
momentum_definition,0.0,2,20,0.017,0.002,0.025,0.044,True
momentum_definition,0.0,2,21,0.018,0.001,0.011,0.03,True
momentum_definition,0.0,2,22,0.017,0.002,0.022,0.042,True
momentum_definition,0.0,2,23,0.018,0.002,0.011,0.032,True
momentum_definition,0.0,2,24,0.013,0.002,0.024,0.04,True
momentum_definition,0.0,2,25,0.018,0.002,0.016,0.036,True
momentum_definition,0.0,2,26,0.017,0.002,0.024,0.043,True
momentum_definition,0.0,2,27,0.018,0.002,0.024,0.044,True
momentum_definition,0.0,2,28,0.015,0.001,0.025,0.041,True
momentum_definition,0.0,2,29,0.019,0.002,0.013,0.033,True
momentum_definition,0.02,2,0,0.015,0.002,0.032,0.05,True
momentum_definition,0.02,2,1,0.018,0.002,0.018,0.038,True
momentum_definition,0.02,2,2,0.018,0.002,0.029,0.049,True
momentum_definition,0.02,2,3,0.017,0.002,0.021,0.04,True
momentum_definition,0.02,2,4,0.02,0.003,0.032,0.054,True
momentum_definition,0.02,2,5,0.01,0.001,0.014,0.025,True
momentum_definition,0.02,2,6,0.01,0.001,0.031,0.042,True
momentum_definition,0.02,2,7,0.018,0.002,0.032,0.053,True
momentum_definition,0.02,2,8,0.01,0.001,0.013,0.025,True
momentum_definition,0.02,2,9,0.014,0.002,0.032,0.049,True
momentum_definition,0.02,2,10,0.018,0.002,0.02,0.04,True
momentum_definition,0.02,2,11,0.018,0.002,0.028,0.049,True
momentum_definition,0.02,2,12,0.01,0.002,0.028,0.04,True
momentum_definition,0.02,2,13,0.018,0.002,0.025,0.045,True
momentum_definition,0.02,2,14,0.018,0.003,0.031,0.051,True
momentum_definition,0.02,2,15,0.016,0.001,0.027,0.045,True
momentum_definition,0.02,2,16,0.017,0.002,0.015,0.035,True
momentum_definition,0.02,2,17,0.017,0.002,0.02,0.04,True
momentum_definition,0.02,2,18,0.018,0.002,0.027,0.047,True
momentum_definition,0.02,2,19,0.017,0.001,0.021,0.04,True
momentum_definition,0.02,2,20,0.018,0.003,0.029,0.05,True
momentum_definition,0.02,2,21,0.017,0.002,0.032,0.051,True
momentum_definition,0.02,2,22,0.013,0.001,0.019,0.032,True
momentum_definition,0.02,2,23,0.018,0.003,0.027,0.048,True
momentum_definition,0.02,2,24,0.014,0.001,0.018,0.033,True
momentum_definition,0.02,2,25,0.018,0.002,0.023,0.044,True
momentum_definition,0.02,2,26,0.018,0.002,0.016,0.036,True
momentum_definition,0.02,2,27,0.018,0.002,0.03,0.05,True
momentum_definition,0.02,2,28,0.016,0.001,0.018,0.035,True
momentum_definition,0.02,2,29,0.018,0.002,0.028,0.049,True
momentum_definition,0.05,2,0,0.016,0.103,0.032,0.152,True
momentum_definition,0.05,2,1,0.018,0.106,0.028,0.151,True
momentum_definition,0.05,2,2,0.017,0.111,0.026,0.155,True
momentum_definition,0.05,2,3,0.01,0.11,0.026,0.146,True
momentum_definition,0.05,2,4,0.018,0.105,0.031,0.155,True
momentum_definition,0.05,2,5,0.018,0.101,0.024,0.142,True
momentum_definition,0.05,2,6,0.018,0.103,0.015,0.136,True
momentum_definition,0.05,2,7,0.018,0.104,0.027,0.149,True
momentum_definition,0.05,2,8,0.018,0.104,0.018,0.14,True
momentum_definition,0.05,2,9,0.017,0.097,0.025,0.139,True
momentum_definition,0.05,2,10,0.018,0.11,0.015,0.143,True
momentum_definition,0.05,2,11,0.015,0.097,0.026,0.138,True
momentum_definition,0.05,2,12,0.018,0.107,0.029,0.154,True
momentum_definition,0.05,2,13,0.017,0.113,0.016,0.146,True
momentum_definition,0.05,2,14,0.017,0.108,0.027,0.152,True
momentum_definition,0.05,2,15,0.018,0.106,0.024,0.148,True
momentum_definition,0.05,2,16,0.011,0.108,0.027,0.145,True
momentum_definition,0.05,2,17,0.018,0.096,0.027,0.142,True
momentum_definition,0.05,2,18,0.018,0.098,0.025,0.141,True
momentum_definition,0.05,2,19,0.01,0.1,0.026,0.136,True
momentum_definition,0.05,2,20,0.014,0.105,0.028,0.147,True
momentum_definition,0.05,2,21,0.017,0.103,0.03,0.15,True
momentum_definition,0.05,2,22,0.018,0.103,0.023,0.144,True
momentum_definition,0.05,2,23,0.013,0.105,0.026,0.144,True
momentum_definition,0.05,2,24,0.018,0.11,0.024,0.152,True
momentum_definition,0.05,2,25,0.009,0.106,0.023,0.139,True
momentum_definition,0.05,2,26,0.018,0.109,0.027,0.154,True
momentum_definition,0.05,2,27,0.014,0.097,0.029,0.14,True
momentum_definition,0.05,2,28,0.018,0.107,0.023,0.148,True
momentum_definition,0.05,2,29,0.018,0.102,0.024,0.144,True
angular_momentum_2d,0.0,2,0,0.037,0.006,0.135,0.178,True
angular_momentum_2d,0.0,2,1,0.042,0.007,0.145,0.194,True
angular_momentum_2d,0.0,2,2,0.036,0.007,0.153,0.196,True
angular_momentum_2d,0.0,2,3,0.045,0.007,0.133,0.185,True
angular_momentum_2d,0.0,2,4,0.037,0.007,0.134,0.178,True
angular_momentum_2d,0.0,2,5,0.037,0.011,0.134,0.182,True
angular_momentum_2d,0.0,2,6,0.044,0.007,0.146,0.197,True
angular_momentum_2d,0.0,2,7,0.04,0.007,0.14,0.187,True
angular_momentum_2d,0.0,2,8,0.036,0.007,0.134,0.178,True
angular_momentum_2d,0.0,2,9,0.037,0.007,0.138,0.181,True
angular_momentum_2d,0.0,2,10,0.034,0.005,0.105,0.144,True
angular_momentum_2d,0.0,2,11,0.031,0.005,0.104,0.139,True
angular_momentum_2d,0.0,2,12,0.03,0.005,0.1,0.135,True
angular_momentum_2d,0.0,2,13,0.031,0.005,0.101,0.137,True
angular_momentum_2d,0.0,2,14,0.033,0.005,0.11,0.148,True
angular_momentum_2d,0.0,2,15,0.039,0.007,0.152,0.198,True
angular_momentum_2d,0.0,2,16,0.04,0.007,0.134,0.181,True
angular_momentum_2d,0.0,2,17,0.039,0.007,0.135,0.181,True
angular_momentum_2d,0.0,2,18,0.039,0.007,0.138,0.184,True
angular_momentum_2d,0.0,2,19,0.041,0.007,0.115,0.163,True
angular_momentum_2d,0.0,2,20,0.035,0.007,0.143,0.185,True
angular_momentum_2d,0.0,2,21,0.034,0.005,0.109,0.148,True
angular_momentum_2d,0.0,2,22,0.036,0.007,0.134,0.177,True
angular_momentum_2d,0.0,2,23,0.037,0.007,0.136,0.179,True
angular_momentum_2d,0.0,2,24,0.036,0.007,0.137,0.179,True
angular_momentum_2d,0.0,2,25,0.038,0.007,0.137,0.181,True
angular_momentum_2d,0.0,2,26,0.041,0.006,0.132,0.179,True
angular_momentum_2d,0.0,2,27,0.035,0.007,0.141,0.182,True
angular_momentum_2d,0.0,2,28,0.038,0.007,0.132,0.177,True
angular_momentum_2d,0.0,2,29,0.04,0.007,0.138,0.184,True
angular_momentum_2d,0.02,2,0,0.043,0.007,0.177,0.226,True
angular_momentum_2d,0.02,2,1,0.037,0.007,0.167,0.211,True
angular_momentum_2d,0.02,2,2,0.031,0.005,0.132,0.168,True
angular_momentum_2d,0.02,2,3,0.035,0.007,0.166,0.208,True
angular_momentum_2d,0.02,2,4,0.04,0.007,0.16,0.206,True
angular_momentum_2d,0.02,2,5,0.038,0.007,0.155,0.2,True
angular_momentum_2d,0.02,2,6,0.038,0.006,0.163,0.207,True
angular_momentum_2d,0.02,2,7,0.039,0.007,0.161,0.207,True
angular_momentum_2d,0.02,2,8,0.032,0.005,0.125,0.162,True
angular_momentum_2d,0.02,2,9,0.033,0.005,0.15,0.188,True
angular_momentum_2d,0.02,2,10,0.05,0.007,0.163,0.22,True
angular_momentum_2d,0.02,2,11,0.037,0.005,0.13,0.172,True
angular_momentum_2d,0.02,2,12,0.036,0.005,0.131,0.172,True
angular_momentum_2d,0.02,2,13,0.037,0.007,0.152,0.196,True
angular_momentum_2d,0.02,2,14,0.039,0.007,0.145,0.191,True
angular_momentum_2d,0.02,2,15,0.042,0.007,0.165,0.214,True
angular_momentum_2d,0.02,2,16,0.03,0.005,0.142,0.176,True
angular_momentum_2d,0.02,2,17,0.04,0.007,0.152,0.199,True
angular_momentum_2d,0.02,2,18,0.04,0.007,0.167,0.213,True
angular_momentum_2d,0.02,2,19,0.038,0.005,0.118,0.16,True
angular_momentum_2d,0.02,2,20,0.038,0.007,0.166,0.21,True
angular_momentum_2d,0.02,2,21,0.037,0.007,0.163,0.206,True
angular_momentum_2d,0.02,2,22,0.038,0.007,0.16,0.205,True
angular_momentum_2d,0.02,2,23,0.036,0.007,0.17,0.213,True
angular_momentum_2d,0.02,2,24,0.037,0.007,0.131,0.175,True
angular_momentum_2d,0.02,2,25,0.037,0.007,0.16,0.203,True
angular_momentum_2d,0.02,2,26,0.049,0.007,0.154,0.21,True
angular_momentum_2d,0.02,2,27,0.036,0.007,0.173,0.216,True
angular_momentum_2d,0.02,2,28,0.03,0.005,0.112,0.147,True
angular_momentum_2d,0.02,2,29,0.037,0.007,0.167,0.211,True
angular_momentum_2d,0.05,2,0,0.043,0.007,0.155,0.204,True
angular_momentum_2d,0.05,2,1,0.032,0.006,0.128,0.166,True
angular_momentum_2d,0.05,2,2,0.037,0.007,0.167,0.211,True
angular_momentum_2d,0.05,2,3,0.04,0.007,0.165,0.212,True
angular_momentum_2d,0.05,2,4,0.04,0.007,0.155,0.202,True
angular_momentum_2d,0.05,2,5,0.035,0.005,0.123,0.163,True
angular_momentum_2d,0.05,2,6,0.037,0.007,0.134,0.178,True
angular_momentum_2d,0.05,2,7,0.04,0.007,0.153,0.2,True
angular_momentum_2d,0.05,2,8,0.034,0.005,0.134,0.173,True
angular_momentum_2d,0.05,2,9,0.041,0.008,0.162,0.211,True
angular_momentum_2d,0.05,2,10,0.044,0.007,0.164,0.214,True
angular_momentum_2d,0.05,2,11,0.037,0.007,0.158,0.202,True
angular_momentum_2d,0.05,2,12,0.039,0.007,0.143,0.189,True
angular_momentum_2d,0.05,2,13,0.042,0.007,0.156,0.205,True
angular_momentum_2d,0.05,2,14,0.039,0.007,0.166,0.212,True
angular_momentum_2d,0.05,2,15,0.04,0.007,0.157,0.204,True
angular_momentum_2d,0.05,2,16,0.038,0.007,0.156,0.201,True
angular_momentum_2d,0.05,2,17,0.033,0.005,0.13,0.167,True
angular_momentum_2d,0.05,2,18,0.036,0.007,0.166,0.209,True
angular_momentum_2d,0.05,2,19,0.041,0.008,0.132,0.18,True
angular_momentum_2d,0.05,2,20,0.037,0.007,0.163,0.207,True
angular_momentum_2d,0.05,2,21,0.041,0.007,0.161,0.209,True
angular_momentum_2d,0.05,2,22,0.036,0.007,0.136,0.179,True
angular_momentum_2d,0.05,2,23,0.03,0.005,0.138,0.173,True
angular_momentum_2d,0.05,2,24,0.046,0.007,0.138,0.191,True
angular_momentum_2d,0.05,2,25,0.036,0.007,0.159,0.202,True
angular_momentum_2d,0.05,2,26,0.038,0.007,0.157,0.202,True
angular_momentum_2d,0.05,2,27,0.036,0.007,0.163,0.206,True
angular_momentum_2d,0.05,2,28,0.04,0.007,0.132,0.179,True
angular_momentum_2d,0.05,2,29,0.043,0.007,0.162,0.213,True
power_definition,0.0,2,0,0.021,0.003,0.026,0.049,True
power_definition,0.0,2,1,0.021,0.002,0.019,0.043,True
power_definition,0.0,2,2,0.011,0.001,0.01,0.023,True
power_definition,0.0,2,3,0.012,0.002,0.02,0.034,True
power_definition,0.0,2,4,0.02,0.002,0.02,0.042,True
power_definition,0.0,2,5,0.011,0.001,0.01,0.021,True
power_definition,0.0,2,6,0.016,0.001,0.01,0.028,True
power_definition,0.0,2,7,0.017,0.002,0.014,0.032,True
power_definition,0.0,2,8,0.011,0.002,0.018,0.031,True
power_definition,0.0,2,9,0.019,0.002,0.019,0.04,True
power_definition,0.0,2,10,0.018,0.002,0.019,0.04,True
power_definition,0.0,2,11,0.018,0.002,0.018,0.039,True
power_definition,0.0,2,12,0.01,0.001,0.015,0.026,True
power_definition,0.0,2,13,0.015,0.001,0.015,0.032,True
power_definition,0.0,2,14,0.014,0.001,0.013,0.029,True
power_definition,0.0,2,15,0.01,0.001,0.009,0.02,True
power_definition,0.0,2,16,0.016,0.002,0.018,0.036,True
power_definition,0.0,2,17,0.018,0.002,0.018,0.038,True
power_definition,0.0,2,18,0.018,0.002,0.018,0.038,True
power_definition,0.0,2,19,0.019,0.002,0.017,0.038,True
power_definition,0.0,2,20,0.018,0.002,0.018,0.039,True
power_definition,0.0,2,21,0.018,0.002,0.01,0.03,True
power_definition,0.0,2,22,0.01,0.001,0.008,0.02,True
power_definition,0.0,2,23,0.01,0.001,0.011,0.023,True
power_definition,0.0,2,24,0.012,0.002,0.018,0.032,True
power_definition,0.0,2,25,0.018,0.002,0.018,0.038,True
power_definition,0.0,2,26,0.018,0.002,0.018,0.038,True
power_definition,0.0,2,27,0.016,0.001,0.009,0.026,True
power_definition,0.0,2,28,0.01,0.001,0.009,0.02,True
power_definition,0.0,2,29,0.01,0.001,0.01,0.021,True
power_definition,0.02,2,0,0.01,0.001,0.018,0.029,True
power_definition,0.02,2,1,0.019,0.002,0.024,0.045,True
power_definition,0.02,2,2,0.019,0.002,0.025,0.047,True
power_definition,0.02,2,3,0.018,0.002,0.024,0.044,True
power_definition,0.02,2,4,0.018,0.002,0.024,0.044,True
power_definition,0.02,2,5,0.018,0.002,0.026,0.047,True
power_definition,0.02,2,6,0.018,0.002,0.022,0.043,True
power_definition,0.02,2,7,0.018,0.003,0.019,0.04,True
power_definition,0.02,2,8,0.017,0.002,0.023,0.042,True
power_definition,0.02,2,9,0.015,0.002,0.019,0.037,True
power_definition,0.02,2,10,0.018,0.002,0.025,0.046,True
power_definition,0.02,2,11,0.018,0.002,0.025,0.045,True
power_definition,0.02,2,12,0.018,0.002,0.022,0.043,True
power_definition,0.02,2,13,0.014,0.002,0.023,0.039,True
power_definition,0.02,2,14,0.018,0.002,0.022,0.042,True
power_definition,0.02,2,15,0.018,0.002,0.023,0.043,True
power_definition,0.02,2,16,0.018,0.002,0.024,0.044,True
power_definition,0.02,2,17,0.016,0.001,0.012,0.029,True
power_definition,0.02,2,18,0.017,0.002,0.026,0.045,True
power_definition,0.02,2,19,0.018,0.002,0.023,0.043,True
power_definition,0.02,2,20,0.018,0.002,0.025,0.045,True
power_definition,0.02,2,21,0.015,0.001,0.019,0.036,True
power_definition,0.02,2,22,0.018,0.002,0.022,0.043,True
power_definition,0.02,2,23,0.011,0.001,0.012,0.025,True
power_definition,0.02,2,24,0.012,0.002,0.023,0.038,True
power_definition,0.02,2,25,0.018,0.002,0.023,0.043,True
power_definition,0.02,2,26,0.017,0.002,0.021,0.04,True
power_definition,0.02,2,27,0.017,0.002,0.023,0.043,True
power_definition,0.02,2,28,0.018,0.002,0.023,0.043,True
power_definition,0.02,2,29,0.018,0.002,0.024,0.044,True
power_definition,0.05,2,0,0.01,0.002,0.025,0.036,True
power_definition,0.05,2,1,0.018,0.002,0.023,0.043,True
power_definition,0.05,2,2,0.018,0.002,0.021,0.042,True
power_definition,0.05,2,3,0.018,0.002,0.021,0.041,True
power_definition,0.05,2,4,0.016,0.002,0.022,0.04,True
power_definition,0.05,2,5,0.019,0.002,0.022,0.043,True
power_definition,0.05,2,6,0.01,0.002,0.021,0.033,True
power_definition,0.05,2,7,0.018,0.002,0.021,0.041,True
power_definition,0.05,2,8,0.018,0.002,0.019,0.039,True
power_definition,0.05,2,9,0.018,0.002,0.022,0.042,True
power_definition,0.05,2,10,0.018,0.002,0.024,0.044,True
power_definition,0.05,2,11,0.018,0.002,0.024,0.044,True
power_definition,0.05,2,12,0.012,0.001,0.015,0.028,True
power_definition,0.05,2,13,0.018,0.002,0.021,0.041,True
power_definition,0.05,2,14,0.015,0.001,0.015,0.032,True
power_definition,0.05,2,15,0.018,0.002,0.021,0.042,True
power_definition,0.05,2,16,0.018,0.002,0.022,0.042,True
power_definition,0.05,2,17,0.018,0.002,0.022,0.041,True
power_definition,0.05,2,18,0.01,0.001,0.022,0.033,True
power_definition,0.05,2,19,0.018,0.002,0.021,0.042,True
power_definition,0.05,2,20,0.018,0.002,0.023,0.043,True
power_definition,0.05,2,21,0.018,0.002,0.017,0.037,True
power_definition,0.05,2,22,0.01,0.001,0.01,0.022,True
power_definition,0.05,2,23,0.01,0.001,0.019,0.031,True
power_definition,0.05,2,24,0.018,0.002,0.021,0.041,True
power_definition,0.05,2,25,0.018,0.002,0.023,0.043,True
power_definition,0.05,2,26,0.018,0.002,0.016,0.036,True
power_definition,0.05,2,27,0.01,0.001,0.022,0.033,True
power_definition,0.05,2,28,0.018,0.002,0.022,0.042,True
power_definition,0.05,2,29,0.018,0.002,0.022,0.042,True
frequency_shift_linear,0.0,2,0,0.017,0.001,0.021,0.039,True
frequency_shift_linear,0.0,2,1,0.017,0.002,0.035,0.055,True
frequency_shift_linear,0.0,2,2,0.02,0.002,0.032,0.055,True
frequency_shift_linear,0.0,2,3,0.021,0.002,0.019,0.041,True
frequency_shift_linear,0.0,2,4,0.021,0.002,0.031,0.055,True
frequency_shift_linear,0.0,2,5,0.021,0.002,0.032,0.056,True
frequency_shift_linear,0.0,2,6,0.013,0.001,0.032,0.046,True
frequency_shift_linear,0.0,2,7,0.021,0.002,0.031,0.055,True
frequency_shift_linear,0.0,2,8,0.013,0.002,0.03,0.045,True
frequency_shift_linear,0.0,2,9,0.021,0.002,0.029,0.052,True
frequency_shift_linear,0.0,2,10,0.011,0.002,0.026,0.04,True
frequency_shift_linear,0.0,2,11,0.021,0.002,0.028,0.052,True
frequency_shift_linear,0.0,2,12,0.021,0.002,0.019,0.042,True
frequency_shift_linear,0.0,2,13,0.021,0.002,0.025,0.048,True
frequency_shift_linear,0.0,2,14,0.021,0.002,0.024,0.047,True
frequency_shift_linear,0.0,2,15,0.014,0.002,0.027,0.044,True
frequency_shift_linear,0.0,2,16,0.021,0.002,0.025,0.049,True
frequency_shift_linear,0.0,2,17,0.013,0.001,0.024,0.039,True
frequency_shift_linear,0.0,2,18,0.021,0.002,0.027,0.051,True
frequency_shift_linear,0.0,2,19,0.021,0.002,0.025,0.048,True
frequency_shift_linear,0.0,2,20,0.014,0.002,0.025,0.041,True
frequency_shift_linear,0.0,2,21,0.021,0.002,0.029,0.053,True
frequency_shift_linear,0.0,2,22,0.018,0.002,0.028,0.048,True
frequency_shift_linear,0.0,2,23,0.021,0.002,0.028,0.051,True
frequency_shift_linear,0.0,2,24,0.021,0.002,0.02,0.043,True
frequency_shift_linear,0.0,2,25,0.018,0.002,0.027,0.048,True
frequency_shift_linear,0.0,2,26,0.014,0.002,0.022,0.038,True
frequency_shift_linear,0.0,2,27,0.021,0.002,0.024,0.047,True
frequency_shift_linear,0.0,2,28,0.021,0.002,0.016,0.04,True
frequency_shift_linear,0.0,2,29,0.013,0.002,0.016,0.031,True
frequency_shift_linear,0.02,2,0,0.303,0.069,0.048,0.42,True
frequency_shift_linear,0.02,2,1,0.235,0.075,0.039,0.349,True
frequency_shift_linear,0.02,2,2,0.339,0.072,0.041,0.452,True
frequency_shift_linear,0.02,2,3,0.308,0.068,0.046,0.421,True
frequency_shift_linear,0.02,2,4,0.258,0.068,0.046,0.372,True
frequency_shift_linear,0.02,2,5,0.283,0.07,0.032,0.385,True
frequency_shift_linear,0.02,2,6,0.279,0.07,0.032,0.382,True
frequency_shift_linear,0.02,2,7,0.277,0.039,0.044,0.36,True
frequency_shift_linear,0.02,2,8,0.273,0.057,0.044,0.375,True
frequency_shift_linear,0.02,2,9,0.223,0.069,0.039,0.332,True
frequency_shift_linear,0.02,2,10,0.273,0.061,0.03,0.364,True
frequency_shift_linear,0.02,2,11,0.267,0.071,0.032,0.37,True
frequency_shift_linear,0.02,2,12,0.261,0.059,0.042,0.362,True
frequency_shift_linear,0.02,2,13,0.268,0.07,0.045,0.382,True
frequency_shift_linear,0.02,2,14,0.239,0.073,0.029,0.342,True
frequency_shift_linear,0.02,2,15,0.235,0.039,0.029,0.303,True
frequency_shift_linear,0.02,2,16,0.237,0.057,0.036,0.33,True
frequency_shift_linear,0.02,2,17,0.246,0.064,0.038,0.349,True
frequency_shift_linear,0.02,2,18,0.233,0.07,0.038,0.341,True
frequency_shift_linear,0.02,2,19,0.263,0.037,0.03,0.33,True
frequency_shift_linear,0.02,2,20,0.323,0.072,0.031,0.426,True
frequency_shift_linear,0.02,2,21,0.283,0.067,0.036,0.387,True
frequency_shift_linear,0.02,2,22,0.228,0.069,0.044,0.34,True
frequency_shift_linear,0.02,2,23,0.252,0.073,0.034,0.358,True
frequency_shift_linear,0.02,2,24,0.258,0.048,0.041,0.347,True
frequency_shift_linear,0.02,2,25,0.251,0.063,0.045,0.36,True
frequency_shift_linear,0.02,2,26,0.258,0.073,0.033,0.364,True
frequency_shift_linear,0.02,2,27,0.229,0.071,0.031,0.33,True
frequency_shift_linear,0.02,2,28,0.221,0.056,0.044,0.32,True
frequency_shift_linear,0.02,2,29,0.29,0.053,0.031,0.374,True
frequency_shift_linear,0.05,2,0,0.467,0.072,0.034,0.574,True
frequency_shift_linear,0.05,2,1,0.424,0.07,0.037,0.531,True
frequency_shift_linear,0.05,2,2,0.423,0.072,0.032,0.527,True
frequency_shift_linear,0.05,2,3,0.455,0.07,0.032,0.557,True
frequency_shift_linear,0.05,2,4,0.484,0.051,0.042,0.576,True
frequency_shift_linear,0.05,2,5,0.424,0.04,0.044,0.507,True
frequency_shift_linear,0.05,2,6,0.433,0.063,0.041,0.537,True
frequency_shift_linear,0.05,2,7,0.396,0.076,0.04,0.512,True
frequency_shift_linear,0.05,2,8,0.394,0.062,0.046,0.501,True
frequency_shift_linear,0.05,2,9,0.176,0.069,0.039,0.283,True
frequency_shift_linear,0.05,2,10,0.43,0.071,0.026,0.527,True
frequency_shift_linear,0.05,2,11,0.4,0.061,0.042,0.502,True
frequency_shift_linear,0.05,2,12,0.437,0.05,0.043,0.53,True
frequency_shift_linear,0.05,2,13,0.432,0.069,0.042,0.544,True
frequency_shift_linear,0.05,2,14,0.406,0.073,0.032,0.51,True
frequency_shift_linear,0.05,2,15,0.401,0.072,0.034,0.507,True
frequency_shift_linear,0.05,2,16,0.48,0.055,0.041,0.577,True
frequency_shift_linear,0.05,2,17,0.412,0.071,0.032,0.516,True
frequency_shift_linear,0.05,2,18,0.397,0.041,0.042,0.48,True
frequency_shift_linear,0.05,2,19,0.439,0.056,0.044,0.539,True
frequency_shift_linear,0.05,2,20,0.441,0.041,0.04,0.522,True
frequency_shift_linear,0.05,2,21,0.399,0.043,0.043,0.485,True
frequency_shift_linear,0.05,2,22,0.417,0.072,0.034,0.522,True
frequency_shift_linear,0.05,2,23,0.393,0.061,0.042,0.496,True
frequency_shift_linear,0.05,2,24,0.434,0.073,0.034,0.541,True
frequency_shift_linear,0.05,2,25,0.407,0.072,0.042,0.52,True
frequency_shift_linear,0.05,2,26,0.481,0.042,0.041,0.564,True
frequency_shift_linear,0.05,2,27,0.402,0.059,0.042,0.503,True
frequency_shift_linear,0.05,2,28,0.398,0.069,0.038,0.505,True
frequency_shift_linear,0.05,2,29,0.414,0.07,0.033,0.518,True
wavenumber_dispersion,0.0,2,0,0.025,0.004,0.056,0.086,True
wavenumber_dispersion,0.0,2,1,0.024,0.004,0.042,0.07,True
wavenumber_dispersion,0.0,2,2,0.024,0.004,0.047,0.075,True
wavenumber_dispersion,0.0,2,3,0.024,0.004,0.042,0.07,True
wavenumber_dispersion,0.0,2,4,0.024,0.004,0.047,0.076,True
wavenumber_dispersion,0.0,2,5,0.023,0.004,0.047,0.074,True
wavenumber_dispersion,0.0,2,6,0.025,0.004,0.047,0.076,True
wavenumber_dispersion,0.0,2,7,0.014,0.002,0.038,0.054,True
wavenumber_dispersion,0.0,2,8,0.023,0.004,0.045,0.072,True
wavenumber_dispersion,0.0,2,9,0.024,0.004,0.042,0.07,True
wavenumber_dispersion,0.0,2,10,0.024,0.004,0.041,0.07,True
wavenumber_dispersion,0.0,2,11,0.023,0.004,0.042,0.07,True
wavenumber_dispersion,0.0,2,12,0.024,0.003,0.038,0.065,True
wavenumber_dispersion,0.0,2,13,0.024,0.004,0.053,0.081,True
wavenumber_dispersion,0.0,2,14,0.02,0.004,0.037,0.061,True
wavenumber_dispersion,0.0,2,15,0.024,0.004,0.036,0.064,True
wavenumber_dispersion,0.0,2,16,0.024,0.004,0.043,0.071,True
wavenumber_dispersion,0.0,2,17,0.023,0.004,0.045,0.072,True
wavenumber_dispersion,0.0,2,18,0.018,0.004,0.045,0.066,True
wavenumber_dispersion,0.0,2,19,0.024,0.004,0.045,0.073,True
wavenumber_dispersion,0.0,2,20,0.015,0.003,0.027,0.045,True
wavenumber_dispersion,0.0,2,21,0.024,0.004,0.049,0.077,True
wavenumber_dispersion,0.0,2,22,0.024,0.004,0.036,0.064,True
wavenumber_dispersion,0.0,2,23,0.022,0.004,0.048,0.073,True
wavenumber_dispersion,0.0,2,24,0.024,0.004,0.029,0.058,True
wavenumber_dispersion,0.0,2,25,0.017,0.002,0.036,0.055,True
wavenumber_dispersion,0.0,2,26,0.023,0.004,0.046,0.073,True
wavenumber_dispersion,0.0,2,27,0.024,0.004,0.032,0.061,True
wavenumber_dispersion,0.0,2,28,0.019,0.003,0.035,0.057,True
wavenumber_dispersion,0.0,2,29,0.023,0.004,0.047,0.075,True
wavenumber_dispersion,0.02,2,0,0.022,0.002,0.035,0.06,True
wavenumber_dispersion,0.02,2,1,0.024,0.004,0.065,0.094,True
wavenumber_dispersion,0.02,2,2,0.022,0.004,0.051,0.077,True
wavenumber_dispersion,0.02,2,3,0.025,0.004,0.067,0.096,True
wavenumber_dispersion,0.02,2,4,0.02,0.004,0.065,0.089,True
wavenumber_dispersion,0.02,2,5,0.024,0.004,0.04,0.067,True
wavenumber_dispersion,0.02,2,6,0.02,0.002,0.05,0.073,True
wavenumber_dispersion,0.02,2,7,0.024,0.004,0.064,0.092,True
wavenumber_dispersion,0.02,2,8,0.015,0.004,0.061,0.081,True
wavenumber_dispersion,0.02,2,9,0.02,0.004,0.068,0.092,True
wavenumber_dispersion,0.02,2,10,0.019,0.003,0.064,0.086,True
wavenumber_dispersion,0.02,2,11,0.023,0.004,0.054,0.081,True
wavenumber_dispersion,0.02,2,12,0.019,0.004,0.061,0.084,True
wavenumber_dispersion,0.02,2,13,0.024,0.004,0.048,0.076,True
wavenumber_dispersion,0.02,2,14,0.023,0.004,0.044,0.071,True
wavenumber_dispersion,0.02,2,15,0.023,0.002,0.065,0.09,True
wavenumber_dispersion,0.02,2,16,0.025,0.004,0.055,0.085,True
wavenumber_dispersion,0.02,2,17,0.02,0.004,0.061,0.084,True
wavenumber_dispersion,0.02,2,18,0.022,0.003,0.063,0.088,True
wavenumber_dispersion,0.02,2,19,0.024,0.004,0.065,0.093,True
wavenumber_dispersion,0.02,2,20,0.019,0.004,0.063,0.086,True
wavenumber_dispersion,0.02,2,21,0.024,0.003,0.064,0.091,True
wavenumber_dispersion,0.02,2,22,0.024,0.004,0.052,0.081,True
wavenumber_dispersion,0.02,2,23,0.023,0.004,0.063,0.09,True
wavenumber_dispersion,0.02,2,24,0.015,0.004,0.067,0.087,True
wavenumber_dispersion,0.02,2,25,0.024,0.004,0.063,0.092,True
wavenumber_dispersion,0.02,2,26,0.016,0.004,0.048,0.068,True
wavenumber_dispersion,0.02,2,27,0.025,0.004,0.059,0.088,True
wavenumber_dispersion,0.02,2,28,0.026,0.004,0.049,0.078,True
wavenumber_dispersion,0.02,2,29,0.023,0.004,0.06,0.088,True
wavenumber_dispersion,0.05,2,0,0.024,0.004,0.042,0.07,True
wavenumber_dispersion,0.05,2,1,0.024,0.004,0.055,0.084,True
wavenumber_dispersion,0.05,2,2,0.023,0.004,0.057,0.084,True
wavenumber_dispersion,0.05,2,3,0.019,0.004,0.064,0.087,True
wavenumber_dispersion,0.05,2,4,0.017,0.004,0.059,0.08,True
wavenumber_dispersion,0.05,2,5,0.015,0.003,0.063,0.081,True
wavenumber_dispersion,0.05,2,6,0.023,0.004,0.062,0.089,True
wavenumber_dispersion,0.05,2,7,0.024,0.004,0.047,0.075,True
wavenumber_dispersion,0.05,2,8,0.023,0.004,0.058,0.086,True
wavenumber_dispersion,0.05,2,9,0.018,0.002,0.056,0.076,True
wavenumber_dispersion,0.05,2,10,0.024,0.004,0.062,0.09,True
wavenumber_dispersion,0.05,2,11,0.023,0.002,0.054,0.08,True
wavenumber_dispersion,0.05,2,12,0.024,0.004,0.049,0.077,True
wavenumber_dispersion,0.05,2,13,0.024,0.004,0.064,0.092,True
wavenumber_dispersion,0.05,2,14,0.023,0.003,0.053,0.079,True
wavenumber_dispersion,0.05,2,15,0.025,0.004,0.06,0.089,True
wavenumber_dispersion,0.05,2,16,0.021,0.004,0.059,0.085,True
wavenumber_dispersion,0.05,2,17,0.023,0.004,0.061,0.088,True
wavenumber_dispersion,0.05,2,18,0.024,0.004,0.061,0.089,True
wavenumber_dispersion,0.05,2,19,0.014,0.002,0.037,0.053,True
wavenumber_dispersion,0.05,2,20,0.015,0.003,0.067,0.085,True
wavenumber_dispersion,0.05,2,21,0.024,0.004,0.046,0.074,True
wavenumber_dispersion,0.05,2,22,0.024,0.004,0.058,0.087,True
wavenumber_dispersion,0.05,2,23,0.024,0.004,0.055,0.083,True
wavenumber_dispersion,0.05,2,24,0.021,0.004,0.061,0.086,True
wavenumber_dispersion,0.05,2,25,0.019,0.003,0.033,0.055,True
wavenumber_dispersion,0.05,2,26,0.019,0.004,0.035,0.058,True
wavenumber_dispersion,0.05,2,27,0.023,0.004,0.046,0.073,True
wavenumber_dispersion,0.05,2,28,0.023,0.002,0.046,0.072,True
wavenumber_dispersion,0.05,2,29,0.018,0.004,0.039,0.062,True
distance_3d,0.0,2,0,0.033,0.004,0.047,0.084,True
distance_3d,0.0,2,1,0.021,0.002,0.038,0.061,True
distance_3d,0.0,2,2,0.027,0.004,0.051,0.082,True
distance_3d,0.0,2,3,0.027,0.003,0.041,0.071,True
distance_3d,0.0,2,4,0.03,0.004,0.045,0.079,True
distance_3d,0.0,2,5,0.023,0.005,0.045,0.073,True
distance_3d,0.0,2,6,0.024,0.002,0.045,0.072,True
distance_3d,0.0,2,7,0.029,0.004,0.038,0.071,True
distance_3d,0.0,2,8,0.023,0.003,0.045,0.071,True
distance_3d,0.0,2,9,0.028,0.004,0.037,0.07,True
distance_3d,0.0,2,10,0.029,0.004,0.048,0.081,True
distance_3d,0.0,2,11,0.021,0.004,0.023,0.047,True
distance_3d,0.0,2,12,0.029,0.004,0.03,0.064,True
distance_3d,0.0,2,13,0.028,0.003,0.045,0.075,True
distance_3d,0.0,2,14,0.018,0.004,0.048,0.07,True
distance_3d,0.0,2,15,0.03,0.004,0.041,0.075,True
distance_3d,0.0,2,16,0.028,0.004,0.045,0.077,True
distance_3d,0.0,2,17,0.028,0.004,0.04,0.072,True
distance_3d,0.0,2,18,0.017,0.003,0.046,0.067,True
distance_3d,0.0,2,19,0.027,0.004,0.05,0.081,True
distance_3d,0.0,2,20,0.028,0.002,0.045,0.075,True
distance_3d,0.0,2,21,0.102,0.004,0.044,0.15,True
distance_3d,0.0,2,22,0.03,0.004,0.045,0.079,True
distance_3d,0.0,2,23,0.015,0.002,0.043,0.059,True
distance_3d,0.0,2,24,0.029,0.004,0.043,0.076,True
distance_3d,0.0,2,25,0.026,0.004,0.048,0.078,True
distance_3d,0.0,2,26,0.028,0.004,0.034,0.067,True
distance_3d,0.0,2,27,0.029,0.004,0.054,0.088,True
distance_3d,0.0,2,28,0.017,0.002,0.043,0.063,True
distance_3d,0.0,2,29,0.028,0.004,0.052,0.084,True
distance_3d,0.02,2,0,0.036,0.005,0.036,0.076,True
distance_3d,0.02,2,1,0.07,0.003,0.052,0.125,True
distance_3d,0.02,2,2,0.035,0.005,0.057,0.097,True
distance_3d,0.02,2,3,0.033,0.004,0.052,0.09,True
distance_3d,0.02,2,4,0.036,0.005,0.057,0.097,True
distance_3d,0.02,2,5,0.073,0.003,0.057,0.132,True
distance_3d,0.02,2,6,0.066,0.004,0.055,0.124,True
distance_3d,0.02,2,7,0.035,0.005,0.046,0.087,True
distance_3d,0.02,2,8,0.069,0.004,0.048,0.121,True
distance_3d,0.02,2,9,0.03,0.005,0.045,0.08,True
distance_3d,0.02,2,10,0.035,0.005,0.058,0.098,True
distance_3d,0.02,2,11,0.033,0.005,0.053,0.091,True
distance_3d,0.02,2,12,0.035,0.005,0.047,0.086,True
distance_3d,0.02,2,13,0.025,0.004,0.058,0.086,True
distance_3d,0.02,2,14,0.08,0.005,0.065,0.149,True
distance_3d,0.02,2,15,0.034,0.003,0.048,0.085,True
distance_3d,0.02,2,16,0.077,0.005,0.051,0.133,True
distance_3d,0.02,2,17,0.034,0.005,0.062,0.101,True
distance_3d,0.02,2,18,0.034,0.004,0.064,0.101,True
distance_3d,0.02,2,19,0.084,0.003,0.06,0.147,True
distance_3d,0.02,2,20,0.034,0.005,0.042,0.081,True
distance_3d,0.02,2,21,0.075,0.005,0.051,0.131,True
distance_3d,0.02,2,22,0.035,0.005,0.057,0.097,True
distance_3d,0.02,2,23,0.033,0.004,0.052,0.089,True
distance_3d,0.02,2,24,0.026,0.005,0.049,0.081,True
distance_3d,0.02,2,25,0.035,0.005,0.046,0.085,True
distance_3d,0.02,2,26,0.03,0.005,0.056,0.092,True
distance_3d,0.02,2,27,0.035,0.003,0.053,0.091,True
distance_3d,0.02,2,28,0.034,0.004,0.053,0.091,True
distance_3d,0.02,2,29,0.036,0.005,0.057,0.098,True
distance_3d,0.05,2,0,0.087,0.109,0.043,0.239,True
distance_3d,0.05,2,1,0.101,0.128,0.046,0.275,True
distance_3d,0.05,2,2,0.1,0.094,0.055,0.249,True
distance_3d,0.05,2,3,0.095,0.06,0.054,0.209,True
distance_3d,0.05,2,4,0.084,0.07,0.058,0.212,True
distance_3d,0.05,2,5,0.088,0.093,0.055,0.236,True
distance_3d,0.05,2,6,0.084,0.09,0.052,0.226,True
distance_3d,0.05,2,7,0.096,0.102,0.055,0.253,True
distance_3d,0.05,2,8,0.102,0.08,0.05,0.233,True
distance_3d,0.05,2,9,0.075,0.119,0.047,0.241,True
distance_3d,0.05,2,10,0.089,0.09,0.048,0.227,True
distance_3d,0.05,2,11,0.101,0.066,0.06,0.227,True
distance_3d,0.05,2,12,0.089,0.101,0.042,0.232,True
distance_3d,0.05,2,13,0.103,0.083,0.063,0.249,True
distance_3d,0.05,2,14,0.097,0.087,0.06,0.244,True
distance_3d,0.05,2,15,0.087,0.105,0.043,0.234,True
distance_3d,0.05,2,16,0.1,0.087,0.061,0.249,True
distance_3d,0.05,2,17,0.089,0.094,0.041,0.224,True
distance_3d,0.05,2,18,0.102,0.082,0.063,0.247,True
distance_3d,0.05,2,19,0.087,0.081,0.061,0.23,True
distance_3d,0.05,2,20,0.078,0.113,0.052,0.242,True
distance_3d,0.05,2,21,0.094,0.106,0.069,0.269,True
distance_3d,0.05,2,22,0.101,0.092,0.067,0.26,True
distance_3d,0.05,2,23,0.105,0.089,0.06,0.253,True
distance_3d,0.05,2,24,0.103,0.076,0.052,0.231,True
distance_3d,0.05,2,25,0.087,0.093,0.05,0.23,True
distance_3d,0.05,2,26,0.091,0.13,0.055,0.275,True
distance_3d,0.05,2,27,0.095,0.121,0.05,0.267,True
distance_3d,0.05,2,28,0.096,0.088,0.055,0.238,True
distance_3d,0.05,2,29,0.087,0.093,0.046,0.226,True
I.39.22,0.0,2,0,0.026,0.004,0.101,0.131,True
I.39.22,0.0,2,1,0.025,0.004,0.086,0.114,True
I.39.22,0.0,2,2,0.025,0.003,0.085,0.114,True
I.39.22,0.0,2,3,0.024,0.004,0.088,0.117,True
I.39.22,0.0,2,4,0.023,0.003,0.095,0.122,True
I.39.22,0.0,2,5,0.014,0.004,0.086,0.104,True
I.39.22,0.0,2,6,0.026,0.004,0.086,0.115,True
I.39.22,0.0,2,7,0.025,0.003,0.096,0.124,True
I.39.22,0.0,2,8,0.026,0.004,0.083,0.113,True
I.39.22,0.0,2,9,0.026,0.003,0.089,0.118,True
I.39.22,0.0,2,10,0.016,0.004,0.09,0.11,True
I.39.22,0.0,2,11,0.024,0.003,0.082,0.109,True
I.39.22,0.0,2,12,0.024,0.003,0.089,0.116,True
I.39.22,0.0,2,13,0.019,0.002,0.087,0.109,True
I.39.22,0.0,2,14,0.024,0.004,0.086,0.114,True
I.39.22,0.0,2,15,0.024,0.003,0.088,0.115,True
I.39.22,0.0,2,16,0.022,0.004,0.078,0.104,True
I.39.22,0.0,2,17,0.025,0.004,0.086,0.115,True
I.39.22,0.0,2,18,0.022,0.004,0.089,0.115,True
I.39.22,0.0,2,19,0.025,0.002,0.085,0.113,True
I.39.22,0.0,2,20,0.023,0.003,0.076,0.102,True
I.39.22,0.0,2,21,0.021,0.002,0.096,0.119,True
I.39.22,0.0,2,22,0.026,0.004,0.077,0.107,True
I.39.22,0.0,2,23,0.023,0.002,0.089,0.114,True
I.39.22,0.0,2,24,0.1,0.003,0.081,0.184,True
I.39.22,0.0,2,25,0.025,0.004,0.081,0.111,True
I.39.22,0.0,2,26,0.023,0.003,0.088,0.114,True
I.39.22,0.0,2,27,0.021,0.003,0.075,0.099,True
I.39.22,0.0,2,28,0.023,0.004,0.078,0.105,True
I.39.22,0.0,2,29,0.025,0.004,0.089,0.118,True
I.39.22,0.02,2,0,0.754,0.295,0.107,1.157,True
I.39.22,0.02,2,1,0.24,0.339,0.102,0.682,True
I.39.22,0.02,2,2,0.328,0.335,0.096,0.758,True
I.39.22,0.02,2,3,0.305,0.316,0.109,0.73,True
I.39.22,0.02,2,4,0.178,0.339,0.113,0.63,True
I.39.22,0.02,2,5,0.417,0.344,0.111,0.871,True
I.39.22,0.02,2,6,0.503,0.299,0.109,0.911,True
I.39.22,0.02,2,7,0.779,0.333,0.111,1.223,True
I.39.22,0.02,2,8,0.236,0.3,0.091,0.627,True
I.39.22,0.02,2,9,0.302,0.331,0.111,0.743,True
I.39.22,0.02,2,10,0.827,0.389,0.096,1.312,True
I.39.22,0.02,2,11,0.366,0.344,0.102,0.812,True
I.39.22,0.02,2,12,0.435,0.3,0.119,0.853,True
I.39.22,0.02,2,13,0.311,0.324,0.1,0.735,True
I.39.22,0.02,2,14,0.782,0.36,0.096,1.237,True
I.39.22,0.02,2,15,0.586,0.346,0.098,1.03,True
I.39.22,0.02,2,16,0.28,0.326,0.108,0.714,True
I.39.22,0.02,2,17,0.223,0.335,0.107,0.665,True
I.39.22,0.02,2,18,0.348,0.34,0.115,0.803,True
I.39.22,0.02,2,19,0.345,0.33,0.101,0.777,True
I.39.22,0.02,2,20,0.544,0.331,0.117,0.991,True
I.39.22,0.02,2,21,0.238,0.31,0.119,0.667,True
I.39.22,0.02,2,22,0.617,0.35,0.107,1.074,True
I.39.22,0.02,2,23,0.372,0.328,0.103,0.804,True
I.39.22,0.02,2,24,0.288,0.331,0.094,0.714,True
I.39.22,0.02,2,25,0.304,0.335,0.093,0.733,True
I.39.22,0.02,2,26,0.291,0.332,0.093,0.716,True
I.39.22,0.02,2,27,0.287,0.341,0.103,0.731,True
I.39.22,0.02,2,28,0.168,0.328,0.097,0.593,True
I.39.22,0.02,2,29,0.456,0.347,0.112,0.916,True
I.39.22,0.05,2,0,1.299,0.328,0.101,1.728,False
I.39.22,0.05,2,1,0.969,0.332,0.094,1.395,True
I.39.22,0.05,2,2,0.644,0.323,0.112,1.079,True
I.39.22,0.05,2,3,1.227,0.358,0.108,1.693,False
I.39.22,0.05,2,4,0.965,0.343,0.107,1.415,True
I.39.22,0.05,2,5,1.16,0.343,0.09,1.593,True
I.39.22,0.05,2,6,1.068,0.352,0.093,1.513,True
I.39.22,0.05,2,7,0.921,0.342,0.093,1.356,True
I.39.22,0.05,2,8,0.992,0.345,0.175,1.512,True
I.39.22,0.05,2,9,1.028,0.342,0.099,1.469,True
I.39.22,0.05,2,10,0.951,0.331,0.087,1.37,True
I.39.22,0.05,2,11,0.925,0.257,0.118,1.3,True
I.39.22,0.05,2,12,1.015,0.354,0.1,1.469,True
I.39.22,0.05,2,13,1.121,0.317,0.11,1.548,True
I.39.22,0.05,2,14,1.199,0.338,0.099,1.636,True
I.39.22,0.05,2,15,0.99,0.336,0.086,1.412,True
I.39.22,0.05,2,16,0.963,0.328,0.093,1.384,True
I.39.22,0.05,2,17,1.25,0.328,0.104,1.682,False
I.39.22,0.05,2,18,1.012,0.326,0.097,1.435,True
I.39.22,0.05,2,19,1.031,0.364,0.09,1.484,True
I.39.22,0.05,2,20,0.98,0.33,0.099,1.41,True
I.39.22,0.05,2,21,1.18,0.34,0.1,1.62,False
I.39.22,0.05,2,22,1.085,0.344,0.135,1.564,True
I.39.22,0.05,2,23,1.069,0.327,0.107,1.503,True
I.39.22,0.05,2,24,1.054,0.335,0.112,1.502,True
I.39.22,0.05,2,25,1.028,0.339,0.121,1.487,True
I.39.22,0.05,2,26,1.036,0.331,0.098,1.465,True
I.39.22,0.05,2,27,0.909,0.343,0.1,1.352,True
I.39.22,0.05,2,28,1.015,0.348,0.101,1.464,True
I.39.22,0.05,2,29,1.017,0.353,0.074,1.444,True
I.34.27,0.0,2,0,0.012,0.001,0.039,0.052,True
I.34.27,0.0,2,1,0.02,0.002,0.03,0.051,True
I.34.27,0.0,2,2,0.017,0.002,0.018,0.037,True
I.34.27,0.0,2,3,0.014,0.001,0.015,0.03,True
I.34.27,0.0,2,4,0.012,0.002,0.03,0.044,True
I.34.27,0.0,2,5,0.017,0.002,0.025,0.044,True
I.34.27,0.0,2,6,0.009,0.001,0.02,0.03,True
I.34.27,0.0,2,7,0.017,0.002,0.019,0.037,True
I.34.27,0.0,2,8,0.009,0.001,0.013,0.023,True
I.34.27,0.0,2,9,0.017,0.002,0.025,0.043,True
I.34.27,0.0,2,10,0.009,0.001,0.01,0.021,True
I.34.27,0.0,2,11,0.009,0.001,0.015,0.025,True
I.34.27,0.0,2,12,0.017,0.002,0.024,0.044,True
I.34.27,0.0,2,13,0.018,0.002,0.022,0.041,True
I.34.27,0.0,2,14,0.009,0.001,0.011,0.021,True
I.34.27,0.0,2,15,0.009,0.001,0.017,0.027,True
I.34.27,0.0,2,16,0.017,0.002,0.027,0.046,True
I.34.27,0.0,2,17,0.017,0.002,0.027,0.046,True
I.34.27,0.0,2,18,0.017,0.002,0.018,0.037,True
I.34.27,0.0,2,19,0.013,0.002,0.024,0.04,True
I.34.27,0.0,2,20,0.017,0.002,0.025,0.043,True
I.34.27,0.0,2,21,0.017,0.002,0.023,0.041,True
I.34.27,0.0,2,22,0.017,0.002,0.014,0.034,True
I.34.27,0.0,2,23,0.009,0.002,0.02,0.031,True
I.34.27,0.0,2,24,0.009,0.001,0.012,0.022,True
I.34.27,0.0,2,25,0.009,0.001,0.023,0.033,True
I.34.27,0.0,2,26,0.017,0.002,0.024,0.043,True
I.34.27,0.0,2,27,0.017,0.002,0.023,0.042,True
I.34.27,0.0,2,28,0.017,0.002,0.018,0.037,True
I.34.27,0.0,2,29,0.009,0.001,0.012,0.023,True
I.34.27,0.02,2,0,0.071,0.068,0.024,0.164,True
I.34.27,0.02,2,1,0.056,0.055,0.029,0.14,True
I.34.27,0.02,2,2,0.072,0.065,0.03,0.167,True
I.34.27,0.02,2,3,0.067,0.043,0.03,0.141,True
I.34.27,0.02,2,4,0.06,0.074,0.032,0.166,True
I.34.27,0.02,2,5,0.061,0.046,0.03,0.137,True
I.34.27,0.02,2,6,0.069,0.061,0.029,0.159,True
I.34.27,0.02,2,7,0.072,0.045,0.02,0.138,True
I.34.27,0.02,2,8,0.052,0.069,0.031,0.153,True
I.34.27,0.02,2,9,0.072,0.066,0.031,0.17,True
I.34.27,0.02,2,10,0.084,0.057,0.031,0.172,True
I.34.27,0.02,2,11,0.071,0.05,0.029,0.15,True
I.34.27,0.02,2,12,0.081,0.06,0.03,0.171,True
I.34.27,0.02,2,13,0.067,0.066,0.029,0.162,True
I.34.27,0.02,2,14,0.068,0.039,0.029,0.136,True
I.34.27,0.02,2,15,0.056,0.06,0.028,0.144,True
I.34.27,0.02,2,16,0.069,0.065,0.015,0.148,True
I.34.27,0.02,2,17,0.066,0.068,0.032,0.166,True
I.34.27,0.02,2,18,0.047,0.069,0.027,0.143,True
I.34.27,0.02,2,19,0.067,0.068,0.03,0.165,True
I.34.27,0.02,2,20,0.072,0.062,0.016,0.149,True
I.34.27,0.02,2,21,0.065,0.069,0.029,0.163,True
I.34.27,0.02,2,22,0.083,0.056,0.029,0.167,True
I.34.27,0.02,2,23,0.06,0.072,0.033,0.164,True
I.34.27,0.02,2,24,0.067,0.068,0.014,0.148,True
I.34.27,0.02,2,25,0.064,0.072,0.015,0.15,True
I.34.27,0.02,2,26,0.067,0.07,0.029,0.165,True
I.34.27,0.02,2,27,0.057,0.052,0.028,0.137,True
I.34.27,0.02,2,28,0.066,0.07,0.027,0.164,True
I.34.27,0.02,2,29,0.049,0.07,0.029,0.148,True
I.34.27,0.05,2,0,0.05,0.214,0.04,0.304,True
I.34.27,0.05,2,1,0.043,0.145,0.03,0.218,True
I.34.27,0.05,2,2,0.043,0.202,0.03,0.275,True
I.34.27,0.05,2,3,0.043,0.145,0.034,0.222,True
I.34.27,0.05,2,4,0.043,0.153,0.031,0.228,True
I.34.27,0.05,2,5,0.042,0.212,0.015,0.27,True
I.34.27,0.05,2,6,0.043,0.217,0.029,0.288,True
I.34.27,0.05,2,7,0.043,0.203,0.022,0.269,True
I.34.27,0.05,2,8,0.029,0.187,0.028,0.243,True
I.34.27,0.05,2,9,0.033,0.189,0.019,0.241,True
I.34.27,0.05,2,10,0.038,0.209,0.018,0.265,True
I.34.27,0.05,2,11,0.043,0.211,0.027,0.281,True
I.34.27,0.05,2,12,0.043,0.199,0.027,0.269,True
I.34.27,0.05,2,13,0.043,0.195,0.026,0.264,True
I.34.27,0.05,2,14,0.043,0.219,0.013,0.276,True
I.34.27,0.05,2,15,0.043,0.18,0.031,0.254,True
I.34.27,0.05,2,16,0.042,0.173,0.027,0.243,True
I.34.27,0.05,2,17,0.043,0.219,0.027,0.288,True
I.34.27,0.05,2,18,0.041,0.214,0.028,0.283,True
I.34.27,0.05,2,19,0.031,0.193,0.027,0.251,True
I.34.27,0.05,2,20,0.044,0.135,0.025,0.204,True
I.34.27,0.05,2,21,0.03,0.212,0.028,0.27,True
I.34.27,0.05,2,22,0.043,0.211,0.026,0.28,True
I.34.27,0.05,2,23,0.043,0.167,0.026,0.237,True
I.34.27,0.05,2,24,0.039,0.16,0.018,0.217,True
I.34.27,0.05,2,25,0.04,0.161,0.026,0.227,True
I.34.27,0.05,2,26,0.043,0.145,0.025,0.213,True
I.34.27,0.05,2,27,0.043,0.146,0.026,0.215,True
I.34.27,0.05,2,28,0.042,0.186,0.024,0.252,True
I.34.27,0.05,2,29,0.036,0.183,0.025,0.244,True
planck_relation_duplicate,0.0,2,0,0.017,0.002,0.029,0.047,True
planck_relation_duplicate,0.0,2,1,0.017,0.002,0.026,0.045,True
planck_relation_duplicate,0.0,2,2,0.017,0.002,0.016,0.034,True
planck_relation_duplicate,0.0,2,3,0.017,0.002,0.021,0.04,True
planck_relation_duplicate,0.0,2,4,0.017,0.002,0.026,0.044,True
planck_relation_duplicate,0.0,2,5,0.017,0.002,0.023,0.042,True
planck_relation_duplicate,0.0,2,6,0.017,0.002,0.025,0.044,True
planck_relation_duplicate,0.0,2,7,0.016,0.002,0.011,0.03,True
planck_relation_duplicate,0.0,2,8,0.015,0.002,0.024,0.042,True
planck_relation_duplicate,0.0,2,9,0.016,0.002,0.025,0.043,True
planck_relation_duplicate,0.0,2,10,0.018,0.002,0.018,0.038,True
planck_relation_duplicate,0.0,2,11,0.009,0.001,0.011,0.021,True
planck_relation_duplicate,0.0,2,12,0.015,0.002,0.023,0.04,True
planck_relation_duplicate,0.0,2,13,0.016,0.002,0.024,0.042,True
planck_relation_duplicate,0.0,2,14,0.017,0.002,0.023,0.042,True
planck_relation_duplicate,0.0,2,15,0.015,0.001,0.016,0.032,True
planck_relation_duplicate,0.0,2,16,0.017,0.002,0.025,0.043,True
planck_relation_duplicate,0.0,2,17,0.017,0.002,0.025,0.044,True
planck_relation_duplicate,0.0,2,18,0.016,0.002,0.024,0.043,True
planck_relation_duplicate,0.0,2,19,0.009,0.001,0.02,0.03,True
planck_relation_duplicate,0.0,2,20,0.016,0.002,0.024,0.042,True
planck_relation_duplicate,0.0,2,21,0.015,0.001,0.011,0.027,True
planck_relation_duplicate,0.0,2,22,0.009,0.001,0.021,0.032,True
planck_relation_duplicate,0.0,2,23,0.017,0.002,0.023,0.042,True
planck_relation_duplicate,0.0,2,24,0.016,0.002,0.024,0.042,True
planck_relation_duplicate,0.0,2,25,0.017,0.002,0.019,0.037,True
planck_relation_duplicate,0.0,2,26,0.009,0.001,0.011,0.021,True
planck_relation_duplicate,0.0,2,27,0.013,0.002,0.023,0.038,True
planck_relation_duplicate,0.0,2,28,0.017,0.002,0.023,0.042,True
planck_relation_duplicate,0.0,2,29,0.017,0.002,0.025,0.044,True
planck_relation_duplicate,0.02,2,0,0.047,0.065,0.029,0.141,True
planck_relation_duplicate,0.02,2,1,0.057,0.066,0.028,0.151,True
planck_relation_duplicate,0.02,2,2,0.062,0.051,0.028,0.14,True
planck_relation_duplicate,0.02,2,3,0.063,0.063,0.013,0.139,True
planck_relation_duplicate,0.02,2,4,0.057,0.058,0.028,0.143,True
planck_relation_duplicate,0.02,2,5,0.053,0.069,0.024,0.145,True
planck_relation_duplicate,0.02,2,6,0.053,0.069,0.026,0.149,True
planck_relation_duplicate,0.02,2,7,0.059,0.05,0.029,0.137,True
planck_relation_duplicate,0.02,2,8,0.054,0.06,0.028,0.142,True
planck_relation_duplicate,0.02,2,9,0.063,0.056,0.029,0.147,True
planck_relation_duplicate,0.02,2,10,0.069,0.067,0.014,0.15,True
planck_relation_duplicate,0.02,2,11,0.054,0.062,0.018,0.133,True
planck_relation_duplicate,0.02,2,12,0.037,0.041,0.027,0.106,True
planck_relation_duplicate,0.02,2,13,0.065,0.071,0.027,0.163,True
planck_relation_duplicate,0.02,2,14,0.06,0.061,0.028,0.149,True
planck_relation_duplicate,0.02,2,15,0.062,0.052,0.027,0.141,True
planck_relation_duplicate,0.02,2,16,0.061,0.05,0.029,0.141,True
planck_relation_duplicate,0.02,2,17,0.069,0.058,0.028,0.155,True
planck_relation_duplicate,0.02,2,18,0.063,0.064,0.028,0.155,True
planck_relation_duplicate,0.02,2,19,0.038,0.069,0.028,0.136,True
planck_relation_duplicate,0.02,2,20,0.059,0.051,0.029,0.14,True
planck_relation_duplicate,0.02,2,21,0.064,0.066,0.027,0.158,True
planck_relation_duplicate,0.02,2,22,0.072,0.06,0.027,0.159,True
planck_relation_duplicate,0.02,2,23,0.035,0.043,0.014,0.092,True
planck_relation_duplicate,0.02,2,24,0.048,0.063,0.027,0.138,True
planck_relation_duplicate,0.02,2,25,0.06,0.071,0.013,0.144,True
planck_relation_duplicate,0.02,2,26,0.039,0.07,0.026,0.135,True
planck_relation_duplicate,0.02,2,27,0.043,0.051,0.027,0.121,True
planck_relation_duplicate,0.02,2,28,0.049,0.068,0.026,0.144,True
planck_relation_duplicate,0.02,2,29,0.059,0.069,0.014,0.141,True
planck_relation_duplicate,0.05,2,0,0.047,0.144,0.032,0.223,True
planck_relation_duplicate,0.05,2,1,0.043,0.198,0.022,0.263,True
planck_relation_duplicate,0.05,2,2,0.026,0.172,0.013,0.211,True
planck_relation_duplicate,0.05,2,3,0.037,0.208,0.029,0.274,True
planck_relation_duplicate,0.05,2,4,0.044,0.203,0.028,0.274,True
planck_relation_duplicate,0.05,2,5,0.023,0.208,0.023,0.253,True
planck_relation_duplicate,0.05,2,6,0.023,0.154,0.026,0.203,True
planck_relation_duplicate,0.05,2,7,0.043,0.215,0.026,0.284,True
planck_relation_duplicate,0.05,2,8,0.043,0.177,0.026,0.246,True
planck_relation_duplicate,0.05,2,9,0.044,0.153,0.012,0.209,True
planck_relation_duplicate,0.05,2,10,0.043,0.219,0.021,0.283,True
planck_relation_duplicate,0.05,2,11,0.03,0.203,0.026,0.259,True
planck_relation_duplicate,0.05,2,12,0.039,0.213,0.026,0.278,True
planck_relation_duplicate,0.05,2,13,0.043,0.197,0.026,0.267,True
planck_relation_duplicate,0.05,2,14,0.03,0.196,0.026,0.252,True
planck_relation_duplicate,0.05,2,15,0.043,0.179,0.021,0.243,True
planck_relation_duplicate,0.05,2,16,0.036,0.196,0.026,0.258,True
planck_relation_duplicate,0.05,2,17,0.043,0.212,0.027,0.282,True
planck_relation_duplicate,0.05,2,18,0.04,0.188,0.028,0.255,True
planck_relation_duplicate,0.05,2,19,0.043,0.191,0.027,0.261,True
planck_relation_duplicate,0.05,2,20,0.027,0.186,0.02,0.233,True
planck_relation_duplicate,0.05,2,21,0.033,0.189,0.026,0.248,True
planck_relation_duplicate,0.05,2,22,0.043,0.214,0.02,0.277,True
planck_relation_duplicate,0.05,2,23,0.043,0.198,0.026,0.268,True
planck_relation_duplicate,0.05,2,24,0.042,0.173,0.026,0.241,True
planck_relation_duplicate,0.05,2,25,0.043,0.181,0.026,0.25,True
planck_relation_duplicate,0.05,2,26,0.043,0.212,0.019,0.274,True
planck_relation_duplicate,0.05,2,27,0.043,0.202,0.026,0.271,True
planck_relation_duplicate,0.05,2,28,0.032,0.171,0.025,0.228,True
planck_relation_duplicate,0.05,2,29,0.043,0.214,0.025,0.282,True
I.12.2,0.0,3,0,0.145,0.013,1.329,1.487,True
I.12.2,0.0,3,1,0.117,0.02,1.779,1.916,True
I.12.2,0.0,3,2,0.112,0.02,1.51,1.642,True
I.12.2,0.0,3,3,0.12,0.02,1.678,1.817,True
I.12.2,0.0,3,4,0.119,0.02,1.646,1.786,True
I.12.2,0.0,3,5,0.119,0.02,1.385,1.524,True
I.12.2,0.0,3,6,0.113,0.014,1.404,1.531,True
I.12.2,0.0,3,7,0.122,0.02,1.655,1.797,True
I.12.2,0.0,3,8,0.12,0.02,1.663,1.802,True
I.12.2,0.0,3,9,0.114,0.02,1.676,1.81,True
I.12.2,0.0,3,10,0.118,0.02,1.482,1.62,True
I.12.2,0.0,3,11,0.116,0.02,1.292,1.428,True
I.12.2,0.0,3,12,0.12,0.014,1.31,1.445,True
I.12.2,0.0,3,13,0.125,0.02,1.247,1.392,True
I.12.2,0.0,3,14,0.112,0.014,1.536,1.662,True
I.12.2,0.0,3,15,0.127,0.015,1.684,1.826,True
I.12.2,0.0,3,16,0.126,0.02,1.399,1.544,True
I.12.2,0.0,3,17,0.113,0.021,1.412,1.547,True
I.12.2,0.0,3,18,0.112,0.015,1.847,1.974,True
I.12.2,0.0,3,19,0.116,0.021,1.404,1.542,True
I.12.2,0.0,3,20,0.12,0.016,1.38,1.516,True
I.12.2,0.0,3,21,0.123,0.021,1.746,1.891,True
I.12.2,0.0,3,22,0.113,0.021,1.799,1.934,True
I.12.2,0.0,3,23,0.118,0.022,1.877,2.017,True
I.12.2,0.0,3,24,0.115,0.015,1.805,1.935,True
I.12.2,0.0,3,25,0.126,0.022,1.828,1.975,True
I.12.2,0.0,3,26,0.11,0.022,1.79,1.922,True
I.12.2,0.0,3,27,0.125,0.022,1.841,1.988,True
I.12.2,0.0,3,28,0.113,0.022,1.8,1.934,True
I.12.2,0.0,3,29,0.127,0.023,1.642,1.792,True
I.12.2,0.02,3,0,1.303,0.025,1.512,2.84,False
I.12.2,0.02,3,1,1.266,0.059,1.631,2.957,False
I.12.2,0.02,3,2,1.23,0.038,1.453,2.721,False
I.12.2,0.02,3,3,1.296,0.033,1.466,2.795,False
I.12.2,0.02,3,4,1.314,0.075,1.437,2.827,False
I.12.2,0.02,3,5,1.274,0.023,1.246,2.543,False
I.12.2,0.02,3,6,1.422,0.03,1.466,2.919,False
I.12.2,0.02,3,7,1.352,0.021,1.251,2.624,False
I.12.2,0.02,3,8,1.322,0.052,1.558,2.932,False
I.12.2,0.02,3,9,1.381,0.032,1.452,2.865,False
I.12.2,0.02,3,10,1.169,0.042,1.597,2.808,False
I.12.2,0.02,3,11,1.291,0.033,1.587,2.911,False
I.12.2,0.02,3,12,1.261,0.026,1.706,2.993,False
I.12.2,0.02,3,13,1.33,0.032,1.586,2.948,False
I.12.2,0.02,3,14,1.238,0.019,1.561,2.819,False
I.12.2,0.02,3,15,1.208,0.02,1.593,2.821,False
I.12.2,0.02,3,16,1.214,0.029,1.671,2.914,False
I.12.2,0.02,3,17,1.402,0.045,1.659,3.106,False
I.12.2,0.02,3,18,1.328,0.024,1.506,2.859,False
I.12.2,0.02,3,19,1.356,0.021,1.555,2.932,False
I.12.2,0.02,3,20,1.244,0.029,1.534,2.807,False
I.12.2,0.02,3,21,1.247,0.02,1.75,3.017,False
I.12.2,0.02,3,22,1.309,0.018,1.559,2.886,False
I.12.2,0.02,3,23,1.331,0.046,1.712,3.089,False
I.12.2,0.02,3,24,1.425,0.032,1.803,3.259,False
I.12.2,0.02,3,25,1.351,0.019,1.552,2.922,False
I.12.2,0.02,3,26,1.343,0.093,2.041,3.476,False
I.12.2,0.02,3,27,1.36,0.022,1.736,3.117,False
I.12.2,0.02,3,28,1.364,0.036,1.582,2.981,False
I.12.2,0.02,3,29,1.369,0.02,1.798,3.187,False
I.12.2,0.05,3,0,1.511,0.018,1.885,3.414,False
I.12.2,0.05,3,1,1.451,0.023,1.788,3.263,False
I.12.2,0.05,3,2,1.544,0.024,1.675,3.243,False
I.12.2,0.05,3,3,1.693,0.022,1.852,3.567,False
I.12.2,0.05,3,4,1.81,0.024,1.774,3.608,False
I.12.2,0.05,3,5,1.871,0.038,1.789,3.697,False
I.12.2,0.05,3,6,1.721,0.038,1.801,3.56,False
I.12.2,0.05,3,7,1.554,0.019,1.588,3.161,False
I.12.2,0.05,3,8,1.667,0.031,1.614,3.312,False
I.12.2,0.05,3,9,1.485,0.017,1.697,3.199,False
I.12.2,0.05,3,10,1.909,0.02,1.704,3.633,False
I.12.2,0.05,3,11,1.406,0.02,1.806,3.232,False
I.12.2,0.05,3,12,1.73,0.017,1.859,3.606,False
I.12.2,0.05,3,13,1.798,0.016,1.697,3.511,False
I.12.2,0.05,3,14,1.516,0.021,1.615,3.152,False
I.12.2,0.05,3,15,1.533,0.025,1.787,3.345,False
I.12.2,0.05,3,16,1.374,0.016,1.703,3.093,False
I.12.2,0.05,3,17,1.61,0.015,1.537,3.163,False
I.12.2,0.05,3,18,1.395,0.018,1.847,3.26,False
I.12.2,0.05,3,19,1.64,0.023,1.68,3.344,False
I.12.2,0.05,3,20,1.731,0.034,1.837,3.602,False
I.12.2,0.05,3,21,1.512,0.036,1.802,3.351,False
I.12.2,0.05,3,22,1.508,0.027,1.655,3.189,False
I.12.2,0.05,3,23,1.762,0.02,1.742,3.524,False
I.12.2,0.05,3,24,1.515,0.021,1.755,3.291,False
I.12.2,0.05,3,25,1.338,0.023,1.792,3.153,False
I.12.2,0.05,3,26,1.609,0.046,1.762,3.417,False
I.12.2,0.05,3,27,1.707,0.022,1.809,3.538,False
I.12.2,0.05,3,28,1.638,0.02,1.527,3.186,False
I.12.2,0.05,3,29,1.577,0.038,1.83,3.445,False
centripetal_force,0.0,3,0,0.12,0.01,0.612,0.743,True
centripetal_force,0.0,3,1,0.139,0.01,0.635,0.785,True
centripetal_force,0.0,3,2,0.143,0.01,0.639,0.792,True
centripetal_force,0.0,3,3,0.124,0.015,0.636,0.775,True
centripetal_force,0.0,3,4,0.117,0.01,0.636,0.763,True
centripetal_force,0.0,3,5,0.121,0.01,0.595,0.727,True
centripetal_force,0.0,3,6,0.048,0.013,0.627,0.688,True
centripetal_force,0.0,3,7,0.112,0.014,0.557,0.683,True
centripetal_force,0.0,3,8,0.129,0.012,0.644,0.784,True
centripetal_force,0.0,3,9,0.115,0.01,0.662,0.787,True
centripetal_force,0.0,3,10,0.055,0.018,0.683,0.756,True
centripetal_force,0.0,3,11,0.116,0.01,0.632,0.759,True
centripetal_force,0.0,3,12,0.093,0.01,0.633,0.736,True
centripetal_force,0.0,3,13,0.116,0.008,0.621,0.746,True
centripetal_force,0.0,3,14,0.119,0.01,0.627,0.756,True
centripetal_force,0.0,3,15,0.119,0.01,0.616,0.746,True
centripetal_force,0.0,3,16,0.121,0.011,0.628,0.76,True
centripetal_force,0.0,3,17,0.116,0.01,0.628,0.753,True
centripetal_force,0.0,3,18,0.12,0.01,0.633,0.763,True
centripetal_force,0.0,3,19,0.113,0.008,0.707,0.828,True
centripetal_force,0.0,3,20,0.161,0.01,0.601,0.772,True
centripetal_force,0.0,3,21,0.124,0.011,0.602,0.737,True
centripetal_force,0.0,3,22,0.118,0.01,0.605,0.733,True
centripetal_force,0.0,3,23,0.114,0.01,0.633,0.757,True
centripetal_force,0.0,3,24,0.114,0.01,0.596,0.721,True
centripetal_force,0.0,3,25,0.059,0.019,0.628,0.706,True
centripetal_force,0.0,3,26,0.123,0.01,0.606,0.739,True
centripetal_force,0.0,3,27,0.116,0.008,0.611,0.734,True
centripetal_force,0.0,3,28,0.119,0.01,0.628,0.758,True
centripetal_force,0.0,3,29,0.055,0.012,0.624,0.691,True
centripetal_force,0.02,3,0,1.022,0.027,0.636,1.685,False
centripetal_force,0.02,3,1,1.024,0.022,0.475,1.521,False
centripetal_force,0.02,3,2,1.018,0.02,0.576,1.614,False
centripetal_force,0.02,3,3,1.098,0.022,0.604,1.724,False
centripetal_force,0.02,3,4,0.991,0.019,0.62,1.629,False
centripetal_force,0.02,3,5,0.989,0.022,0.584,1.596,False
centripetal_force,0.02,3,6,0.951,0.021,0.645,1.617,False
centripetal_force,0.02,3,7,1.01,0.021,0.742,1.773,False
centripetal_force,0.02,3,8,1.087,0.023,0.642,1.752,False
centripetal_force,0.02,3,9,1.077,0.024,0.616,1.717,False
centripetal_force,0.02,3,10,1.048,0.026,0.632,1.706,False
centripetal_force,0.02,3,11,1.09,0.021,0.536,1.646,False
centripetal_force,0.02,3,12,0.978,0.026,0.658,1.663,False
centripetal_force,0.02,3,13,0.972,0.025,0.601,1.598,False
centripetal_force,0.02,3,14,1.039,0.021,0.619,1.679,False
centripetal_force,0.02,3,15,1.078,0.02,0.706,1.804,False
centripetal_force,0.02,3,16,1.152,0.023,0.607,1.781,False
centripetal_force,0.02,3,17,0.971,0.027,0.649,1.647,False
centripetal_force,0.02,3,18,0.968,0.025,0.542,1.535,False
centripetal_force,0.02,3,19,1.255,0.021,0.601,1.876,False
centripetal_force,0.02,3,20,1.029,0.02,0.645,1.694,False
centripetal_force,0.02,3,21,1.077,0.018,0.596,1.691,False
centripetal_force,0.02,3,22,1.18,0.022,0.58,1.782,False
centripetal_force,0.02,3,23,1.07,0.035,0.633,1.738,False
centripetal_force,0.02,3,24,0.976,0.039,0.637,1.652,False
centripetal_force,0.02,3,25,0.891,0.02,0.653,1.564,False
centripetal_force,0.02,3,26,0.987,0.022,0.564,1.574,False
centripetal_force,0.02,3,27,0.997,0.022,0.642,1.661,False
centripetal_force,0.02,3,28,1.042,0.02,0.519,1.581,False
centripetal_force,0.02,3,29,1.042,0.027,0.634,1.703,False
centripetal_force,0.05,3,0,0.89,0.03,0.579,1.499,False
centripetal_force,0.05,3,1,0.813,0.03,0.634,1.476,False
centripetal_force,0.05,3,2,0.844,0.018,0.648,1.51,False
centripetal_force,0.05,3,3,0.815,0.031,0.593,1.439,False
centripetal_force,0.05,3,4,0.827,0.02,0.547,1.394,False
centripetal_force,0.05,3,5,0.773,0.027,0.579,1.379,False
centripetal_force,0.05,3,6,0.843,0.026,0.611,1.48,False
centripetal_force,0.05,3,7,0.77,0.024,0.594,1.388,False
centripetal_force,0.05,3,8,0.858,0.024,0.585,1.467,False
centripetal_force,0.05,3,9,0.843,0.033,0.589,1.465,False
centripetal_force,0.05,3,10,0.845,0.028,0.574,1.447,False
centripetal_force,0.05,3,11,0.796,0.018,0.61,1.424,False
centripetal_force,0.05,3,12,0.881,0.028,0.574,1.483,False
centripetal_force,0.05,3,13,0.861,0.023,0.599,1.483,False
centripetal_force,0.05,3,14,0.859,0.02,0.569,1.447,False
centripetal_force,0.05,3,15,0.838,0.025,0.578,1.44,False
centripetal_force,0.05,3,16,0.856,0.022,0.63,1.508,False
centripetal_force,0.05,3,17,0.861,0.024,0.589,1.475,False
centripetal_force,0.05,3,18,0.908,0.018,0.546,1.471,False
centripetal_force,0.05,3,19,0.826,0.021,0.642,1.489,False
centripetal_force,0.05,3,20,0.869,0.033,0.534,1.436,False
centripetal_force,0.05,3,21,0.743,0.021,0.576,1.34,False
centripetal_force,0.05,3,22,0.741,0.016,0.61,1.367,False
centripetal_force,0.05,3,23,0.801,0.018,0.591,1.41,False
centripetal_force,0.05,3,24,0.832,0.028,0.628,1.488,False
centripetal_force,0.05,3,25,0.799,0.028,0.62,1.447,False
centripetal_force,0.05,3,26,0.848,0.024,0.605,1.477,False
centripetal_force,0.05,3,27,0.954,0.019,0.604,1.577,False
centripetal_force,0.05,3,28,0.871,0.019,0.615,1.506,False
centripetal_force,0.05,3,29,0.847,0.019,0.627,1.492,False
charge_force_toy,0.0,3,0,0.121,0.011,0.511,0.642,True
charge_force_toy,0.0,3,1,0.126,0.01,0.525,0.661,True
charge_force_toy,0.0,3,2,0.126,0.01,0.452,0.588,True
charge_force_toy,0.0,3,3,0.14,0.01,0.518,0.669,True
charge_force_toy,0.0,3,4,0.093,0.017,0.507,0.618,True
charge_force_toy,0.0,3,5,0.124,0.011,0.526,0.662,True
charge_force_toy,0.0,3,6,0.103,0.016,0.529,0.648,True
charge_force_toy,0.0,3,7,0.13,0.01,0.525,0.665,True
charge_force_toy,0.0,3,8,0.099,0.009,0.536,0.644,True
charge_force_toy,0.0,3,9,0.129,0.01,0.509,0.648,True
charge_force_toy,0.0,3,10,0.125,0.01,0.534,0.669,True
charge_force_toy,0.0,3,11,0.128,0.011,0.539,0.677,True
charge_force_toy,0.0,3,12,0.065,0.037,0.514,0.616,True
charge_force_toy,0.0,3,13,0.125,0.008,0.551,0.684,True
charge_force_toy,0.0,3,14,0.124,0.01,0.522,0.657,True
charge_force_toy,0.0,3,15,0.129,0.01,0.492,0.631,True
charge_force_toy,0.0,3,16,0.139,0.01,0.453,0.602,True
charge_force_toy,0.0,3,17,0.13,0.011,0.518,0.658,True
charge_force_toy,0.0,3,18,0.123,0.008,0.502,0.634,True
charge_force_toy,0.0,3,19,0.14,0.011,0.57,0.721,True
charge_force_toy,0.0,3,20,0.127,0.01,0.523,0.66,True
charge_force_toy,0.0,3,21,0.131,0.01,0.529,0.671,True
charge_force_toy,0.0,3,22,0.134,0.014,0.557,0.705,True
charge_force_toy,0.0,3,23,0.131,0.01,0.516,0.657,True
charge_force_toy,0.0,3,24,0.129,0.01,0.543,0.682,True
charge_force_toy,0.0,3,25,0.128,0.01,0.512,0.65,True
charge_force_toy,0.0,3,26,0.148,0.008,0.449,0.605,True
charge_force_toy,0.0,3,27,0.128,0.008,0.492,0.628,True
charge_force_toy,0.0,3,28,0.127,0.008,0.481,0.615,True
charge_force_toy,0.0,3,29,0.128,0.011,0.536,0.674,True
charge_force_toy,0.02,3,0,0.363,0.292,0.483,1.138,True
charge_force_toy,0.02,3,1,0.325,0.222,0.535,1.083,True
charge_force_toy,0.02,3,2,0.357,0.271,0.524,1.151,True
charge_force_toy,0.02,3,3,0.303,0.285,0.568,1.156,True
charge_force_toy,0.02,3,4,0.304,0.281,0.543,1.128,True
charge_force_toy,0.02,3,5,0.385,0.221,0.548,1.154,True
charge_force_toy,0.02,3,6,0.318,0.296,0.42,1.033,True
charge_force_toy,0.02,3,7,0.382,0.304,0.462,1.148,True
charge_force_toy,0.02,3,8,0.373,0.292,0.51,1.175,True
charge_force_toy,0.02,3,9,0.413,0.264,0.494,1.17,True
charge_force_toy,0.02,3,10,0.493,0.275,0.531,1.299,True
charge_force_toy,0.02,3,11,0.341,0.292,0.566,1.199,True
charge_force_toy,0.02,3,12,0.367,0.283,0.547,1.197,True
charge_force_toy,0.02,3,13,0.348,0.233,0.539,1.12,True
charge_force_toy,0.02,3,14,0.353,0.295,0.51,1.158,True
charge_force_toy,0.02,3,15,0.339,0.291,0.469,1.099,True
charge_force_toy,0.02,3,16,0.332,0.296,0.528,1.155,True
charge_force_toy,0.02,3,17,0.288,0.228,0.568,1.084,True
charge_force_toy,0.02,3,18,0.708,0.271,0.568,1.547,True
charge_force_toy,0.02,3,19,0.456,0.258,0.59,1.304,True
charge_force_toy,0.02,3,20,0.36,0.239,0.57,1.169,True
charge_force_toy,0.02,3,21,0.351,0.221,0.526,1.097,True
charge_force_toy,0.02,3,22,0.366,0.281,0.535,1.182,True
charge_force_toy,0.02,3,23,0.359,0.292,0.536,1.187,True
charge_force_toy,0.02,3,24,0.35,0.282,0.543,1.175,True
charge_force_toy,0.02,3,25,0.3,0.298,0.509,1.106,True
charge_force_toy,0.02,3,26,0.383,0.292,0.498,1.172,True
charge_force_toy,0.02,3,27,0.322,0.294,0.502,1.118,True
charge_force_toy,0.02,3,28,0.305,0.29,0.515,1.11,True
charge_force_toy,0.02,3,29,0.371,0.225,0.514,1.109,True
charge_force_toy,0.05,3,0,1.435,0.15,0.484,2.068,False
charge_force_toy,0.05,3,1,1.187,0.163,0.495,1.845,False
charge_force_toy,0.05,3,2,1.314,0.137,0.547,1.998,False
charge_force_toy,0.05,3,3,1.241,0.148,0.557,1.946,False
charge_force_toy,0.05,3,4,1.247,0.151,0.552,1.95,False
charge_force_toy,0.05,3,5,1.309,0.109,0.483,1.901,False
charge_force_toy,0.05,3,6,1.245,0.158,0.413,1.816,False
charge_force_toy,0.05,3,7,1.561,0.158,0.497,2.217,False
charge_force_toy,0.05,3,8,1.26,0.143,0.468,1.872,False
charge_force_toy,0.05,3,9,1.159,0.145,0.464,1.768,False
charge_force_toy,0.05,3,10,1.876,0.114,0.413,2.402,False
charge_force_toy,0.05,3,11,1.34,0.122,0.469,1.931,False
charge_force_toy,0.05,3,12,1.119,0.115,0.479,1.713,False
charge_force_toy,0.05,3,13,1.124,0.139,0.497,1.76,False
charge_force_toy,0.05,3,14,1.704,0.148,0.507,2.359,False
charge_force_toy,0.05,3,15,1.677,0.137,0.48,2.294,False
charge_force_toy,0.05,3,16,1.211,0.13,0.505,1.845,False
charge_force_toy,0.05,3,17,1.217,0.141,0.53,1.888,False
charge_force_toy,0.05,3,18,1.329,0.128,0.509,1.966,False
charge_force_toy,0.05,3,19,1.785,0.132,0.518,2.435,False
charge_force_toy,0.05,3,20,1.16,0.143,0.454,1.757,False
charge_force_toy,0.05,3,21,1.523,0.152,0.5,2.174,False
charge_force_toy,0.05,3,22,1.213,0.141,0.526,1.88,False
charge_force_toy,0.05,3,23,1.199,0.13,0.485,1.814,False
charge_force_toy,0.05,3,24,1.43,0.145,0.528,2.103,False
charge_force_toy,0.05,3,25,1.155,0.14,0.458,1.753,False
charge_force_toy,0.05,3,26,1.3,0.164,0.553,2.017,False
charge_force_toy,0.05,3,27,1.291,0.151,0.53,1.972,False
charge_force_toy,0.05,3,28,1.292,0.143,0.648,2.082,False
charge_force_toy,0.05,3,29,1.662,0.158,0.534,2.354,False
I.13.4,0.0,3,0,0.132,0.004,0.152,0.288,True
I.13.4,0.0,3,1,0.088,0.006,0.126,0.219,True
I.13.4,0.0,3,2,0.092,0.005,0.139,0.236,True
I.13.4,0.0,3,3,0.094,0.005,0.135,0.235,True
I.13.4,0.0,3,4,0.088,0.004,0.117,0.21,True
I.13.4,0.0,3,5,0.094,0.005,0.119,0.218,True
I.13.4,0.0,3,6,0.086,0.005,0.142,0.233,True
I.13.4,0.0,3,7,0.091,0.005,0.136,0.232,True
I.13.4,0.0,3,8,0.091,0.005,0.136,0.232,True
I.13.4,0.0,3,9,0.087,0.004,0.111,0.202,True
I.13.4,0.0,3,10,0.097,0.005,0.134,0.236,True
I.13.4,0.0,3,11,0.092,0.005,0.106,0.203,True
I.13.4,0.0,3,12,0.08,0.004,0.123,0.206,True
I.13.4,0.0,3,13,0.087,0.005,0.121,0.213,True
I.13.4,0.0,3,14,0.093,0.005,0.137,0.236,True
I.13.4,0.0,3,15,0.093,0.004,0.098,0.196,True
I.13.4,0.0,3,16,0.082,0.004,0.122,0.208,True
I.13.4,0.0,3,17,0.093,0.005,0.108,0.205,True
I.13.4,0.0,3,18,0.09,0.005,0.136,0.231,True
I.13.4,0.0,3,19,0.096,0.005,0.133,0.234,True
I.13.4,0.0,3,20,0.091,0.005,0.145,0.241,True
I.13.4,0.0,3,21,0.092,0.005,0.128,0.226,True
I.13.4,0.0,3,22,0.094,0.005,0.142,0.24,True
I.13.4,0.0,3,23,0.09,0.003,0.125,0.218,True
I.13.4,0.0,3,24,0.078,0.004,0.122,0.204,True
I.13.4,0.0,3,25,0.095,0.005,0.119,0.219,True
I.13.4,0.0,3,26,0.091,0.005,0.136,0.232,True
I.13.4,0.0,3,27,0.094,0.005,0.119,0.218,True
I.13.4,0.0,3,28,0.094,0.005,0.126,0.226,True
I.13.4,0.0,3,29,0.08,0.004,0.109,0.192,True
I.13.4,0.02,3,0,1.195,0.014,0.117,1.326,True
I.13.4,0.02,3,1,1.154,0.009,0.133,1.296,True
I.13.4,0.02,3,2,1.141,0.009,0.133,1.283,True
I.13.4,0.02,3,3,1.218,0.01,0.112,1.341,True
I.13.4,0.02,3,4,1.053,0.017,0.127,1.196,True
I.13.4,0.02,3,5,1.07,0.012,0.099,1.181,True
I.13.4,0.02,3,6,1.111,0.01,0.15,1.272,True
I.13.4,0.02,3,7,1.106,0.03,0.136,1.272,True
I.13.4,0.02,3,8,1.135,0.015,0.132,1.283,True
I.13.4,0.02,3,9,1.203,0.016,0.105,1.324,True
I.13.4,0.02,3,10,1.207,0.013,0.1,1.32,True
I.13.4,0.02,3,11,1.039,0.011,0.131,1.182,True
I.13.4,0.02,3,12,1.185,0.011,0.115,1.31,True
I.13.4,0.02,3,13,1.197,0.01,0.102,1.309,True
I.13.4,0.02,3,14,1.071,0.019,0.119,1.209,True
I.13.4,0.02,3,15,1.19,0.012,0.117,1.319,True
I.13.4,0.02,3,16,1.079,0.03,0.132,1.241,True
I.13.4,0.02,3,17,1.136,0.011,0.147,1.294,True
I.13.4,0.02,3,18,1.123,0.016,0.112,1.251,True
I.13.4,0.02,3,19,1.012,0.016,0.137,1.164,True
I.13.4,0.02,3,20,1.195,0.013,0.13,1.339,True
I.13.4,0.02,3,21,1.134,0.016,0.124,1.274,True
I.13.4,0.02,3,22,1.105,0.02,0.111,1.237,True
I.13.4,0.02,3,23,1.121,0.013,0.126,1.26,True
I.13.4,0.02,3,24,1.072,0.016,0.132,1.219,True
I.13.4,0.02,3,25,1.135,0.011,0.139,1.285,True
I.13.4,0.02,3,26,1.127,0.018,0.135,1.281,True
I.13.4,0.02,3,27,1.097,0.015,0.121,1.233,True
I.13.4,0.02,3,28,1.071,0.01,0.132,1.213,True
I.13.4,0.02,3,29,1.038,0.018,0.134,1.19,True
I.13.4,0.05,3,0,1.245,0.094,0.147,1.485,True
I.13.4,0.05,3,1,1.268,0.091,0.131,1.49,True
I.13.4,0.05,3,2,1.38,0.06,0.105,1.545,True
I.13.4,0.05,3,3,1.389,0.095,0.111,1.595,True
I.13.4,0.05,3,4,1.25,0.093,0.123,1.466,True
I.13.4,0.05,3,5,1.353,0.087,0.134,1.574,True
I.13.4,0.05,3,6,1.208,0.094,0.133,1.435,True
I.13.4,0.05,3,7,1.347,0.086,0.131,1.564,True
I.13.4,0.05,3,8,1.355,0.085,0.123,1.563,True
I.13.4,0.05,3,9,1.205,0.091,0.136,1.432,True
I.13.4,0.05,3,10,1.237,0.083,0.095,1.415,True
I.13.4,0.05,3,11,1.372,0.081,0.109,1.563,True
I.13.4,0.05,3,12,1.219,0.082,0.128,1.429,True
I.13.4,0.05,3,13,1.26,0.103,0.126,1.488,True
I.13.4,0.05,3,14,1.275,0.098,0.134,1.506,True
I.13.4,0.05,3,15,1.29,0.018,0.119,1.428,True
I.13.4,0.05,3,16,1.42,0.101,0.138,1.66,True
I.13.4,0.05,3,17,1.223,0.08,0.13,1.432,True
I.13.4,0.05,3,18,1.24,0.089,0.125,1.454,True
I.13.4,0.05,3,19,1.242,0.091,0.122,1.455,True
I.13.4,0.05,3,20,1.322,0.069,0.105,1.497,True
I.13.4,0.05,3,21,1.27,0.015,0.108,1.393,True
I.13.4,0.05,3,22,1.208,0.084,0.142,1.434,True
I.13.4,0.05,3,23,1.294,0.079,0.112,1.485,True
I.13.4,0.05,3,24,1.239,0.054,0.109,1.402,True
I.13.4,0.05,3,25,1.333,0.099,0.107,1.539,True
I.13.4,0.05,3,26,1.269,0.098,0.116,1.483,True
I.13.4,0.05,3,27,1.374,0.075,0.132,1.581,True
I.13.4,0.05,3,28,1.214,0.066,0.127,1.406,True
I.13.4,0.05,3,29,1.261,0.088,0.121,1.471,True
kinetic_energy_scaled,0.0,3,0,0.073,0.003,0.116,0.192,True
kinetic_energy_scaled,0.0,3,1,0.071,0.004,0.103,0.178,True
kinetic_energy_scaled,0.0,3,2,0.058,0.003,0.089,0.149,True
kinetic_energy_scaled,0.0,3,3,0.067,0.004,0.113,0.184,True
kinetic_energy_scaled,0.0,3,4,0.046,0.005,0.115,0.166,True
kinetic_energy_scaled,0.0,3,5,0.075,0.004,0.114,0.193,True
kinetic_energy_scaled,0.0,3,6,0.074,0.004,0.12,0.198,True
kinetic_energy_scaled,0.0,3,7,0.058,0.003,0.087,0.148,True
kinetic_energy_scaled,0.0,3,8,0.058,0.003,0.094,0.155,True
kinetic_energy_scaled,0.0,3,9,0.074,0.004,0.11,0.187,True
kinetic_energy_scaled,0.0,3,10,0.061,0.004,0.112,0.178,True
kinetic_energy_scaled,0.0,3,11,0.129,0.003,0.106,0.238,True
kinetic_energy_scaled,0.0,3,12,0.073,0.004,0.106,0.183,True
kinetic_energy_scaled,0.0,3,13,0.074,0.004,0.097,0.175,True
kinetic_energy_scaled,0.0,3,14,0.073,0.004,0.107,0.185,True
kinetic_energy_scaled,0.0,3,15,0.059,0.003,0.078,0.139,True
kinetic_energy_scaled,0.0,3,16,0.057,0.003,0.095,0.154,True
kinetic_energy_scaled,0.0,3,17,0.059,0.003,0.08,0.142,True
kinetic_energy_scaled,0.0,3,18,0.058,0.003,0.081,0.142,True
kinetic_energy_scaled,0.0,3,19,0.072,0.004,0.108,0.185,True
kinetic_energy_scaled,0.0,3,20,0.074,0.004,0.123,0.201,True
kinetic_energy_scaled,0.0,3,21,0.068,0.004,0.123,0.194,True
kinetic_energy_scaled,0.0,3,22,0.062,0.004,0.121,0.187,True
kinetic_energy_scaled,0.0,3,23,0.072,0.004,0.099,0.175,True
kinetic_energy_scaled,0.0,3,24,0.068,0.004,0.115,0.188,True
kinetic_energy_scaled,0.0,3,25,0.073,0.004,0.107,0.185,True
kinetic_energy_scaled,0.0,3,26,0.073,0.004,0.106,0.183,True
kinetic_energy_scaled,0.0,3,27,0.073,0.004,0.112,0.189,True
kinetic_energy_scaled,0.0,3,28,0.044,0.003,0.077,0.124,True
kinetic_energy_scaled,0.0,3,29,0.057,0.003,0.094,0.155,True
kinetic_energy_scaled,0.02,3,0,1.14,0.014,0.116,1.27,True
kinetic_energy_scaled,0.02,3,1,1.098,0.012,0.135,1.245,True
kinetic_energy_scaled,0.02,3,2,1.092,0.012,0.127,1.232,True
kinetic_energy_scaled,0.02,3,3,1.26,0.01,0.144,1.414,True
kinetic_energy_scaled,0.02,3,4,1.06,0.013,0.132,1.206,True
kinetic_energy_scaled,0.02,3,5,1.11,0.013,0.133,1.256,True
kinetic_energy_scaled,0.02,3,6,1.119,0.012,0.138,1.268,True
kinetic_energy_scaled,0.02,3,7,1.076,0.01,0.139,1.225,True
kinetic_energy_scaled,0.02,3,8,1.137,0.031,0.127,1.295,True
kinetic_energy_scaled,0.02,3,9,1.141,0.008,0.126,1.276,True
kinetic_energy_scaled,0.02,3,10,1.145,0.009,0.128,1.282,True
kinetic_energy_scaled,0.02,3,11,1.034,0.03,0.129,1.194,True
kinetic_energy_scaled,0.02,3,12,1.2,0.011,0.113,1.324,True
kinetic_energy_scaled,0.02,3,13,1.216,0.009,0.119,1.344,True
kinetic_energy_scaled,0.02,3,14,1.04,0.009,0.138,1.186,True
kinetic_energy_scaled,0.02,3,15,1.161,0.009,0.119,1.289,True
kinetic_energy_scaled,0.02,3,16,1.074,0.009,0.143,1.226,True
kinetic_energy_scaled,0.02,3,17,1.119,0.01,0.124,1.252,True
kinetic_energy_scaled,0.02,3,18,1.055,0.013,0.124,1.192,True
kinetic_energy_scaled,0.02,3,19,1.046,0.012,0.133,1.191,True
kinetic_energy_scaled,0.02,3,20,1.273,0.025,0.111,1.409,True
kinetic_energy_scaled,0.02,3,21,1.132,0.019,0.114,1.265,True
kinetic_energy_scaled,0.02,3,22,1.105,0.013,0.135,1.252,True
kinetic_energy_scaled,0.02,3,23,1.146,0.02,0.124,1.291,True
kinetic_energy_scaled,0.02,3,24,1.059,0.008,0.127,1.194,True
kinetic_energy_scaled,0.02,3,25,1.165,0.005,0.121,1.291,True
kinetic_energy_scaled,0.02,3,26,1.084,0.015,0.142,1.241,True
kinetic_energy_scaled,0.02,3,27,1.193,0.012,0.118,1.323,True
kinetic_energy_scaled,0.02,3,28,1.111,0.011,0.127,1.249,True
kinetic_energy_scaled,0.02,3,29,1.124,0.015,0.101,1.239,True
kinetic_energy_scaled,0.05,3,0,1.279,0.099,0.135,1.513,True
kinetic_energy_scaled,0.05,3,1,1.291,0.09,0.134,1.515,True
kinetic_energy_scaled,0.05,3,2,1.308,0.077,0.124,1.509,True
kinetic_energy_scaled,0.05,3,3,1.499,0.078,0.137,1.714,True
kinetic_energy_scaled,0.05,3,4,1.251,0.091,0.122,1.464,True
kinetic_energy_scaled,0.05,3,5,1.369,0.092,0.124,1.584,True
kinetic_energy_scaled,0.05,3,6,1.216,0.084,0.13,1.43,True
kinetic_energy_scaled,0.05,3,7,1.362,0.071,0.132,1.565,True
kinetic_energy_scaled,0.05,3,8,1.428,0.084,0.112,1.624,True
kinetic_energy_scaled,0.05,3,9,1.222,0.084,0.108,1.413,True
kinetic_energy_scaled,0.05,3,10,1.286,0.074,0.119,1.479,True
kinetic_energy_scaled,0.05,3,11,1.358,0.091,0.139,1.588,True
kinetic_energy_scaled,0.05,3,12,1.318,0.093,0.132,1.544,True
kinetic_energy_scaled,0.05,3,13,1.274,0.095,0.122,1.491,True
kinetic_energy_scaled,0.05,3,14,1.281,0.083,0.114,1.477,True
kinetic_energy_scaled,0.05,3,15,1.318,0.011,0.121,1.449,True
kinetic_energy_scaled,0.05,3,16,1.339,0.089,0.134,1.562,True
kinetic_energy_scaled,0.05,3,17,1.267,0.085,0.103,1.456,True
kinetic_energy_scaled,0.05,3,18,1.247,0.078,0.137,1.462,True
kinetic_energy_scaled,0.05,3,19,1.246,0.096,0.098,1.441,True
kinetic_energy_scaled,0.05,3,20,1.295,0.065,0.134,1.494,True
kinetic_energy_scaled,0.05,3,21,1.263,0.01,0.138,1.412,True
kinetic_energy_scaled,0.05,3,22,1.202,0.077,0.108,1.388,True
kinetic_energy_scaled,0.05,3,23,1.302,0.079,0.117,1.498,True
kinetic_energy_scaled,0.05,3,24,1.255,0.074,0.13,1.459,True
kinetic_energy_scaled,0.05,3,25,1.331,0.087,0.135,1.554,True
kinetic_energy_scaled,0.05,3,26,1.209,0.077,0.125,1.411,True
kinetic_energy_scaled,0.05,3,27,1.447,0.083,0.13,1.66,True
kinetic_energy_scaled,0.05,3,28,1.212,0.052,0.133,1.396,True
kinetic_energy_scaled,0.05,3,29,1.259,0.083,0.126,1.468,True
I.14.3,0.0,3,0,0.039,0.013,0.481,0.532,True
I.14.3,0.0,3,1,0.125,0.018,0.398,0.542,True
I.14.3,0.0,3,2,0.122,0.008,0.512,0.641,True
I.14.3,0.0,3,3,0.12,0.01,0.531,0.661,True
I.14.3,0.0,3,4,0.125,0.01,0.48,0.616,True
I.14.3,0.0,3,5,0.127,0.008,0.543,0.678,True
I.14.3,0.0,3,6,0.119,0.008,0.531,0.658,True
I.14.3,0.0,3,7,0.125,0.01,0.555,0.69,True
I.14.3,0.0,3,8,0.121,0.007,0.552,0.68,True
I.14.3,0.0,3,9,0.124,0.01,0.518,0.652,True
I.14.3,0.0,3,10,0.133,0.01,0.566,0.709,True
I.14.3,0.0,3,11,0.124,0.01,0.518,0.653,True
I.14.3,0.0,3,12,0.123,0.01,0.525,0.658,True
I.14.3,0.0,3,13,0.123,0.01,0.515,0.648,True
I.14.3,0.0,3,14,0.124,0.01,0.536,0.67,True
I.14.3,0.0,3,15,0.122,0.01,0.503,0.635,True
I.14.3,0.0,3,16,0.122,0.01,0.476,0.608,True
I.14.3,0.0,3,17,0.126,0.01,0.526,0.663,True
I.14.3,0.0,3,18,0.121,0.008,0.549,0.677,True
I.14.3,0.0,3,19,0.121,0.008,0.547,0.675,True
I.14.3,0.0,3,20,0.125,0.011,0.523,0.659,True
I.14.3,0.0,3,21,0.131,0.01,0.462,0.604,True
I.14.3,0.0,3,22,0.126,0.011,0.522,0.658,True
I.14.3,0.0,3,23,0.124,0.01,0.556,0.689,True
I.14.3,0.0,3,24,0.134,0.01,0.535,0.679,True
I.14.3,0.0,3,25,0.126,0.011,0.491,0.627,True
I.14.3,0.0,3,26,0.122,0.008,0.537,0.667,True
I.14.3,0.0,3,27,0.124,0.008,0.476,0.608,True
I.14.3,0.0,3,28,0.122,0.01,0.504,0.636,True
I.14.3,0.0,3,29,0.036,0.01,0.525,0.571,True
I.14.3,0.02,3,0,0.948,1.154,0.484,2.587,False
I.14.3,0.02,3,1,1.005,1.143,0.474,2.622,False
I.14.3,0.02,3,2,0.904,1.119,0.521,2.544,False
I.14.3,0.02,3,3,1.007,0.94,0.509,2.455,False
I.14.3,0.02,3,4,1.026,1.141,0.489,2.656,False
I.14.3,0.02,3,5,0.956,1.141,0.457,2.555,False
I.14.3,0.02,3,6,0.943,0.871,0.492,2.307,False
I.14.3,0.02,3,7,0.913,1.007,0.507,2.427,False
I.14.3,0.02,3,8,1.036,1.156,0.485,2.678,False
I.14.3,0.02,3,9,0.992,1.078,0.469,2.539,False
I.14.3,0.02,3,10,1.095,0.875,0.495,2.465,False
I.14.3,0.02,3,11,0.992,1.103,0.504,2.598,False
I.14.3,0.02,3,12,0.969,1.042,0.48,2.491,False
I.14.3,0.02,3,13,0.999,0.988,0.512,2.498,False
I.14.3,0.02,3,14,0.945,0.926,0.512,2.383,False
I.14.3,0.02,3,15,1.049,0.976,0.478,2.503,False
I.14.3,0.02,3,16,0.922,1.173,0.47,2.564,False
I.14.3,0.02,3,17,0.923,0.997,0.507,2.427,False
I.14.3,0.02,3,18,0.952,1.147,0.474,2.574,False
I.14.3,0.02,3,19,0.962,0.878,0.473,2.312,False
I.14.3,0.02,3,20,0.955,0.946,0.492,2.394,False
I.14.3,0.02,3,21,0.989,1.129,0.466,2.584,False
I.14.3,0.02,3,22,0.996,1.045,0.483,2.523,False
I.14.3,0.02,3,23,0.994,1.119,0.502,2.616,False
I.14.3,0.02,3,24,1.142,1.07,0.493,2.705,False
I.14.3,0.02,3,25,0.92,1.067,0.441,2.427,False
I.14.3,0.02,3,26,0.907,1.058,0.482,2.447,False
I.14.3,0.02,3,27,0.917,0.805,0.466,2.188,False
I.14.3,0.02,3,28,0.956,0.822,0.457,2.235,False
I.14.3,0.02,3,29,0.962,0.996,0.467,2.425,False
I.14.3,0.05,3,0,0.886,0.021,0.499,1.406,False
I.14.3,0.05,3,1,1.005,0.873,0.487,2.365,False
I.14.3,0.05,3,2,0.904,0.625,0.526,2.056,False
I.14.3,0.05,3,3,0.905,0.989,0.533,2.427,False
I.14.3,0.05,3,4,0.971,0.748,0.538,2.258,False
I.14.3,0.05,3,5,0.934,1.056,0.494,2.485,False
I.14.3,0.05,3,6,0.988,0.706,0.511,2.206,False
I.14.3,0.05,3,7,0.931,0.022,0.512,1.465,False
I.14.3,0.05,3,8,0.945,0.021,0.507,1.474,False
I.14.3,0.05,3,9,1.034,0.861,0.499,2.394,False
I.14.3,0.05,3,10,1.07,1.162,0.475,2.707,False
I.14.3,0.05,3,11,1.04,0.819,0.525,2.384,False
I.14.3,0.05,3,12,0.998,0.928,0.541,2.467,False
I.14.3,0.05,3,13,0.988,1.15,0.436,2.574,False
I.14.3,0.05,3,14,0.993,1.095,0.474,2.563,False
I.14.3,0.05,3,15,1.021,1.141,0.454,2.616,False
I.14.3,0.05,3,16,1.036,1.177,0.497,2.711,False
I.14.3,0.05,3,17,1.009,0.949,0.478,2.436,False
I.14.3,0.05,3,18,0.898,1.176,0.458,2.532,False
I.14.3,0.05,3,19,1.083,1.061,0.512,2.656,False
I.14.3,0.05,3,20,0.9,0.873,0.509,2.282,False
I.14.3,0.05,3,21,0.925,0.967,0.464,2.356,False
I.14.3,0.05,3,22,1.009,1.086,0.476,2.572,False
I.14.3,0.05,3,23,0.992,0.589,0.494,2.075,False
I.14.3,0.05,3,24,1.032,0.017,0.472,1.521,False
I.14.3,0.05,3,25,0.999,0.639,0.441,2.079,False
I.14.3,0.05,3,26,0.994,0.856,0.475,2.325,False
I.14.3,0.05,3,27,0.987,1.032,0.511,2.531,False
I.14.3,0.05,3,28,0.994,0.753,0.509,2.255,False
I.14.3,0.05,3,29,0.887,1.018,0.465,2.37,False
kinematics_position,0.0,3,0,0.2,0.008,0.655,0.864,True
kinematics_position,0.0,3,1,0.201,0.008,0.673,0.882,True
kinematics_position,0.0,3,2,0.185,0.008,0.62,0.812,True
kinematics_position,0.0,3,3,0.202,0.008,0.636,0.846,True
kinematics_position,0.0,3,4,0.205,0.008,0.613,0.826,True
kinematics_position,0.0,3,5,0.196,0.008,0.67,0.874,True
kinematics_position,0.0,3,6,0.196,0.008,0.637,0.841,True
kinematics_position,0.0,3,7,0.191,0.009,0.674,0.874,True
kinematics_position,0.0,3,8,0.185,0.009,0.636,0.83,True
kinematics_position,0.0,3,9,0.133,0.008,0.704,0.845,True
kinematics_position,0.0,3,10,0.198,0.008,0.726,0.933,True
kinematics_position,0.0,3,11,0.178,0.009,0.636,0.823,True
kinematics_position,0.0,3,12,0.199,0.008,0.631,0.838,True
kinematics_position,0.0,3,13,0.27,0.016,0.587,0.873,True
kinematics_position,0.0,3,14,0.205,0.008,0.636,0.85,True
kinematics_position,0.0,3,15,0.144,0.009,0.678,0.83,True
kinematics_position,0.0,3,16,0.201,0.009,0.652,0.862,True
kinematics_position,0.0,3,17,0.18,0.009,0.644,0.833,True
kinematics_position,0.0,3,18,0.181,0.009,0.691,0.881,True
kinematics_position,0.0,3,19,0.197,0.008,0.706,0.912,True
kinematics_position,0.0,3,20,0.214,0.009,0.67,0.893,True
kinematics_position,0.0,3,21,0.185,0.009,0.71,0.903,True
kinematics_position,0.0,3,22,0.181,0.009,0.67,0.86,True
kinematics_position,0.0,3,23,0.184,0.009,0.663,0.855,True
kinematics_position,0.0,3,24,0.188,0.009,0.658,0.854,True
kinematics_position,0.0,3,25,0.201,0.009,0.646,0.856,True
kinematics_position,0.0,3,26,0.2,0.009,0.635,0.843,True
kinematics_position,0.0,3,27,0.187,0.009,0.63,0.826,True
kinematics_position,0.0,3,28,0.193,0.009,0.63,0.832,True
kinematics_position,0.0,3,29,0.188,0.009,0.612,0.809,True
kinematics_position,0.02,3,0,6.6,0.249,0.542,7.391,True
kinematics_position,0.02,3,1,6.226,0.26,0.481,6.967,True
kinematics_position,0.02,3,2,6.328,0.187,0.507,7.022,True
kinematics_position,0.02,3,3,6.457,0.248,0.493,7.198,True
kinematics_position,0.02,3,4,6.553,0.238,0.535,7.326,True
kinematics_position,0.02,3,5,6.103,0.248,0.489,6.84,True
kinematics_position,0.02,3,6,6.333,0.243,0.51,7.085,True
kinematics_position,0.02,3,7,6.182,0.191,0.527,6.9,True
kinematics_position,0.02,3,8,6.264,0.256,0.526,7.046,True
kinematics_position,0.02,3,9,6.025,0.183,0.512,6.719,True
kinematics_position,0.02,3,10,6.477,0.183,0.609,7.269,True
kinematics_position,0.02,3,11,6.528,0.246,0.524,7.298,True
kinematics_position,0.02,3,12,6.241,0.187,0.543,6.971,True
kinematics_position,0.02,3,13,6.192,0.213,0.562,6.966,True
kinematics_position,0.02,3,14,6.11,0.252,0.488,6.85,True
kinematics_position,0.02,3,15,6.339,0.193,0.501,7.033,True
kinematics_position,0.02,3,16,6.265,0.244,0.517,7.026,True
kinematics_position,0.02,3,17,6.712,0.198,0.44,7.351,True
kinematics_position,0.02,3,18,6.392,0.199,0.569,7.159,True
kinematics_position,0.02,3,19,6.286,0.192,0.534,7.012,True
kinematics_position,0.02,3,20,6.097,0.205,0.518,6.82,True
kinematics_position,0.02,3,21,6.391,0.187,0.543,7.121,True
kinematics_position,0.02,3,22,6.322,0.222,0.514,7.058,True
kinematics_position,0.02,3,23,6.382,0.238,0.532,7.152,True
kinematics_position,0.02,3,24,6.288,0.239,0.568,7.096,True
kinematics_position,0.02,3,25,6.184,0.195,0.546,6.925,True
kinematics_position,0.02,3,26,5.878,0.196,0.522,6.595,True
kinematics_position,0.02,3,27,6.42,0.196,0.502,7.118,True
kinematics_position,0.02,3,28,6.286,0.273,0.49,7.049,True
kinematics_position,0.02,3,29,5.997,0.253,0.45,6.699,True
kinematics_position,0.05,3,0,0.985,0.026,0.521,1.532,False
kinematics_position,0.05,3,1,0.912,0.021,0.531,1.464,False
kinematics_position,0.05,3,2,1.081,0.024,0.557,1.661,False
kinematics_position,0.05,3,3,1.157,0.157,0.626,1.94,False
kinematics_position,0.05,3,4,0.828,0.029,0.517,1.374,False
kinematics_position,0.05,3,5,1.004,0.022,0.533,1.559,False
kinematics_position,0.05,3,6,0.77,0.026,0.459,1.255,False
kinematics_position,0.05,3,7,0.893,0.017,0.571,1.482,False
kinematics_position,0.05,3,8,0.972,0.022,0.559,1.553,False
kinematics_position,0.05,3,9,0.858,0.027,0.515,1.401,False
kinematics_position,0.05,3,10,0.939,0.023,0.528,1.49,False
kinematics_position,0.05,3,11,0.934,0.028,0.536,1.498,False
kinematics_position,0.05,3,12,0.817,0.028,0.561,1.406,False
kinematics_position,0.05,3,13,0.972,0.129,0.583,1.685,False
kinematics_position,0.05,3,14,1.097,0.158,0.579,1.834,False
kinematics_position,0.05,3,15,0.899,0.022,0.605,1.526,False
kinematics_position,0.05,3,16,0.859,0.135,0.53,1.523,False
kinematics_position,0.05,3,17,0.963,0.022,0.568,1.553,False
kinematics_position,0.05,3,18,0.831,0.138,0.599,1.569,False
kinematics_position,0.05,3,19,0.89,0.138,0.537,1.566,False
kinematics_position,0.05,3,20,0.986,0.145,0.513,1.644,False
kinematics_position,0.05,3,21,0.862,0.151,0.536,1.549,False
kinematics_position,0.05,3,22,1.024,0.025,0.531,1.58,False
kinematics_position,0.05,3,23,1.0,0.025,0.596,1.621,False
kinematics_position,0.05,3,24,0.978,0.031,0.547,1.556,False
kinematics_position,0.05,3,25,0.875,0.03,0.574,1.479,False
kinematics_position,0.05,3,26,1.022,0.026,0.55,1.598,False
kinematics_position,0.05,3,27,0.883,0.02,0.578,1.481,False
kinematics_position,0.05,3,28,0.813,0.137,0.552,1.503,False
kinematics_position,0.05,3,29,1.001,0.024,0.58,1.606,False
parallel_axis_theorem,0.0,3,0,0.125,0.014,0.6,0.74,True
parallel_axis_theorem,0.0,3,1,0.123,0.008,0.503,0.634,True
parallel_axis_theorem,0.0,3,2,0.108,0.006,0.619,0.733,True
parallel_axis_theorem,0.0,3,3,0.114,0.009,0.658,0.781,True
parallel_axis_theorem,0.0,3,4,0.112,0.008,0.612,0.733,True
parallel_axis_theorem,0.0,3,5,0.112,0.009,0.588,0.709,True
parallel_axis_theorem,0.0,3,6,0.113,0.009,0.636,0.759,True
parallel_axis_theorem,0.0,3,7,0.116,0.008,0.613,0.737,True
parallel_axis_theorem,0.0,3,8,0.107,0.008,0.573,0.688,True
parallel_axis_theorem,0.0,3,9,0.111,0.009,0.636,0.756,True
parallel_axis_theorem,0.0,3,10,0.125,0.008,0.613,0.746,True
parallel_axis_theorem,0.0,3,11,0.113,0.006,0.596,0.715,True
parallel_axis_theorem,0.0,3,12,0.113,0.006,0.611,0.73,True
parallel_axis_theorem,0.0,3,13,0.113,0.006,0.526,0.645,True
parallel_axis_theorem,0.0,3,14,0.072,0.018,0.669,0.759,True
parallel_axis_theorem,0.0,3,15,0.11,0.006,0.516,0.632,True
parallel_axis_theorem,0.0,3,16,0.114,0.006,0.595,0.716,True
parallel_axis_theorem,0.0,3,17,0.111,0.008,0.557,0.677,True
parallel_axis_theorem,0.0,3,18,0.113,0.009,0.585,0.706,True
parallel_axis_theorem,0.0,3,19,0.097,0.006,0.557,0.66,True
parallel_axis_theorem,0.0,3,20,0.109,0.006,0.607,0.722,True
parallel_axis_theorem,0.0,3,21,0.131,0.013,0.576,0.72,True
parallel_axis_theorem,0.0,3,22,0.098,0.014,0.596,0.708,True
parallel_axis_theorem,0.0,3,23,0.114,0.008,0.618,0.74,True
parallel_axis_theorem,0.0,3,24,0.116,0.008,0.591,0.715,True
parallel_axis_theorem,0.0,3,25,0.116,0.008,0.631,0.756,True
parallel_axis_theorem,0.0,3,26,0.114,0.008,0.577,0.699,True
parallel_axis_theorem,0.0,3,27,0.117,0.008,0.61,0.736,True
parallel_axis_theorem,0.0,3,28,0.118,0.007,0.599,0.723,True
parallel_axis_theorem,0.0,3,29,0.113,0.008,0.586,0.708,True
parallel_axis_theorem,0.02,3,0,1.862,0.029,0.574,2.465,False
parallel_axis_theorem,0.02,3,1,1.757,0.031,0.597,2.385,False
parallel_axis_theorem,0.02,3,2,1.83,0.027,0.617,2.474,False
parallel_axis_theorem,0.02,3,3,1.827,0.038,0.561,2.426,False
parallel_axis_theorem,0.02,3,4,1.81,0.025,0.627,2.462,False
parallel_axis_theorem,0.02,3,5,1.85,0.029,0.603,2.482,False
parallel_axis_theorem,0.02,3,6,1.897,0.037,0.568,2.503,False
parallel_axis_theorem,0.02,3,7,1.766,0.032,0.625,2.422,False
parallel_axis_theorem,0.02,3,8,1.803,0.029,0.606,2.438,False
parallel_axis_theorem,0.02,3,9,1.861,0.027,0.625,2.514,False
parallel_axis_theorem,0.02,3,10,1.838,0.025,0.576,2.439,False
parallel_axis_theorem,0.02,3,11,1.807,0.031,0.591,2.428,False
parallel_axis_theorem,0.02,3,12,1.82,0.02,0.578,2.418,False
parallel_axis_theorem,0.02,3,13,1.942,0.038,0.562,2.542,False
parallel_axis_theorem,0.02,3,14,1.802,0.029,0.506,2.337,False
parallel_axis_theorem,0.02,3,15,1.655,0.029,0.604,2.287,False
parallel_axis_theorem,0.02,3,16,1.92,0.029,0.593,2.542,False
parallel_axis_theorem,0.02,3,17,1.831,0.021,0.593,2.445,False
parallel_axis_theorem,0.02,3,18,1.73,0.025,0.597,2.352,False
parallel_axis_theorem,0.02,3,19,1.734,0.023,0.557,2.314,False
parallel_axis_theorem,0.02,3,20,1.912,0.038,0.614,2.564,False
parallel_axis_theorem,0.02,3,21,1.802,0.031,0.61,2.444,False
parallel_axis_theorem,0.02,3,22,1.833,0.016,0.62,2.469,False
parallel_axis_theorem,0.02,3,23,1.72,0.022,0.609,2.351,False
parallel_axis_theorem,0.02,3,24,1.872,0.023,0.598,2.493,False
parallel_axis_theorem,0.02,3,25,1.748,0.021,0.576,2.345,False
parallel_axis_theorem,0.02,3,26,1.798,0.036,0.638,2.472,False
parallel_axis_theorem,0.02,3,27,1.931,0.019,0.556,2.505,False
parallel_axis_theorem,0.02,3,28,1.853,0.026,0.631,2.51,False
parallel_axis_theorem,0.02,3,29,1.603,0.023,0.595,2.221,False
parallel_axis_theorem,0.05,3,0,1.331,0.024,0.55,1.905,False
parallel_axis_theorem,0.05,3,1,1.143,0.02,0.668,1.831,False
parallel_axis_theorem,0.05,3,2,1.117,0.033,0.58,1.73,False
parallel_axis_theorem,0.05,3,3,1.078,0.03,0.601,1.708,False
parallel_axis_theorem,0.05,3,4,1.344,0.021,0.568,1.933,False
parallel_axis_theorem,0.05,3,5,1.079,0.029,0.568,1.676,False
parallel_axis_theorem,0.05,3,6,1.307,0.028,0.648,1.984,False
parallel_axis_theorem,0.05,3,7,1.195,0.025,0.635,1.854,False
parallel_axis_theorem,0.05,3,8,1.177,0.027,0.705,1.909,False
parallel_axis_theorem,0.05,3,9,1.191,0.022,0.638,1.851,False
parallel_axis_theorem,0.05,3,10,1.088,0.026,0.69,1.803,False
parallel_axis_theorem,0.05,3,11,1.093,0.027,0.659,1.779,False
parallel_axis_theorem,0.05,3,12,1.269,0.033,0.767,2.068,False
parallel_axis_theorem,0.05,3,13,1.121,0.02,0.702,1.843,False
parallel_axis_theorem,0.05,3,14,1.248,0.028,0.596,1.872,False
parallel_axis_theorem,0.05,3,15,1.239,0.027,0.685,1.95,False
parallel_axis_theorem,0.05,3,16,1.167,0.032,0.661,1.861,False
parallel_axis_theorem,0.05,3,17,1.359,0.036,0.65,2.045,False
parallel_axis_theorem,0.05,3,18,1.324,0.025,0.568,1.917,False
parallel_axis_theorem,0.05,3,19,1.272,0.02,0.632,1.924,False
parallel_axis_theorem,0.05,3,20,1.186,0.021,0.672,1.879,False
parallel_axis_theorem,0.05,3,21,1.271,0.033,0.662,1.966,False
parallel_axis_theorem,0.05,3,22,1.256,0.041,0.659,1.956,False
parallel_axis_theorem,0.05,3,23,1.324,0.03,0.667,2.022,False
parallel_axis_theorem,0.05,3,24,1.152,0.022,0.679,1.853,False
parallel_axis_theorem,0.05,3,25,1.126,0.02,0.677,1.822,False
parallel_axis_theorem,0.05,3,26,1.252,0.026,0.634,1.912,False
parallel_axis_theorem,0.05,3,27,1.34,0.035,0.663,2.038,False
parallel_axis_theorem,0.05,3,28,1.343,0.027,0.581,1.951,False
parallel_axis_theorem,0.05,3,29,1.26,0.039,0.624,1.923,False
gravitational_pe_orbit,0.0,3,0,0.124,0.018,2.721,2.863,True
gravitational_pe_orbit,0.0,3,1,0.11,0.019,2.77,2.898,True
gravitational_pe_orbit,0.0,3,2,0.118,0.019,2.782,2.919,True
gravitational_pe_orbit,0.0,3,3,0.111,0.015,2.646,2.771,True
gravitational_pe_orbit,0.0,3,4,0.108,0.018,2.807,2.933,True
gravitational_pe_orbit,0.0,3,5,0.117,0.019,2.704,2.84,True
gravitational_pe_orbit,0.0,3,6,0.109,0.019,2.605,2.734,True
gravitational_pe_orbit,0.0,3,7,0.118,0.019,2.767,2.904,True
gravitational_pe_orbit,0.0,3,8,0.063,0.019,2.786,2.868,True
gravitational_pe_orbit,0.0,3,9,0.107,0.019,2.653,2.779,True
gravitational_pe_orbit,0.0,3,10,0.119,0.015,2.578,2.712,True
gravitational_pe_orbit,0.0,3,11,0.114,0.019,2.669,2.802,True
gravitational_pe_orbit,0.0,3,12,0.11,0.015,2.698,2.823,True
gravitational_pe_orbit,0.0,3,13,0.112,0.019,2.528,2.659,True
gravitational_pe_orbit,0.0,3,14,0.056,0.024,2.499,2.58,True
gravitational_pe_orbit,0.0,3,15,0.114,0.015,2.674,2.803,True
gravitational_pe_orbit,0.0,3,16,0.109,0.019,2.503,2.63,True
gravitational_pe_orbit,0.0,3,17,0.114,0.015,2.64,2.77,True
gravitational_pe_orbit,0.0,3,18,0.106,0.02,2.794,2.92,True
gravitational_pe_orbit,0.0,3,19,0.114,0.019,2.729,2.862,True
gravitational_pe_orbit,0.0,3,20,0.109,0.019,2.729,2.857,True
gravitational_pe_orbit,0.0,3,21,0.112,0.016,2.516,2.644,True
gravitational_pe_orbit,0.0,3,22,0.113,0.019,2.684,2.816,True
gravitational_pe_orbit,0.0,3,23,0.063,0.025,2.774,2.862,True
gravitational_pe_orbit,0.0,3,24,0.111,0.02,2.665,2.796,True
gravitational_pe_orbit,0.0,3,25,0.119,0.019,2.624,2.762,True
gravitational_pe_orbit,0.0,3,26,0.115,0.019,2.697,2.831,True
gravitational_pe_orbit,0.0,3,27,0.113,0.02,2.657,2.79,True
gravitational_pe_orbit,0.0,3,28,0.121,0.019,2.689,2.83,True
gravitational_pe_orbit,0.0,3,29,0.117,0.019,2.615,2.751,True
gravitational_pe_orbit,0.02,3,0,2.01,1.855,2.373,6.238,False
gravitational_pe_orbit,0.02,3,1,1.902,1.787,2.525,6.213,False
gravitational_pe_orbit,0.02,3,2,1.878,1.567,2.412,5.857,False
gravitational_pe_orbit,0.02,3,3,1.917,1.192,2.37,5.478,False
gravitational_pe_orbit,0.02,3,4,1.732,1.771,2.448,5.952,False
gravitational_pe_orbit,0.02,3,5,1.678,1.47,2.12,5.268,False
gravitational_pe_orbit,0.02,3,6,2.044,1.549,2.358,5.951,False
gravitational_pe_orbit,0.02,3,7,1.839,1.881,2.535,6.256,False
gravitational_pe_orbit,0.02,3,8,1.985,1.402,3.546,6.933,False
gravitational_pe_orbit,0.02,3,9,1.743,2.884,10.784,15.411,False
gravitational_pe_orbit,0.02,3,10,3.108,1.823,5.184,10.115,False
gravitational_pe_orbit,0.02,3,11,3.404,1.945,2.482,7.831,False
gravitational_pe_orbit,0.02,3,12,2.043,2.083,2.527,6.653,False
gravitational_pe_orbit,0.02,3,13,2.02,1.896,2.654,6.571,False
gravitational_pe_orbit,0.02,3,14,2.21,1.695,2.566,6.471,False
gravitational_pe_orbit,0.02,3,15,1.866,1.385,2.483,5.734,False
gravitational_pe_orbit,0.02,3,16,1.782,1.44,2.498,5.719,False
gravitational_pe_orbit,0.02,3,17,1.927,2.133,2.663,6.723,False
gravitational_pe_orbit,0.02,3,18,2.177,1.366,2.533,6.076,False
gravitational_pe_orbit,0.02,3,19,1.828,1.804,2.496,6.129,False
gravitational_pe_orbit,0.02,3,20,1.699,1.728,2.48,5.907,False
gravitational_pe_orbit,0.02,3,21,1.998,1.576,2.429,6.003,False
gravitational_pe_orbit,0.02,3,22,1.85,1.644,2.494,5.987,False
gravitational_pe_orbit,0.02,3,23,1.973,1.516,2.667,6.156,False
gravitational_pe_orbit,0.02,3,24,2.028,1.706,2.452,6.185,False
gravitational_pe_orbit,0.02,3,25,2.232,1.857,2.465,6.553,False
gravitational_pe_orbit,0.02,3,26,1.915,1.958,2.789,6.662,False
gravitational_pe_orbit,0.02,3,27,2.01,1.866,2.479,6.356,False
gravitational_pe_orbit,0.02,3,28,1.918,1.685,2.286,5.89,False
gravitational_pe_orbit,0.02,3,29,1.764,1.836,2.765,6.364,False
gravitational_pe_orbit,0.05,3,0,1.414,1.831,2.697,5.942,False
gravitational_pe_orbit,0.05,3,1,1.829,2.348,2.651,6.827,False
gravitational_pe_orbit,0.05,3,2,1.467,1.996,2.787,6.25,False
gravitational_pe_orbit,0.05,3,3,1.73,1.544,2.754,6.028,False
gravitational_pe_orbit,0.05,3,4,1.315,1.915,2.912,6.142,False
gravitational_pe_orbit,0.05,3,5,1.159,1.842,2.539,5.54,False
gravitational_pe_orbit,0.05,3,6,1.66,1.84,2.758,6.258,False
gravitational_pe_orbit,0.05,3,7,1.391,1.946,2.814,6.151,False
gravitational_pe_orbit,0.05,3,8,1.397,1.153,2.685,5.236,False
gravitational_pe_orbit,0.05,3,9,1.204,1.583,2.564,5.351,False
gravitational_pe_orbit,0.05,3,10,1.255,1.725,2.889,5.869,False
gravitational_pe_orbit,0.05,3,11,1.393,1.873,2.726,5.992,False
gravitational_pe_orbit,0.05,3,12,1.378,1.842,2.536,5.755,False
gravitational_pe_orbit,0.05,3,13,1.349,1.96,3.96,7.27,False
gravitational_pe_orbit,0.05,3,14,1.697,2.28,2.75,6.728,False
gravitational_pe_orbit,0.05,3,15,1.708,1.563,2.732,6.003,False
gravitational_pe_orbit,0.05,3,16,1.174,1.722,2.712,5.607,False
gravitational_pe_orbit,0.05,3,17,1.692,1.82,2.474,5.987,False
gravitational_pe_orbit,0.05,3,18,1.372,1.428,2.721,5.521,False
gravitational_pe_orbit,0.05,3,19,1.227,1.88,2.698,5.806,False
gravitational_pe_orbit,0.05,3,20,1.226,1.75,2.592,5.568,False
gravitational_pe_orbit,0.05,3,21,1.311,1.7,2.555,5.566,False
gravitational_pe_orbit,0.05,3,22,1.548,1.958,2.694,6.2,False
gravitational_pe_orbit,0.05,3,23,1.749,1.45,2.654,5.853,False
gravitational_pe_orbit,0.05,3,24,1.294,1.812,2.377,5.483,False
gravitational_pe_orbit,0.05,3,25,1.128,1.832,2.411,5.371,False
gravitational_pe_orbit,0.05,3,26,1.772,1.67,2.517,5.959,False
gravitational_pe_orbit,0.05,3,27,1.275,1.888,2.445,5.607,False
gravitational_pe_orbit,0.05,3,28,1.363,1.374,2.53,5.267,False
gravitational_pe_orbit,0.05,3,29,1.376,1.864,2.44,5.68,False
algebraic_cubic_toy,0.0,3,0,0.071,0.002,0.035,0.109,True
algebraic_cubic_toy,0.0,3,1,0.076,0.001,0.027,0.105,True
algebraic_cubic_toy,0.0,3,2,0.068,0.002,0.036,0.106,True
algebraic_cubic_toy,0.0,3,3,0.076,0.002,0.025,0.103,True
algebraic_cubic_toy,0.0,3,4,0.068,0.003,0.014,0.085,True
algebraic_cubic_toy,0.0,3,5,0.068,0.001,0.014,0.083,True
algebraic_cubic_toy,0.0,3,6,0.066,0.003,0.026,0.095,True
algebraic_cubic_toy,0.0,3,7,0.059,0.003,0.024,0.086,True
algebraic_cubic_toy,0.0,3,8,0.071,0.001,0.018,0.09,True
algebraic_cubic_toy,0.0,3,9,0.07,0.003,0.027,0.1,True
algebraic_cubic_toy,0.0,3,10,0.073,0.003,0.022,0.097,True
algebraic_cubic_toy,0.0,3,11,0.051,0.003,0.019,0.072,True
algebraic_cubic_toy,0.0,3,12,0.067,0.001,0.012,0.081,True
algebraic_cubic_toy,0.0,3,13,0.07,0.003,0.026,0.099,True
algebraic_cubic_toy,0.0,3,14,0.066,0.002,0.02,0.088,True
algebraic_cubic_toy,0.0,3,15,0.065,0.001,0.012,0.078,True
algebraic_cubic_toy,0.0,3,16,0.053,0.003,0.022,0.078,True
algebraic_cubic_toy,0.0,3,17,0.05,0.002,0.014,0.066,True
algebraic_cubic_toy,0.0,3,18,0.079,0.001,0.027,0.108,True
algebraic_cubic_toy,0.0,3,19,0.073,0.003,0.026,0.101,True
algebraic_cubic_toy,0.0,3,20,0.063,0.001,0.022,0.087,True
algebraic_cubic_toy,0.0,3,21,0.062,0.001,0.015,0.078,True
algebraic_cubic_toy,0.0,3,22,0.06,0.002,0.017,0.079,True
algebraic_cubic_toy,0.0,3,23,0.068,0.003,0.027,0.097,True
algebraic_cubic_toy,0.0,3,24,0.078,0.001,0.026,0.105,True
algebraic_cubic_toy,0.0,3,25,0.077,0.003,0.015,0.094,True
algebraic_cubic_toy,0.0,3,26,0.066,0.002,0.025,0.094,True
algebraic_cubic_toy,0.0,3,27,0.079,0.003,0.013,0.095,True
algebraic_cubic_toy,0.0,3,28,0.078,0.003,0.025,0.105,True
algebraic_cubic_toy,0.0,3,29,0.063,0.001,0.021,0.086,True
algebraic_cubic_toy,0.02,3,0,0.956,0.003,0.026,0.985,True
algebraic_cubic_toy,0.02,3,1,0.821,0.004,0.036,0.861,True
algebraic_cubic_toy,0.02,3,2,0.893,0.002,0.03,0.925,True
algebraic_cubic_toy,0.02,3,3,0.952,0.004,0.052,1.008,True
algebraic_cubic_toy,0.02,3,4,0.911,0.004,0.035,0.951,True
algebraic_cubic_toy,0.02,3,5,0.993,0.006,0.039,1.038,True
algebraic_cubic_toy,0.02,3,6,0.953,0.003,0.037,0.993,True
algebraic_cubic_toy,0.02,3,7,0.834,0.004,0.034,0.873,True
algebraic_cubic_toy,0.02,3,8,0.914,0.002,0.043,0.959,True
algebraic_cubic_toy,0.02,3,9,0.928,0.002,0.027,0.958,True
algebraic_cubic_toy,0.02,3,10,0.908,0.002,0.039,0.95,True
algebraic_cubic_toy,0.02,3,11,1.05,0.005,0.025,1.08,True
algebraic_cubic_toy,0.02,3,12,0.897,0.006,0.029,0.932,True
algebraic_cubic_toy,0.02,3,13,0.873,0.002,0.027,0.903,True
algebraic_cubic_toy,0.02,3,14,0.866,0.003,0.027,0.897,True
algebraic_cubic_toy,0.02,3,15,0.906,0.008,0.023,0.938,True
algebraic_cubic_toy,0.02,3,16,0.918,0.005,0.037,0.96,True
algebraic_cubic_toy,0.02,3,17,0.865,0.004,0.03,0.899,True
algebraic_cubic_toy,0.02,3,18,0.887,0.004,0.02,0.911,True
algebraic_cubic_toy,0.02,3,19,0.82,0.003,0.031,0.854,True
algebraic_cubic_toy,0.02,3,20,0.912,0.004,0.038,0.955,True
algebraic_cubic_toy,0.02,3,21,0.911,0.004,0.039,0.954,True
algebraic_cubic_toy,0.02,3,22,0.98,0.005,0.045,1.03,True
algebraic_cubic_toy,0.02,3,23,0.865,0.004,0.038,0.906,True
algebraic_cubic_toy,0.02,3,24,0.906,0.003,0.032,0.941,True
algebraic_cubic_toy,0.02,3,25,0.927,0.005,0.039,0.971,True
algebraic_cubic_toy,0.02,3,26,0.938,0.006,0.033,0.977,True
algebraic_cubic_toy,0.02,3,27,0.895,0.007,0.03,0.932,True
algebraic_cubic_toy,0.02,3,28,0.828,0.006,0.04,0.875,True
algebraic_cubic_toy,0.02,3,29,0.857,0.007,0.036,0.899,True
algebraic_cubic_toy,0.05,3,0,0.408,0.004,0.031,0.443,False
algebraic_cubic_toy,0.05,3,1,0.364,0.004,0.035,0.404,False
algebraic_cubic_toy,0.05,3,2,1.07,0.005,0.047,1.122,False
algebraic_cubic_toy,0.05,3,3,0.371,0.007,0.039,0.416,False
algebraic_cubic_toy,0.05,3,4,0.433,0.005,0.043,0.481,False
algebraic_cubic_toy,0.05,3,5,0.33,0.003,0.022,0.355,False
algebraic_cubic_toy,0.05,3,6,0.326,0.003,0.04,0.369,False
algebraic_cubic_toy,0.05,3,7,0.357,0.005,0.023,0.385,False
algebraic_cubic_toy,0.05,3,8,0.938,0.004,0.053,0.995,False
algebraic_cubic_toy,0.05,3,9,0.37,0.004,0.028,0.402,False
algebraic_cubic_toy,0.05,3,10,0.351,0.007,0.035,0.392,False
algebraic_cubic_toy,0.05,3,11,0.338,0.007,0.035,0.379,False
algebraic_cubic_toy,0.05,3,12,0.352,0.008,0.024,0.384,False
algebraic_cubic_toy,0.05,3,13,0.355,0.008,0.031,0.393,False
algebraic_cubic_toy,0.05,3,14,0.332,0.004,0.045,0.382,False
algebraic_cubic_toy,0.05,3,15,0.347,0.006,0.035,0.388,False
algebraic_cubic_toy,0.05,3,16,0.4,0.004,0.042,0.447,False
algebraic_cubic_toy,0.05,3,17,0.348,0.005,0.039,0.393,False
algebraic_cubic_toy,0.05,3,18,0.344,0.004,0.038,0.386,False
algebraic_cubic_toy,0.05,3,19,0.349,0.005,0.034,0.387,False
algebraic_cubic_toy,0.05,3,20,0.34,0.004,0.035,0.379,False
algebraic_cubic_toy,0.05,3,21,0.35,0.004,0.042,0.397,False
algebraic_cubic_toy,0.05,3,22,0.338,0.007,0.034,0.378,False
algebraic_cubic_toy,0.05,3,23,0.335,0.004,0.031,0.37,False
algebraic_cubic_toy,0.05,3,24,0.341,0.007,0.035,0.384,False
algebraic_cubic_toy,0.05,3,25,0.364,0.005,0.038,0.407,False
algebraic_cubic_toy,0.05,3,26,0.373,0.005,0.033,0.411,False
algebraic_cubic_toy,0.05,3,27,0.357,0.005,0.043,0.404,False
algebraic_cubic_toy,0.05,3,28,0.319,0.003,0.035,0.358,False
algebraic_cubic_toy,0.05,3,29,0.311,0.006,0.034,0.351,False
polarization_correction,0.0,3,0,0.135,0.012,1.46,1.606,True
polarization_correction,0.0,3,1,0.055,0.027,1.66,1.741,True
polarization_correction,0.0,3,2,0.121,0.017,1.671,1.81,True
polarization_correction,0.0,3,3,0.12,0.015,1.555,1.691,True
polarization_correction,0.0,3,4,0.123,0.015,1.495,1.633,True
polarization_correction,0.0,3,5,0.113,0.011,1.636,1.759,True
polarization_correction,0.0,3,6,0.125,0.017,1.569,1.711,True
polarization_correction,0.0,3,7,0.123,0.015,1.672,1.81,True
polarization_correction,0.0,3,8,0.124,0.017,1.736,1.877,True
polarization_correction,0.0,3,9,0.121,0.016,1.811,1.948,True
polarization_correction,0.0,3,10,0.122,0.017,1.837,1.976,True
polarization_correction,0.0,3,11,0.12,0.016,1.858,1.993,True
polarization_correction,0.0,3,12,0.119,0.017,1.864,2.0,True
polarization_correction,0.0,3,13,0.128,0.017,1.803,1.948,True
polarization_correction,0.0,3,14,0.12,0.017,1.896,2.033,True
polarization_correction,0.0,3,15,0.12,0.017,1.69,1.826,True
polarization_correction,0.0,3,16,0.128,0.017,1.796,1.942,True
polarization_correction,0.0,3,17,0.119,0.017,1.781,1.918,True
polarization_correction,0.0,3,18,0.117,0.017,1.895,2.03,True
polarization_correction,0.0,3,19,0.122,0.017,1.907,2.046,True
polarization_correction,0.0,3,20,0.117,0.019,1.797,1.934,True
polarization_correction,0.0,3,21,0.121,0.018,1.651,1.79,True
polarization_correction,0.0,3,22,0.066,0.022,1.856,1.943,True
polarization_correction,0.0,3,23,0.122,0.018,1.856,1.996,True
polarization_correction,0.0,3,24,0.126,0.019,1.985,2.129,True
polarization_correction,0.0,3,25,0.122,0.018,1.93,2.07,True
polarization_correction,0.0,3,26,0.124,0.018,2.018,2.16,True
polarization_correction,0.0,3,27,0.127,0.019,2.203,2.349,True
polarization_correction,0.0,3,28,0.121,0.018,1.961,2.099,True
polarization_correction,0.0,3,29,0.125,0.018,1.866,2.009,True
polarization_correction,0.02,3,0,4.107,0.029,1.634,5.771,False
polarization_correction,0.02,3,1,4.3,0.024,1.526,5.85,False
polarization_correction,0.02,3,2,3.934,0.032,1.572,5.538,False
polarization_correction,0.02,3,3,4.321,0.024,1.472,5.817,False
polarization_correction,0.02,3,4,3.829,0.029,1.949,5.808,False
polarization_correction,0.02,3,5,3.059,0.031,1.912,5.002,False
polarization_correction,0.02,3,6,4.066,0.035,1.928,6.03,False
polarization_correction,0.02,3,7,3.954,0.029,1.992,5.974,False
polarization_correction,0.02,3,8,4.041,0.026,1.951,6.018,False
polarization_correction,0.02,3,9,3.879,0.038,1.929,5.847,False
polarization_correction,0.02,3,10,3.961,0.028,2.814,6.803,False
polarization_correction,0.02,3,11,3.992,0.023,2.041,6.057,False
polarization_correction,0.02,3,12,4.046,0.031,2.047,6.123,False
polarization_correction,0.02,3,13,3.966,0.029,1.874,5.869,False
polarization_correction,0.02,3,14,4.431,0.025,1.869,6.325,False
polarization_correction,0.02,3,15,4.468,0.03,1.896,6.394,False
polarization_correction,0.02,3,16,3.785,0.024,1.752,5.561,False
polarization_correction,0.02,3,17,4.259,0.03,2.102,6.391,False
polarization_correction,0.02,3,18,4.152,0.024,1.924,6.1,False
polarization_correction,0.02,3,19,4.293,0.024,1.673,5.99,False
polarization_correction,0.02,3,20,4.057,0.051,2.132,6.24,False
polarization_correction,0.02,3,21,3.617,0.037,1.982,5.636,False
polarization_correction,0.02,3,22,3.663,0.029,1.739,5.431,False
polarization_correction,0.02,3,23,4.418,0.026,1.939,6.384,False
polarization_correction,0.02,3,24,3.794,0.03,1.907,5.731,False
polarization_correction,0.02,3,25,4.445,0.06,2.008,6.514,False
polarization_correction,0.02,3,26,3.793,0.053,1.762,5.608,False
polarization_correction,0.02,3,27,3.698,0.027,1.785,5.51,False
polarization_correction,0.02,3,28,4.259,0.034,1.683,5.976,False
polarization_correction,0.02,3,29,4.153,0.037,2.053,6.243,False
polarization_correction,0.05,3,0,2.912,0.052,1.955,4.919,False
polarization_correction,0.05,3,1,2.769,0.024,2.041,4.834,False
polarization_correction,0.05,3,2,2.532,0.035,2.049,4.615,False
polarization_correction,0.05,3,3,2.715,0.023,1.87,4.607,False
polarization_correction,0.05,3,4,2.801,0.036,1.958,4.796,False
polarization_correction,0.05,3,5,2.742,0.026,2.005,4.773,False
polarization_correction,0.05,3,6,2.596,0.033,1.955,4.584,False
polarization_correction,0.05,3,7,2.618,0.038,1.83,4.485,False
polarization_correction,0.05,3,8,2.523,0.021,1.873,4.417,False
polarization_correction,0.05,3,9,2.701,0.022,1.788,4.511,False
polarization_correction,0.05,3,10,2.615,0.025,2.024,4.665,False
polarization_correction,0.05,3,11,2.564,0.023,1.768,4.354,False
polarization_correction,0.05,3,12,2.649,0.03,2.008,4.687,False
polarization_correction,0.05,3,13,2.536,0.027,2.542,5.105,False
polarization_correction,0.05,3,14,2.633,0.027,1.797,4.456,False
polarization_correction,0.05,3,15,2.306,0.06,2.025,4.391,False
polarization_correction,0.05,3,16,2.757,0.022,1.737,4.516,False
polarization_correction,0.05,3,17,2.751,0.03,2.068,4.848,False
polarization_correction,0.05,3,18,2.559,0.048,1.91,4.517,False
polarization_correction,0.05,3,19,2.587,0.031,2.005,4.624,False
polarization_correction,0.05,3,20,2.597,0.032,1.948,4.577,False
polarization_correction,0.05,3,21,2.464,0.023,1.873,4.361,False
polarization_correction,0.05,3,22,2.607,0.024,1.79,4.421,False
polarization_correction,0.05,3,23,2.774,0.074,2.497,5.345,False
polarization_correction,0.05,3,24,2.514,0.036,1.819,4.369,False
polarization_correction,0.05,3,25,2.628,0.025,1.876,4.529,False
polarization_correction,0.05,3,26,2.713,0.023,2.016,4.752,False
polarization_correction,0.05,3,27,2.649,0.027,2.048,4.724,False
polarization_correction,0.05,3,28,2.807,0.05,2.035,4.892,False
polarization_correction,0.05,3,29,2.579,0.022,2.16,4.761,False
I.43.31,0.0,3,0,0.041,0.022,0.715,0.778,True
I.43.31,0.0,3,1,0.122,0.014,0.725,0.861,True
I.43.31,0.0,3,2,0.116,0.012,0.713,0.841,True
I.43.31,0.0,3,3,0.113,0.01,0.709,0.831,True
I.43.31,0.0,3,4,0.113,0.01,0.73,0.854,True
I.43.31,0.0,3,5,0.111,0.01,0.682,0.803,True
I.43.31,0.0,3,6,0.056,0.039,0.708,0.803,True
I.43.31,0.0,3,7,0.133,0.01,0.67,0.812,True
I.43.31,0.0,3,8,0.129,0.01,0.671,0.811,True
I.43.31,0.0,3,9,0.111,0.007,0.699,0.817,True
I.43.31,0.0,3,10,0.114,0.007,0.712,0.834,True
I.43.31,0.0,3,11,0.116,0.007,0.701,0.824,True
I.43.31,0.0,3,12,0.116,0.01,0.644,0.77,True
I.43.31,0.0,3,13,0.117,0.01,0.741,0.867,True
I.43.31,0.0,3,14,0.115,0.01,0.688,0.813,True
I.43.31,0.0,3,15,0.122,0.01,0.701,0.833,True
I.43.31,0.0,3,16,0.138,0.01,0.681,0.829,True
I.43.31,0.0,3,17,0.118,0.01,0.706,0.834,True
I.43.31,0.0,3,18,0.118,0.01,0.715,0.843,True
I.43.31,0.0,3,19,0.132,0.01,0.717,0.86,True
I.43.31,0.0,3,20,0.112,0.008,0.701,0.82,True
I.43.31,0.0,3,21,0.119,0.01,0.623,0.752,True
I.43.31,0.0,3,22,0.118,0.007,0.706,0.831,True
I.43.31,0.0,3,23,0.12,0.008,0.687,0.815,True
I.43.31,0.0,3,24,0.115,0.007,0.698,0.821,True
I.43.31,0.0,3,25,0.129,0.01,0.662,0.802,True
I.43.31,0.0,3,26,0.116,0.008,0.714,0.838,True
I.43.31,0.0,3,27,0.114,0.01,0.675,0.798,True
I.43.31,0.0,3,28,0.112,0.008,0.675,0.795,True
I.43.31,0.0,3,29,0.141,0.01,0.68,0.831,True
I.43.31,0.02,3,0,1.375,1.144,0.594,3.113,False
I.43.31,0.02,3,1,1.221,1.034,0.705,2.96,False
I.43.31,0.02,3,2,1.652,1.044,0.683,3.379,False
I.43.31,0.02,3,3,1.624,1.065,0.613,3.302,False
I.43.31,0.02,3,4,1.256,0.902,0.642,2.799,False
I.43.31,0.02,3,5,1.167,0.958,0.67,2.795,False
I.43.31,0.02,3,6,1.418,1.08,0.617,3.115,False
I.43.31,0.02,3,7,1.423,0.818,0.652,2.892,False
I.43.31,0.02,3,8,1.557,0.907,0.669,3.134,False
I.43.31,0.02,3,9,0.983,0.864,0.686,2.533,False
I.43.31,0.02,3,10,1.194,0.997,0.63,2.822,False
I.43.31,0.02,3,11,0.968,1.142,0.672,2.782,False
I.43.31,0.02,3,12,1.09,1.05,0.665,2.805,False
I.43.31,0.02,3,13,1.135,0.936,0.673,2.744,False
I.43.31,0.02,3,14,1.346,1.127,0.672,3.146,False
I.43.31,0.02,3,15,1.074,1.104,0.699,2.877,False
I.43.31,0.02,3,16,1.102,0.887,0.652,2.641,False
I.43.31,0.02,3,17,0.978,0.849,0.604,2.431,False
I.43.31,0.02,3,18,1.261,1.066,0.652,2.98,False
I.43.31,0.02,3,19,1.429,1.069,0.662,3.16,False
I.43.31,0.02,3,20,1.237,0.947,0.674,2.858,False
I.43.31,0.02,3,21,1.542,1.086,0.62,3.248,False
I.43.31,0.02,3,22,1.613,0.884,0.64,3.137,False
I.43.31,0.02,3,23,1.195,0.938,0.676,2.809,False
I.43.31,0.02,3,24,1.343,1.136,0.662,3.141,False
I.43.31,0.02,3,25,1.039,0.882,0.665,2.585,False
I.43.31,0.02,3,26,1.184,1.034,0.677,2.894,False
I.43.31,0.02,3,27,1.502,1.114,0.655,3.271,False
I.43.31,0.02,3,28,1.637,1.111,0.669,3.417,False
I.43.31,0.02,3,29,1.119,1.14,0.63,2.889,False
I.43.31,0.05,3,0,1.036,1.071,0.678,2.785,False
I.43.31,0.05,3,1,0.772,1.159,0.654,2.585,False
I.43.31,0.05,3,2,0.896,0.957,0.741,2.594,False
I.43.31,0.05,3,3,0.979,1.089,0.615,2.684,False
I.43.31,0.05,3,4,1.016,0.958,0.638,2.612,False
I.43.31,0.05,3,5,0.854,0.685,0.636,2.175,False
I.43.31,0.05,3,6,0.96,0.938,0.642,2.54,False
I.43.31,0.05,3,7,0.883,1.116,0.643,2.642,False
I.43.31,0.05,3,8,0.889,0.917,0.639,2.445,False
I.43.31,0.05,3,9,0.986,1.12,0.633,2.74,False
I.43.31,0.05,3,10,0.996,0.976,0.635,2.606,False
I.43.31,0.05,3,11,0.941,0.877,0.656,2.474,False
I.43.31,0.05,3,12,0.922,0.878,0.641,2.441,False
I.43.31,0.05,3,13,1.056,0.948,0.668,2.672,False
I.43.31,0.05,3,14,0.917,0.892,0.656,2.465,False
I.43.31,0.05,3,15,0.917,1.135,0.642,2.693,False
I.43.31,0.05,3,16,0.967,0.881,0.668,2.517,False
I.43.31,0.05,3,17,0.923,1.05,0.637,2.61,False
I.43.31,0.05,3,18,0.929,1.16,0.625,2.713,False
I.43.31,0.05,3,19,0.824,1.138,0.625,2.587,False
I.43.31,0.05,3,20,0.923,0.941,0.75,2.615,False
I.43.31,0.05,3,21,0.956,0.803,0.689,2.448,False
I.43.31,0.05,3,22,0.82,0.966,0.632,2.418,False
I.43.31,0.05,3,23,0.892,0.991,0.649,2.532,False
I.43.31,0.05,3,24,0.964,0.755,0.657,2.376,False
I.43.31,0.05,3,25,1.017,0.881,0.655,2.554,False
I.43.31,0.05,3,26,0.92,1.027,0.615,2.562,False
I.43.31,0.05,3,27,1.015,1.085,0.622,2.722,False
I.43.31,0.05,3,28,1.026,0.889,0.676,2.591,False
I.43.31,0.05,3,29,0.966,1.137,0.66,2.763,False
