name,sigma,seed,degree,srgb_exact,srgb_red,null_exact,null_red,sindy_st_exact,sindy_st_red,runtime,note
I.8.14,0.0,0,2,True,1,True,1,True,15,1.585,
I.8.14,0.0,1,2,True,1,True,1,True,15,1.238,
I.8.14,0.0,2,2,True,1,True,1,True,15,1.684,
I.8.14,0.0,3,2,True,1,True,1,True,15,1.747,
I.8.14,0.0,4,2,True,1,True,1,True,15,1.451,
I.8.14,0.0,5,2,True,1,True,1,True,15,1.389,
I.8.14,0.0,6,2,True,1,True,1,True,15,1.472,
I.8.14,0.0,7,2,True,1,True,1,True,15,1.251,
I.8.14,0.0,8,2,True,1,True,1,True,15,1.343,
I.8.14,0.0,9,2,True,1,True,1,True,15,1.676,
I.8.14,0.0,10,2,True,1,True,1,True,15,1.505,
I.8.14,0.0,11,2,True,1,True,1,True,15,1.409,
I.8.14,0.0,12,2,True,1,True,1,True,15,1.486,
I.8.14,0.0,13,2,True,1,True,1,True,15,1.506,
I.8.14,0.0,14,2,True,1,True,1,True,15,2.127,
I.8.14,0.0,15,2,True,1,True,1,True,15,1.316,
I.8.14,0.0,16,2,True,1,True,1,True,15,2.116,
I.8.14,0.0,17,2,True,1,True,1,True,15,1.262,
I.8.14,0.0,18,2,True,1,True,1,True,15,1.248,
I.8.14,0.0,19,2,True,1,True,1,True,15,45.462,
I.8.14,0.0,20,2,True,1,True,1,True,15,1.467,
I.8.14,0.0,21,2,True,1,True,1,True,15,1.673,
I.8.14,0.0,22,2,True,1,True,1,True,15,1.602,
I.8.14,0.0,23,2,True,1,True,1,True,15,1.479,
I.8.14,0.0,24,2,True,1,True,1,True,15,1.871,
I.8.14,0.0,25,2,True,1,True,1,True,15,1.83,
I.8.14,0.0,26,2,True,1,True,1,True,15,1.335,
I.8.14,0.0,27,2,True,1,True,1,True,15,1.742,
I.8.14,0.0,28,2,True,1,True,1,True,15,0.971,
I.8.14,0.0,29,2,True,1,True,1,True,15,1.272,
I.8.14,0.02,0,2,True,1,True,1,True,16,3.278,
I.8.14,0.02,1,2,True,1,True,1,True,16,3.009,
I.8.14,0.02,2,2,True,1,True,1,True,16,2.713,
I.8.14,0.02,3,2,True,1,True,1,True,16,2.747,
I.8.14,0.02,4,2,True,1,True,1,True,16,2.59,
I.8.14,0.02,5,2,True,1,True,1,True,16,2.316,
I.8.14,0.02,6,2,True,1,False,1,True,16,3.202,
I.8.14,0.02,7,2,True,1,True,1,True,16,2.109,
I.8.14,0.02,8,2,True,1,False,1,True,16,2.526,
I.8.14,0.02,9,2,True,1,False,1,True,16,3.161,
I.8.14,0.02,10,2,True,1,False,1,True,16,2.754,
I.8.14,0.02,11,2,True,1,True,1,True,16,2.414,
I.8.14,0.02,12,2,True,1,True,1,True,16,1.973,
I.8.14,0.02,13,2,True,1,False,1,True,16,2.77,
I.8.14,0.02,14,2,True,1,True,1,True,16,2.873,
I.8.14,0.02,15,2,True,1,True,1,True,16,2.557,
I.8.14,0.02,16,2,True,1,True,1,True,16,2.614,
I.8.14,0.02,17,2,True,1,True,1,True,16,2.994,
I.8.14,0.02,18,2,True,1,True,1,True,16,2.358,
I.8.14,0.02,19,2,True,1,True,1,True,16,2.717,
I.8.14,0.02,20,2,True,1,True,1,True,16,2.115,
I.8.14,0.02,21,2,True,1,True,1,True,16,3.05,
I.8.14,0.02,22,2,True,1,True,1,True,16,2.299,
I.8.14,0.02,23,2,True,1,True,1,True,16,3.171,
I.8.14,0.02,24,2,True,1,True,1,True,16,2.319,
I.8.14,0.02,25,2,True,1,False,1,True,16,2.886,
I.8.14,0.02,26,2,True,1,False,1,True,16,2.15,
I.8.14,0.02,27,2,True,1,True,1,True,16,2.766,
I.8.14,0.02,28,2,True,1,False,1,True,16,2.786,
I.8.14,0.02,29,2,True,1,False,1,True,16,2.472,
I.8.14,0.05,0,2,True,1,False,1,True,20,3.305,
I.8.14,0.05,1,2,True,1,False,1,True,20,2.988,
I.8.14,0.05,2,2,True,1,False,0,True,20,4.611,
I.8.14,0.05,3,2,True,1,False,0,False,20,5.259,
I.8.14,0.05,4,2,True,1,False,0,True,21,3.201,
I.8.14,0.05,5,2,True,1,False,0,False,21,4.848,
I.8.14,0.05,6,2,True,1,False,1,True,21,4.517,
I.8.14,0.05,7,2,True,1,False,1,False,20,4.465,
I.8.14,0.05,8,2,True,1,False,1,True,20,3.086,
I.8.14,0.05,9,2,True,1,False,1,True,20,3.061,
I.8.14,0.05,10,2,True,1,False,0,True,20,3.841,
I.8.14,0.05,11,2,True,1,False,1,False,21,4.27,
I.8.14,0.05,12,2,True,1,False,1,True,20,3.582,
I.8.14,0.05,13,2,True,1,False,1,False,21,5.186,
I.8.14,0.05,14,2,True,1,False,1,False,19,4.678,
I.8.14,0.05,15,2,True,1,False,0,False,20,4.645,
I.8.14,0.05,16,2,True,1,False,0,False,19,4.663,
I.8.14,0.05,17,2,True,1,False,0,True,20,3.049,
I.8.14,0.05,18,2,True,1,False,0,True,19,3.52,
I.8.14,0.05,19,2,True,1,False,1,False,19,4.982,
I.8.14,0.05,20,2,True,1,False,1,False,19,5.043,
I.8.14,0.05,21,2,True,1,False,1,False,21,5.127,
I.8.14,0.05,22,2,True,1,False,1,True,21,3.262,
I.8.14,0.05,23,2,True,1,False,1,True,20,5.159,
I.8.14,0.05,24,2,True,1,False,1,True,19,4.663,
I.8.14,0.05,25,2,True,1,False,0,True,19,5.377,
I.8.14,0.05,26,2,True,1,False,1,True,21,3.207,
I.8.14,0.05,27,2,True,1,False,1,False,20,5.417,
I.8.14,0.05,28,2,True,1,False,0,False,20,5.669,
I.8.14,0.05,29,2,True,1,False,1,False,20,6.018,
circle_locus,0.0,0,2,True,1,True,1,True,6,0.415,
circle_locus,0.0,1,2,True,1,True,1,True,7,0.316,
circle_locus,0.0,2,2,True,1,True,1,True,7,0.315,
circle_locus,0.0,3,2,True,1,True,1,True,8,0.329,
circle_locus,0.0,4,2,True,1,True,1,True,6,0.291,
circle_locus,0.0,5,2,True,1,True,1,True,7,0.345,
circle_locus,0.0,6,2,True,1,True,1,True,8,0.319,
circle_locus,0.0,7,2,True,1,True,1,True,7,0.298,
circle_locus,0.0,8,2,True,1,True,1,True,8,0.31,
circle_locus,0.0,9,2,True,1,True,1,True,6,0.38,
circle_locus,0.0,10,2,True,1,True,1,True,7,0.415,
circle_locus,0.0,11,2,True,1,True,1,True,7,0.375,
circle_locus,0.0,12,2,True,1,True,1,True,7,0.37,
circle_locus,0.0,13,2,True,1,True,1,True,8,0.435,
circle_locus,0.0,14,2,True,1,True,1,True,7,0.416,
circle_locus,0.0,15,2,True,1,True,1,True,7,0.378,
circle_locus,0.0,16,2,True,1,True,1,True,6,0.354,
circle_locus,0.0,17,2,True,1,True,1,True,8,0.338,
circle_locus,0.0,18,2,True,1,True,1,True,8,0.385,
circle_locus,0.0,19,2,True,1,True,1,True,6,0.344,
circle_locus,0.0,20,2,True,1,True,1,True,7,0.324,
circle_locus,0.0,21,2,True,1,True,1,True,8,0.281,
circle_locus,0.0,22,2,True,1,True,1,True,6,0.311,
circle_locus,0.0,23,2,True,1,True,1,True,7,0.341,
circle_locus,0.0,24,2,True,1,True,1,True,7,0.288,
circle_locus,0.0,25,2,True,1,True,1,True,7,0.314,
circle_locus,0.0,26,2,True,1,True,1,True,7,0.356,
circle_locus,0.0,27,2,True,1,True,1,True,8,0.39,
circle_locus,0.0,28,2,True,1,True,1,True,7,0.356,
circle_locus,0.0,29,2,True,1,True,1,True,8,0.385,
circle_locus,0.02,0,2,True,1,False,1,True,9,0.6,
circle_locus,0.02,1,2,True,1,False,1,True,8,0.669,
circle_locus,0.02,2,2,True,1,False,1,True,8,0.684,
circle_locus,0.02,3,2,True,1,False,1,True,9,0.398,
circle_locus,0.02,4,2,True,1,False,1,True,8,0.309,
circle_locus,0.02,5,2,True,1,False,1,True,9,0.858,
circle_locus,0.02,6,2,True,1,False,1,True,9,0.525,
circle_locus,0.02,7,2,True,1,False,1,True,9,0.749,
circle_locus,0.02,8,2,True,1,False,1,True,9,0.681,
circle_locus,0.02,9,2,True,1,False,1,True,8,0.693,
circle_locus,0.02,10,2,True,1,False,1,True,9,0.453,
circle_locus,0.02,11,2,True,1,False,1,True,9,0.351,
circle_locus,0.02,12,2,True,1,False,1,True,8,0.522,
circle_locus,0.02,13,2,True,1,False,1,True,9,0.58,
circle_locus,0.02,14,2,True,1,False,1,True,8,0.605,
circle_locus,0.02,15,2,True,1,False,1,True,9,0.627,
circle_locus,0.02,16,2,True,1,False,1,True,9,0.677,
circle_locus,0.02,17,2,True,1,False,1,True,8,0.571,
circle_locus,0.02,18,2,True,1,False,1,True,9,0.765,
circle_locus,0.02,19,2,True,1,False,1,True,8,0.567,
circle_locus,0.02,20,2,True,1,False,1,True,9,0.629,
circle_locus,0.02,21,2,True,1,False,1,True,8,0.476,
circle_locus,0.02,22,2,True,1,False,1,True,9,0.52,
circle_locus,0.02,23,2,True,1,False,1,True,9,0.683,
circle_locus,0.02,24,2,True,1,False,1,True,9,0.726,
circle_locus,0.02,25,2,True,1,False,1,True,9,0.626,
circle_locus,0.02,26,2,True,1,False,1,True,9,0.477,
circle_locus,0.02,27,2,True,1,False,1,True,9,0.655,
circle_locus,0.02,28,2,True,1,False,1,True,9,0.438,
circle_locus,0.02,29,2,True,1,False,1,True,9,0.362,
circle_locus,0.05,0,2,True,1,False,0,False,8,1.145,
circle_locus,0.05,1,2,True,1,False,0,True,9,0.647,
circle_locus,0.05,2,2,True,1,False,0,True,9,0.847,
circle_locus,0.05,3,2,True,1,False,0,True,8,0.661,
circle_locus,0.05,4,2,True,1,False,0,True,9,0.672,
circle_locus,0.05,5,2,True,1,False,0,False,10,1.096,
circle_locus,0.05,6,2,True,1,False,0,True,9,0.533,
circle_locus,0.05,7,2,True,1,False,0,True,9,0.93,
circle_locus,0.05,8,2,True,1,False,0,True,10,0.978,
circle_locus,0.05,9,2,True,1,False,2,False,9,1.238,
circle_locus,0.05,10,2,True,1,False,0,False,10,1.325,
circle_locus,0.05,11,2,True,1,False,0,True,9,0.863,
circle_locus,0.05,12,2,True,1,False,0,True,7,0.663,
circle_locus,0.05,13,2,True,1,False,0,True,10,0.833,
circle_locus,0.05,14,2,True,1,False,0,True,9,0.816,
circle_locus,0.05,15,2,True,1,False,0,True,9,0.865,
circle_locus,0.05,16,2,True,1,False,0,True,9,1.021,
circle_locus,0.05,17,2,True,1,False,0,True,9,0.921,
circle_locus,0.05,18,2,True,1,False,0,True,9,1.075,
circle_locus,0.05,19,2,True,1,False,1,True,8,0.675,
circle_locus,0.05,20,2,True,1,False,0,False,8,0.803,
circle_locus,0.05,21,2,True,1,False,0,True,8,0.664,
circle_locus,0.05,22,2,True,1,False,0,True,7,0.587,
circle_locus,0.05,23,2,True,1,False,0,True,9,1.246,
circle_locus,0.05,24,2,True,1,False,0,True,9,0.988,
circle_locus,0.05,25,2,True,1,False,0,False,10,1.346,
circle_locus,0.05,26,2,True,1,False,0,True,9,0.561,
circle_locus,0.05,27,2,True,1,False,0,True,10,0.749,
circle_locus,0.05,28,2,True,1,False,0,True,9,0.684,
circle_locus,0.05,29,2,True,1,False,0,False,10,0.777,
newtons_second_law,0.0,0,2,True,1,True,1,True,9,0.184,
newtons_second_law,0.0,1,2,True,1,True,1,True,9,0.132,
newtons_second_law,0.0,2,2,True,1,True,1,True,9,0.141,
newtons_second_law,0.0,3,2,True,1,True,1,True,9,0.144,
newtons_second_law,0.0,4,2,True,1,True,1,True,9,0.113,
newtons_second_law,0.0,5,2,True,1,True,1,True,9,0.122,
newtons_second_law,0.0,6,2,True,1,True,1,True,9,0.194,
newtons_second_law,0.0,7,2,True,1,True,1,True,9,0.164,
newtons_second_law,0.0,8,2,True,1,True,1,True,9,0.147,
newtons_second_law,0.0,9,2,True,1,True,1,True,9,0.134,
newtons_second_law,0.0,10,2,True,1,True,1,True,9,0.121,
newtons_second_law,0.0,11,2,True,1,True,1,True,9,0.123,
newtons_second_law,0.0,12,2,True,1,True,1,True,9,0.153,
newtons_second_law,0.0,13,2,True,1,True,1,True,9,0.141,
newtons_second_law,0.0,14,2,True,1,True,1,True,9,0.154,
newtons_second_law,0.0,15,2,True,1,True,1,True,9,0.171,
newtons_second_law,0.0,16,2,True,1,True,1,True,9,0.204,
newtons_second_law,0.0,17,2,True,1,True,1,True,9,0.184,
newtons_second_law,0.0,18,2,True,1,True,1,True,9,0.173,
newtons_second_law,0.0,19,2,True,1,True,1,True,9,0.359,
newtons_second_law,0.0,20,2,True,1,True,1,True,9,0.148,
newtons_second_law,0.0,21,2,True,1,True,1,True,9,0.164,
newtons_second_law,0.0,22,2,True,1,True,1,True,9,0.176,
newtons_second_law,0.0,23,2,True,1,True,1,True,9,0.202,
newtons_second_law,0.0,24,2,True,1,True,1,True,9,0.166,
newtons_second_law,0.0,25,2,True,1,True,1,True,9,0.16,
newtons_second_law,0.0,26,2,True,1,True,1,True,9,0.166,
newtons_second_law,0.0,27,2,True,1,True,1,True,9,0.167,
newtons_second_law,0.0,28,2,True,1,True,1,True,9,0.196,
newtons_second_law,0.0,29,2,True,1,True,1,True,9,0.179,
newtons_second_law,0.02,0,2,True,1,True,1,True,9,0.179,
newtons_second_law,0.02,1,2,True,1,True,1,True,9,0.173,
newtons_second_law,0.02,2,2,True,1,True,1,True,9,0.15,
newtons_second_law,0.02,3,2,True,1,True,1,True,9,0.147,
newtons_second_law,0.02,4,2,True,1,True,1,True,9,0.142,
newtons_second_law,0.02,5,2,True,1,True,1,True,9,0.159,
newtons_second_law,0.02,6,2,True,1,True,1,True,9,0.158,
newtons_second_law,0.02,7,2,True,1,True,1,True,9,0.143,
newtons_second_law,0.02,8,2,True,1,True,1,True,9,0.139,
newtons_second_law,0.02,9,2,True,1,True,1,True,9,0.168,
newtons_second_law,0.02,10,2,True,1,True,1,True,9,0.134,
newtons_second_law,0.02,11,2,True,1,True,1,True,9,0.124,
newtons_second_law,0.02,12,2,True,1,True,1,True,9,0.135,
newtons_second_law,0.02,13,2,True,1,True,1,True,9,0.099,
newtons_second_law,0.02,14,2,True,1,True,1,True,9,0.107,
newtons_second_law,0.02,15,2,True,1,True,1,True,9,0.123,
newtons_second_law,0.02,16,2,True,1,True,1,True,9,0.168,
newtons_second_law,0.02,17,2,True,1,True,1,True,9,0.143,
newtons_second_law,0.02,18,2,True,1,True,1,True,9,0.154,
newtons_second_law,0.02,19,2,True,1,True,1,True,9,0.146,
newtons_second_law,0.02,20,2,True,1,True,1,True,9,0.129,
newtons_second_law,0.02,21,2,True,1,True,1,True,9,0.158,
newtons_second_law,0.02,22,2,True,1,True,1,True,9,0.147,
newtons_second_law,0.02,23,2,True,1,True,1,True,9,0.186,
newtons_second_law,0.02,24,2,True,1,True,1,True,9,0.176,
newtons_second_law,0.02,25,2,True,1,True,1,True,9,0.169,
newtons_second_law,0.02,26,2,True,1,True,1,True,9,0.148,
newtons_second_law,0.02,27,2,True,1,True,1,True,9,0.172,
newtons_second_law,0.02,28,2,True,1,True,1,True,9,0.186,
newtons_second_law,0.02,29,2,True,1,True,1,True,9,0.176,
newtons_second_law,0.05,0,2,True,1,False,0,True,8,0.295,
newtons_second_law,0.05,1,2,True,1,True,1,True,8,0.273,
newtons_second_law,0.05,2,2,True,1,True,1,True,9,0.271,
newtons_second_law,0.05,3,2,True,1,True,1,True,9,0.273,
newtons_second_law,0.05,4,2,True,1,True,1,True,9,0.347,
newtons_second_law,0.05,5,2,True,1,True,1,True,9,0.306,
newtons_second_law,0.05,6,2,True,1,True,1,True,9,0.282,
newtons_second_law,0.05,7,2,True,1,True,2,True,8,0.275,
newtons_second_law,0.05,8,2,True,1,False,0,True,9,0.305,
newtons_second_law,0.05,9,2,True,1,True,1,True,8,0.285,
newtons_second_law,0.05,10,2,True,1,True,1,True,9,0.247,
newtons_second_law,0.05,11,2,True,1,True,1,True,9,0.247,
newtons_second_law,0.05,12,2,True,1,True,1,True,9,0.228,
newtons_second_law,0.05,13,2,True,1,True,3,True,9,0.35,
newtons_second_law,0.05,14,2,True,1,True,1,True,9,0.308,
newtons_second_law,0.05,15,2,True,1,True,1,True,9,0.296,
newtons_second_law,0.05,16,2,True,1,True,1,True,9,0.304,
newtons_second_law,0.05,17,2,True,1,True,2,True,9,0.252,
newtons_second_law,0.05,18,2,True,1,False,0,True,9,0.251,
newtons_second_law,0.05,19,2,True,1,True,2,True,7,0.259,
newtons_second_law,0.05,20,2,True,1,True,1,True,9,0.22,
newtons_second_law,0.05,21,2,True,1,True,1,True,9,0.272,
newtons_second_law,0.05,22,2,True,1,False,0,True,9,0.209,
newtons_second_law,0.05,23,2,True,1,True,1,True,9,0.226,
newtons_second_law,0.05,24,2,True,1,True,1,True,9,0.281,
newtons_second_law,0.05,25,2,True,1,True,2,True,9,0.213,
newtons_second_law,0.05,26,2,True,1,True,1,True,8,0.188,
newtons_second_law,0.05,27,2,True,1,True,2,True,9,0.218,
newtons_second_law,0.05,28,2,True,1,False,0,True,9,0.23,
newtons_second_law,0.05,29,2,True,1,True,1,True,9,0.285,
momentum_conservation_1d,0.0,0,2,True,1,True,1,True,19,1.088,
momentum_conservation_1d,0.0,1,2,True,1,True,1,True,19,0.88,
momentum_conservation_1d,0.0,2,2,True,1,True,1,True,19,0.91,
momentum_conservation_1d,0.0,3,2,True,1,True,1,True,19,1.012,
momentum_conservation_1d,0.0,4,2,True,1,True,1,True,19,0.801,
momentum_conservation_1d,0.0,5,2,True,1,True,1,True,19,0.671,
momentum_conservation_1d,0.0,6,2,True,1,True,1,True,19,0.991,
momentum_conservation_1d,0.0,7,2,True,1,True,1,True,19,1.48,
momentum_conservation_1d,0.0,8,2,True,1,True,1,True,19,0.957,
momentum_conservation_1d,0.0,9,2,True,1,True,1,True,19,0.723,
momentum_conservation_1d,0.0,10,2,True,1,True,1,True,19,0.824,
momentum_conservation_1d,0.0,11,2,True,1,True,1,True,19,0.812,
momentum_conservation_1d,0.0,12,2,True,1,True,1,True,19,0.771,
momentum_conservation_1d,0.0,13,2,True,1,True,1,True,19,0.87,
momentum_conservation_1d,0.0,14,2,True,1,True,1,True,19,0.717,
momentum_conservation_1d,0.0,15,2,True,1,True,1,True,19,0.933,
momentum_conservation_1d,0.0,16,2,True,1,True,1,True,19,1.028,
momentum_conservation_1d,0.0,17,2,True,1,True,1,True,19,0.824,
momentum_conservation_1d,0.0,18,2,True,1,True,1,True,19,0.763,
momentum_conservation_1d,0.0,19,2,True,1,True,1,True,19,0.906,
momentum_conservation_1d,0.0,20,2,True,1,True,1,True,19,0.904,
momentum_conservation_1d,0.0,21,2,True,1,True,1,True,19,0.909,
momentum_conservation_1d,0.0,22,2,True,1,True,1,True,19,0.666,
momentum_conservation_1d,0.0,23,2,True,1,True,1,True,19,1.048,
momentum_conservation_1d,0.0,24,2,True,1,True,1,True,19,1.036,
momentum_conservation_1d,0.0,25,2,True,1,True,1,True,19,0.931,
momentum_conservation_1d,0.0,26,2,True,1,True,1,True,19,0.735,
momentum_conservation_1d,0.0,27,2,True,1,True,1,True,19,0.907,
momentum_conservation_1d,0.0,28,2,True,1,True,1,True,19,0.678,
momentum_conservation_1d,0.0,29,2,True,1,True,1,True,19,0.938,
momentum_conservation_1d,0.02,0,2,True,1,False,1,False,21,2.933,
momentum_conservation_1d,0.02,1,2,True,1,False,1,False,21,3.117,
momentum_conservation_1d,0.02,2,2,True,1,False,1,False,21,3.16,
momentum_conservation_1d,0.02,3,2,True,1,True,1,False,21,2.745,
momentum_conservation_1d,0.02,4,2,True,1,False,1,False,21,2.955,
momentum_conservation_1d,0.02,5,2,True,1,False,1,False,21,2.878,
momentum_conservation_1d,0.02,6,2,True,1,False,0,False,21,2.939,
momentum_conservation_1d,0.02,7,2,True,1,True,1,False,21,2.831,
momentum_conservation_1d,0.02,8,2,True,1,True,1,False,21,3.027,
momentum_conservation_1d,0.02,9,2,True,1,False,1,False,21,3.038,
momentum_conservation_1d,0.02,10,2,True,1,True,1,False,21,3.011,
momentum_conservation_1d,0.02,11,2,True,1,False,1,False,21,3.784,
momentum_conservation_1d,0.02,12,2,True,1,False,0,False,21,2.543,
momentum_conservation_1d,0.02,13,2,True,1,False,1,False,21,3.368,
momentum_conservation_1d,0.02,14,2,True,1,True,1,False,21,3.014,
momentum_conservation_1d,0.02,15,2,True,1,False,1,False,21,3.169,
momentum_conservation_1d,0.02,16,2,True,1,True,1,False,21,2.803,
momentum_conservation_1d,0.02,17,2,True,1,True,1,False,21,2.527,
momentum_conservation_1d,0.02,18,2,True,1,True,1,False,21,2.91,
momentum_conservation_1d,0.02,19,2,True,1,True,1,False,21,3.039,
momentum_conservation_1d,0.02,20,2,True,1,False,1,False,21,3.631,
momentum_conservation_1d,0.02,21,2,True,1,False,1,False,21,3.011,
momentum_conservation_1d,0.02,22,2,True,1,False,1,False,21,2.629,
momentum_conservation_1d,0.02,23,2,True,1,False,1,False,21,3.058,
momentum_conservation_1d,0.02,24,2,True,1,False,1,False,21,3.767,
momentum_conservation_1d,0.02,25,2,True,1,False,1,False,21,2.627,
momentum_conservation_1d,0.02,26,2,True,1,False,1,False,21,2.776,
momentum_conservation_1d,0.02,27,2,True,1,False,1,False,21,3.43,
momentum_conservation_1d,0.02,28,2,True,1,False,1,False,21,3.013,
momentum_conservation_1d,0.02,29,2,True,1,False,1,False,21,3.003,
momentum_conservation_1d,0.05,0,2,True,1,False,1,False,21,3.549,
momentum_conservation_1d,0.05,1,2,True,1,False,1,False,21,3.121,
momentum_conservation_1d,0.05,2,2,True,1,False,1,False,21,3.631,
momentum_conservation_1d,0.05,3,2,False,1,False,1,False,21,3.767,
momentum_conservation_1d,0.05,4,2,True,1,False,1,False,21,2.824,
momentum_conservation_1d,0.05,5,2,True,1,False,1,False,21,2.942,
momentum_conservation_1d,0.05,6,2,False,1,False,0,False,21,3.386,
momentum_conservation_1d,0.05,7,2,False,1,False,1,False,21,3.689,
momentum_conservation_1d,0.05,8,2,False,1,False,1,False,21,3.541,
momentum_conservation_1d,0.05,9,2,True,1,False,1,False,21,2.881,
momentum_conservation_1d,0.05,10,2,True,1,False,1,False,21,3.164,
momentum_conservation_1d,0.05,11,2,False,1,False,1,False,21,3.744,
momentum_conservation_1d,0.05,12,2,True,1,False,0,False,21,2.98,
momentum_conservation_1d,0.05,13,2,False,1,False,1,False,21,3.844,
momentum_conservation_1d,0.05,14,2,False,1,False,1,False,21,3.867,
momentum_conservation_1d,0.05,15,2,True,1,False,0,False,21,3.609,
momentum_conservation_1d,0.05,16,2,True,1,False,1,False,21,3.527,
momentum_conservation_1d,0.05,17,2,True,1,False,1,False,21,3.074,
momentum_conservation_1d,0.05,18,2,True,1,False,1,False,21,3.687,
momentum_conservation_1d,0.05,19,2,True,1,False,1,False,21,3.506,
momentum_conservation_1d,0.05,20,2,True,1,False,1,False,21,4.858,
momentum_conservation_1d,0.05,21,2,True,1,False,1,False,21,27910.715,
momentum_conservation_1d,0.05,22,2,True,1,False,1,False,21,3.427,
momentum_conservation_1d,0.05,23,2,False,1,False,1,False,21,5.636,
momentum_conservation_1d,0.05,24,2,False,1,False,1,False,21,5.325,
momentum_conservation_1d,0.05,25,2,True,1,False,1,False,21,3.968,
momentum_conservation_1d,0.05,26,2,True,1,False,1,False,21,3.727,
momentum_conservation_1d,0.05,27,2,False,1,False,1,False,21,5.225,
momentum_conservation_1d,0.05,28,2,True,1,False,1,False,21,4.437,
momentum_conservation_1d,0.05,29,2,True,1,False,1,False,21,5.234,
work_energy,0.0,0,2,True,1,True,1,True,9,0.16,
work_energy,0.0,1,2,True,1,True,1,True,9,0.111,
work_energy,0.0,2,2,True,1,True,1,True,9,0.118,
work_energy,0.0,3,2,True,1,True,1,True,9,0.149,
work_energy,0.0,4,2,True,1,True,1,True,9,0.146,
work_energy,0.0,5,2,True,1,True,1,True,9,0.147,
work_energy,0.0,6,2,True,1,True,1,True,9,0.144,
work_energy,0.0,7,2,True,1,True,1,True,9,0.141,
work_energy,0.0,8,2,True,1,True,1,True,9,0.14,
work_energy,0.0,9,2,True,1,True,1,True,9,0.14,
work_energy,0.0,10,2,True,1,True,1,True,9,0.138,
work_energy,0.0,11,2,True,1,True,1,True,9,0.131,
work_energy,0.0,12,2,True,1,True,1,True,9,0.11,
work_energy,0.0,13,2,True,1,True,1,True,9,0.135,
work_energy,0.0,14,2,True,1,True,1,True,9,0.105,
work_energy,0.0,15,2,True,1,True,1,True,9,0.109,
work_energy,0.0,16,2,True,1,True,1,True,9,0.145,
work_energy,0.0,17,2,True,1,True,1,True,9,0.136,
work_energy,0.0,18,2,True,1,True,1,True,9,0.144,
work_energy,0.0,19,2,True,1,True,1,True,9,0.149,
work_energy,0.0,20,2,True,1,True,1,True,9,0.141,
work_energy,0.0,21,2,True,1,True,1,True,9,0.151,
work_energy,0.0,22,2,True,1,True,1,True,9,0.159,
work_energy,0.0,23,2,True,1,True,1,True,9,0.162,
work_energy,0.0,24,2,True,1,True,1,True,9,0.162,
work_energy,0.0,25,2,True,1,True,1,True,9,0.16,
work_energy,0.0,26,2,True,1,True,1,True,9,0.17,
work_energy,0.0,27,2,True,1,True,1,True,9,0.386,
work_energy,0.0,28,2,True,1,True,1,True,9,0.179,
work_energy,0.0,29,2,True,1,True,1,True,9,0.2,
work_energy,0.02,0,2,True,1,True,1,True,9,0.234,
work_energy,0.02,1,2,True,1,True,1,True,9,0.223,
work_energy,0.02,2,2,True,1,True,1,True,9,0.179,
work_energy,0.02,3,2,True,1,True,1,True,9,0.205,
work_energy,0.02,4,2,True,1,True,1,True,9,0.159,
work_energy,0.02,5,2,True,1,True,1,True,9,0.215,
work_energy,0.02,6,2,True,1,True,1,True,9,0.174,
work_energy,0.02,7,2,True,1,True,1,True,9,0.149,
work_energy,0.02,8,2,True,1,True,1,True,9,0.15,
work_energy,0.02,9,2,True,1,True,1,True,9,0.171,
work_energy,0.02,10,2,True,1,True,1,True,9,0.155,
work_energy,0.02,11,2,True,1,True,1,True,9,0.213,
work_energy,0.02,12,2,True,1,True,1,True,9,0.183,
work_energy,0.02,13,2,True,1,True,1,True,9,0.161,
work_energy,0.02,14,2,True,1,True,1,True,9,0.167,
work_energy,0.02,15,2,True,1,True,1,True,9,0.158,
work_energy,0.02,16,2,True,1,True,1,True,9,0.176,
work_energy,0.02,17,2,True,1,True,1,True,9,0.178,
work_energy,0.02,18,2,True,1,True,1,True,9,0.213,
work_energy,0.02,19,2,True,1,True,1,True,9,0.17,
work_energy,0.02,20,2,True,1,True,1,True,9,0.25,
work_energy,0.02,21,2,True,1,True,1,True,9,0.17,
work_energy,0.02,22,2,True,1,True,1,True,9,0.21,
work_energy,0.02,23,2,True,1,True,1,True,9,0.2,
work_energy,0.02,24,2,True,1,True,1,True,9,0.179,
work_energy,0.02,25,2,True,1,True,1,True,9,0.17,
work_energy,0.02,26,2,True,1,True,1,True,9,0.16,
work_energy,0.02,27,2,True,1,True,1,True,9,0.174,
work_energy,0.02,28,2,True,1,True,1,True,9,0.179,
work_energy,0.02,29,2,True,1,True,1,True,9,0.159,
work_energy,0.05,0,2,True,1,True,1,True,9,0.155,
work_energy,0.05,1,2,True,1,True,1,True,9,0.142,
work_energy,0.05,2,2,True,1,True,1,True,9,0.143,
work_energy,0.05,3,2,True,1,True,1,True,9,0.143,
work_energy,0.05,4,2,True,1,True,1,True,9,0.143,
work_energy,0.05,5,2,True,1,True,1,True,9,0.157,
work_energy,0.05,6,2,True,1,True,1,True,9,0.179,
work_energy,0.05,7,2,True,1,True,1,True,9,0.208,
work_energy,0.05,8,2,True,1,True,1,True,9,0.185,
work_energy,0.05,9,2,True,1,True,1,True,9,0.155,
work_energy,0.05,10,2,True,1,True,1,True,9,0.17,
work_energy,0.05,11,2,True,1,True,1,True,9,0.209,
work_energy,0.05,12,2,True,1,True,1,True,9,0.183,
work_energy,0.05,13,2,True,1,True,1,True,9,0.14,
work_energy,0.05,14,2,True,1,True,1,True,9,0.134,
work_energy,0.05,15,2,True,1,True,1,True,9,0.156,
work_energy,0.05,16,2,True,1,True,1,True,9,0.172,
work_energy,0.05,17,2,True,1,True,1,True,9,0.167,
work_energy,0.05,18,2,True,1,True,1,True,9,0.151,
work_energy,0.05,19,2,True,1,True,1,True,9,0.153,
work_energy,0.05,20,2,True,1,True,1,True,9,0.174,
work_energy,0.05,21,2,True,1,True,1,True,9,0.182,
work_energy,0.05,22,2,True,1,True,1,True,9,0.162,
work_energy,0.05,23,2,True,1,True,1,True,9,0.175,
work_energy,0.05,24,2,True,1,True,1,True,9,0.165,
work_energy,0.05,25,2,True,1,True,1,True,9,0.141,
work_energy,0.05,26,2,True,1,True,1,True,9,0.14,
work_energy,0.05,27,2,True,1,True,1,True,9,0.136,
work_energy,0.05,28,2,True,1,True,1,True,9,0.154,
work_energy,0.05,29,2,True,1,True,1,True,9,0.14,
momentum_definition,0.0,0,2,True,1,True,1,True,9,0.181,
momentum_definition,0.0,1,2,True,1,True,1,True,9,0.168,
momentum_definition,0.0,2,2,True,1,True,1,True,9,0.122,
momentum_definition,0.0,3,2,True,1,True,1,True,9,0.148,
momentum_definition,0.0,4,2,True,1,True,1,True,9,0.145,
momentum_definition,0.0,5,2,True,1,True,1,True,9,0.126,
momentum_definition,0.0,6,2,True,1,True,1,True,9,0.147,
momentum_definition,0.0,7,2,True,1,True,1,True,9,0.156,
momentum_definition,0.0,8,2,True,1,True,1,True,9,0.159,
momentum_definition,0.0,9,2,True,1,True,1,True,9,0.175,
momentum_definition,0.0,10,2,True,1,True,1,True,9,0.151,
momentum_definition,0.0,11,2,True,1,True,1,True,9,0.143,
momentum_definition,0.0,12,2,True,1,True,1,True,9,0.166,
momentum_definition,0.0,13,2,True,1,True,1,True,9,0.16,
momentum_definition,0.0,14,2,True,1,True,1,True,9,0.17,
momentum_definition,0.0,15,2,True,1,True,1,True,9,0.297,
momentum_definition,0.0,16,2,True,1,True,1,True,9,0.337,
momentum_definition,0.0,17,2,True,1,True,1,True,9,0.322,
momentum_definition,0.0,18,2,True,1,True,1,True,9,0.246,
momentum_definition,0.0,19,2,True,1,True,1,True,9,0.289,
momentum_definition,0.0,20,2,True,1,True,1,True,9,0.258,
momentum_definition,0.0,21,2,True,1,True,1,True,9,0.249,
momentum_definition,0.0,22,2,True,1,True,1,True,9,0.267,
momentum_definition,0.0,23,2,True,1,True,1,True,9,0.285,
momentum_definition,0.0,24,2,True,1,True,1,True,9,0.297,
momentum_definition,0.0,25,2,True,1,True,1,True,9,0.2,
momentum_definition,0.0,26,2,True,1,True,1,True,9,0.236,
momentum_definition,0.0,27,2,True,1,True,1,True,9,0.224,
momentum_definition,0.0,28,2,True,1,True,1,True,9,0.222,
momentum_definition,0.0,29,2,True,1,True,1,True,9,0.178,
momentum_definition,0.02,0,2,True,1,True,1,True,9,0.188,
momentum_definition,0.02,1,2,True,1,True,1,True,9,0.213,
momentum_definition,0.02,2,2,True,1,True,1,True,9,0.245,
momentum_definition,0.02,3,2,True,1,True,1,True,9,0.261,
momentum_definition,0.02,4,2,True,1,True,1,True,9,0.202,
momentum_definition,0.02,5,2,True,1,True,1,True,9,0.174,
momentum_definition,0.02,6,2,True,1,True,1,True,9,0.204,
momentum_definition,0.02,7,2,True,1,True,1,True,9,0.236,
momentum_definition,0.02,8,2,True,1,True,1,True,9,0.179,
momentum_definition,0.02,9,2,True,1,True,1,True,9,0.188,
momentum_definition,0.02,10,2,True,1,True,1,True,9,0.245,
momentum_definition,0.02,11,2,True,1,True,1,True,9,0.227,
momentum_definition,0.02,12,2,True,1,True,1,True,9,0.187,
momentum_definition,0.02,13,2,True,1,True,1,True,9,0.209,
momentum_definition,0.02,14,2,True,1,True,1,True,9,0.174,
momentum_definition,0.02,15,2,True,1,True,1,True,9,0.218,
momentum_definition,0.02,16,2,True,1,True,1,True,9,0.234,
momentum_definition,0.02,17,2,True,1,True,1,True,9,0.206,
momentum_definition,0.02,18,2,True,1,True,1,True,9,0.193,
momentum_definition,0.02,19,2,True,1,True,1,True,9,0.158,
momentum_definition,0.02,20,2,True,1,True,1,True,9,0.161,
momentum_definition,0.02,21,2,True,1,True,1,True,9,0.19,
momentum_definition,0.02,22,2,True,1,True,1,True,9,0.142,
momentum_definition,0.02,23,2,True,1,True,1,True,9,0.128,
momentum_definition,0.02,24,2,True,1,True,1,True,9,0.165,
momentum_definition,0.02,25,2,True,1,True,1,True,9,0.149,
momentum_definition,0.02,26,2,True,1,True,1,True,9,0.14,
momentum_definition,0.02,27,2,True,1,True,1,True,9,0.161,
momentum_definition,0.02,28,2,True,1,True,1,True,9,0.281,
momentum_definition,0.02,29,2,True,1,True,1,True,9,0.133,
momentum_definition,0.05,0,2,True,1,True,1,True,10,1.234,
momentum_definition,0.05,1,2,True,1,False,0,True,9,0.32,
momentum_definition,0.05,2,2,True,1,True,1,True,10,1.055,
momentum_definition,0.05,3,2,True,1,True,1,True,10,0.993,
momentum_definition,0.05,4,2,True,1,False,0,True,10,0.993,
momentum_definition,0.05,5,2,True,1,False,0,True,10,0.869,
momentum_definition,0.05,6,2,True,1,True,1,True,10,0.939,
momentum_definition,0.05,7,2,True,1,False,0,True,10,0.948,
momentum_definition,0.05,8,2,True,1,True,1,True,10,0.913,
momentum_definition,0.05,9,2,True,1,False,0,True,10,0.887,
momentum_definition,0.05,10,2,True,1,False,0,True,10,0.849,
momentum_definition,0.05,11,2,True,1,False,0,True,10,0.855,
momentum_definition,0.05,12,2,True,1,True,1,True,10,0.951,
momentum_definition,0.05,13,2,True,1,True,1,True,10,0.893,
momentum_definition,0.05,14,2,True,1,True,1,True,10,0.906,
momentum_definition,0.05,15,2,True,1,True,1,True,10,0.858,
momentum_definition,0.05,16,2,True,1,True,1,True,10,0.886,
momentum_definition,0.05,17,2,True,1,False,0,True,10,0.954,
momentum_definition,0.05,18,2,True,1,True,1,True,10,0.863,
momentum_definition,0.05,19,2,True,1,False,0,True,10,0.925,
momentum_definition,0.05,20,2,True,1,False,0,True,10,0.91,
momentum_definition,0.05,21,2,True,1,True,1,True,10,0.88,
momentum_definition,0.05,22,2,True,1,True,1,True,10,0.963,
momentum_definition,0.05,23,2,True,1,False,0,True,10,0.887,
momentum_definition,0.05,24,2,True,1,False,0,True,10,0.903,
momentum_definition,0.05,25,2,True,1,True,1,True,10,0.854,
momentum_definition,0.05,26,2,True,1,False,0,True,10,0.859,
momentum_definition,0.05,27,2,True,1,False,0,True,10,0.937,
momentum_definition,0.05,28,2,True,1,False,0,True,10,0.846,
momentum_definition,0.05,29,2,True,1,False,0,True,10,0.87,
angular_momentum_2d,0.0,0,2,True,1,True,1,True,19,0.538,
angular_momentum_2d,0.0,1,2,True,1,True,1,True,19,0.575,
angular_momentum_2d,0.0,2,2,True,1,True,1,True,19,0.542,
angular_momentum_2d,0.0,3,2,True,1,True,1,True,19,0.523,
angular_momentum_2d,0.0,4,2,True,1,True,1,True,19,0.506,
angular_momentum_2d,0.0,5,2,True,1,True,1,True,19,0.497,
angular_momentum_2d,0.0,6,2,True,1,True,1,True,19,0.688,
angular_momentum_2d,0.0,7,2,True,1,True,1,True,19,0.658,
angular_momentum_2d,0.0,8,2,True,1,True,1,True,19,0.668,
angular_momentum_2d,0.0,9,2,True,1,True,1,True,19,0.763,
angular_momentum_2d,0.0,10,2,True,1,True,1,True,19,0.64,
angular_momentum_2d,0.0,11,2,True,1,True,1,True,19,0.537,
angular_momentum_2d,0.0,12,2,True,1,True,1,True,19,0.529,
angular_momentum_2d,0.0,13,2,True,1,True,1,True,19,0.482,
angular_momentum_2d,0.0,14,2,True,1,True,1,True,19,0.519,
angular_momentum_2d,0.0,15,2,True,1,True,1,True,19,0.524,
angular_momentum_2d,0.0,16,2,True,1,True,1,True,19,0.568,
angular_momentum_2d,0.0,17,2,True,1,True,1,True,19,0.575,
angular_momentum_2d,0.0,18,2,True,1,True,1,True,19,0.741,
angular_momentum_2d,0.0,19,2,True,1,True,1,True,19,0.73,
angular_momentum_2d,0.0,20,2,True,1,True,1,True,19,0.657,
angular_momentum_2d,0.0,21,2,True,1,True,1,True,19,0.561,
angular_momentum_2d,0.0,22,2,True,1,True,1,True,19,0.523,
angular_momentum_2d,0.0,23,2,True,1,True,1,True,19,0.736,
angular_momentum_2d,0.0,24,2,True,1,True,1,True,19,0.564,
angular_momentum_2d,0.0,25,2,True,1,True,1,True,19,0.532,
angular_momentum_2d,0.0,26,2,True,1,True,1,True,19,0.556,
angular_momentum_2d,0.0,27,2,True,1,True,1,True,19,0.519,
angular_momentum_2d,0.0,28,2,True,1,True,1,True,19,0.648,
angular_momentum_2d,0.0,29,2,True,1,True,1,True,19,0.685,
angular_momentum_2d,0.02,0,2,True,1,True,1,True,19,0.806,
angular_momentum_2d,0.02,1,2,True,1,True,1,True,19,0.652,
angular_momentum_2d,0.02,2,2,True,1,True,1,True,19,0.719,
angular_momentum_2d,0.02,3,2,True,1,True,1,True,19,0.979,
angular_momentum_2d,0.02,4,2,True,1,True,1,True,19,0.799,
angular_momentum_2d,0.02,5,2,True,1,True,1,True,19,0.746,
angular_momentum_2d,0.02,6,2,True,1,True,1,True,19,0.828,
angular_momentum_2d,0.02,7,2,True,1,True,1,True,19,0.801,
angular_momentum_2d,0.02,8,2,True,1,True,1,True,19,0.992,
angular_momentum_2d,0.02,9,2,True,1,True,1,True,19,1.133,
angular_momentum_2d,0.02,10,2,True,1,True,1,True,19,0.784,
angular_momentum_2d,0.02,11,2,True,1,True,1,True,19,0.809,
angular_momentum_2d,0.02,12,2,True,1,True,1,True,19,0.746,
angular_momentum_2d,0.02,13,2,True,1,True,1,True,19,0.692,
angular_momentum_2d,0.02,14,2,True,1,True,1,True,19,0.994,
angular_momentum_2d,0.02,15,2,True,1,True,1,True,19,0.996,
angular_momentum_2d,0.02,16,2,True,1,True,1,True,19,0.947,
angular_momentum_2d,0.02,17,2,True,1,True,1,True,19,0.835,
angular_momentum_2d,0.02,18,2,True,1,True,1,True,19,0.742,
angular_momentum_2d,0.02,19,2,True,1,True,1,True,19,0.707,
angular_momentum_2d,0.02,20,2,True,1,True,1,True,19,0.675,
angular_momentum_2d,0.02,21,2,True,1,True,1,True,19,0.762,
angular_momentum_2d,0.02,22,2,True,1,True,1,True,19,0.968,
angular_momentum_2d,0.02,23,2,True,1,True,1,True,19,0.924,
angular_momentum_2d,0.02,24,2,True,1,True,1,True,19,0.863,
angular_momentum_2d,0.02,25,2,True,1,True,1,True,19,0.683,
angular_momentum_2d,0.02,26,2,True,1,True,1,True,19,0.82,
angular_momentum_2d,0.02,27,2,True,1,True,1,True,19,0.772,
angular_momentum_2d,0.02,28,2,True,1,True,1,True,19,0.691,
angular_momentum_2d,0.02,29,2,True,1,True,1,True,19,0.854,
angular_momentum_2d,0.05,0,2,True,1,True,1,True,19,0.85,
angular_momentum_2d,0.05,1,2,True,1,True,1,True,19,0.912,
angular_momentum_2d,0.05,2,2,True,1,True,1,True,19,0.807,
angular_momentum_2d,0.05,3,2,True,1,True,1,True,19,0.664,
angular_momentum_2d,0.05,4,2,True,1,True,1,True,19,0.813,
angular_momentum_2d,0.05,5,2,True,1,True,1,True,19,0.707,
angular_momentum_2d,0.05,6,2,True,1,True,1,True,19,0.822,
angular_momentum_2d,0.05,7,2,True,1,True,1,True,19,0.895,
angular_momentum_2d,0.05,8,2,True,1,True,1,True,19,0.893,
angular_momentum_2d,0.05,9,2,True,1,True,1,True,19,1.134,
angular_momentum_2d,0.05,10,2,True,1,True,1,True,19,0.676,
angular_momentum_2d,0.05,11,2,True,1,True,1,True,19,0.736,
angular_momentum_2d,0.05,12,2,True,1,True,1,True,19,0.797,
angular_momentum_2d,0.05,13,2,True,1,True,1,True,19,0.756,
angular_momentum_2d,0.05,14,2,True,1,True,1,True,19,1.017,
angular_momentum_2d,0.05,15,2,True,1,True,1,True,19,0.727,
angular_momentum_2d,0.05,16,2,True,1,True,1,True,19,0.801,
angular_momentum_2d,0.05,17,2,True,1,True,1,True,19,0.9,
angular_momentum_2d,0.05,18,2,True,1,True,1,True,19,0.738,
angular_momentum_2d,0.05,19,2,True,1,True,1,True,19,0.682,
angular_momentum_2d,0.05,20,2,True,1,True,1,True,19,0.639,
angular_momentum_2d,0.05,21,2,True,1,True,1,True,19,0.702,
angular_momentum_2d,0.05,22,2,True,1,True,1,True,19,0.848,
angular_momentum_2d,0.05,23,2,True,1,True,1,True,19,0.693,
angular_momentum_2d,0.05,24,2,True,1,True,1,True,19,0.788,
angular_momentum_2d,0.05,25,2,True,1,True,1,True,19,0.958,
angular_momentum_2d,0.05,26,2,True,1,True,1,True,19,0.991,
angular_momentum_2d,0.05,27,2,True,1,True,1,True,19,0.663,
angular_momentum_2d,0.05,28,2,True,1,True,1,True,19,0.649,
angular_momentum_2d,0.05,29,2,True,1,True,1,True,19,0.913,
power_definition,0.0,0,2,True,1,True,1,True,9,0.186,
power_definition,0.0,1,2,True,1,True,1,True,9,0.154,
power_definition,0.0,2,2,True,1,True,1,True,9,0.108,
power_definition,0.0,3,2,True,1,True,1,True,9,0.102,
power_definition,0.0,4,2,True,1,True,1,True,9,0.113,
power_definition,0.0,5,2,True,1,True,1,True,9,0.126,
power_definition,0.0,6,2,True,1,True,1,True,9,0.111,
power_definition,0.0,7,2,True,1,True,1,True,9,0.135,
power_definition,0.0,8,2,True,1,True,1,True,9,0.111,
power_definition,0.0,9,2,True,1,True,1,True,9,0.124,
power_definition,0.0,10,2,True,1,True,1,True,9,0.159,
power_definition,0.0,11,2,True,1,True,1,True,9,0.171,
power_definition,0.0,12,2,True,1,True,1,True,9,0.155,
power_definition,0.0,13,2,True,1,True,1,True,9,0.146,
power_definition,0.0,14,2,True,1,True,1,True,9,0.163,
power_definition,0.0,15,2,True,1,True,1,True,9,0.155,
power_definition,0.0,16,2,True,1,True,1,True,9,0.157,
power_definition,0.0,17,2,True,1,True,1,True,9,0.159,
power_definition,0.0,18,2,True,1,True,1,True,9,0.162,
power_definition,0.0,19,2,True,1,True,1,True,9,0.326,
power_definition,0.0,20,2,True,1,True,1,True,9,0.163,
power_definition,0.0,21,2,True,1,True,1,True,9,0.148,
power_definition,0.0,22,2,True,1,True,1,True,9,0.141,
power_definition,0.0,23,2,True,1,True,1,True,9,0.13,
power_definition,0.0,24,2,True,1,True,1,True,9,0.134,
power_definition,0.0,25,2,True,1,True,1,True,9,0.135,
power_definition,0.0,26,2,True,1,True,1,True,9,0.129,
power_definition,0.0,27,2,True,1,True,1,True,9,0.134,
power_definition,0.0,28,2,True,1,True,1,True,9,0.125,
power_definition,0.0,29,2,True,1,True,1,True,9,0.136,
power_definition,0.02,0,2,True,1,True,1,True,9,0.157,
power_definition,0.02,1,2,True,1,True,1,True,9,0.135,
power_definition,0.02,2,2,True,1,True,1,True,9,0.134,
power_definition,0.02,3,2,True,1,True,1,True,9,0.142,
power_definition,0.02,4,2,True,1,True,1,True,9,0.146,
power_definition,0.02,5,2,True,1,True,1,True,9,0.141,
power_definition,0.02,6,2,True,1,True,1,True,9,0.2,
power_definition,0.02,7,2,True,1,True,1,True,9,0.145,
power_definition,0.02,8,2,True,1,True,1,True,9,0.164,
power_definition,0.02,9,2,True,1,True,1,True,9,0.191,
power_definition,0.02,10,2,True,1,True,1,True,9,0.154,
power_definition,0.02,11,2,True,1,True,1,True,9,0.163,
power_definition,0.02,12,2,True,1,True,1,True,9,0.134,
power_definition,0.02,13,2,True,1,True,1,True,9,0.14,
power_definition,0.02,14,2,True,1,True,1,True,9,0.131,
power_definition,0.02,15,2,True,1,True,1,True,9,0.121,
power_definition,0.02,16,2,True,1,True,1,True,9,0.11,
power_definition,0.02,17,2,True,1,True,1,True,9,0.139,
power_definition,0.02,18,2,True,1,True,1,True,9,0.175,
power_definition,0.02,19,2,True,1,True,1,True,9,0.171,
power_definition,0.02,20,2,True,1,True,1,True,9,0.187,
power_definition,0.02,21,2,True,1,True,1,True,9,0.143,
power_definition,0.02,22,2,True,1,True,1,True,9,0.153,
power_definition,0.02,23,2,True,1,True,1,True,9,0.191,
power_definition,0.02,24,2,True,1,True,1,True,9,0.18,
power_definition,0.02,25,2,True,1,True,1,True,9,0.179,
power_definition,0.02,26,2,True,1,True,1,True,9,0.163,
power_definition,0.02,27,2,True,1,True,1,True,9,0.198,
power_definition,0.02,28,2,True,1,True,1,True,9,0.195,
power_definition,0.02,29,2,True,1,True,1,True,9,0.186,
power_definition,0.05,0,2,True,1,True,1,True,9,0.147,
power_definition,0.05,1,2,True,1,True,1,True,9,0.118,
power_definition,0.05,2,2,True,1,True,1,True,9,0.141,
power_definition,0.05,3,2,True,1,True,1,True,9,0.137,
power_definition,0.05,4,2,True,1,True,1,True,9,0.139,
power_definition,0.05,5,2,True,1,True,1,True,9,0.133,
power_definition,0.05,6,2,True,1,True,1,True,9,0.106,
power_definition,0.05,7,2,True,1,True,1,True,9,0.128,
power_definition,0.05,8,2,True,1,True,1,True,9,0.131,
power_definition,0.05,9,2,True,1,True,1,True,9,0.142,
power_definition,0.05,10,2,True,1,True,1,True,9,0.117,
power_definition,0.05,11,2,True,1,True,1,True,9,0.14,
power_definition,0.05,12,2,True,1,True,1,True,9,0.14,
power_definition,0.05,13,2,True,1,True,1,True,9,0.142,
power_definition,0.05,14,2,True,1,True,1,True,9,0.133,
power_definition,0.05,15,2,True,1,True,1,True,9,0.148,
power_definition,0.05,16,2,True,1,True,1,True,9,0.124,
power_definition,0.05,17,2,True,1,True,1,True,9,0.155,
power_definition,0.05,18,2,True,1,True,1,True,9,0.165,
power_definition,0.05,19,2,True,1,True,1,True,9,0.222,
power_definition,0.05,20,2,True,1,True,1,True,9,0.146,
power_definition,0.05,21,2,True,1,True,1,True,9,0.155,
power_definition,0.05,22,2,True,1,True,1,True,9,0.152,
power_definition,0.05,23,2,True,1,True,1,True,9,0.151,
power_definition,0.05,24,2,True,1,True,1,True,9,0.146,
power_definition,0.05,25,2,True,1,True,1,True,9,0.148,
power_definition,0.05,26,2,True,1,True,1,True,9,0.118,
power_definition,0.05,27,2,True,1,True,1,True,9,0.142,
power_definition,0.05,28,2,True,1,True,1,True,9,0.175,
power_definition,0.05,29,2,True,1,True,1,True,9,0.134,
frequency_shift_linear,0.0,0,2,True,1,True,1,True,8,0.211,
frequency_shift_linear,0.0,1,2,True,1,True,1,True,8,0.163,
frequency_shift_linear,0.0,2,2,True,1,True,1,True,8,0.177,
frequency_shift_linear,0.0,3,2,True,1,True,1,True,8,0.174,
frequency_shift_linear,0.0,4,2,True,1,True,1,True,8,0.187,
frequency_shift_linear,0.0,5,2,True,1,True,1,True,8,0.186,
frequency_shift_linear,0.0,6,2,True,1,True,1,True,8,0.185,
frequency_shift_linear,0.0,7,2,True,1,True,1,True,8,0.169,
frequency_shift_linear,0.0,8,2,True,1,True,1,True,8,0.161,
frequency_shift_linear,0.0,9,2,True,1,True,1,True,8,0.183,
frequency_shift_linear,0.0,10,2,True,1,True,1,True,8,0.15,
frequency_shift_linear,0.0,11,2,True,1,True,1,True,8,0.151,
frequency_shift_linear,0.0,12,2,True,1,True,1,True,8,0.112,
frequency_shift_linear,0.0,13,2,True,1,True,1,True,8,0.151,
frequency_shift_linear,0.0,14,2,True,1,True,1,True,8,0.111,
frequency_shift_linear,0.0,15,2,True,1,True,1,True,8,0.106,
frequency_shift_linear,0.0,16,2,True,1,True,1,True,8,0.1,
frequency_shift_linear,0.0,17,2,True,1,True,1,True,8,0.155,
frequency_shift_linear,0.0,18,2,True,1,True,1,True,8,0.154,
frequency_shift_linear,0.0,19,2,True,1,True,1,True,8,0.135,
frequency_shift_linear,0.0,20,2,True,1,True,1,True,8,0.131,
frequency_shift_linear,0.0,21,2,True,1,True,1,True,8,0.121,
frequency_shift_linear,0.0,22,2,True,1,True,1,True,8,0.123,
frequency_shift_linear,0.0,23,2,True,1,True,1,True,8,0.164,
frequency_shift_linear,0.0,24,2,True,1,True,1,True,8,0.14,
frequency_shift_linear,0.0,25,2,True,1,True,1,True,8,0.141,
frequency_shift_linear,0.0,26,2,True,1,True,1,True,8,0.158,
frequency_shift_linear,0.0,27,2,True,1,True,1,True,8,0.175,
frequency_shift_linear,0.0,28,2,True,1,True,1,True,8,0.125,
frequency_shift_linear,0.0,29,2,True,1,True,1,True,8,0.173,
frequency_shift_linear,0.02,0,2,True,1,False,0,False,10,1.521,
frequency_shift_linear,0.02,1,2,True,1,False,0,False,10,1.363,
frequency_shift_linear,0.02,2,2,True,1,False,0,False,10,1.505,
frequency_shift_linear,0.02,3,2,True,1,False,0,False,10,1.543,
frequency_shift_linear,0.02,4,2,True,1,False,0,False,10,1.695,
frequency_shift_linear,0.02,5,2,True,1,False,0,False,10,1.783,
frequency_shift_linear,0.02,6,2,True,1,False,0,False,10,1.452,
frequency_shift_linear,0.02,7,2,True,1,False,0,False,10,1.35,
frequency_shift_linear,0.02,8,2,True,1,False,0,False,10,1.52,
frequency_shift_linear,0.02,9,2,True,1,False,0,False,10,1.899,
frequency_shift_linear,0.02,10,2,True,1,False,0,False,10,1.412,
frequency_shift_linear,0.02,11,2,True,1,False,0,False,10,2.422,
frequency_shift_linear,0.02,12,2,True,1,False,0,False,10,2.787,
frequency_shift_linear,0.02,13,2,True,1,False,0,False,10,5508.674,
frequency_shift_linear,0.02,14,2,True,1,False,0,False,10,1.597,
frequency_shift_linear,0.02,15,2,True,1,False,0,False,10,1.274,
frequency_shift_linear,0.02,16,2,True,1,False,0,False,10,1.057,
frequency_shift_linear,0.02,17,2,True,1,False,0,False,10,1.735,
frequency_shift_linear,0.02,18,2,True,1,False,0,False,10,1.759,
frequency_shift_linear,0.02,19,2,True,1,False,0,False,10,1.654,
frequency_shift_linear,0.02,20,2,True,1,False,0,False,10,1.682,
frequency_shift_linear,0.02,21,2,True,1,False,0,False,10,1.785,
frequency_shift_linear,0.02,22,2,True,1,False,0,False,10,2.173,
frequency_shift_linear,0.02,23,2,True,1,False,0,False,10,2.205,
frequency_shift_linear,0.02,24,2,True,1,False,0,False,10,1.621,
frequency_shift_linear,0.02,25,2,True,1,False,0,False,10,1.531,
frequency_shift_linear,0.02,26,2,True,1,False,0,False,10,1.697,
frequency_shift_linear,0.02,27,2,True,1,False,0,False,10,1.815,
frequency_shift_linear,0.02,28,2,True,1,False,0,False,10,1.686,
frequency_shift_linear,0.02,29,2,True,1,False,0,False,10,1.479,
frequency_shift_linear,0.05,0,2,True,1,False,0,False,10,1.736,
frequency_shift_linear,0.05,1,2,True,1,False,0,False,10,1.685,
frequency_shift_linear,0.05,2,2,True,1,False,0,False,10,1.569,
frequency_shift_linear,0.05,3,2,True,1,False,0,False,10,1.54,
frequency_shift_linear,0.05,4,2,True,1,False,0,False,10,1.583,
frequency_shift_linear,0.05,5,2,True,1,False,0,False,10,1.501,
frequency_shift_linear,0.05,6,2,True,1,False,0,False,10,1.573,
frequency_shift_linear,0.05,7,2,True,1,False,0,False,10,1.617,
frequency_shift_linear,0.05,8,2,True,1,False,0,False,10,1.521,
frequency_shift_linear,0.05,9,2,True,1,False,0,False,10,1.224,
frequency_shift_linear,0.05,10,2,True,1,False,0,False,10,1.603,
frequency_shift_linear,0.05,11,2,True,1,False,0,False,10,1.492,
frequency_shift_linear,0.05,12,2,True,1,False,0,False,10,1.537,
frequency_shift_linear,0.05,13,2,True,1,False,0,False,10,1.449,
frequency_shift_linear,0.05,14,2,True,1,False,0,False,10,1.476,
frequency_shift_linear,0.05,15,2,True,1,False,0,False,10,1.462,
frequency_shift_linear,0.05,16,2,True,1,False,0,False,10,1.653,
frequency_shift_linear,0.05,17,2,True,1,False,0,False,10,1.572,
frequency_shift_linear,0.05,18,2,True,1,False,0,False,10,2.424,
frequency_shift_linear,0.05,19,2,True,1,False,0,False,10,2.292,
frequency_shift_linear,0.05,20,2,True,1,False,0,False,10,1.854,
frequency_shift_linear,0.05,21,2,True,1,False,0,False,10,1.887,
frequency_shift_linear,0.05,22,2,True,1,False,0,False,10,2.53,
frequency_shift_linear,0.05,23,2,True,1,False,0,False,10,2.914,
frequency_shift_linear,0.05,24,2,True,1,False,0,False,10,2.572,
frequency_shift_linear,0.05,25,2,True,1,False,0,False,10,1.801,
frequency_shift_linear,0.05,26,2,True,1,False,0,False,10,1.747,
frequency_shift_linear,0.05,27,2,True,1,False,0,False,10,1.915,
frequency_shift_linear,0.05,28,2,True,1,False,0,False,10,1.536,
frequency_shift_linear,0.05,29,2,True,1,False,0,False,10,1.7,
wavenumber_dispersion,0.0,0,2,True,1,True,1,True,13,0.202,
wavenumber_dispersion,0.0,1,2,True,1,True,1,True,13,0.173,
wavenumber_dispersion,0.0,2,2,True,1,True,1,True,13,0.145,
wavenumber_dispersion,0.0,3,2,True,1,True,1,True,13,0.126,
wavenumber_dispersion,0.0,4,2,True,1,True,1,True,13,0.154,
wavenumber_dispersion,0.0,5,2,True,1,True,1,True,13,0.157,
wavenumber_dispersion,0.0,6,2,True,1,True,1,True,13,0.126,
wavenumber_dispersion,0.0,7,2,True,1,True,1,True,13,0.152,
wavenumber_dispersion,0.0,8,2,True,1,True,1,True,13,0.147,
wavenumber_dispersion,0.0,9,2,True,1,True,1,True,12,0.132,
wavenumber_dispersion,0.0,10,2,True,1,True,1,True,13,0.164,
wavenumber_dispersion,0.0,11,2,True,1,True,1,True,13,0.189,
wavenumber_dispersion,0.0,12,2,True,1,True,1,True,13,0.179,
wavenumber_dispersion,0.0,13,2,True,1,True,1,True,13,0.221,
wavenumber_dispersion,0.0,14,2,True,1,True,1,True,13,0.162,
wavenumber_dispersion,0.0,15,2,True,1,True,1,True,13,0.164,
wavenumber_dispersion,0.0,16,2,True,1,True,1,True,13,0.184,
wavenumber_dispersion,0.0,17,2,True,1,True,1,True,13,0.205,
wavenumber_dispersion,0.0,18,2,True,1,True,1,True,13,0.151,
wavenumber_dispersion,0.0,19,2,True,1,True,1,True,13,0.205,
wavenumber_dispersion,0.0,20,2,True,1,True,1,True,13,0.148,
wavenumber_dispersion,0.0,21,2,True,1,True,1,True,13,0.194,
wavenumber_dispersion,0.0,22,2,True,1,True,1,True,13,0.135,
wavenumber_dispersion,0.0,23,2,True,1,True,1,True,13,0.165,
wavenumber_dispersion,0.0,24,2,True,1,True,1,True,13,0.154,
wavenumber_dispersion,0.0,25,2,True,1,True,1,True,13,0.233,
wavenumber_dispersion,0.0,26,2,True,1,True,1,True,13,0.24,
wavenumber_dispersion,0.0,27,2,True,1,True,1,True,13,0.246,
wavenumber_dispersion,0.0,28,2,True,1,True,1,True,13,0.229,
wavenumber_dispersion,0.0,29,2,True,1,True,1,True,13,0.192,
wavenumber_dispersion,0.02,0,2,True,1,True,1,True,13,0.265,
wavenumber_dispersion,0.02,1,2,True,1,True,1,True,13,0.275,
wavenumber_dispersion,0.02,2,2,True,1,True,1,True,13,0.248,
wavenumber_dispersion,0.02,3,2,True,1,True,1,True,13,0.313,
wavenumber_dispersion,0.02,4,2,True,1,True,1,True,13,0.202,
wavenumber_dispersion,0.02,5,2,True,1,True,1,True,13,0.193,
wavenumber_dispersion,0.02,6,2,True,1,True,1,True,13,0.206,
wavenumber_dispersion,0.02,7,2,True,1,True,1,True,13,0.182,
wavenumber_dispersion,0.02,8,2,True,1,True,1,True,13,0.223,
wavenumber_dispersion,0.02,9,2,True,1,True,1,True,13,0.226,
wavenumber_dispersion,0.02,10,2,True,1,True,1,True,13,0.258,
wavenumber_dispersion,0.02,11,2,True,1,True,1,True,13,0.244,
wavenumber_dispersion,0.02,12,2,True,1,True,1,True,13,0.253,
wavenumber_dispersion,0.02,13,2,True,1,True,1,True,13,0.208,
wavenumber_dispersion,0.02,14,2,True,1,True,1,True,13,0.216,
wavenumber_dispersion,0.02,15,2,True,1,True,1,True,13,0.194,
wavenumber_dispersion,0.02,16,2,True,1,True,1,True,13,0.184,
wavenumber_dispersion,0.02,17,2,True,1,True,1,True,12,0.161,
wavenumber_dispersion,0.02,18,2,True,1,True,1,True,13,0.216,
wavenumber_dispersion,0.02,19,2,True,1,True,1,True,13,0.237,
wavenumber_dispersion,0.02,20,2,True,1,True,1,True,13,0.206,
wavenumber_dispersion,0.02,21,2,True,1,True,1,True,13,0.277,
wavenumber_dispersion,0.02,22,2,True,1,True,1,True,13,0.266,
wavenumber_dispersion,0.02,23,2,True,1,True,1,True,13,0.254,
wavenumber_dispersion,0.02,24,2,True,1,True,1,True,13,0.295,
wavenumber_dispersion,0.02,25,2,True,1,True,1,True,13,0.299,
wavenumber_dispersion,0.02,26,2,True,1,True,1,True,13,0.322,
wavenumber_dispersion,0.02,27,2,True,1,True,1,True,13,0.283,
wavenumber_dispersion,0.02,28,2,True,1,True,1,True,13,0.273,
wavenumber_dispersion,0.02,29,2,True,1,True,1,True,13,0.229,
wavenumber_dispersion,0.05,0,2,True,1,True,1,True,13,0.238,
wavenumber_dispersion,0.05,1,2,True,1,True,1,True,13,0.224,
wavenumber_dispersion,0.05,2,2,True,1,True,1,True,13,0.219,
wavenumber_dispersion,0.05,3,2,True,1,True,1,True,13,0.165,
wavenumber_dispersion,0.05,4,2,True,1,True,1,True,13,0.219,
wavenumber_dispersion,0.05,5,2,True,1,True,1,True,13,0.185,
wavenumber_dispersion,0.05,6,2,True,1,True,1,True,13,0.281,
wavenumber_dispersion,0.05,7,2,True,1,True,1,True,13,0.171,
wavenumber_dispersion,0.05,8,2,True,1,True,1,True,13,0.255,
wavenumber_dispersion,0.05,9,2,True,1,True,1,True,13,0.22,
wavenumber_dispersion,0.05,10,2,True,1,True,1,True,13,0.254,
wavenumber_dispersion,0.05,11,2,True,1,True,1,True,13,0.17,
wavenumber_dispersion,0.05,12,2,True,1,True,1,True,13,0.177,
wavenumber_dispersion,0.05,13,2,True,1,True,1,True,13,0.152,
wavenumber_dispersion,0.05,14,2,True,1,True,1,True,13,0.136,
wavenumber_dispersion,0.05,15,2,True,1,True,1,True,13,0.138,
wavenumber_dispersion,0.05,16,2,True,1,True,1,True,13,0.198,
wavenumber_dispersion,0.05,17,2,True,1,True,1,True,13,0.163,
wavenumber_dispersion,0.05,18,2,True,1,True,1,True,13,0.202,
wavenumber_dispersion,0.05,19,2,True,1,True,1,True,13,0.193,
wavenumber_dispersion,0.05,20,2,True,1,True,1,True,13,0.16,
wavenumber_dispersion,0.05,21,2,True,1,True,1,True,13,0.213,
wavenumber_dispersion,0.05,22,2,True,1,True,1,True,13,0.278,
wavenumber_dispersion,0.05,23,2,True,1,True,1,True,13,0.192,
wavenumber_dispersion,0.05,24,2,True,1,True,1,True,13,0.249,
wavenumber_dispersion,0.05,25,2,True,1,True,1,True,13,0.231,
wavenumber_dispersion,0.05,26,2,True,1,True,1,True,13,0.314,
wavenumber_dispersion,0.05,27,2,True,1,True,1,True,12,0.246,
wavenumber_dispersion,0.05,28,2,True,1,True,1,True,13,0.185,
wavenumber_dispersion,0.05,29,2,True,1,True,1,True,13,0.252,
distance_3d,0.0,0,2,True,1,True,1,True,11,0.635,
distance_3d,0.0,1,2,True,1,True,1,True,12,0.607,
distance_3d,0.0,2,2,True,1,True,1,True,12,0.565,
distance_3d,0.0,3,2,True,1,True,1,True,12,0.565,
distance_3d,0.0,4,2,True,1,True,1,True,11,0.456,
distance_3d,0.0,5,2,True,1,True,1,True,10,0.475,
distance_3d,0.0,6,2,True,1,True,1,True,11,0.461,
distance_3d,0.0,7,2,True,1,True,1,True,12,0.459,
distance_3d,0.0,8,2,True,1,True,1,True,11,0.425,
distance_3d,0.0,9,2,True,1,True,1,True,10,0.445,
distance_3d,0.0,10,2,True,1,True,1,True,12,0.44,
distance_3d,0.0,11,2,True,1,True,1,True,10,0.439,
distance_3d,0.0,12,2,True,1,True,1,True,9,0.438,
distance_3d,0.0,13,2,True,1,True,1,True,11,0.458,
distance_3d,0.0,14,2,True,1,True,1,True,12,0.534,
distance_3d,0.0,15,2,True,1,True,1,True,10,0.516,
distance_3d,0.0,16,2,True,1,True,1,True,11,0.38,
distance_3d,0.0,17,2,True,1,True,1,True,10,0.368,
distance_3d,0.0,18,2,True,1,True,1,True,12,0.499,
distance_3d,0.0,19,2,True,1,True,1,True,11,0.441,
distance_3d,0.0,20,2,True,1,True,1,True,11,0.604,
distance_3d,0.0,21,2,True,1,True,1,True,12,0.579,
distance_3d,0.0,22,2,True,1,True,1,True,12,0.537,
distance_3d,0.0,23,2,True,1,True,1,True,12,0.642,
distance_3d,0.0,24,2,True,1,True,1,True,10,0.463,
distance_3d,0.0,25,2,True,1,True,1,True,11,0.445,
distance_3d,0.0,26,2,True,1,True,1,True,11,0.57,
distance_3d,0.0,27,2,True,1,True,1,True,12,0.508,
distance_3d,0.0,28,2,True,1,True,1,True,11,0.441,
distance_3d,0.0,29,2,True,1,True,1,True,12,0.487,
distance_3d,0.02,0,2,True,1,False,1,True,11,0.514,
distance_3d,0.02,1,2,True,1,False,1,True,13,0.562,
distance_3d,0.02,2,2,True,1,False,1,True,14,0.821,
distance_3d,0.02,3,2,True,1,False,1,True,13,0.655,
distance_3d,0.02,4,2,True,1,False,1,True,13,0.616,
distance_3d,0.02,5,2,True,1,False,1,False,15,1.516,
distance_3d,0.02,6,2,True,1,False,1,True,12,0.644,
distance_3d,0.02,7,2,True,1,False,1,True,13,0.517,
distance_3d,0.02,8,2,True,1,False,1,True,11,0.728,
distance_3d,0.02,9,2,True,1,False,1,True,11,0.49,
distance_3d,0.02,10,2,True,1,False,1,True,12,0.498,
distance_3d,0.02,11,2,True,1,False,1,True,13,0.59,
distance_3d,0.02,12,2,True,1,False,1,True,11,0.687,
distance_3d,0.02,13,2,True,1,False,1,True,14,0.973,
distance_3d,0.02,14,2,True,1,False,1,True,13,0.685,
distance_3d,0.02,15,2,True,1,False,1,True,11,0.547,
distance_3d,0.02,16,2,True,1,False,1,True,12,0.734,
distance_3d,0.02,17,2,True,1,False,1,True,13,0.672,
distance_3d,0.02,18,2,True,1,False,1,True,13,0.741,
distance_3d,0.02,19,2,True,1,False,1,True,12,0.522,
distance_3d,0.02,20,2,True,1,False,1,True,12,0.574,
distance_3d,0.02,21,2,True,1,False,1,True,14,0.92,
distance_3d,0.02,22,2,True,1,False,1,True,13,0.452,
distance_3d,0.02,23,2,True,1,False,1,True,12,0.453,
distance_3d,0.02,24,2,True,1,False,1,True,12,0.578,
distance_3d,0.02,25,2,True,1,False,1,True,12,0.503,
distance_3d,0.02,26,2,True,1,False,1,True,12,0.615,
distance_3d,0.02,27,2,True,1,False,1,True,13,0.659,
distance_3d,0.02,28,2,True,1,False,1,True,12,0.649,
distance_3d,0.02,29,2,True,1,False,1,True,13,0.443,
distance_3d,0.05,0,2,True,1,False,0,True,12,0.833,
distance_3d,0.05,1,2,True,1,False,0,False,14,1.1,
distance_3d,0.05,2,2,True,1,False,0,False,14,1.116,
distance_3d,0.05,3,2,True,1,False,0,True,14,0.896,
distance_3d,0.05,4,2,True,1,False,0,True,13,0.775,
distance_3d,0.05,5,2,True,1,False,0,False,13,1.39,
distance_3d,0.05,6,2,True,1,False,0,True,12,0.892,
distance_3d,0.05,7,2,True,1,False,0,False,15,1.319,
distance_3d,0.05,8,2,True,1,False,0,False,12,0.999,
distance_3d,0.05,9,2,True,1,False,0,False,13,1.103,
distance_3d,0.05,10,2,True,1,False,0,True,14,0.781,
distance_3d,0.05,11,2,True,1,False,0,False,11,0.977,
distance_3d,0.05,12,2,True,1,False,0,True,11,0.748,
distance_3d,0.05,13,2,True,1,False,0,False,13,1.064,
distance_3d,0.05,14,2,True,1,False,0,False,15,1.231,
distance_3d,0.05,15,2,True,1,False,0,True,13,1.096,
distance_3d,0.05,16,2,True,1,False,0,False,13,1.183,
distance_3d,0.05,17,2,True,1,False,0,False,13,1.104,
distance_3d,0.05,18,2,True,1,False,0,False,15,1.227,
distance_3d,0.05,19,2,True,1,False,0,False,15,1.294,
distance_3d,0.05,20,2,True,1,False,0,True,13,0.877,
distance_3d,0.05,21,2,True,1,False,0,False,15,1.26,
distance_3d,0.05,22,2,True,1,False,0,False,15,1.141,
distance_3d,0.05,23,2,True,1,False,0,True,13,0.849,
distance_3d,0.05,24,2,True,1,False,0,False,13,1.217,
distance_3d,0.05,25,2,True,1,False,0,True,13,0.779,
distance_3d,0.05,26,2,True,1,False,0,True,13,0.9,
distance_3d,0.05,27,2,True,1,False,0,True,14,1.004,
distance_3d,0.05,28,2,True,1,False,0,True,13,0.801,
distance_3d,0.05,29,2,True,1,False,0,False,15,1.117,
I.39.22,0.0,0,2,True,1,True,1,True,14,1.267,
I.39.22,0.0,1,2,True,1,True,1,True,14,1.191,
I.39.22,0.0,2,2,True,1,True,1,True,14,1.343,
I.39.22,0.0,3,2,True,1,True,1,True,14,1.216,
I.39.22,0.0,4,2,True,1,True,1,True,14,1.318,
I.39.22,0.0,5,2,True,1,True,1,True,14,1.161,
I.39.22,0.0,6,2,True,1,True,1,True,14,1.325,
I.39.22,0.0,7,2,True,1,True,1,True,14,1.349,
I.39.22,0.0,8,2,True,1,True,1,True,14,1.216,
I.39.22,0.0,9,2,True,1,True,1,True,14,1.277,
I.39.22,0.0,10,2,True,1,True,1,True,14,1.177,
I.39.22,0.0,11,2,True,1,True,1,True,14,1.251,
I.39.22,0.0,12,2,True,1,True,1,True,14,1.209,
I.39.22,0.0,13,2,True,1,True,1,True,14,1.302,
I.39.22,0.0,14,2,True,1,True,1,True,14,1.169,
I.39.22,0.0,15,2,True,1,True,1,True,14,1.311,
I.39.22,0.0,16,2,True,1,True,1,True,14,1.207,
I.39.22,0.0,17,2,True,1,True,1,True,14,1.173,
I.39.22,0.0,18,2,True,1,True,1,True,14,1.169,
I.39.22,0.0,19,2,True,1,True,1,True,14,1.232,
I.39.22,0.0,20,2,True,1,True,1,True,14,1.142,
I.39.22,0.0,21,2,True,1,True,1,True,14,1.243,
I.39.22,0.0,22,2,True,1,True,1,True,14,1.16,
I.39.22,0.0,23,2,True,1,True,1,True,14,1.292,
I.39.22,0.0,24,2,True,1,True,1,True,14,1.335,
I.39.22,0.0,25,2,True,1,True,1,True,14,1.325,
I.39.22,0.0,26,2,True,1,True,1,True,14,1.294,
I.39.22,0.0,27,2,True,1,True,1,True,14,1.137,
I.39.22,0.0,28,2,True,1,True,1,True,14,1.105,
I.39.22,0.0,29,2,True,1,True,1,True,14,1.316,
I.39.22,0.02,0,2,True,1,False,0,False,15,4.287,
I.39.22,0.02,1,2,True,1,False,0,False,15,3.482,
I.39.22,0.02,2,2,True,1,False,0,False,15,3.649,
I.39.22,0.02,3,2,True,1,False,0,False,15,3.55,
I.39.22,0.02,4,2,True,1,False,0,False,15,3.435,
I.39.22,0.02,5,2,True,1,False,0,False,15,3.735,
I.39.22,0.02,6,2,True,1,False,0,False,15,4.084,
I.39.22,0.02,7,2,True,1,False,0,False,15,4.19,
I.39.22,0.02,8,2,True,1,False,0,False,15,3.696,
I.39.22,0.02,9,2,True,1,False,0,False,15,3.608,
I.39.22,0.02,10,2,True,1,False,0,False,15,4.529,
I.39.22,0.02,11,2,True,1,False,0,False,15,3.537,
I.39.22,0.02,12,2,True,1,False,0,False,15,3.93,
I.39.22,0.02,13,2,True,1,False,0,False,15,3.575,
I.39.22,0.02,14,2,True,1,False,0,False,15,4.134,
I.39.22,0.02,15,2,True,1,False,0,False,15,4.051,
I.39.22,0.02,16,2,True,1,False,0,False,15,3.631,
I.39.22,0.02,17,2,True,1,False,0,False,15,3.705,
I.39.22,0.02,18,2,True,1,False,0,False,15,3.663,
I.39.22,0.02,19,2,True,1,False,0,False,15,3.709,
I.39.22,0.02,20,2,True,1,False,0,False,15,3.872,
I.39.22,0.02,21,2,True,1,False,0,False,15,4.196,
I.39.22,0.02,22,2,True,1,False,0,False,15,4.2,
I.39.22,0.02,23,2,True,1,False,0,False,15,4.565,
I.39.22,0.02,24,2,True,1,False,0,False,15,4.032,
I.39.22,0.02,25,2,True,1,False,0,False,15,4.529,
I.39.22,0.02,26,2,True,1,False,0,False,15,179.251,
I.39.22,0.02,27,2,True,1,False,0,False,15,3.544,
I.39.22,0.02,28,2,True,1,False,0,False,15,3.492,
I.39.22,0.02,29,2,True,1,False,0,False,15,4.842,
I.39.22,0.05,0,2,False,1,False,0,False,15,4.713,
I.39.22,0.05,1,2,True,1,False,0,False,15,4.501,
I.39.22,0.05,2,2,True,1,False,0,False,15,4.546,
I.39.22,0.05,3,2,False,1,False,0,False,15,4.81,
I.39.22,0.05,4,2,True,1,False,0,False,15,4.744,
I.39.22,0.05,5,2,True,1,False,0,False,15,5.574,
I.39.22,0.05,6,2,True,1,False,0,False,15,4.806,
I.39.22,0.05,7,2,True,1,False,0,False,15,4.845,
I.39.22,0.05,8,2,True,1,False,0,False,15,4.616,
I.39.22,0.05,9,2,True,1,False,0,False,15,4.72,
I.39.22,0.05,10,2,True,1,False,0,False,15,4.807,
I.39.22,0.05,11,2,True,1,False,0,False,15,4.49,
I.39.22,0.05,12,2,True,1,False,0,False,15,4.629,
I.39.22,0.05,13,2,True,1,False,0,False,15,4.808,
I.39.22,0.05,14,2,True,1,False,0,False,15,4.773,
I.39.22,0.05,15,2,True,1,False,0,False,15,4.505,
I.39.22,0.05,16,2,True,1,False,0,False,15,4.671,
I.39.22,0.05,17,2,False,1,False,0,False,15,4.75,
I.39.22,0.05,18,2,True,1,False,0,False,15,4.552,
I.39.22,0.05,19,2,True,1,False,0,False,15,4.735,
I.39.22,0.05,20,2,True,1,False,0,False,15,4.682,
I.39.22,0.05,21,2,False,1,False,0,False,15,4.744,
I.39.22,0.05,22,2,True,1,False,0,False,15,4.845,
I.39.22,0.05,23,2,True,1,False,0,False,15,4.652,
I.39.22,0.05,24,2,True,1,False,0,False,15,4.701,
I.39.22,0.05,25,2,True,1,False,0,False,15,4.756,
I.39.22,0.05,26,2,True,1,False,0,False,15,4.705,
I.39.22,0.05,27,2,True,1,False,0,False,15,4.632,
I.39.22,0.05,28,2,True,1,False,0,False,15,4.854,
I.39.22,0.05,29,2,True,1,False,0,False,15,4.554,
I.34.27,0.0,0,2,True,1,True,1,True,9,0.249,
I.34.27,0.0,1,2,True,1,True,1,True,9,0.163,
I.34.27,0.0,2,2,True,1,True,1,True,9,0.16,
I.34.27,0.0,3,2,True,1,True,1,True,9,0.166,
I.34.27,0.0,4,2,True,1,True,1,True,9,0.149,
I.34.27,0.0,5,2,True,1,True,1,True,9,0.138,
I.34.27,0.0,6,2,True,1,True,1,True,9,0.15,
I.34.27,0.0,7,2,True,1,True,1,True,9,0.134,
I.34.27,0.0,8,2,True,1,True,1,True,9,0.166,
I.34.27,0.0,9,2,True,1,True,1,True,9,0.151,
I.34.27,0.0,10,2,True,1,True,1,True,9,0.152,
I.34.27,0.0,11,2,True,1,True,1,True,9,0.154,
I.34.27,0.0,12,2,True,1,True,1,True,9,0.15,
I.34.27,0.0,13,2,True,1,True,1,True,9,0.147,
I.34.27,0.0,14,2,True,1,True,1,True,9,0.157,
I.34.27,0.0,15,2,True,1,True,1,True,9,0.172,
I.34.27,0.0,16,2,True,1,True,1,True,9,0.152,
I.34.27,0.0,17,2,True,1,True,1,True,9,0.165,
I.34.27,0.0,18,2,True,1,True,1,True,9,0.175,
I.34.27,0.0,19,2,True,1,True,1,True,9,0.178,
I.34.27,0.0,20,2,True,1,True,1,True,9,0.161,
I.34.27,0.0,21,2,True,1,True,1,True,9,0.188,
I.34.27,0.0,22,2,True,1,True,1,True,9,0.211,
I.34.27,0.0,23,2,True,1,True,1,True,9,0.199,
I.34.27,0.0,24,2,True,1,True,1,True,9,0.18,
I.34.27,0.0,25,2,True,1,True,1,True,9,0.178,
I.34.27,0.0,26,2,True,1,True,1,True,9,0.169,
I.34.27,0.0,27,2,True,1,True,1,True,9,0.18,
I.34.27,0.0,28,2,True,1,True,1,True,9,0.189,
I.34.27,0.0,29,2,True,1,True,1,True,9,0.159,
I.34.27,0.02,0,2,True,1,False,0,True,10,1.238,
I.34.27,0.02,1,2,True,1,False,3,True,10,1.46,
I.34.27,0.02,2,2,True,1,False,1,True,10,1.086,
I.34.27,0.02,3,2,True,1,False,0,True,10,1.055,
I.34.27,0.02,4,2,True,1,False,7,True,10,1.709,
I.34.27,0.02,5,2,True,1,False,2,True,10,1.263,
I.34.27,0.02,6,2,True,1,False,1,True,10,1.151,
I.34.27,0.02,7,2,True,1,False,1,True,10,1.139,
I.34.27,0.02,8,2,True,1,True,2,True,10,1.038,
I.34.27,0.02,9,2,True,1,False,1,True,10,1.182,
I.34.27,0.02,10,2,True,1,False,1,True,10,1.158,
I.34.27,0.02,11,2,True,1,False,2,True,10,1.238,
I.34.27,0.02,12,2,True,1,False,0,True,10,1.031,
I.34.27,0.02,13,2,True,1,False,2,True,10,1.277,
I.34.27,0.02,14,2,True,1,False,1,True,10,1.133,
I.34.27,0.02,15,2,True,1,True,2,True,10,1.036,
I.34.27,0.02,16,2,True,1,False,0,True,10,1.052,
I.34.27,0.02,17,2,True,1,False,0,True,10,1.062,
I.34.27,0.02,18,2,True,1,True,1,True,10,1.009,
I.34.27,0.02,19,2,True,1,False,1,True,10,1.366,
I.34.27,0.02,20,2,True,1,False,0,True,10,1.02,
I.34.27,0.02,21,2,True,1,True,2,True,10,1.104,
I.34.27,0.02,22,2,True,1,False,0,True,10,1.025,
I.34.27,0.02,23,2,True,1,True,5,True,10,1.036,
I.34.27,0.02,24,2,True,1,False,0,True,10,1.026,
I.34.27,0.02,25,2,True,1,False,4,True,10,1.356,
I.34.27,0.02,26,2,True,1,False,1,True,10,1.066,
I.34.27,0.02,27,2,True,1,False,0,True,10,1.046,
I.34.27,0.02,28,2,True,1,False,2,True,10,1.184,
I.34.27,0.02,29,2,True,1,False,1,True,10,1.091,
I.34.27,0.05,0,2,True,1,False,0,False,10,1.455,
I.34.27,0.05,1,2,True,1,False,0,False,10,1.403,
I.34.27,0.05,2,2,True,1,False,0,False,10,1.342,
I.34.27,0.05,3,2,True,1,False,0,False,10,1.421,
I.34.27,0.05,4,2,True,1,False,1,False,10,1.474,
I.34.27,0.05,5,2,True,1,False,0,False,10,1.328,
I.34.27,0.05,6,2,True,1,False,0,False,10,1.386,
I.34.27,0.05,7,2,True,1,False,0,False,10,1.506,
I.34.27,0.05,8,2,True,1,False,0,False,10,1.364,
I.34.27,0.05,9,2,True,1,False,1,False,10,1.46,
I.34.27,0.05,10,2,True,1,False,1,False,10,1.46,
I.34.27,0.05,11,2,True,1,False,0,False,10,1.326,
I.34.27,0.05,12,2,True,1,False,0,False,10,1.373,
I.34.27,0.05,13,2,True,1,False,0,False,10,1.315,
I.34.27,0.05,14,2,True,1,False,0,False,10,1.407,
I.34.27,0.05,15,2,True,1,False,0,False,10,1.536,
I.34.27,0.05,16,2,True,1,False,0,False,10,1.658,
I.34.27,0.05,17,2,True,1,False,0,False,10,1.76,
I.34.27,0.05,18,2,True,1,False,1,False,10,1.688,
I.34.27,0.05,19,2,True,1,False,0,False,10,1.351,
I.34.27,0.05,20,2,True,1,False,1,False,10,1.464,
I.34.27,0.05,21,2,True,1,False,1,False,10,1.624,
I.34.27,0.05,22,2,True,1,False,0,False,10,1.629,
I.34.27,0.05,23,2,True,1,False,0,False,10,1.418,
I.34.27,0.05,24,2,True,1,False,0,False,10,1.472,
I.34.27,0.05,25,2,True,1,False,0,False,10,1.354,
I.34.27,0.05,26,2,True,1,False,0,False,10,1.384,
I.34.27,0.05,27,2,True,1,False,0,False,10,1.346,
I.34.27,0.05,28,2,True,1,False,0,False,10,1.325,
I.34.27,0.05,29,2,True,1,False,0,False,10,1.331,
planck_relation_duplicate,0.0,0,2,True,1,True,1,True,9,0.183,
planck_relation_duplicate,0.0,1,2,True,1,True,1,True,9,0.152,
planck_relation_duplicate,0.0,2,2,True,1,True,1,True,9,0.158,
planck_relation_duplicate,0.0,3,2,True,1,True,1,True,9,0.156,
planck_relation_duplicate,0.0,4,2,True,1,True,1,True,9,0.157,
planck_relation_duplicate,0.0,5,2,True,1,True,1,True,9,0.144,
planck_relation_duplicate,0.0,6,2,True,1,True,1,True,9,0.179,
planck_relation_duplicate,0.0,7,2,True,1,True,1,True,9,0.161,
planck_relation_duplicate,0.0,8,2,True,1,True,1,True,9,0.177,
planck_relation_duplicate,0.0,9,2,True,1,True,1,True,9,0.143,
planck_relation_duplicate,0.0,10,2,True,1,True,1,True,9,0.156,
planck_relation_duplicate,0.0,11,2,True,1,True,1,True,9,0.154,
planck_relation_duplicate,0.0,12,2,True,1,True,1,True,9,0.147,
planck_relation_duplicate,0.0,13,2,True,1,True,1,True,9,0.155,
planck_relation_duplicate,0.0,14,2,True,1,True,1,True,9,0.14,
planck_relation_duplicate,0.0,15,2,True,1,True,1,True,9,0.16,
planck_relation_duplicate,0.0,16,2,True,1,True,1,True,9,0.16,
planck_relation_duplicate,0.0,17,2,True,1,True,1,True,9,0.193,
planck_relation_duplicate,0.0,18,2,True,1,True,1,True,9,0.151,
planck_relation_duplicate,0.0,19,2,True,1,True,1,True,9,0.156,
planck_relation_duplicate,0.0,20,2,True,1,True,1,True,9,0.124,
planck_relation_duplicate,0.0,21,2,True,1,True,1,True,9,0.177,
planck_relation_duplicate,0.0,22,2,True,1,True,1,True,9,0.178,
planck_relation_duplicate,0.0,23,2,True,1,True,1,True,9,0.177,
planck_relation_duplicate,0.0,24,2,True,1,True,1,True,9,0.196,
planck_relation_duplicate,0.0,25,2,True,1,True,1,True,9,0.212,
planck_relation_duplicate,0.0,26,2,True,1,True,1,True,9,0.165,
planck_relation_duplicate,0.0,27,2,True,1,True,1,True,9,0.185,
planck_relation_duplicate,0.0,28,2,True,1,True,1,True,9,0.181,
planck_relation_duplicate,0.0,29,2,True,1,True,1,True,9,0.181,
planck_relation_duplicate,0.02,0,2,True,1,False,0,True,10,1.163,
planck_relation_duplicate,0.02,1,2,True,1,False,3,True,10,1.91,
planck_relation_duplicate,0.02,2,2,True,1,False,1,True,10,0.944,
planck_relation_duplicate,0.02,3,2,True,1,False,0,True,10,0.839,
planck_relation_duplicate,0.02,4,2,True,1,False,7,True,10,1.347,
planck_relation_duplicate,0.02,5,2,True,1,False,2,True,10,2070.768,
planck_relation_duplicate,0.02,6,2,True,1,False,1,True,10,1.16,
planck_relation_duplicate,0.02,7,2,True,1,False,1,True,10,1.195,
planck_relation_duplicate,0.02,8,2,True,1,True,2,True,10,1.065,
planck_relation_duplicate,0.02,9,2,True,1,False,1,True,10,1.158,
planck_relation_duplicate,0.02,10,2,True,1,False,1,True,10,1.19,
planck_relation_duplicate,0.02,11,2,True,1,False,2,True,10,1.329,
planck_relation_duplicate,0.02,12,2,True,1,False,0,True,10,1.074,
planck_relation_duplicate,0.02,13,2,True,1,False,2,True,10,1.478,
planck_relation_duplicate,0.02,14,2,True,1,False,1,True,10,1.611,
planck_relation_duplicate,0.02,15,2,True,1,True,2,True,10,1.137,
planck_relation_duplicate,0.02,16,2,True,1,False,0,True,10,1.087,
planck_relation_duplicate,0.02,17,2,True,1,False,0,True,10,1.032,
planck_relation_duplicate,0.02,18,2,True,1,True,1,True,10,1.098,
planck_relation_duplicate,0.02,19,2,True,1,False,1,True,10,1.247,
planck_relation_duplicate,0.02,20,2,True,1,False,0,True,10,1.043,
planck_relation_duplicate,0.02,21,2,True,1,True,2,True,10,1.115,
planck_relation_duplicate,0.02,22,2,True,1,False,0,True,10,1.344,
planck_relation_duplicate,0.02,23,2,True,1,True,5,True,10,1.107,
planck_relation_duplicate,0.02,24,2,True,1,False,0,True,10,0.92,
planck_relation_duplicate,0.02,25,2,True,1,False,4,True,10,1.357,
planck_relation_duplicate,0.02,26,2,True,1,False,1,True,10,1.306,
planck_relation_duplicate,0.02,27,2,True,1,False,0,True,10,1.337,
planck_relation_duplicate,0.02,28,2,True,1,False,2,True,10,1.289,
planck_relation_duplicate,0.02,29,2,True,1,False,1,True,10,1.179,
planck_relation_duplicate,0.05,0,2,True,1,False,0,False,10,1.501,
planck_relation_duplicate,0.05,1,2,True,1,False,0,False,10,1.359,
planck_relation_duplicate,0.05,2,2,True,1,False,0,False,10,1.356,
planck_relation_duplicate,0.05,3,2,True,1,False,0,False,10,1.382,
planck_relation_duplicate,0.05,4,2,True,1,False,1,False,10,1.484,
planck_relation_duplicate,0.05,5,2,True,1,False,0,False,10,1.36,
planck_relation_duplicate,0.05,6,2,True,1,False,0,False,10,1.353,
planck_relation_duplicate,0.05,7,2,True,1,False,0,False,10,1.353,
planck_relation_duplicate,0.05,8,2,True,1,False,0,False,10,1.355,
planck_relation_duplicate,0.05,9,2,True,1,False,1,False,10,1.649,
planck_relation_duplicate,0.05,10,2,True,1,False,1,False,10,1.439,
planck_relation_duplicate,0.05,11,2,True,1,False,0,False,10,1.321,
planck_relation_duplicate,0.05,12,2,True,1,False,0,False,10,1.371,
planck_relation_duplicate,0.05,13,2,True,1,False,0,False,10,1.328,
planck_relation_duplicate,0.05,14,2,True,1,False,0,False,10,1.327,
planck_relation_duplicate,0.05,15,2,True,1,False,0,False,10,1.46,
planck_relation_duplicate,0.05,16,2,True,1,False,0,False,10,1.394,
planck_relation_duplicate,0.05,17,2,True,1,False,0,False,10,1.391,
planck_relation_duplicate,0.05,18,2,True,1,False,1,False,10,1.759,
planck_relation_duplicate,0.05,19,2,True,1,False,0,False,10,1.638,
planck_relation_duplicate,0.05,20,2,True,1,False,1,False,10,1.994,
planck_relation_duplicate,0.05,21,2,True,1,False,1,False,10,1.614,
planck_relation_duplicate,0.05,22,2,True,1,False,0,False,10,1.384,
planck_relation_duplicate,0.05,23,2,True,1,False,0,False,10,1.34,
planck_relation_duplicate,0.05,24,2,True,1,False,0,False,10,1.593,
planck_relation_duplicate,0.05,25,2,True,1,False,0,False,10,1.394,
planck_relation_duplicate,0.05,26,2,True,1,False,0,False,10,1.488,
planck_relation_duplicate,0.05,27,2,True,1,False,0,False,10,1.36,
planck_relation_duplicate,0.05,28,2,True,1,False,0,False,10,1.397,
planck_relation_duplicate,0.05,29,2,True,1,False,0,False,10,1.354,
I.12.2,0.0,0,3,True,1,True,1,True,54,8.805,
I.12.2,0.0,1,3,True,1,True,1,True,54,8.902,
I.12.2,0.0,2,3,True,1,True,1,True,55,9.414,
I.12.2,0.0,3,3,True,1,True,1,True,54,8.375,
I.12.2,0.0,4,3,True,1,True,1,True,55,8.921,
I.12.2,0.0,5,3,True,1,True,1,True,55,8.95,
I.12.2,0.0,6,3,True,1,True,1,True,55,9.262,
I.12.2,0.0,7,3,True,1,True,1,True,54,8.799,
I.12.2,0.0,8,3,True,1,True,1,True,54,9.176,
I.12.2,0.0,9,3,True,1,True,1,True,55,9.151,
I.12.2,0.0,10,3,True,1,True,1,True,54,9.462,
I.12.2,0.0,11,3,True,1,True,1,True,55,8.283,
I.12.2,0.0,12,3,True,1,True,1,True,55,8.982,
I.12.2,0.0,13,3,True,1,True,1,True,54,8.747,
I.12.2,0.0,14,3,True,1,True,1,True,55,9.031,
I.12.2,0.0,15,3,True,1,True,1,True,55,10.239,
I.12.2,0.0,16,3,True,1,True,1,True,54,9.182,
I.12.2,0.0,17,3,True,1,True,1,True,55,18806.171,
I.12.2,0.0,18,3,True,1,True,1,True,55,10.88,
I.12.2,0.0,19,3,True,1,True,1,True,55,10.217,
I.12.2,0.0,20,3,True,1,True,1,True,55,8.063,
I.12.2,0.0,21,3,True,1,True,1,True,55,6.146,
I.12.2,0.0,22,3,True,1,True,1,True,54,6.138,
I.12.2,0.0,23,3,True,1,True,1,True,54,6.412,
I.12.2,0.0,24,3,True,1,True,1,True,55,6.596,
I.12.2,0.0,25,3,True,1,True,1,True,55,7.159,
I.12.2,0.0,26,3,True,1,True,1,True,54,5.942,
I.12.2,0.0,27,3,True,1,True,1,True,55,6.965,
I.12.2,0.0,28,3,True,1,True,1,True,55,7.178,
I.12.2,0.0,29,3,True,1,True,1,True,54,6.511,
I.12.2,0.02,0,3,False,1,False,1,False,55,13.067,
I.12.2,0.02,1,3,False,1,False,1,False,55,14.1,
I.12.2,0.02,2,3,False,1,False,1,False,55,13.946,
I.12.2,0.02,3,3,False,1,False,1,False,55,13.729,
I.12.2,0.02,4,3,False,1,False,1,False,55,13.34,
I.12.2,0.02,5,3,False,1,False,1,False,55,13.876,
I.12.2,0.02,6,3,False,1,False,1,False,55,13.697,
I.12.2,0.02,7,3,False,1,False,1,False,55,13.743,
I.12.2,0.02,8,3,False,1,False,1,False,55,13.912,
I.12.2,0.02,9,3,False,1,False,1,False,55,13.477,
I.12.2,0.02,10,3,False,1,False,1,False,55,13.901,
I.12.2,0.02,11,3,False,1,False,1,False,55,13.947,
I.12.2,0.02,12,3,False,1,False,1,False,55,13.867,
I.12.2,0.02,13,3,False,1,False,1,False,55,14.081,
I.12.2,0.02,14,3,False,1,False,1,False,55,13.729,
I.12.2,0.02,15,3,False,1,False,1,False,55,13.689,
I.12.2,0.02,16,3,False,1,False,1,False,55,14.296,
I.12.2,0.02,17,3,False,1,False,1,False,55,13.88,
I.12.2,0.02,18,3,False,1,False,1,False,55,14.153,
I.12.2,0.02,19,3,False,1,False,1,False,55,13.439,
I.12.2,0.02,20,3,False,1,False,1,False,55,14.557,
I.12.2,0.02,21,3,False,1,False,1,False,55,13.158,
I.12.2,0.02,22,3,False,1,False,1,False,55,13.232,
I.12.2,0.02,23,3,False,1,False,1,False,55,15.253,
I.12.2,0.02,24,3,False,1,False,1,False,55,18.497,
I.12.2,0.02,25,3,False,1,False,1,False,55,19.825,
I.12.2,0.02,26,3,False,1,False,1,False,55,18.304,
I.12.2,0.02,27,3,False,1,False,1,False,55,14.69,
I.12.2,0.02,28,3,False,1,False,1,False,55,13.91,
I.12.2,0.02,29,3,False,1,False,1,False,55,14.764,
I.12.2,0.05,0,3,False,1,False,1,False,55,14.685,
I.12.2,0.05,1,3,False,1,False,1,False,56,14.489,
I.12.2,0.05,2,3,False,1,False,1,False,55,14.224,
I.12.2,0.05,3,3,False,1,False,1,False,55,14.384,
I.12.2,0.05,4,3,False,1,False,1,False,55,15.045,
I.12.2,0.05,5,3,False,1,False,1,False,55,15.737,
I.12.2,0.05,6,3,False,1,False,1,False,55,14.738,
I.12.2,0.05,7,3,False,1,False,1,False,55,14.981,
I.12.2,0.05,8,3,False,1,False,1,False,55,14.476,
I.12.2,0.05,9,3,False,1,False,1,False,56,15.019,
I.12.2,0.05,10,3,False,1,False,1,False,55,14.472,
I.12.2,0.05,11,3,False,1,False,1,False,55,14.931,
I.12.2,0.05,12,3,False,1,False,1,False,55,15.192,
I.12.2,0.05,13,3,False,1,False,1,False,55,15.753,
I.12.2,0.05,14,3,False,1,False,1,False,55,16.595,
I.12.2,0.05,15,3,False,1,False,1,False,55,15.992,
I.12.2,0.05,16,3,False,1,False,1,False,55,15.131,
I.12.2,0.05,17,3,False,1,False,1,False,55,15.136,
I.12.2,0.05,18,3,False,1,False,1,False,55,14.618,
I.12.2,0.05,19,3,False,1,False,1,False,56,14.158,
I.12.2,0.05,20,3,False,1,False,1,False,55,14.407,
I.12.2,0.05,21,3,False,1,False,1,False,55,20.966,
I.12.2,0.05,22,3,False,1,False,1,False,56,15.31,
I.12.2,0.05,23,3,False,1,False,1,False,55,13.855,
I.12.2,0.05,24,3,False,1,False,1,False,55,13.379,
I.12.2,0.05,25,3,False,1,False,1,False,55,12.983,
I.12.2,0.05,26,3,False,1,False,1,False,55,13.109,
I.12.2,0.05,27,3,False,1,False,1,False,55,13.176,
I.12.2,0.05,28,3,False,1,False,1,False,55,12.746,
I.12.2,0.05,29,3,False,1,False,1,False,56,13.538,
centripetal_force,0.0,0,3,True,1,True,1,True,33,1.016,
centripetal_force,0.0,1,3,True,1,True,1,True,34,1.087,
centripetal_force,0.0,2,3,True,1,True,1,True,34,1.156,
centripetal_force,0.0,3,3,True,1,True,1,True,34,1.168,
centripetal_force,0.0,4,3,True,1,True,1,True,33,1.034,
centripetal_force,0.0,5,3,True,1,True,1,True,34,1.094,
centripetal_force,0.0,6,3,True,1,True,1,True,33,1.086,
centripetal_force,0.0,7,3,True,1,True,1,True,34,1.144,
centripetal_force,0.0,8,3,True,1,True,1,True,33,1.069,
centripetal_force,0.0,9,3,True,1,True,1,True,34,1.337,
centripetal_force,0.0,10,3,True,1,True,1,True,34,1.223,
centripetal_force,0.0,11,3,True,1,True,1,True,34,1.205,
centripetal_force,0.0,12,3,True,1,True,1,True,34,1.295,
centripetal_force,0.0,13,3,True,1,True,1,True,34,1.246,
centripetal_force,0.0,14,3,True,1,True,1,True,34,1.347,
centripetal_force,0.0,15,3,True,1,True,1,True,34,1.252,
centripetal_force,0.0,16,3,True,1,True,1,True,34,1.17,
centripetal_force,0.0,17,3,True,1,True,1,True,34,1.214,
centripetal_force,0.0,18,3,True,1,True,1,True,34,1.26,
centripetal_force,0.0,19,3,True,1,True,1,True,33,1.171,
centripetal_force,0.0,20,3,True,1,True,1,True,34,1.413,
centripetal_force,0.0,21,3,True,1,True,1,True,34,1.239,
centripetal_force,0.0,22,3,True,1,True,1,True,34,1.288,
centripetal_force,0.0,23,3,True,1,True,1,True,34,1.139,
centripetal_force,0.0,24,3,True,1,True,1,True,34,1.223,
centripetal_force,0.0,25,3,True,1,True,1,True,34,1.13,
centripetal_force,0.0,26,3,True,1,True,1,True,34,1.219,
centripetal_force,0.0,27,3,True,1,True,1,True,33,1.041,
centripetal_force,0.0,28,3,True,1,True,1,True,34,1.159,
centripetal_force,0.0,29,3,True,1,True,1,True,34,1.205,
centripetal_force,0.02,0,3,False,1,False,1,False,35,7.173,
centripetal_force,0.02,1,3,False,1,False,1,False,35,6.31,
centripetal_force,0.02,2,3,False,1,False,1,False,35,6.287,
centripetal_force,0.02,3,3,False,1,False,1,False,35,6.361,
centripetal_force,0.02,4,3,False,1,False,1,False,35,6.184,
centripetal_force,0.02,5,3,False,1,False,1,False,35,6.273,
centripetal_force,0.02,6,3,False,1,False,1,False,35,6.227,
centripetal_force,0.02,7,3,False,1,False,1,False,35,6.323,
centripetal_force,0.02,8,3,False,1,False,1,False,35,6.628,
centripetal_force,0.02,9,3,False,1,False,1,False,35,6.742,
centripetal_force,0.02,10,3,False,1,False,1,False,35,6.736,
centripetal_force,0.02,11,3,False,1,False,1,False,35,6.592,
centripetal_force,0.02,12,3,False,1,False,1,False,35,6.304,
centripetal_force,0.02,13,3,False,1,False,1,False,35,6.264,
centripetal_force,0.02,14,3,False,1,False,1,False,35,6.417,
centripetal_force,0.02,15,3,False,1,False,1,False,35,6.222,
centripetal_force,0.02,16,3,False,1,False,1,False,35,6.389,
centripetal_force,0.02,17,3,False,1,False,1,False,35,6.217,
centripetal_force,0.02,18,3,False,1,False,1,False,35,6.21,
centripetal_force,0.02,19,3,False,1,False,1,False,35,6.652,
centripetal_force,0.02,20,3,False,1,False,1,False,35,6.034,
centripetal_force,0.02,21,3,False,1,False,1,False,35,6.293,
centripetal_force,0.02,22,3,False,1,False,1,False,35,6.086,
centripetal_force,0.02,23,3,False,1,False,1,False,35,6.468,
centripetal_force,0.02,24,3,False,1,False,1,False,35,6.234,
centripetal_force,0.02,25,3,False,1,False,1,False,35,5.994,
centripetal_force,0.02,26,3,False,1,False,1,False,35,6.138,
centripetal_force,0.02,27,3,False,1,False,1,False,35,6.07,
centripetal_force,0.02,28,3,False,1,False,1,False,35,6.335,
centripetal_force,0.02,29,3,False,1,False,1,False,35,6.341,
centripetal_force,0.05,0,3,False,1,False,1,False,35,5.945,
centripetal_force,0.05,1,3,False,1,False,1,False,35,5.698,
centripetal_force,0.05,2,3,False,1,False,1,False,35,5.902,
centripetal_force,0.05,3,3,False,1,False,1,False,35,5.925,
centripetal_force,0.05,4,3,False,1,False,1,False,35,5.703,
centripetal_force,0.05,5,3,False,1,False,1,False,35,5.549,
centripetal_force,0.05,6,3,False,1,False,1,False,35,6.418,
centripetal_force,0.05,7,3,False,1,False,1,False,35,6.799,
centripetal_force,0.05,8,3,False,1,False,1,False,35,6.949,
centripetal_force,0.05,9,3,False,1,False,1,False,35,6.603,
centripetal_force,0.05,10,3,False,1,False,1,False,35,7.029,
centripetal_force,0.05,11,3,False,1,False,1,False,35,6.691,
centripetal_force,0.05,12,3,False,1,False,1,False,35,6.664,
centripetal_force,0.05,13,3,False,1,False,1,False,35,6.483,
centripetal_force,0.05,14,3,False,1,False,1,False,35,6.557,
centripetal_force,0.05,15,3,False,1,False,1,False,35,7.317,
centripetal_force,0.05,16,3,False,1,False,1,False,35,7.704,
centripetal_force,0.05,17,3,False,1,False,1,False,35,7.603,
centripetal_force,0.05,18,3,False,1,False,1,False,35,6.987,
centripetal_force,0.05,19,3,False,1,False,1,False,35,6.977,
centripetal_force,0.05,20,3,False,1,False,1,False,35,7.185,
centripetal_force,0.05,21,3,False,1,False,1,False,35,7.099,
centripetal_force,0.05,22,3,False,1,False,1,False,35,7.221,
centripetal_force,0.05,23,3,False,1,False,1,False,35,7.255,
centripetal_force,0.05,24,3,False,1,False,1,False,35,7.225,
centripetal_force,0.05,25,3,False,1,False,1,False,35,7.166,
centripetal_force,0.05,26,3,False,1,False,1,False,35,7.368,
centripetal_force,0.05,27,3,False,1,False,1,False,35,7.2,
centripetal_force,0.05,28,3,False,1,False,1,False,35,7.118,
centripetal_force,0.05,29,3,False,1,False,1,False,35,7.397,
charge_force_toy,0.0,0,3,True,1,True,1,True,34,0.624,
charge_force_toy,0.0,1,3,True,1,True,1,True,34,0.659,
charge_force_toy,0.0,2,3,True,1,True,1,True,34,0.652,
charge_force_toy,0.0,3,3,True,1,True,1,True,34,0.682,
charge_force_toy,0.0,4,3,True,1,True,1,True,34,0.709,
charge_force_toy,0.0,5,3,True,1,True,1,True,34,0.668,
charge_force_toy,0.0,6,3,True,1,True,1,True,34,0.638,
charge_force_toy,0.0,7,3,True,1,True,1,True,34,0.677,
charge_force_toy,0.0,8,3,True,1,True,1,True,33,0.655,
charge_force_toy,0.0,9,3,True,1,True,1,True,34,0.739,
charge_force_toy,0.0,10,3,True,1,True,1,True,34,0.816,
charge_force_toy,0.0,11,3,True,1,True,1,True,34,0.778,
charge_force_toy,0.0,12,3,True,1,True,1,True,34,0.776,
charge_force_toy,0.0,13,3,True,1,True,1,True,34,0.789,
charge_force_toy,0.0,14,3,True,1,True,1,True,34,0.766,
charge_force_toy,0.0,15,3,True,1,True,1,True,34,0.741,
charge_force_toy,0.0,16,3,True,1,True,1,True,34,0.769,
charge_force_toy,0.0,17,3,True,1,True,1,True,34,0.767,
charge_force_toy,0.0,18,3,True,1,True,1,True,34,0.782,
charge_force_toy,0.0,19,3,True,1,True,1,True,34,0.825,
charge_force_toy,0.0,20,3,True,1,True,1,True,34,0.724,
charge_force_toy,0.0,21,3,True,1,True,1,True,34,0.792,
charge_force_toy,0.0,22,3,True,1,True,1,True,34,0.881,
charge_force_toy,0.0,23,3,True,1,True,1,True,34,0.834,
charge_force_toy,0.0,24,3,True,1,True,1,True,34,0.822,
charge_force_toy,0.0,25,3,True,1,True,1,True,34,0.801,
charge_force_toy,0.0,26,3,True,1,True,1,True,34,0.817,
charge_force_toy,0.0,27,3,True,1,True,1,True,34,0.796,
charge_force_toy,0.0,28,3,True,1,True,1,True,34,0.806,
charge_force_toy,0.0,29,3,True,1,True,1,True,34,0.737,
charge_force_toy,0.02,0,3,True,1,False,0,False,32,6.391,
charge_force_toy,0.02,1,3,True,1,False,0,False,33,6.932,
charge_force_toy,0.02,2,3,True,1,False,0,False,33,7.459,
charge_force_toy,0.02,3,3,True,1,False,0,False,32,7.394,
charge_force_toy,0.02,4,3,True,1,False,0,False,33,7.964,
charge_force_toy,0.02,5,3,True,1,False,0,False,33,7.745,
charge_force_toy,0.02,6,3,True,1,False,0,False,31,7.416,
charge_force_toy,0.02,7,3,True,1,False,0,False,34,7.96,
charge_force_toy,0.02,8,3,True,1,False,0,False,32,7.373,
charge_force_toy,0.02,9,3,True,1,False,0,False,33,7.902,
charge_force_toy,0.02,10,3,True,1,False,0,False,32,7.01,
charge_force_toy,0.02,11,3,True,1,False,0,False,32,5.934,
charge_force_toy,0.02,12,3,True,1,False,0,False,32,5.649,
charge_force_toy,0.02,13,3,True,1,False,0,False,32,5.358,
charge_force_toy,0.02,14,3,True,1,False,0,False,33,5.437,
charge_force_toy,0.02,15,3,True,1,False,0,False,32,4.941,
charge_force_toy,0.02,16,3,True,1,False,0,False,32,4.904,
charge_force_toy,0.02,17,3,True,1,False,0,False,33,5.372,
charge_force_toy,0.02,18,3,True,1,False,0,False,32,5.504,
charge_force_toy,0.02,19,3,True,1,False,0,False,33,5.074,
charge_force_toy,0.02,20,3,True,1,False,0,False,33,5.213,
charge_force_toy,0.02,21,3,True,1,False,0,False,33,5.044,
charge_force_toy,0.02,22,3,True,1,False,0,False,33,5.238,
charge_force_toy,0.02,23,3,True,1,False,0,False,33,5.164,
charge_force_toy,0.02,24,3,True,1,False,0,False,33,4.985,
charge_force_toy,0.02,25,3,True,1,False,0,False,34,5.3,
charge_force_toy,0.02,26,3,True,1,False,0,False,34,5.195,
charge_force_toy,0.02,27,3,True,1,False,0,False,32,5.058,
charge_force_toy,0.02,28,3,True,1,False,0,False,30,5.122,
charge_force_toy,0.02,29,3,True,1,False,0,False,34,4.802,
charge_force_toy,0.05,0,3,False,1,False,0,False,32,5.782,
charge_force_toy,0.05,1,3,False,1,False,0,False,32,5.908,
charge_force_toy,0.05,2,3,False,1,False,0,False,34,6.383,
charge_force_toy,0.05,3,3,False,1,False,0,False,31,5.859,
charge_force_toy,0.05,4,3,False,1,False,0,False,33,6.056,
charge_force_toy,0.05,5,3,False,1,False,0,False,31,5.804,
charge_force_toy,0.05,6,3,False,1,False,0,False,31,5.628,
charge_force_toy,0.05,7,3,False,1,False,0,False,33,6.275,
charge_force_toy,0.05,8,3,False,1,False,0,False,31,5.765,
charge_force_toy,0.05,9,3,False,1,False,0,False,31,6.126,
charge_force_toy,0.05,10,3,False,1,False,0,False,33,7.055,
charge_force_toy,0.05,11,3,False,1,False,0,False,32,6.994,
charge_force_toy,0.05,12,3,False,1,False,0,False,31,5.995,
charge_force_toy,0.05,13,3,False,1,False,0,False,32,5.785,
charge_force_toy,0.05,14,3,False,1,False,0,False,33,7.103,
charge_force_toy,0.05,15,3,False,1,False,0,False,34,7.147,
charge_force_toy,0.05,16,3,False,1,False,0,False,33,6.706,
charge_force_toy,0.05,17,3,False,1,False,0,False,33,6.411,
charge_force_toy,0.05,18,3,False,1,False,0,False,32,6.466,
charge_force_toy,0.05,19,3,False,1,False,0,False,33,6.866,
charge_force_toy,0.05,20,3,False,1,False,0,False,32,6.147,
charge_force_toy,0.05,21,3,False,1,False,0,False,33,7.451,
charge_force_toy,0.05,22,3,False,1,False,0,False,32,7.091,
charge_force_toy,0.05,23,3,False,1,False,0,False,32,8.318,
charge_force_toy,0.05,24,3,False,1,False,0,False,31,10.455,
charge_force_toy,0.05,25,3,False,1,False,0,False,31,8.116,
charge_force_toy,0.05,26,3,False,1,False,0,False,32,7.941,
charge_force_toy,0.05,27,3,False,1,False,0,False,31,7.752,
charge_force_toy,0.05,28,3,False,1,False,0,False,31,8.306,
charge_force_toy,0.05,29,3,False,1,False,0,False,34,8.488,
I.13.4,0.0,0,3,True,1,True,1,True,19,0.382,
I.13.4,0.0,1,3,True,1,True,1,True,19,0.39,
I.13.4,0.0,2,3,True,1,True,1,True,19,0.38,
I.13.4,0.0,3,3,True,1,True,1,True,19,0.369,
I.13.4,0.0,4,3,True,1,True,1,True,19,0.417,
I.13.4,0.0,5,3,True,1,True,1,True,19,0.382,
I.13.4,0.0,6,3,True,1,True,1,True,19,0.435,
I.13.4,0.0,7,3,True,1,True,1,True,19,0.424,
I.13.4,0.0,8,3,True,1,True,1,True,19,0.383,
I.13.4,0.0,9,3,True,1,True,1,True,18,0.409,
I.13.4,0.0,10,3,True,1,True,1,True,19,0.4,
I.13.4,0.0,11,3,True,1,True,1,True,19,0.349,
I.13.4,0.0,12,3,True,1,True,1,True,19,0.41,
I.13.4,0.0,13,3,True,1,True,1,True,19,0.403,
I.13.4,0.0,14,3,True,1,True,1,True,19,0.415,
I.13.4,0.0,15,3,True,1,True,1,True,18,0.405,
I.13.4,0.0,16,3,True,1,True,1,True,19,0.458,
I.13.4,0.0,17,3,True,1,True,1,True,19,0.42,
I.13.4,0.0,18,3,True,1,True,1,True,19,0.412,
I.13.4,0.0,19,3,True,1,True,1,True,19,0.412,
I.13.4,0.0,20,3,True,1,True,1,True,19,0.43,
I.13.4,0.0,21,3,True,1,True,1,True,19,0.447,
I.13.4,0.0,22,3,True,1,True,1,True,18,0.405,
I.13.4,0.0,23,3,True,1,True,1,True,19,0.468,
I.13.4,0.0,24,3,True,1,True,1,True,19,0.437,
I.13.4,0.0,25,3,True,1,True,1,True,19,0.422,
I.13.4,0.0,26,3,True,1,True,1,True,19,0.412,
I.13.4,0.0,27,3,True,1,True,1,True,18,0.434,
I.13.4,0.0,28,3,True,1,True,1,True,18,0.368,
I.13.4,0.0,29,3,True,1,True,1,True,19,0.437,
I.13.4,0.02,0,3,True,1,False,1,False,20,4.482,
I.13.4,0.02,1,3,True,1,False,1,False,20,4.071,
I.13.4,0.02,2,3,True,1,False,1,False,20,4.097,
I.13.4,0.02,3,3,True,1,False,1,False,19,4.101,
I.13.4,0.02,4,3,True,1,False,1,False,20,4.24,
I.13.4,0.02,5,3,True,1,False,1,False,19,3.847,
I.13.4,0.02,6,3,True,1,False,1,False,20,4.665,
I.13.4,0.02,7,3,True,1,False,1,False,20,3.88,
I.13.4,0.02,8,3,True,1,False,1,False,20,5.754,
I.13.4,0.02,9,3,True,1,False,1,False,19,4.278,
I.13.4,0.02,10,3,True,1,False,1,False,20,4.041,
I.13.4,0.02,11,3,True,1,False,1,False,19,4.29,
I.13.4,0.02,12,3,True,1,False,1,False,20,4.223,
I.13.4,0.02,13,3,True,1,False,1,False,19,4.406,
I.13.4,0.02,14,3,True,1,False,1,False,19,3.864,
I.13.4,0.02,15,3,True,1,False,1,False,20,4.495,
I.13.4,0.02,16,3,True,1,False,1,False,19,4.052,
I.13.4,0.02,17,3,True,1,False,1,False,20,3.982,
I.13.4,0.02,18,3,True,1,False,1,False,20,4.142,
I.13.4,0.02,19,3,True,1,False,1,False,20,4.33,
I.13.4,0.02,20,3,True,1,False,1,False,19,4.284,
I.13.4,0.02,21,3,True,1,False,1,False,20,4.565,
I.13.4,0.02,22,3,True,1,False,1,False,19,4.471,
I.13.4,0.02,23,3,True,1,False,1,False,20,4.67,
I.13.4,0.02,24,3,True,1,False,1,False,20,4.624,
I.13.4,0.02,25,3,True,1,False,1,False,20,4.541,
I.13.4,0.02,26,3,True,1,False,1,False,20,5.014,
I.13.4,0.02,27,3,True,1,False,1,False,20,4.61,
I.13.4,0.02,28,3,True,1,False,1,False,19,4.394,
I.13.4,0.02,29,3,True,1,False,1,False,20,3.963,
I.13.4,0.05,0,3,True,1,False,0,False,20,4.543,
I.13.4,0.05,1,3,True,1,False,0,False,20,3.03,
I.13.4,0.05,2,3,True,1,False,0,False,20,3.408,
I.13.4,0.05,3,3,True,1,False,0,False,19,3.361,
I.13.4,0.05,4,3,True,1,False,0,False,19,3.094,
I.13.4,0.05,5,3,True,1,False,0,False,20,3.519,
I.13.4,0.05,6,3,True,1,False,0,False,20,3.388,
I.13.4,0.05,7,3,True,1,False,0,False,20,3.267,
I.13.4,0.05,8,3,True,1,False,0,False,20,3.4,
I.13.4,0.05,9,3,True,1,False,0,False,20,3.209,
I.13.4,0.05,10,3,True,1,False,0,False,20,3.349,
I.13.4,0.05,11,3,True,1,False,0,False,20,3.33,
I.13.4,0.05,12,3,True,1,False,0,False,20,3.216,
I.13.4,0.05,13,3,True,1,False,0,False,20,3.427,
I.13.4,0.05,14,3,True,1,False,0,False,20,3.276,
I.13.4,0.05,15,3,True,1,False,1,False,20,3.434,
I.13.4,0.05,16,3,True,1,False,0,False,20,3.451,
I.13.4,0.05,17,3,True,1,False,0,False,20,3.127,
I.13.4,0.05,18,3,True,1,False,0,False,20,3.579,
I.13.4,0.05,19,3,True,1,False,0,False,19,3.232,
I.13.4,0.05,20,3,True,1,False,0,False,20,3.326,
I.13.4,0.05,21,3,True,1,False,1,False,20,3.213,
I.13.4,0.05,22,3,True,1,False,0,False,20,3.015,
I.13.4,0.05,23,3,True,1,False,0,False,20,3.378,
I.13.4,0.05,24,3,True,1,False,0,False,20,3.49,
I.13.4,0.05,25,3,True,1,False,0,False,20,4.051,
I.13.4,0.05,26,3,True,1,False,0,False,20,4.429,
I.13.4,0.05,27,3,True,1,False,0,False,20,4.041,
I.13.4,0.05,28,3,True,1,False,0,False,20,3.798,
I.13.4,0.05,29,3,True,1,False,0,False,20,4.013,
kinetic_energy_scaled,0.0,0,3,True,1,True,1,True,19,0.279,
kinetic_energy_scaled,0.0,1,3,True,1,True,1,True,19,0.236,
kinetic_energy_scaled,0.0,2,3,True,1,True,1,True,19,0.238,
kinetic_energy_scaled,0.0,3,3,True,1,True,1,True,19,0.247,
kinetic_energy_scaled,0.0,4,3,True,1,True,1,True,19,0.258,
kinetic_energy_scaled,0.0,5,3,True,1,True,1,True,19,0.236,
kinetic_energy_scaled,0.0,6,3,True,1,True,1,True,19,0.317,
kinetic_energy_scaled,0.0,7,3,True,1,True,1,True,19,0.297,
kinetic_energy_scaled,0.0,8,3,True,1,True,1,True,19,0.277,
kinetic_energy_scaled,0.0,9,3,True,1,True,1,True,18,0.243,
kinetic_energy_scaled,0.0,10,3,True,1,True,1,True,19,0.288,
kinetic_energy_scaled,0.0,11,3,True,1,True,1,True,19,0.197,
kinetic_energy_scaled,0.0,12,3,True,1,True,1,True,19,0.263,
kinetic_energy_scaled,0.0,13,3,True,1,True,1,True,19,0.275,
kinetic_energy_scaled,0.0,14,3,True,1,True,1,True,19,0.27,
kinetic_energy_scaled,0.0,15,3,True,1,True,1,True,18,0.247,
kinetic_energy_scaled,0.0,16,3,True,1,True,1,True,19,0.263,
kinetic_energy_scaled,0.0,17,3,True,1,True,1,True,19,0.288,
kinetic_energy_scaled,0.0,18,3,True,1,True,1,True,19,0.254,
kinetic_energy_scaled,0.0,19,3,True,1,True,1,True,19,0.244,
kinetic_energy_scaled,0.0,20,3,True,1,True,1,True,19,0.257,
kinetic_energy_scaled,0.0,21,3,True,1,True,1,True,19,0.315,
kinetic_energy_scaled,0.0,22,3,True,1,True,1,True,18,0.261,
kinetic_energy_scaled,0.0,23,3,True,1,True,1,True,19,0.292,
kinetic_energy_scaled,0.0,24,3,True,1,True,1,True,19,0.266,
kinetic_energy_scaled,0.0,25,3,True,1,True,1,True,19,0.265,
kinetic_energy_scaled,0.0,26,3,True,1,True,1,True,19,0.289,
kinetic_energy_scaled,0.0,27,3,True,1,True,1,True,18,0.258,
kinetic_energy_scaled,0.0,28,3,True,1,True,1,True,18,0.29,
kinetic_energy_scaled,0.0,29,3,True,1,True,1,True,19,0.291,
kinetic_energy_scaled,0.02,0,3,True,1,False,1,False,20,3.696,
kinetic_energy_scaled,0.02,1,3,True,1,False,1,False,20,3.231,
kinetic_energy_scaled,0.02,2,3,True,1,False,1,False,20,3.651,
kinetic_energy_scaled,0.02,3,3,True,1,False,1,False,19,3.468,
kinetic_energy_scaled,0.02,4,3,True,1,False,1,False,20,3.176,
kinetic_energy_scaled,0.02,5,3,True,1,False,1,False,19,2.993,
kinetic_energy_scaled,0.02,6,3,True,1,False,1,False,20,3.653,
kinetic_energy_scaled,0.02,7,3,True,1,False,1,False,20,3.088,
kinetic_energy_scaled,0.02,8,3,True,1,False,1,False,20,3.467,
kinetic_energy_scaled,0.02,9,3,True,1,False,1,False,19,3.308,
kinetic_energy_scaled,0.02,10,3,True,1,False,1,False,20,3.088,
kinetic_energy_scaled,0.02,11,3,True,1,False,1,False,19,3.216,
kinetic_energy_scaled,0.02,12,3,True,1,False,1,False,20,3.297,
kinetic_energy_scaled,0.02,13,3,True,1,False,1,False,19,3.543,
kinetic_energy_scaled,0.02,14,3,True,1,False,1,False,19,3.003,
kinetic_energy_scaled,0.02,15,3,True,1,False,1,False,20,3.787,
kinetic_energy_scaled,0.02,16,3,True,1,False,1,False,19,3.291,
kinetic_energy_scaled,0.02,17,3,True,1,False,1,False,20,3.338,
kinetic_energy_scaled,0.02,18,3,True,1,False,1,False,20,3.084,
kinetic_energy_scaled,0.02,19,3,True,1,False,1,False,20,3.296,
kinetic_energy_scaled,0.02,20,3,True,1,False,1,False,19,3.398,
kinetic_energy_scaled,0.02,21,3,True,1,False,1,False,20,3.504,
kinetic_energy_scaled,0.02,22,3,True,1,False,1,False,19,3.181,
kinetic_energy_scaled,0.02,23,3,True,1,False,1,False,20,3.429,
kinetic_energy_scaled,0.02,24,3,True,1,False,1,False,20,3.469,
kinetic_energy_scaled,0.02,25,3,True,1,False,1,False,20,3.548,
kinetic_energy_scaled,0.02,26,3,True,1,False,1,False,20,3.797,
kinetic_energy_scaled,0.02,27,3,True,1,False,1,False,20,3.576,
kinetic_energy_scaled,0.02,28,3,True,1,False,1,False,19,3.354,
kinetic_energy_scaled,0.02,29,3,True,1,False,1,False,20,3.44,
kinetic_energy_scaled,0.05,0,3,True,1,False,0,False,20,3.522,
kinetic_energy_scaled,0.05,1,3,True,1,False,0,False,20,3.402,
kinetic_energy_scaled,0.05,2,3,True,1,False,0,False,20,3.607,
kinetic_energy_scaled,0.05,3,3,True,1,False,0,False,19,3.802,
kinetic_energy_scaled,0.05,4,3,True,1,False,0,False,19,3.509,
kinetic_energy_scaled,0.05,5,3,True,1,False,0,False,20,3.839,
kinetic_energy_scaled,0.05,6,3,True,1,False,0,False,20,3.65,
kinetic_energy_scaled,0.05,7,3,True,1,False,0,False,20,3.871,
kinetic_energy_scaled,0.05,8,3,True,1,False,0,False,20,3.808,
kinetic_energy_scaled,0.05,9,3,True,1,False,0,False,20,3.385,
kinetic_energy_scaled,0.05,10,3,True,1,False,0,False,20,3.826,
kinetic_energy_scaled,0.05,11,3,True,1,False,0,False,20,3.442,
kinetic_energy_scaled,0.05,12,3,True,1,False,0,False,20,3.647,
kinetic_energy_scaled,0.05,13,3,True,1,False,0,False,20,3.56,
kinetic_energy_scaled,0.05,14,3,True,1,False,0,False,20,3.612,
kinetic_energy_scaled,0.05,15,3,True,1,False,1,False,20,3.733,
kinetic_energy_scaled,0.05,16,3,True,1,False,0,False,20,3.818,
kinetic_energy_scaled,0.05,17,3,True,1,False,0,False,20,3.376,
kinetic_energy_scaled,0.05,18,3,True,1,False,0,False,20,3.9,
kinetic_energy_scaled,0.05,19,3,True,1,False,0,False,19,3.663,
kinetic_energy_scaled,0.05,20,3,True,1,False,0,False,20,3.592,
kinetic_energy_scaled,0.05,21,3,True,1,False,1,False,20,3.612,
kinetic_energy_scaled,0.05,22,3,True,1,False,0,False,20,3.243,
kinetic_energy_scaled,0.05,23,3,True,1,False,0,False,20,3.683,
kinetic_energy_scaled,0.05,24,3,True,1,False,0,False,20,3.634,
kinetic_energy_scaled,0.05,25,3,True,1,False,0,False,20,3.506,
kinetic_energy_scaled,0.05,26,3,True,1,False,0,False,20,3.76,
kinetic_energy_scaled,0.05,27,3,True,1,False,0,False,20,3.746,
kinetic_energy_scaled,0.05,28,3,True,1,False,0,False,20,3.66,
kinetic_energy_scaled,0.05,29,3,True,1,False,0,False,20,3.825,
I.14.3,0.0,0,3,True,1,True,1,True,34,0.584,
I.14.3,0.0,1,3,True,1,True,1,True,34,0.57,
I.14.3,0.0,2,3,True,1,True,1,True,34,0.57,
I.14.3,0.0,3,3,True,1,True,1,True,34,0.608,
I.14.3,0.0,4,3,True,1,True,1,True,34,0.679,
I.14.3,0.0,5,3,True,1,True,1,True,34,0.592,
I.14.3,0.0,6,3,True,1,True,1,True,34,0.611,
I.14.3,0.0,7,3,True,1,True,1,True,34,0.569,
I.14.3,0.0,8,3,True,1,True,1,True,34,0.565,
I.14.3,0.0,9,3,True,1,True,1,True,34,0.612,
I.14.3,0.0,10,3,True,1,True,1,True,34,0.581,
I.14.3,0.0,11,3,True,1,True,1,True,34,0.563,
I.14.3,0.0,12,3,True,1,True,1,True,34,0.531,
I.14.3,0.0,13,3,True,1,True,1,True,34,0.551,
I.14.3,0.0,14,3,True,1,True,1,True,34,0.566,
I.14.3,0.0,15,3,True,1,True,1,True,34,0.574,
I.14.3,0.0,16,3,True,1,True,1,True,34,0.522,
I.14.3,0.0,17,3,True,1,True,1,True,34,0.584,
I.14.3,0.0,18,3,True,1,True,1,True,34,0.556,
I.14.3,0.0,19,3,True,1,True,1,True,34,0.611,
I.14.3,0.0,20,3,True,1,True,1,True,34,0.548,
I.14.3,0.0,21,3,True,1,True,1,True,34,0.56,
I.14.3,0.0,22,3,True,1,True,1,True,34,0.585,
I.14.3,0.0,23,3,True,1,True,1,True,34,0.624,
I.14.3,0.0,24,3,True,1,True,1,True,34,0.556,
I.14.3,0.0,25,3,True,1,True,1,True,34,0.57,
I.14.3,0.0,26,3,True,1,True,1,True,34,0.527,
I.14.3,0.0,27,3,True,1,True,1,True,34,0.542,
I.14.3,0.0,28,3,True,1,True,1,True,34,0.566,
I.14.3,0.0,29,3,True,1,True,1,True,34,0.592,
I.14.3,0.02,0,3,False,0,False,0,False,35,6.855,
I.14.3,0.02,1,3,False,0,False,0,False,35,6.766,
I.14.3,0.02,2,3,False,0,False,0,False,35,6.309,
I.14.3,0.02,3,3,False,0,False,0,False,35,6.493,
I.14.3,0.02,4,3,False,0,False,0,False,35,6.061,
I.14.3,0.02,5,3,False,0,False,0,False,35,6.092,
I.14.3,0.02,6,3,False,0,False,0,False,35,5.994,
I.14.3,0.02,7,3,False,0,False,0,False,35,6.123,
I.14.3,0.02,8,3,False,0,False,0,False,35,6.727,
I.14.3,0.02,9,3,False,0,False,0,False,35,6.777,
I.14.3,0.02,10,3,False,1,False,0,False,35,6.781,
I.14.3,0.02,11,3,False,0,False,0,False,35,6.889,
I.14.3,0.02,12,3,False,0,False,0,False,35,6.484,
I.14.3,0.02,13,3,False,0,False,0,False,35,6.654,
I.14.3,0.02,14,3,False,0,False,0,False,35,6.467,
I.14.3,0.02,15,3,False,0,False,0,False,35,6.573,
I.14.3,0.02,16,3,False,0,False,0,False,35,6.173,
I.14.3,0.02,17,3,False,0,False,0,False,35,6.202,
I.14.3,0.02,18,3,False,0,False,0,False,35,6.419,
I.14.3,0.02,19,3,False,0,False,0,False,35,6.687,
I.14.3,0.02,20,3,False,0,False,0,False,35,6.274,
I.14.3,0.02,21,3,False,0,False,0,False,35,6.182,
I.14.3,0.02,22,3,False,0,False,0,False,35,6.259,
I.14.3,0.02,23,3,False,0,False,0,False,35,5.896,
I.14.3,0.02,24,3,False,1,False,0,False,35,6.366,
I.14.3,0.02,25,3,False,0,False,0,False,35,5.988,
I.14.3,0.02,26,3,False,0,False,0,False,35,5.989,
I.14.3,0.02,27,3,False,0,False,0,False,35,6.088,
I.14.3,0.02,28,3,False,0,False,0,False,35,5.934,
I.14.3,0.02,29,3,False,0,False,0,False,35,6.047,
I.14.3,0.05,0,3,False,1,False,1,False,35,5.405,
I.14.3,0.05,1,3,False,1,False,0,False,35,5.97,
I.14.3,0.05,2,3,False,1,False,0,False,35,5.837,
I.14.3,0.05,3,3,False,1,False,0,False,35,6.197,
I.14.3,0.05,4,3,False,1,False,0,False,35,5.905,
I.14.3,0.05,5,3,False,1,False,0,False,35,6.111,
I.14.3,0.05,6,3,False,1,False,0,False,35,5.928,
I.14.3,0.05,7,3,False,1,False,1,False,35,5.329,
I.14.3,0.05,8,3,False,1,False,1,False,35,5.37,
I.14.3,0.05,9,3,False,1,False,0,False,35,6.224,
I.14.3,0.05,10,3,False,1,False,0,False,35,6.194,
I.14.3,0.05,11,3,False,1,False,0,False,35,5.99,
I.14.3,0.05,12,3,False,1,False,0,False,35,5.919,
I.14.3,0.05,13,3,False,1,False,0,False,35,5.946,
I.14.3,0.05,14,3,False,1,False,0,False,35,6.026,
I.14.3,0.05,15,3,False,1,False,0,False,35,5.863,
I.14.3,0.05,16,3,False,1,False,0,False,35,6.182,
I.14.3,0.05,17,3,False,1,False,0,False,35,6.021,
I.14.3,0.05,18,3,False,1,False,0,False,35,6.165,
I.14.3,0.05,19,3,False,1,False,0,False,35,6.154,
I.14.3,0.05,20,3,False,1,False,0,False,35,6.177,
I.14.3,0.05,21,3,False,1,False,0,False,35,6.053,
I.14.3,0.05,22,3,False,1,False,0,False,35,6.077,
I.14.3,0.05,23,3,False,1,False,0,False,35,5.863,
I.14.3,0.05,24,3,False,1,False,1,False,35,5.495,
I.14.3,0.05,25,3,False,1,False,0,False,35,5.621,
I.14.3,0.05,26,3,False,1,False,0,False,35,5.715,
I.14.3,0.05,27,3,False,1,False,0,False,35,6.115,
I.14.3,0.05,28,3,False,1,False,0,False,35,6.029,
I.14.3,0.05,29,3,False,1,False,0,False,35,5.751,
kinematics_position,0.0,0,3,True,1,True,1,True,33,0.826,
kinematics_position,0.0,1,3,True,1,True,1,True,33,0.782,
kinematics_position,0.0,2,3,True,1,True,1,True,33,0.915,
kinematics_position,0.0,3,3,True,1,True,1,True,33,0.842,
kinematics_position,0.0,4,3,True,1,True,1,True,33,0.765,
kinematics_position,0.0,5,3,True,1,True,1,True,33,0.827,
kinematics_position,0.0,6,3,True,1,True,1,True,33,0.745,
kinematics_position,0.0,7,3,True,1,True,1,True,33,0.778,
kinematics_position,0.0,8,3,True,1,True,1,True,33,0.752,
kinematics_position,0.0,9,3,True,1,True,1,True,33,0.819,
kinematics_position,0.0,10,3,True,1,True,1,True,33,0.806,
kinematics_position,0.0,11,3,True,1,True,1,True,33,0.759,
kinematics_position,0.0,12,3,True,1,True,1,True,33,0.785,
kinematics_position,0.0,13,3,True,1,True,1,True,33,0.704,
kinematics_position,0.0,14,3,True,1,True,1,True,33,0.772,
kinematics_position,0.0,15,3,True,1,True,1,True,33,0.725,
kinematics_position,0.0,16,3,True,1,True,1,True,33,0.818,
kinematics_position,0.0,17,3,True,1,True,1,True,33,0.723,
kinematics_position,0.0,18,3,True,1,True,1,True,33,0.867,
kinematics_position,0.0,19,3,True,1,True,1,True,33,0.861,
kinematics_position,0.0,20,3,True,1,True,1,True,33,0.762,
kinematics_position,0.0,21,3,True,1,True,1,True,33,0.779,
kinematics_position,0.0,22,3,True,1,True,1,True,33,0.779,
kinematics_position,0.0,23,3,True,1,True,1,True,33,0.786,
kinematics_position,0.0,24,3,True,1,True,1,True,33,0.923,
kinematics_position,0.0,25,3,True,1,True,1,True,33,0.773,
kinematics_position,0.0,26,3,True,1,True,1,True,33,0.779,
kinematics_position,0.0,27,3,True,1,True,1,True,33,0.77,
kinematics_position,0.0,28,3,True,1,True,1,True,33,0.721,
kinematics_position,0.0,29,3,True,1,True,1,True,33,0.787,
kinematics_position,0.02,0,3,True,1,False,0,False,35,12.984,
kinematics_position,0.02,1,3,True,1,False,0,False,35,13.223,
kinematics_position,0.02,2,3,True,1,False,0,False,35,11.621,
kinematics_position,0.02,3,3,True,1,False,0,False,35,11.49,
kinematics_position,0.02,4,3,True,1,False,0,False,35,13.35,
kinematics_position,0.02,5,3,True,1,False,0,False,35,11.846,
kinematics_position,0.02,6,3,True,1,False,0,False,35,12.801,
kinematics_position,0.02,7,3,True,1,False,0,False,35,13.329,
kinematics_position,0.02,8,3,True,1,False,0,False,35,13.552,
kinematics_position,0.02,9,3,True,1,False,0,False,35,11.88,
kinematics_position,0.02,10,3,True,1,False,0,False,35,12.494,
kinematics_position,0.02,11,3,True,1,False,0,False,35,13.545,
kinematics_position,0.02,12,3,True,1,False,0,False,35,13.142,
kinematics_position,0.02,13,3,True,1,False,0,False,35,13.278,
kinematics_position,0.02,14,3,True,1,False,0,False,35,13.109,
kinematics_position,0.02,15,3,True,1,False,0,False,35,13.485,
kinematics_position,0.02,16,3,True,1,False,0,False,35,14.051,
kinematics_position,0.02,17,3,True,1,False,0,False,35,12.836,
kinematics_position,0.02,18,3,True,1,False,0,False,35,12.353,
kinematics_position,0.02,19,3,True,1,False,0,False,35,13.36,
kinematics_position,0.02,20,3,True,1,False,0,False,35,13.754,
kinematics_position,0.02,21,3,True,1,False,0,False,35,13.529,
kinematics_position,0.02,22,3,True,1,False,0,False,35,13.609,
kinematics_position,0.02,23,3,True,1,False,0,False,35,14.224,
kinematics_position,0.02,24,3,True,1,False,0,False,35,11.796,
kinematics_position,0.02,25,3,True,1,False,0,False,35,13.273,
kinematics_position,0.02,26,3,True,1,False,0,False,35,13.492,
kinematics_position,0.02,27,3,True,1,False,0,False,35,12.762,
kinematics_position,0.02,28,3,True,1,False,0,False,35,13.953,
kinematics_position,0.02,29,3,True,1,False,0,False,35,13.029,
kinematics_position,0.05,0,3,False,1,False,1,False,35,7.785,
kinematics_position,0.05,1,3,False,1,False,1,False,35,8.014,
kinematics_position,0.05,2,3,False,1,False,1,False,35,7.467,
kinematics_position,0.05,3,3,False,1,False,0,False,35,6.656,
kinematics_position,0.05,4,3,False,1,False,1,False,35,7.926,
kinematics_position,0.05,5,3,False,1,False,1,False,35,7.178,
kinematics_position,0.05,6,3,False,1,False,1,False,35,7.818,
kinematics_position,0.05,7,3,False,1,False,1,False,35,8.231,
kinematics_position,0.05,8,3,False,1,False,1,False,35,8.799,
kinematics_position,0.05,9,3,False,1,False,1,False,35,7.642,
kinematics_position,0.05,10,3,False,1,False,1,False,35,7.614,
kinematics_position,0.05,11,3,False,1,False,1,False,35,9.037,
kinematics_position,0.05,12,3,False,1,False,1,False,35,8.536,
kinematics_position,0.05,13,3,False,1,False,0,False,35,8.655,
kinematics_position,0.05,14,3,False,1,False,0,False,35,8.18,
kinematics_position,0.05,15,3,False,1,False,1,False,35,8.07,
kinematics_position,0.05,16,3,False,1,False,0,False,35,7.699,
kinematics_position,0.05,17,3,False,1,False,1,False,35,6.83,
kinematics_position,0.05,18,3,False,1,False,0,False,35,6.562,
kinematics_position,0.05,19,3,False,1,False,0,False,35,7.28,
kinematics_position,0.05,20,3,False,1,False,0,False,35,7.375,
kinematics_position,0.05,21,3,False,1,False,0,False,35,7.661,
kinematics_position,0.05,22,3,False,1,False,1,False,35,7.698,
kinematics_position,0.05,23,3,False,1,False,1,False,35,8.109,
kinematics_position,0.05,24,3,False,1,False,1,False,35,6.436,
kinematics_position,0.05,25,3,False,1,False,1,False,35,7.798,
kinematics_position,0.05,26,3,False,1,False,1,False,35,7.927,
kinematics_position,0.05,27,3,False,1,False,1,False,35,6.874,
kinematics_position,0.05,28,3,False,1,False,0,False,35,7.998,
kinematics_position,0.05,29,3,False,1,False,1,False,35,7.867,
parallel_axis_theorem,0.0,0,3,True,1,True,1,True,33,0.78,
parallel_axis_theorem,0.0,1,3,True,1,True,1,True,33,0.747,
parallel_axis_theorem,0.0,2,3,True,1,True,1,True,33,0.723,
parallel_axis_theorem,0.0,3,3,True,1,True,1,True,33,0.672,
parallel_axis_theorem,0.0,4,3,True,1,True,1,True,33,0.684,
parallel_axis_theorem,0.0,5,3,True,1,True,1,True,33,0.691,
parallel_axis_theorem,0.0,6,3,True,1,True,1,True,33,0.706,
parallel_axis_theorem,0.0,7,3,True,1,True,1,True,33,0.733,
parallel_axis_theorem,0.0,8,3,True,1,True,1,True,33,0.762,
parallel_axis_theorem,0.0,9,3,True,1,True,1,True,33,0.716,
parallel_axis_theorem,0.0,10,3,True,1,True,1,True,33,0.699,
parallel_axis_theorem,0.0,11,3,True,1,True,1,True,33,0.725,
parallel_axis_theorem,0.0,12,3,True,1,True,1,True,33,0.712,
parallel_axis_theorem,0.0,13,3,True,1,True,1,True,32,0.73,
parallel_axis_theorem,0.0,14,3,True,1,True,1,True,33,0.744,
parallel_axis_theorem,0.0,15,3,True,1,True,1,True,33,0.678,
parallel_axis_theorem,0.0,16,3,True,1,True,1,True,33,0.701,
parallel_axis_theorem,0.0,17,3,True,1,True,1,True,33,0.722,
parallel_axis_theorem,0.0,18,3,True,1,True,1,True,33,0.865,
parallel_axis_theorem,0.0,19,3,True,1,True,1,True,33,0.756,
parallel_axis_theorem,0.0,20,3,True,1,True,1,True,33,0.684,
parallel_axis_theorem,0.0,21,3,True,1,True,1,True,33,0.653,
parallel_axis_theorem,0.0,22,3,True,1,True,1,True,33,0.695,
parallel_axis_theorem,0.0,23,3,True,1,True,1,True,33,0.757,
parallel_axis_theorem,0.0,24,3,True,1,True,1,True,33,0.715,
parallel_axis_theorem,0.0,25,3,True,1,True,1,True,33,0.709,
parallel_axis_theorem,0.0,26,3,True,1,True,1,True,33,0.685,
parallel_axis_theorem,0.0,27,3,True,1,True,1,True,33,0.71,
parallel_axis_theorem,0.0,28,3,True,1,True,1,True,33,0.735,
parallel_axis_theorem,0.0,29,3,True,1,True,1,True,33,0.731,
parallel_axis_theorem,0.02,0,3,False,1,False,1,False,35,6.457,
parallel_axis_theorem,0.02,1,3,False,1,False,1,False,35,6.372,
parallel_axis_theorem,0.02,2,3,False,1,False,1,False,35,6.327,
parallel_axis_theorem,0.02,3,3,False,1,False,1,False,35,6.134,
parallel_axis_theorem,0.02,4,3,False,1,False,1,False,35,6.267,
parallel_axis_theorem,0.02,5,3,False,1,False,1,False,35,6.621,
parallel_axis_theorem,0.02,6,3,False,1,False,1,False,35,6.051,
parallel_axis_theorem,0.02,7,3,False,1,False,1,False,35,6.523,
parallel_axis_theorem,0.02,8,3,False,1,False,1,False,35,6.392,
parallel_axis_theorem,0.02,9,3,False,1,False,1,False,35,6.528,
parallel_axis_theorem,0.02,10,3,False,1,False,1,False,35,6.104,
parallel_axis_theorem,0.02,11,3,False,1,False,1,False,34,6.148,
parallel_axis_theorem,0.02,12,3,False,1,False,1,False,35,6.215,
parallel_axis_theorem,0.02,13,3,False,1,False,1,False,35,6.198,
parallel_axis_theorem,0.02,14,3,False,1,False,1,False,34,6.323,
parallel_axis_theorem,0.02,15,3,False,1,False,1,False,35,6.094,
parallel_axis_theorem,0.02,16,3,False,1,False,1,False,35,6.394,
parallel_axis_theorem,0.02,17,3,False,1,False,1,False,34,6.037,
parallel_axis_theorem,0.02,18,3,False,1,False,1,False,35,6.465,
parallel_axis_theorem,0.02,19,3,False,1,False,1,False,35,5.943,
parallel_axis_theorem,0.02,20,3,False,1,False,1,False,35,6.293,
parallel_axis_theorem,0.02,21,3,False,1,False,1,False,35,6.19,
parallel_axis_theorem,0.02,22,3,False,1,False,1,False,35,6.211,
parallel_axis_theorem,0.02,23,3,False,1,False,1,False,35,6.174,
parallel_axis_theorem,0.02,24,3,False,1,False,1,False,35,6.263,
parallel_axis_theorem,0.02,25,3,False,1,False,1,False,35,6.575,
parallel_axis_theorem,0.02,26,3,False,1,False,1,False,35,6.471,
parallel_axis_theorem,0.02,27,3,False,1,False,1,False,35,6.541,
parallel_axis_theorem,0.02,28,3,False,1,False,1,False,35,6.084,
parallel_axis_theorem,0.02,29,3,False,1,False,1,False,35,6.138,
parallel_axis_theorem,0.05,0,3,False,1,False,1,False,35,6.044,
parallel_axis_theorem,0.05,1,3,False,1,False,1,False,35,5.513,
parallel_axis_theorem,0.05,2,3,False,1,False,1,False,35,5.641,
parallel_axis_theorem,0.05,3,3,False,1,False,1,False,35,5.428,
parallel_axis_theorem,0.05,4,3,False,1,False,1,False,35,5.697,
parallel_axis_theorem,0.05,5,3,False,1,False,1,False,35,6.014,
parallel_axis_theorem,0.05,6,3,False,1,False,1,False,35,6.001,
parallel_axis_theorem,0.05,7,3,False,1,False,1,False,35,5.857,
parallel_axis_theorem,0.05,8,3,False,1,False,1,False,35,5.777,
parallel_axis_theorem,0.05,9,3,False,1,False,1,False,35,5.9,
parallel_axis_theorem,0.05,10,3,False,1,False,1,False,35,5.522,
parallel_axis_theorem,0.05,11,3,False,1,False,1,False,35,5.922,
parallel_axis_theorem,0.05,12,3,False,1,False,1,False,35,5.647,
parallel_axis_theorem,0.05,13,3,False,1,False,1,False,35,5.757,
parallel_axis_theorem,0.05,14,3,False,1,False,1,False,35,5.754,
parallel_axis_theorem,0.05,15,3,False,1,False,1,False,35,5.755,
parallel_axis_theorem,0.05,16,3,False,1,False,1,False,35,5.72,
parallel_axis_theorem,0.05,17,3,False,1,False,1,False,35,5.571,
parallel_axis_theorem,0.05,18,3,False,1,False,1,False,35,5.836,
parallel_axis_theorem,0.05,19,3,False,1,False,1,False,35,5.639,
parallel_axis_theorem,0.05,20,3,False,1,False,1,False,35,5.673,
parallel_axis_theorem,0.05,21,3,False,1,False,1,False,35,5.802,
parallel_axis_theorem,0.05,22,3,False,1,False,1,False,35,5.906,
parallel_axis_theorem,0.05,23,3,False,1,False,1,False,35,5.943,
parallel_axis_theorem,0.05,24,3,False,1,False,1,False,35,5.819,
parallel_axis_theorem,0.05,25,3,False,1,False,1,False,35,5.687,
parallel_axis_theorem,0.05,26,3,False,1,False,1,False,35,5.539,
parallel_axis_theorem,0.05,27,3,False,1,False,1,False,35,6.201,
parallel_axis_theorem,0.05,28,3,False,1,False,1,False,35,5.836,
parallel_axis_theorem,0.05,29,3,False,1,False,1,False,35,5.816,
gravitational_pe_orbit,0.0,0,3,True,1,True,1,True,55,3.594,
gravitational_pe_orbit,0.0,1,3,True,1,True,1,True,55,3.447,
gravitational_pe_orbit,0.0,2,3,True,1,True,1,True,55,3.124,
gravitational_pe_orbit,0.0,3,3,True,1,True,1,True,55,3.16,
gravitational_pe_orbit,0.0,4,3,True,1,True,1,True,55,3.458,
gravitational_pe_orbit,0.0,5,3,True,1,True,1,True,55,3.01,
gravitational_pe_orbit,0.0,6,3,True,1,True,1,True,55,3.136,
gravitational_pe_orbit,0.0,7,3,True,1,True,1,True,55,3.278,
gravitational_pe_orbit,0.0,8,3,True,1,True,1,True,55,3.152,
gravitational_pe_orbit,0.0,9,3,True,1,True,1,True,55,3.009,
gravitational_pe_orbit,0.0,10,3,True,1,True,1,True,55,3.24,
gravitational_pe_orbit,0.0,11,3,True,1,True,1,True,55,3.433,
gravitational_pe_orbit,0.0,12,3,True,1,True,1,True,55,3.187,
gravitational_pe_orbit,0.0,13,3,True,1,True,1,True,55,3.113,
gravitational_pe_orbit,0.0,14,3,True,1,True,1,True,55,3.21,
gravitational_pe_orbit,0.0,15,3,True,1,True,1,True,55,3.074,
gravitational_pe_orbit,0.0,16,3,True,1,True,1,True,55,3.198,
gravitational_pe_orbit,0.0,17,3,True,1,True,1,True,55,3.145,
gravitational_pe_orbit,0.0,18,3,True,1,True,1,True,55,3.313,
gravitational_pe_orbit,0.0,19,3,True,1,True,1,True,55,3.279,
gravitational_pe_orbit,0.0,20,3,True,1,True,1,True,55,3.16,
gravitational_pe_orbit,0.0,21,3,True,1,True,1,True,55,3.097,
gravitational_pe_orbit,0.0,22,3,True,1,True,1,True,55,3.335,
gravitational_pe_orbit,0.0,23,3,True,1,True,1,True,55,3.326,
gravitational_pe_orbit,0.0,24,3,True,1,True,1,True,55,3.165,
gravitational_pe_orbit,0.0,25,3,True,1,True,1,True,55,3.051,
gravitational_pe_orbit,0.0,26,3,True,1,True,1,True,55,3.652,
gravitational_pe_orbit,0.0,27,3,True,1,True,1,True,55,3.31,
gravitational_pe_orbit,0.0,28,3,True,1,True,1,True,55,3.457,
gravitational_pe_orbit,0.0,29,3,True,1,True,1,True,55,3.338,
gravitational_pe_orbit,0.02,0,3,False,1,False,0,False,56,14.353,
gravitational_pe_orbit,0.02,1,3,False,1,False,0,False,56,13.61,
gravitational_pe_orbit,0.02,2,3,False,1,False,0,False,56,14.662,
gravitational_pe_orbit,0.02,3,3,False,1,False,0,False,56,13.967,
gravitational_pe_orbit,0.02,4,3,False,1,False,0,False,56,14.568,
gravitational_pe_orbit,0.02,5,3,False,1,False,0,False,56,14.166,
gravitational_pe_orbit,0.02,6,3,False,1,False,0,False,56,14.892,
gravitational_pe_orbit,0.02,7,3,False,1,False,0,False,56,14.268,
gravitational_pe_orbit,0.02,8,3,False,1,False,0,False,56,15.728,
gravitational_pe_orbit,0.02,9,3,False,1,False,0,False,56,13.695,
gravitational_pe_orbit,0.02,10,3,False,1,False,0,False,56,13.541,
gravitational_pe_orbit,0.02,11,3,False,1,False,0,False,56,14.306,
gravitational_pe_orbit,0.02,12,3,False,1,False,0,False,56,13.016,
gravitational_pe_orbit,0.02,13,3,False,1,False,0,False,56,13.51,
gravitational_pe_orbit,0.02,14,3,False,1,False,0,False,56,13.926,
gravitational_pe_orbit,0.02,15,3,False,1,False,0,False,56,14.079,
gravitational_pe_orbit,0.02,16,3,False,1,False,0,False,56,14.062,
gravitational_pe_orbit,0.02,17,3,False,1,False,0,False,56,13.654,
gravitational_pe_orbit,0.02,18,3,False,1,False,0,False,56,13.337,
gravitational_pe_orbit,0.02,19,3,False,1,False,0,False,56,13.861,
gravitational_pe_orbit,0.02,20,3,False,1,False,0,False,56,13.256,
gravitational_pe_orbit,0.02,21,3,False,1,False,0,False,56,13.165,
gravitational_pe_orbit,0.02,22,3,False,1,False,0,False,56,13.515,
gravitational_pe_orbit,0.02,23,3,False,1,False,0,False,56,14.012,
gravitational_pe_orbit,0.02,24,3,False,1,False,0,False,56,14.453,
gravitational_pe_orbit,0.02,25,3,False,1,False,0,False,56,14.16,
gravitational_pe_orbit,0.02,26,3,False,1,False,0,False,56,14.173,
gravitational_pe_orbit,0.02,27,3,False,1,False,0,False,56,13.914,
gravitational_pe_orbit,0.02,28,3,False,1,False,0,False,56,13.911,
gravitational_pe_orbit,0.02,29,3,False,1,False,0,False,56,14.421,
gravitational_pe_orbit,0.05,0,3,False,1,False,0,False,56,12.663,
gravitational_pe_orbit,0.05,1,3,False,1,False,0,False,56,12.741,
gravitational_pe_orbit,0.05,2,3,False,1,False,0,False,56,13.228,
gravitational_pe_orbit,0.05,3,3,False,1,False,0,False,56,13.251,
gravitational_pe_orbit,0.05,4,3,False,1,False,0,False,56,13.313,
gravitational_pe_orbit,0.05,5,3,False,1,False,0,False,56,11.766,
gravitational_pe_orbit,0.05,6,3,False,1,False,0,False,56,13.518,
gravitational_pe_orbit,0.05,7,3,False,1,False,0,False,56,12.669,
gravitational_pe_orbit,0.05,8,3,False,1,False,0,False,56,12.504,
gravitational_pe_orbit,0.05,9,3,False,1,False,0,False,56,13.492,
gravitational_pe_orbit,0.05,10,3,False,1,False,0,False,56,13.464,
gravitational_pe_orbit,0.05,11,3,False,1,False,0,False,56,13.435,
gravitational_pe_orbit,0.05,12,3,False,1,False,0,False,56,12.985,
gravitational_pe_orbit,0.05,13,3,False,1,False,0,False,56,13.135,
gravitational_pe_orbit,0.05,14,3,False,1,False,0,False,55,12.391,
gravitational_pe_orbit,0.05,15,3,False,1,False,0,False,56,13.083,
gravitational_pe_orbit,0.05,16,3,False,1,False,0,False,56,13.079,
gravitational_pe_orbit,0.05,17,3,False,1,False,0,False,56,13.343,
gravitational_pe_orbit,0.05,18,3,False,1,False,0,False,56,12.606,
gravitational_pe_orbit,0.05,19,3,False,1,False,0,False,55,13.385,
gravitational_pe_orbit,0.05,20,3,False,1,False,0,False,55,12.818,
gravitational_pe_orbit,0.05,21,3,False,1,False,0,False,56,12.905,
gravitational_pe_orbit,0.05,22,3,False,1,False,0,False,56,14.528,
gravitational_pe_orbit,0.05,23,3,False,1,False,0,False,56,13.485,
gravitational_pe_orbit,0.05,24,3,False,1,False,0,False,55,12.746,
gravitational_pe_orbit,0.05,25,3,False,1,False,0,False,55,13.341,
gravitational_pe_orbit,0.05,26,3,False,1,False,0,False,56,14.412,
gravitational_pe_orbit,0.05,27,3,False,1,False,0,False,56,12.659,
gravitational_pe_orbit,0.05,28,3,False,1,False,0,False,56,12.313,
gravitational_pe_orbit,0.05,29,3,False,1,False,0,False,55,12.58,
algebraic_cubic_toy,0.0,0,3,True,1,True,1,True,4,0.45,
algebraic_cubic_toy,0.0,1,3,True,1,True,1,True,4,0.405,
algebraic_cubic_toy,0.0,2,3,True,1,True,1,True,3,0.397,
algebraic_cubic_toy,0.0,3,3,True,1,True,1,True,3,0.53,
algebraic_cubic_toy,0.0,4,3,True,1,True,1,True,3,0.419,
algebraic_cubic_toy,0.0,5,3,True,1,True,1,True,3,0.424,
algebraic_cubic_toy,0.0,6,3,True,1,True,1,True,3,0.413,
algebraic_cubic_toy,0.0,7,3,True,1,True,1,True,4,0.39,
algebraic_cubic_toy,0.0,8,3,True,1,True,1,True,3,0.412,
algebraic_cubic_toy,0.0,9,3,True,1,True,1,True,3,0.407,
algebraic_cubic_toy,0.0,10,3,True,1,True,1,True,3,0.401,
algebraic_cubic_toy,0.0,11,3,True,1,True,1,True,4,0.396,
algebraic_cubic_toy,0.0,12,3,True,1,True,1,True,3,0.401,
algebraic_cubic_toy,0.0,13,3,True,1,True,1,True,4,0.395,
algebraic_cubic_toy,0.0,14,3,True,1,True,1,True,4,0.4,
algebraic_cubic_toy,0.0,15,3,True,1,True,1,True,4,0.381,
algebraic_cubic_toy,0.0,16,3,True,1,True,1,True,4,0.409,
algebraic_cubic_toy,0.0,17,3,True,1,True,1,True,4,0.389,
algebraic_cubic_toy,0.0,18,3,True,1,True,1,True,3,0.412,
algebraic_cubic_toy,0.0,19,3,True,1,True,1,True,3,0.374,
algebraic_cubic_toy,0.0,20,3,True,1,True,1,True,3,0.395,
algebraic_cubic_toy,0.0,21,3,True,1,True,1,True,3,0.397,
algebraic_cubic_toy,0.0,22,3,True,1,True,1,True,3,0.385,
algebraic_cubic_toy,0.0,23,3,True,1,True,1,True,3,0.402,
algebraic_cubic_toy,0.0,24,3,True,1,True,1,True,3,0.402,
algebraic_cubic_toy,0.0,25,3,True,1,True,1,True,3,0.41,
algebraic_cubic_toy,0.0,26,3,True,1,True,1,True,3,0.387,
algebraic_cubic_toy,0.0,27,3,True,1,True,1,True,4,0.384,
algebraic_cubic_toy,0.0,28,3,True,1,True,1,True,4,0.383,
algebraic_cubic_toy,0.0,29,3,True,1,True,1,True,3,0.397,
algebraic_cubic_toy,0.02,0,3,True,1,False,1,False,10,2.673,
algebraic_cubic_toy,0.02,1,3,True,1,False,1,False,10,2.482,
algebraic_cubic_toy,0.02,2,3,True,1,False,1,False,10,2.391,
algebraic_cubic_toy,0.02,3,3,True,1,False,1,False,10,2.392,
algebraic_cubic_toy,0.02,4,3,True,1,False,1,False,9,2.466,
algebraic_cubic_toy,0.02,5,3,True,1,False,1,False,9,2.224,
algebraic_cubic_toy,0.02,6,3,True,1,False,1,False,9,2.238,
algebraic_cubic_toy,0.02,7,3,True,1,False,1,False,10,2.436,
algebraic_cubic_toy,0.02,8,3,True,1,False,1,False,10,2.486,
algebraic_cubic_toy,0.02,9,3,True,1,False,1,False,10,2.503,
algebraic_cubic_toy,0.02,10,3,True,1,False,1,False,10,2.482,
algebraic_cubic_toy,0.02,11,3,True,1,False,1,False,10,2.482,
algebraic_cubic_toy,0.02,12,3,True,1,False,1,False,10,2.412,
algebraic_cubic_toy,0.02,13,3,True,1,False,1,False,10,2.506,
algebraic_cubic_toy,0.02,14,3,True,1,False,1,False,10,2.396,
algebraic_cubic_toy,0.02,15,3,True,1,False,1,False,10,2.384,
algebraic_cubic_toy,0.02,16,3,True,1,False,1,False,9,2.397,
algebraic_cubic_toy,0.02,17,3,True,1,False,1,False,10,2.342,
algebraic_cubic_toy,0.02,18,3,True,1,False,1,False,10,2.283,
algebraic_cubic_toy,0.02,19,3,True,1,False,1,False,9,2.34,
algebraic_cubic_toy,0.02,20,3,True,1,False,1,False,9,2.329,
algebraic_cubic_toy,0.02,21,3,True,1,False,1,False,10,2.471,
algebraic_cubic_toy,0.02,22,3,True,1,False,1,False,10,2.478,
algebraic_cubic_toy,0.02,23,3,True,1,False,1,False,9,2.155,
algebraic_cubic_toy,0.02,24,3,True,1,False,1,False,9,2.411,
algebraic_cubic_toy,0.02,25,3,True,1,False,1,False,10,2.376,
algebraic_cubic_toy,0.02,26,3,True,1,False,1,False,9,2.331,
algebraic_cubic_toy,0.02,27,3,True,1,False,1,False,10,2.532,
algebraic_cubic_toy,0.02,28,3,True,1,False,1,False,10,2.36,
algebraic_cubic_toy,0.02,29,3,True,1,False,1,False,9,2.205,
algebraic_cubic_toy,0.05,0,3,False,1,False,1,False,9,2.066,
algebraic_cubic_toy,0.05,1,3,False,1,False,1,False,9,1.824,
algebraic_cubic_toy,0.05,2,3,False,1,False,1,False,10,2.573,
algebraic_cubic_toy,0.05,3,3,False,1,False,1,False,10,1.864,
algebraic_cubic_toy,0.05,4,3,False,1,False,1,False,10,2.026,
algebraic_cubic_toy,0.05,5,3,False,1,False,1,False,10,1.836,
algebraic_cubic_toy,0.05,6,3,False,1,False,1,False,10,1.849,
algebraic_cubic_toy,0.05,7,3,False,1,False,1,False,10,1.894,
algebraic_cubic_toy,0.05,8,3,False,1,False,1,False,10,2.502,
algebraic_cubic_toy,0.05,9,3,False,1,False,1,False,9,1.701,
algebraic_cubic_toy,0.05,10,3,False,1,False,1,False,10,1.852,
algebraic_cubic_toy,0.05,11,3,False,1,False,1,False,10,1.801,
algebraic_cubic_toy,0.05,12,3,False,1,False,1,False,10,1.935,
algebraic_cubic_toy,0.05,13,3,False,1,False,1,False,9,1.791,
algebraic_cubic_toy,0.05,14,3,False,1,False,1,False,10,1.848,
algebraic_cubic_toy,0.05,15,3,False,1,False,1,False,10,1.802,
algebraic_cubic_toy,0.05,16,3,False,1,False,1,False,10,1.851,
algebraic_cubic_toy,0.05,17,3,False,1,False,1,False,10,1.957,
algebraic_cubic_toy,0.05,18,3,False,1,False,1,False,10,1.835,
algebraic_cubic_toy,0.05,19,3,False,1,False,1,False,10,1.918,
algebraic_cubic_toy,0.05,20,3,False,1,False,1,False,10,1.854,
algebraic_cubic_toy,0.05,21,3,False,1,False,1,False,10,2.005,
algebraic_cubic_toy,0.05,22,3,False,1,False,1,False,10,1.877,
algebraic_cubic_toy,0.05,23,3,False,1,False,1,False,10,1.875,
algebraic_cubic_toy,0.05,24,3,False,1,False,1,False,10,1.827,
algebraic_cubic_toy,0.05,25,3,False,1,False,1,False,10,1.935,
algebraic_cubic_toy,0.05,26,3,False,1,False,1,False,10,1.891,
algebraic_cubic_toy,0.05,27,3,False,1,False,1,False,10,1.868,
algebraic_cubic_toy,0.05,28,3,False,1,False,1,False,10,1.906,
algebraic_cubic_toy,0.05,29,3,False,1,False,1,False,10,1.902,
polarization_correction,0.0,0,3,True,1,True,1,True,54,3.358,
polarization_correction,0.0,1,3,True,1,True,1,True,54,3.382,
polarization_correction,0.0,2,3,True,1,True,1,True,54,3.429,
polarization_correction,0.0,3,3,True,1,True,1,True,54,3.713,
polarization_correction,0.0,4,3,True,1,True,1,True,54,3.505,
polarization_correction,0.0,5,3,True,1,True,1,True,54,3.65,
polarization_correction,0.0,6,3,True,1,True,1,True,54,3.488,
polarization_correction,0.0,7,3,True,1,True,1,True,54,3.286,
polarization_correction,0.0,8,3,True,1,True,1,True,54,3.389,
polarization_correction,0.0,9,3,True,1,True,1,True,54,3.564,
polarization_correction,0.0,10,3,True,1,True,1,True,54,3.536,
polarization_correction,0.0,11,3,True,1,True,1,True,54,3.478,
polarization_correction,0.0,12,3,True,1,True,1,True,54,3.406,
polarization_correction,0.0,13,3,True,1,True,1,True,54,3.41,
polarization_correction,0.0,14,3,True,1,True,1,True,54,3.488,
polarization_correction,0.0,15,3,True,1,True,1,True,54,3.326,
polarization_correction,0.0,16,3,True,1,True,1,True,54,3.221,
polarization_correction,0.0,17,3,True,1,True,1,True,54,3.674,
polarization_correction,0.0,18,3,True,1,True,1,True,54,3.536,
polarization_correction,0.0,19,3,True,1,True,1,True,54,3.293,
polarization_correction,0.0,20,3,True,1,True,1,True,54,3.319,
polarization_correction,0.0,21,3,True,1,True,1,True,54,3.055,
polarization_correction,0.0,22,3,True,1,True,1,True,54,3.198,
polarization_correction,0.0,23,3,True,1,True,1,True,54,3.581,
polarization_correction,0.0,24,3,True,1,True,1,True,54,3.654,
polarization_correction,0.0,25,3,True,1,True,1,True,54,3.312,
polarization_correction,0.0,26,3,True,1,True,1,True,54,3.335,
polarization_correction,0.0,27,3,True,1,True,1,True,54,3.272,
polarization_correction,0.0,28,3,True,1,True,1,True,54,3.205,
polarization_correction,0.0,29,3,True,1,True,1,True,54,3.45,
polarization_correction,0.02,0,3,False,1,False,1,False,56,16.214,
polarization_correction,0.02,1,3,False,1,False,1,False,56,16.814,
polarization_correction,0.02,2,3,False,1,False,1,False,56,19.129,
polarization_correction,0.02,3,3,False,1,False,1,False,56,18.251,
polarization_correction,0.02,4,3,False,1,False,1,False,56,15.968,
polarization_correction,0.02,5,3,False,1,False,1,False,56,18.124,
polarization_correction,0.02,6,3,False,1,False,1,False,56,17.921,
polarization_correction,0.02,7,3,False,1,False,1,False,56,17.036,
polarization_correction,0.02,8,3,False,1,False,1,False,56,16.091,
polarization_correction,0.02,9,3,False,1,False,1,False,56,16.905,
polarization_correction,0.02,10,3,False,1,False,1,False,56,15.913,
polarization_correction,0.02,11,3,False,1,False,1,False,56,17.52,
polarization_correction,0.02,12,3,False,0,False,1,False,56,16.442,
polarization_correction,0.02,13,3,False,1,False,1,False,56,16.228,
polarization_correction,0.02,14,3,False,1,False,1,False,56,18.013,
polarization_correction,0.02,15,3,False,1,False,1,False,56,17.855,
polarization_correction,0.02,16,3,False,1,False,1,False,56,15.638,
polarization_correction,0.02,17,3,False,1,False,1,False,56,17.419,
polarization_correction,0.02,18,3,False,1,False,1,False,56,17.168,
polarization_correction,0.02,19,3,False,1,False,1,False,56,16.771,
polarization_correction,0.02,20,3,False,1,False,1,False,56,17.544,
polarization_correction,0.02,21,3,False,1,False,1,False,56,17.374,
polarization_correction,0.02,22,3,False,1,False,1,False,56,17.389,
polarization_correction,0.02,23,3,False,1,False,1,False,56,16.682,
polarization_correction,0.02,24,3,False,1,False,1,False,56,17.344,
polarization_correction,0.02,25,3,False,1,False,1,False,56,17.182,
polarization_correction,0.02,26,3,False,1,False,1,False,56,15.957,
polarization_correction,0.02,27,3,False,1,False,1,False,56,16.131,
polarization_correction,0.02,28,3,False,1,False,1,False,56,18.939,
polarization_correction,0.02,29,3,False,1,False,1,False,56,17.588,
polarization_correction,0.05,0,3,False,1,False,1,False,56,14.3,
polarization_correction,0.05,1,3,False,1,False,1,False,56,15.269,
polarization_correction,0.05,2,3,False,1,False,1,False,56,16.414,
polarization_correction,0.05,3,3,False,1,False,1,False,56,15.633,
polarization_correction,0.05,4,3,False,1,False,1,False,56,14.957,
polarization_correction,0.05,5,3,False,1,False,1,False,56,16.881,
polarization_correction,0.05,6,3,False,1,False,1,False,56,16.004,
polarization_correction,0.05,7,3,False,1,False,1,False,56,14.52,
polarization_correction,0.05,8,3,False,1,False,1,False,56,14.098,
polarization_correction,0.05,9,3,False,1,False,1,False,56,15.76,
polarization_correction,0.05,10,3,False,1,False,1,False,56,15.4,
polarization_correction,0.05,11,3,False,1,False,1,False,56,15.082,
polarization_correction,0.05,12,3,False,1,False,1,False,56,15.589,
polarization_correction,0.05,13,3,False,1,False,1,False,56,14.592,
polarization_correction,0.05,14,3,False,1,False,1,False,56,15.629,
polarization_correction,0.05,15,3,False,1,False,1,False,56,14.89,
polarization_correction,0.05,16,3,False,1,False,1,False,56,14.088,
polarization_correction,0.05,17,3,False,1,False,1,False,56,15.676,
polarization_correction,0.05,18,3,False,1,False,1,False,56,14.822,
polarization_correction,0.05,19,3,False,1,False,1,False,56,14.743,
polarization_correction,0.05,20,3,False,1,False,1,False,56,15.691,
polarization_correction,0.05,21,3,False,1,False,1,False,56,16.46,
polarization_correction,0.05,22,3,False,1,False,1,False,56,15.186,
polarization_correction,0.05,23,3,False,1,False,1,False,56,14.841,
polarization_correction,0.05,24,3,False,1,False,1,False,56,14.786,
polarization_correction,0.05,25,3,False,1,False,1,False,56,15.027,
polarization_correction,0.05,26,3,False,1,False,1,False,56,14.722,
polarization_correction,0.05,27,3,False,1,False,1,False,56,15.198,
polarization_correction,0.05,28,3,False,1,False,1,False,56,16.032,
polarization_correction,0.05,29,3,False,1,False,1,False,56,14.804,
I.43.31,0.0,0,3,True,1,True,1,True,34,0.775,
I.43.31,0.0,1,3,True,1,True,1,True,34,0.681,
I.43.31,0.0,2,3,True,1,True,1,True,34,0.712,
I.43.31,0.0,3,3,True,1,True,1,True,34,0.73,
I.43.31,0.0,4,3,True,1,True,1,True,34,0.759,
I.43.31,0.0,5,3,True,1,True,1,True,34,0.741,
I.43.31,0.0,6,3,True,1,True,1,True,34,0.933,
I.43.31,0.0,7,3,True,1,True,1,True,34,0.709,
I.43.31,0.0,8,3,True,1,True,1,True,34,0.745,
I.43.31,0.0,9,3,True,1,True,1,True,34,0.716,
I.43.31,0.0,10,3,True,1,True,1,True,34,0.748,
I.43.31,0.0,11,3,True,1,True,1,True,34,0.802,
I.43.31,0.0,12,3,True,1,True,1,True,34,0.724,
I.43.31,0.0,13,3,True,1,True,1,True,34,0.74,
I.43.31,0.0,14,3,True,1,True,1,True,34,0.684,
I.43.31,0.0,15,3,True,1,True,1,True,34,0.716,
I.43.31,0.0,16,3,True,1,True,1,True,34,0.739,
I.43.31,0.0,17,3,True,1,True,1,True,34,0.743,
I.43.31,0.0,18,3,True,1,True,1,True,34,0.748,
I.43.31,0.0,19,3,True,1,True,1,True,34,0.806,
I.43.31,0.0,20,3,True,1,True,1,True,33,0.764,
I.43.31,0.0,21,3,True,1,True,1,True,34,0.784,
I.43.31,0.0,22,3,True,1,True,1,True,34,0.722,
I.43.31,0.0,23,3,True,1,True,1,True,34,0.698,
I.43.31,0.0,24,3,True,1,True,1,True,34,0.687,
I.43.31,0.0,25,3,True,1,True,1,True,34,0.742,
I.43.31,0.0,26,3,True,1,True,1,True,34,0.732,
I.43.31,0.0,27,3,True,1,True,1,True,34,0.643,
I.43.31,0.0,28,3,True,1,True,1,True,34,0.723,
I.43.31,0.0,29,3,True,1,True,1,True,34,0.753,
I.43.31,0.02,0,3,False,1,False,0,False,35,7.662,
I.43.31,0.02,1,3,False,1,False,0,False,35,7.274,
I.43.31,0.02,2,3,False,1,False,0,False,35,7.591,
I.43.31,0.02,3,3,False,1,False,0,False,35,7.687,
I.43.31,0.02,4,3,False,1,False,0,False,35,7.757,
I.43.31,0.02,5,3,False,1,False,0,False,35,7.374,
I.43.31,0.02,6,3,False,1,False,0,False,35,7.891,
I.43.31,0.02,7,3,False,1,False,0,False,35,7.587,
I.43.31,0.02,8,3,False,1,False,0,False,35,7.935,
I.43.31,0.02,9,3,False,1,False,0,False,35,6.994,
I.43.31,0.02,10,3,False,1,False,0,False,35,7.403,
I.43.31,0.02,11,3,False,1,False,0,False,35,7.319,
I.43.31,0.02,12,3,False,1,False,0,False,35,7.172,
I.43.31,0.02,13,3,False,1,False,0,False,35,7.262,
I.43.31,0.02,14,3,False,1,False,0,False,35,7.788,
I.43.31,0.02,15,3,False,1,False,0,False,35,7.11,
I.43.31,0.02,16,3,False,1,False,0,False,35,7.405,
I.43.31,0.02,17,3,False,1,False,0,False,35,7.285,
I.43.31,0.02,18,3,False,1,False,0,False,35,7.759,
I.43.31,0.02,19,3,False,1,False,0,False,35,7.704,
I.43.31,0.02,20,3,False,1,False,0,False,35,7.423,
I.43.31,0.02,21,3,False,1,False,0,False,35,7.972,
I.43.31,0.02,22,3,False,1,False,0,False,35,7.782,
I.43.31,0.02,23,3,False,1,False,0,False,35,7.419,
I.43.31,0.02,24,3,False,1,False,0,False,35,7.628,
I.43.31,0.02,25,3,False,1,False,0,False,35,7.182,
I.43.31,0.02,26,3,False,1,False,0,False,35,7.221,
I.43.31,0.02,27,3,False,1,False,0,False,35,7.837,
I.43.31,0.02,28,3,False,1,False,0,False,35,7.668,
I.43.31,0.02,29,3,False,1,False,0,False,35,7.137,
I.43.31,0.05,0,3,False,1,False,0,False,35,7.259,
I.43.31,0.05,1,3,False,1,False,0,False,35,6.965,
I.43.31,0.05,2,3,False,1,False,0,False,35,7.177,
I.43.31,0.05,3,3,False,1,False,0,False,35,7.384,
I.43.31,0.05,4,3,False,1,False,0,False,35,7.111,
I.43.31,0.05,5,3,False,1,False,0,False,35,6.967,
I.43.31,0.05,6,3,False,1,False,0,False,35,7.251,
I.43.31,0.05,7,3,False,1,False,0,False,35,7.536,
I.43.31,0.05,8,3,False,1,False,0,False,35,7.377,
I.43.31,0.05,9,3,False,1,False,0,False,35,7.189,
I.43.31,0.05,10,3,False,1,False,0,False,35,7.127,
I.43.31,0.05,11,3,False,1,False,0,False,35,7.469,
I.43.31,0.05,12,3,False,1,False,0,False,35,7.246,
I.43.31,0.05,13,3,False,1,False,0,False,35,7.288,
I.43.31,0.05,14,3,False,1,False,0,False,35,7.367,
I.43.31,0.05,15,3,False,1,False,0,False,35,7.067,
I.43.31,0.05,16,3,False,1,False,0,False,35,7.272,
I.43.31,0.05,17,3,False,1,False,0,False,35,7.483,
I.43.31,0.05,18,3,False,1,False,0,False,34,7.058,
I.43.31,0.05,19,3,False,1,False,0,False,35,7.359,
I.43.31,0.05,20,3,False,1,False,0,False,35,7.35,
I.43.31,0.05,21,3,False,1,False,0,False,35,7.242,
I.43.31,0.05,22,3,False,1,False,0,False,35,7.234,
I.43.31,0.05,23,3,False,1,False,0,False,35,7.537,
I.43.31,0.05,24,3,False,1,False,0,False,35,7.266,
I.43.31,0.05,25,3,False,1,False,0,False,35,7.53,
I.43.31,0.05,26,3,False,1,False,0,False,35,7.126,
I.43.31,0.05,27,3,False,1,False,0,False,35,7.527,
I.43.31,0.05,28,3,False,1,False,0,False,35,7.238,
I.43.31,0.05,29,3,False,1,False,0,False,35,7.538,
